,exp_name,env_name,seed,metric,env_step,value
0,FlashSAC,Ant-v4,0,avg_return,0.0,-79.60369095343631
1,FlashSAC,Ant-v4,0,avg_return,100000.0,5816.295683560422
2,FlashSAC,Ant-v4,0,avg_return,200000.0,6520.647472599579
3,FlashSAC,Ant-v4,0,avg_return,300000.0,6799.791722880585
4,FlashSAC,Ant-v4,0,avg_return,400000.0,7077.699893420146
5,FlashSAC,Ant-v4,0,avg_return,500000.0,7081.752250817107
6,FlashSAC,Ant-v4,0,avg_return,600000.0,7445.92536186865
7,FlashSAC,Ant-v4,0,avg_return,700000.0,7564.164412148838
8,FlashSAC,Ant-v4,0,avg_return,800000.0,7489.436103072859
9,FlashSAC,Ant-v4,0,avg_return,900000.0,7704.315819799423
10,FlashSAC,Ant-v4,0,avg_return,1000000.0,7871.735059197389
11,FlashSAC,Ant-v4,0,avg_success,0.0,0.0
12,FlashSAC,Ant-v4,0,avg_success,100000.0,0.0
13,FlashSAC,Ant-v4,0,avg_success,200000.0,0.0
14,FlashSAC,Ant-v4,0,avg_success,300000.0,0.0
15,FlashSAC,Ant-v4,0,avg_success,400000.0,0.0
16,FlashSAC,Ant-v4,0,avg_success,500000.0,0.0
17,FlashSAC,Ant-v4,0,avg_success,600000.0,0.0
18,FlashSAC,Ant-v4,0,avg_success,700000.0,0.0
19,FlashSAC,Ant-v4,0,avg_success,800000.0,0.0
20,FlashSAC,Ant-v4,0,avg_success,900000.0,0.0
21,FlashSAC,Ant-v4,0,avg_success,1000000.0,0.0
22,FlashSAC,Ant-v4,1000,avg_return,0.0,-59.29866850260776
23,FlashSAC,Ant-v4,1000,avg_return,100000.0,3783.349867281733
24,FlashSAC,Ant-v4,1000,avg_return,200000.0,5796.451511437018
25,FlashSAC,Ant-v4,1000,avg_return,300000.0,6154.602678941144
26,FlashSAC,Ant-v4,1000,avg_return,400000.0,5981.035035805996
27,FlashSAC,Ant-v4,1000,avg_return,500000.0,6723.081594367982
28,FlashSAC,Ant-v4,1000,avg_return,600000.0,6855.611353916065
29,FlashSAC,Ant-v4,1000,avg_return,700000.0,6266.999613364615
30,FlashSAC,Ant-v4,1000,avg_return,800000.0,6386.68502815464
31,FlashSAC,Ant-v4,1000,avg_return,900000.0,7063.957034027426
32,FlashSAC,Ant-v4,1000,avg_return,1000000.0,7178.456049582156
33,FlashSAC,Ant-v4,1000,avg_success,0.0,0.0
34,FlashSAC,Ant-v4,1000,avg_success,100000.0,0.0
35,FlashSAC,Ant-v4,1000,avg_success,200000.0,0.0
36,FlashSAC,Ant-v4,1000,avg_success,300000.0,0.0
37,FlashSAC,Ant-v4,1000,avg_success,400000.0,0.0
38,FlashSAC,Ant-v4,1000,avg_success,500000.0,0.0
39,FlashSAC,Ant-v4,1000,avg_success,600000.0,0.0
40,FlashSAC,Ant-v4,1000,avg_success,700000.0,0.0
41,FlashSAC,Ant-v4,1000,avg_success,800000.0,0.0
42,FlashSAC,Ant-v4,1000,avg_success,900000.0,0.0
43,FlashSAC,Ant-v4,1000,avg_success,1000000.0,0.0
44,FlashSAC,Ant-v4,2000,avg_return,0.0,-144.64111506512026
45,FlashSAC,Ant-v4,2000,avg_return,100000.0,2901.0200240948507
46,FlashSAC,Ant-v4,2000,avg_return,200000.0,5672.593547233217
47,FlashSAC,Ant-v4,2000,avg_return,300000.0,6483.789954662772
48,FlashSAC,Ant-v4,2000,avg_return,400000.0,6910.181374502699
49,FlashSAC,Ant-v4,2000,avg_return,500000.0,6910.472965188987
50,FlashSAC,Ant-v4,2000,avg_return,600000.0,7102.168116804238
51,FlashSAC,Ant-v4,2000,avg_return,700000.0,7041.093985825932
52,FlashSAC,Ant-v4,2000,avg_return,800000.0,7474.500873494248
53,FlashSAC,Ant-v4,2000,avg_return,900000.0,7643.151607111357
54,FlashSAC,Ant-v4,2000,avg_return,1000000.0,7699.329627408003
55,FlashSAC,Ant-v4,2000,avg_success,0.0,0.0
56,FlashSAC,Ant-v4,2000,avg_success,100000.0,0.0
57,FlashSAC,Ant-v4,2000,avg_success,200000.0,0.0
58,FlashSAC,Ant-v4,2000,avg_success,300000.0,0.0
59,FlashSAC,Ant-v4,2000,avg_success,400000.0,0.0
60,FlashSAC,Ant-v4,2000,avg_success,500000.0,0.0
61,FlashSAC,Ant-v4,2000,avg_success,600000.0,0.0
62,FlashSAC,Ant-v4,2000,avg_success,700000.0,0.0
63,FlashSAC,Ant-v4,2000,avg_success,800000.0,0.0
64,FlashSAC,Ant-v4,2000,avg_success,900000.0,0.0
65,FlashSAC,Ant-v4,2000,avg_success,1000000.0,0.0
66,FlashSAC,Ant-v4,3000,avg_return,0.0,-317.89136216163763
67,FlashSAC,Ant-v4,3000,avg_return,100000.0,2079.4096906752875
68,FlashSAC,Ant-v4,3000,avg_return,200000.0,5707.349539792424
69,FlashSAC,Ant-v4,3000,avg_return,300000.0,6626.670482773963
70,FlashSAC,Ant-v4,3000,avg_return,400000.0,6482.097152910201
71,FlashSAC,Ant-v4,3000,avg_return,500000.0,6839.788128103141
72,FlashSAC,Ant-v4,3000,avg_return,600000.0,7274.436013969102
73,FlashSAC,Ant-v4,3000,avg_return,700000.0,7462.246931589811
74,FlashSAC,Ant-v4,3000,avg_return,800000.0,7199.36386803099
75,FlashSAC,Ant-v4,3000,avg_return,900000.0,7418.140548004084
76,FlashSAC,Ant-v4,3000,avg_return,1000000.0,7273.298001335455
77,FlashSAC,Ant-v4,3000,avg_success,0.0,0.0
78,FlashSAC,Ant-v4,3000,avg_success,100000.0,0.0
79,FlashSAC,Ant-v4,3000,avg_success,200000.0,0.0
80,FlashSAC,Ant-v4,3000,avg_success,300000.0,0.0
81,FlashSAC,Ant-v4,3000,avg_success,400000.0,0.0
82,FlashSAC,Ant-v4,3000,avg_success,500000.0,0.0
83,FlashSAC,Ant-v4,3000,avg_success,600000.0,0.0
84,FlashSAC,Ant-v4,3000,avg_success,700000.0,0.0
85,FlashSAC,Ant-v4,3000,avg_success,800000.0,0.0
86,FlashSAC,Ant-v4,3000,avg_success,900000.0,0.0
87,FlashSAC,Ant-v4,3000,avg_success,1000000.0,0.0
88,FlashSAC,Ant-v4,4000,avg_return,0.0,-100.0479754014944
89,FlashSAC,Ant-v4,4000,avg_return,100000.0,1402.0630390219903
90,FlashSAC,Ant-v4,4000,avg_return,200000.0,2660.5094443194407
91,FlashSAC,Ant-v4,4000,avg_return,300000.0,4369.9740630718725
92,FlashSAC,Ant-v4,4000,avg_return,400000.0,5263.665464742385
93,FlashSAC,Ant-v4,4000,avg_return,500000.0,5793.241486582914
94,FlashSAC,Ant-v4,4000,avg_return,600000.0,4822.659724134706
95,FlashSAC,Ant-v4,4000,avg_return,700000.0,7834.799673544196
96,FlashSAC,Ant-v4,4000,avg_return,800000.0,7545.002006467481
97,FlashSAC,Ant-v4,4000,avg_return,900000.0,8254.875002801884
98,FlashSAC,Ant-v4,4000,avg_return,1000000.0,7925.396303624904
99,FlashSAC,Ant-v4,4000,avg_success,0.0,0.0
100,FlashSAC,Ant-v4,4000,avg_success,100000.0,0.0
101,FlashSAC,Ant-v4,4000,avg_success,200000.0,0.0
102,FlashSAC,Ant-v4,4000,avg_success,300000.0,0.0
103,FlashSAC,Ant-v4,4000,avg_success,400000.0,0.0
104,FlashSAC,Ant-v4,4000,avg_success,500000.0,0.0
105,FlashSAC,Ant-v4,4000,avg_success,600000.0,0.0
106,FlashSAC,Ant-v4,4000,avg_success,700000.0,0.0
107,FlashSAC,Ant-v4,4000,avg_success,800000.0,0.0
108,FlashSAC,Ant-v4,4000,avg_success,900000.0,0.0
109,FlashSAC,Ant-v4,4000,avg_success,1000000.0,0.0
110,FlashSAC,G1JoystickFlatTerrain,0,avg_return,0.0,-4.561780912092726
111,FlashSAC,G1JoystickFlatTerrain,0,avg_return,5496832.0,-3.5035355998897284
112,FlashSAC,G1JoystickFlatTerrain,0,avg_return,10493952.0,10.779243719240904
113,FlashSAC,G1JoystickFlatTerrain,0,avg_return,15491072.0,17.49875281548543
114,FlashSAC,G1JoystickFlatTerrain,0,avg_return,20488192.0,24.46082149280848
115,FlashSAC,G1JoystickFlatTerrain,0,avg_return,25485312.0,33.64634841969048
116,FlashSAC,G1JoystickFlatTerrain,0,avg_return,30482432.0,36.978477780574615
117,FlashSAC,G1JoystickFlatTerrain,0,avg_return,35479552.0,38.4125193240432
118,FlashSAC,G1JoystickFlatTerrain,0,avg_return,40476672.0,39.44980645640777
119,FlashSAC,G1JoystickFlatTerrain,0,avg_return,45473792.0,39.46768427230806
120,FlashSAC,G1JoystickFlatTerrain,0,avg_return,50000896.0,39.58624936803981
121,FlashSAC,G1JoystickFlatTerrain,0,avg_success,0.0,0.0
122,FlashSAC,G1JoystickFlatTerrain,0,avg_success,5496832.0,0.0
123,FlashSAC,G1JoystickFlatTerrain,0,avg_success,10493952.0,0.0
124,FlashSAC,G1JoystickFlatTerrain,0,avg_success,15491072.0,0.0
125,FlashSAC,G1JoystickFlatTerrain,0,avg_success,20488192.0,0.0
126,FlashSAC,G1JoystickFlatTerrain,0,avg_success,25485312.0,0.0
127,FlashSAC,G1JoystickFlatTerrain,0,avg_success,30482432.0,0.0
128,FlashSAC,G1JoystickFlatTerrain,0,avg_success,35479552.0,0.0
129,FlashSAC,G1JoystickFlatTerrain,0,avg_success,40476672.0,0.0
130,FlashSAC,G1JoystickFlatTerrain,0,avg_success,45473792.0,0.0
131,FlashSAC,G1JoystickFlatTerrain,0,avg_success,50000896.0,0.0
132,FlashSAC,G1JoystickFlatTerrain,1000,avg_return,0.0,-7.528087017732178
133,FlashSAC,G1JoystickFlatTerrain,1000,avg_return,5496832.0,-3.4153591141841027
134,FlashSAC,G1JoystickFlatTerrain,1000,avg_return,10493952.0,7.046016371923414
135,FlashSAC,G1JoystickFlatTerrain,1000,avg_return,15491072.0,17.652206291091687
136,FlashSAC,G1JoystickFlatTerrain,1000,avg_return,20488192.0,26.001994928420665
137,FlashSAC,G1JoystickFlatTerrain,1000,avg_return,25485312.0,34.94975670526888
138,FlashSAC,G1JoystickFlatTerrain,1000,avg_return,30482432.0,36.9089250431506
139,FlashSAC,G1JoystickFlatTerrain,1000,avg_return,35479552.0,38.12894519117737
140,FlashSAC,G1JoystickFlatTerrain,1000,avg_return,40476672.0,39.664535307983385
141,FlashSAC,G1JoystickFlatTerrain,1000,avg_return,45473792.0,38.14528079132658
142,FlashSAC,G1JoystickFlatTerrain,1000,avg_return,50000896.0,39.0022834526292
143,FlashSAC,G1JoystickFlatTerrain,1000,avg_success,0.0,0.0
144,FlashSAC,G1JoystickFlatTerrain,1000,avg_success,5496832.0,0.0
145,FlashSAC,G1JoystickFlatTerrain,1000,avg_success,10493952.0,0.0
146,FlashSAC,G1JoystickFlatTerrain,1000,avg_success,15491072.0,0.0
147,FlashSAC,G1JoystickFlatTerrain,1000,avg_success,20488192.0,0.0
148,FlashSAC,G1JoystickFlatTerrain,1000,avg_success,25485312.0,0.0
149,FlashSAC,G1JoystickFlatTerrain,1000,avg_success,30482432.0,0.0
150,FlashSAC,G1JoystickFlatTerrain,1000,avg_success,35479552.0,0.0
151,FlashSAC,G1JoystickFlatTerrain,1000,avg_success,40476672.0,0.0
152,FlashSAC,G1JoystickFlatTerrain,1000,avg_success,45473792.0,0.0
153,FlashSAC,G1JoystickFlatTerrain,1000,avg_success,50000896.0,0.0
154,FlashSAC,G1JoystickFlatTerrain,2000,avg_return,0.0,-4.136872566540842
155,FlashSAC,G1JoystickFlatTerrain,2000,avg_return,5496832.0,-3.1203575628479165
156,FlashSAC,G1JoystickFlatTerrain,2000,avg_return,10493952.0,12.68957054791028
157,FlashSAC,G1JoystickFlatTerrain,2000,avg_return,15491072.0,19.196256792748876
158,FlashSAC,G1JoystickFlatTerrain,2000,avg_return,20488192.0,28.3925867083033
159,FlashSAC,G1JoystickFlatTerrain,2000,avg_return,25485312.0,34.445025608435905
160,FlashSAC,G1JoystickFlatTerrain,2000,avg_return,30482432.0,37.15643666319364
161,FlashSAC,G1JoystickFlatTerrain,2000,avg_return,35479552.0,37.75054403817343
162,FlashSAC,G1JoystickFlatTerrain,2000,avg_return,40476672.0,39.31550014831788
163,FlashSAC,G1JoystickFlatTerrain,2000,avg_return,45473792.0,38.88568956349456
164,FlashSAC,G1JoystickFlatTerrain,2000,avg_return,50000896.0,40.51415354601816
165,FlashSAC,G1JoystickFlatTerrain,2000,avg_success,0.0,0.0
166,FlashSAC,G1JoystickFlatTerrain,2000,avg_success,5496832.0,0.0
167,FlashSAC,G1JoystickFlatTerrain,2000,avg_success,10493952.0,0.0
168,FlashSAC,G1JoystickFlatTerrain,2000,avg_success,15491072.0,0.0
169,FlashSAC,G1JoystickFlatTerrain,2000,avg_success,20488192.0,0.0
170,FlashSAC,G1JoystickFlatTerrain,2000,avg_success,25485312.0,0.0
171,FlashSAC,G1JoystickFlatTerrain,2000,avg_success,30482432.0,0.0
172,FlashSAC,G1JoystickFlatTerrain,2000,avg_success,35479552.0,0.0
173,FlashSAC,G1JoystickFlatTerrain,2000,avg_success,40476672.0,0.0
174,FlashSAC,G1JoystickFlatTerrain,2000,avg_success,45473792.0,0.0
175,FlashSAC,G1JoystickFlatTerrain,2000,avg_success,50000896.0,0.0
176,FlashSAC,G1JoystickFlatTerrain,3000,avg_return,0.0,-6.5094084385952735
177,FlashSAC,G1JoystickFlatTerrain,3000,avg_return,5496832.0,-3.5001838295482286
178,FlashSAC,G1JoystickFlatTerrain,3000,avg_return,10493952.0,9.368742655590792
179,FlashSAC,G1JoystickFlatTerrain,3000,avg_return,15491072.0,17.823328525621957
180,FlashSAC,G1JoystickFlatTerrain,3000,avg_return,20488192.0,25.49846322948336
181,FlashSAC,G1JoystickFlatTerrain,3000,avg_return,25485312.0,32.42680854574832
182,FlashSAC,G1JoystickFlatTerrain,3000,avg_return,30482432.0,36.29944766693861
183,FlashSAC,G1JoystickFlatTerrain,3000,avg_return,35479552.0,38.39023691613518
184,FlashSAC,G1JoystickFlatTerrain,3000,avg_return,40476672.0,39.137911173473405
185,FlashSAC,G1JoystickFlatTerrain,3000,avg_return,45473792.0,40.49764734045399
186,FlashSAC,G1JoystickFlatTerrain,3000,avg_return,50000896.0,40.5465413860924
187,FlashSAC,G1JoystickFlatTerrain,3000,avg_success,0.0,0.0
188,FlashSAC,G1JoystickFlatTerrain,3000,avg_success,5496832.0,0.0
189,FlashSAC,G1JoystickFlatTerrain,3000,avg_success,10493952.0,0.0
190,FlashSAC,G1JoystickFlatTerrain,3000,avg_success,15491072.0,0.0
191,FlashSAC,G1JoystickFlatTerrain,3000,avg_success,20488192.0,0.0
192,FlashSAC,G1JoystickFlatTerrain,3000,avg_success,25485312.0,0.0
193,FlashSAC,G1JoystickFlatTerrain,3000,avg_success,30482432.0,0.0
194,FlashSAC,G1JoystickFlatTerrain,3000,avg_success,35479552.0,0.0
195,FlashSAC,G1JoystickFlatTerrain,3000,avg_success,40476672.0,0.0
196,FlashSAC,G1JoystickFlatTerrain,3000,avg_success,45473792.0,0.0
197,FlashSAC,G1JoystickFlatTerrain,3000,avg_success,50000896.0,0.0
198,FlashSAC,G1JoystickFlatTerrain,4000,avg_return,0.0,-4.3137807071994025
199,FlashSAC,G1JoystickFlatTerrain,4000,avg_return,5496832.0,-3.15418284280875
200,FlashSAC,G1JoystickFlatTerrain,4000,avg_return,10493952.0,8.599023411794704
201,FlashSAC,G1JoystickFlatTerrain,4000,avg_return,15491072.0,19.894599531018347
202,FlashSAC,G1JoystickFlatTerrain,4000,avg_return,20488192.0,28.159267962666014
203,FlashSAC,G1JoystickFlatTerrain,4000,avg_return,25485312.0,33.57119445981109
204,FlashSAC,G1JoystickFlatTerrain,4000,avg_return,30482432.0,37.11064052231959
205,FlashSAC,G1JoystickFlatTerrain,4000,avg_return,35479552.0,39.3068130460467
206,FlashSAC,G1JoystickFlatTerrain,4000,avg_return,40476672.0,39.78737415733424
207,FlashSAC,G1JoystickFlatTerrain,4000,avg_return,45473792.0,38.976444622512645
208,FlashSAC,G1JoystickFlatTerrain,4000,avg_return,50000896.0,40.039158901442136
209,FlashSAC,G1JoystickFlatTerrain,4000,avg_success,0.0,0.0
210,FlashSAC,G1JoystickFlatTerrain,4000,avg_success,5496832.0,0.0
211,FlashSAC,G1JoystickFlatTerrain,4000,avg_success,10493952.0,0.0
212,FlashSAC,G1JoystickFlatTerrain,4000,avg_success,15491072.0,0.0
213,FlashSAC,G1JoystickFlatTerrain,4000,avg_success,20488192.0,0.0
214,FlashSAC,G1JoystickFlatTerrain,4000,avg_success,25485312.0,0.0
215,FlashSAC,G1JoystickFlatTerrain,4000,avg_success,30482432.0,0.0
216,FlashSAC,G1JoystickFlatTerrain,4000,avg_success,35479552.0,0.0
217,FlashSAC,G1JoystickFlatTerrain,4000,avg_success,40476672.0,0.0
218,FlashSAC,G1JoystickFlatTerrain,4000,avg_success,45473792.0,0.0
219,FlashSAC,G1JoystickFlatTerrain,4000,avg_success,50000896.0,0.0
220,FlashSAC,G1JoystickRoughTerrain,0,avg_return,0.0,-5.17519645593306
221,FlashSAC,G1JoystickRoughTerrain,0,avg_return,5496832.0,-3.669319273695969
222,FlashSAC,G1JoystickRoughTerrain,0,avg_return,10493952.0,12.8984484414383
223,FlashSAC,G1JoystickRoughTerrain,0,avg_return,15491072.0,17.863958825730773
224,FlashSAC,G1JoystickRoughTerrain,0,avg_return,20488192.0,22.111008278783856
225,FlashSAC,G1JoystickRoughTerrain,0,avg_return,25485312.0,29.401118069157132
226,FlashSAC,G1JoystickRoughTerrain,0,avg_return,30482432.0,32.0548275828617
227,FlashSAC,G1JoystickRoughTerrain,0,avg_return,35479552.0,31.22200502626889
228,FlashSAC,G1JoystickRoughTerrain,0,avg_return,40476672.0,34.12573334570603
229,FlashSAC,G1JoystickRoughTerrain,0,avg_return,45473792.0,33.661675321658805
230,FlashSAC,G1JoystickRoughTerrain,0,avg_return,50000896.0,31.70553263799112
231,FlashSAC,G1JoystickRoughTerrain,0,avg_success,0.0,0.0
232,FlashSAC,G1JoystickRoughTerrain,0,avg_success,5496832.0,0.0
233,FlashSAC,G1JoystickRoughTerrain,0,avg_success,10493952.0,0.0
234,FlashSAC,G1JoystickRoughTerrain,0,avg_success,15491072.0,0.0
235,FlashSAC,G1JoystickRoughTerrain,0,avg_success,20488192.0,0.0
236,FlashSAC,G1JoystickRoughTerrain,0,avg_success,25485312.0,0.0
237,FlashSAC,G1JoystickRoughTerrain,0,avg_success,30482432.0,0.0
238,FlashSAC,G1JoystickRoughTerrain,0,avg_success,35479552.0,0.0
239,FlashSAC,G1JoystickRoughTerrain,0,avg_success,40476672.0,0.0
240,FlashSAC,G1JoystickRoughTerrain,0,avg_success,45473792.0,0.0
241,FlashSAC,G1JoystickRoughTerrain,0,avg_success,50000896.0,0.0
242,FlashSAC,G1JoystickRoughTerrain,1000,avg_return,0.0,-7.85529398265935
243,FlashSAC,G1JoystickRoughTerrain,1000,avg_return,5496832.0,-3.5893031121627894
244,FlashSAC,G1JoystickRoughTerrain,1000,avg_return,10493952.0,10.17623607037363
245,FlashSAC,G1JoystickRoughTerrain,1000,avg_return,15491072.0,17.472883299340246
246,FlashSAC,G1JoystickRoughTerrain,1000,avg_return,20488192.0,23.554017622148887
247,FlashSAC,G1JoystickRoughTerrain,1000,avg_return,25485312.0,30.751044736778383
248,FlashSAC,G1JoystickRoughTerrain,1000,avg_return,30482432.0,29.22742701018852
249,FlashSAC,G1JoystickRoughTerrain,1000,avg_return,35479552.0,30.411915634615617
250,FlashSAC,G1JoystickRoughTerrain,1000,avg_return,40476672.0,33.31753820919628
251,FlashSAC,G1JoystickRoughTerrain,1000,avg_return,45473792.0,34.60443040383426
252,FlashSAC,G1JoystickRoughTerrain,1000,avg_return,50000896.0,33.22758372580243
253,FlashSAC,G1JoystickRoughTerrain,1000,avg_success,0.0,0.0
254,FlashSAC,G1JoystickRoughTerrain,1000,avg_success,5496832.0,0.0
255,FlashSAC,G1JoystickRoughTerrain,1000,avg_success,10493952.0,0.0
256,FlashSAC,G1JoystickRoughTerrain,1000,avg_success,15491072.0,0.0
257,FlashSAC,G1JoystickRoughTerrain,1000,avg_success,20488192.0,0.0
258,FlashSAC,G1JoystickRoughTerrain,1000,avg_success,25485312.0,0.0
259,FlashSAC,G1JoystickRoughTerrain,1000,avg_success,30482432.0,0.0
260,FlashSAC,G1JoystickRoughTerrain,1000,avg_success,35479552.0,0.0
261,FlashSAC,G1JoystickRoughTerrain,1000,avg_success,40476672.0,0.0
262,FlashSAC,G1JoystickRoughTerrain,1000,avg_success,45473792.0,0.0
263,FlashSAC,G1JoystickRoughTerrain,1000,avg_success,50000896.0,0.0
264,FlashSAC,G1JoystickRoughTerrain,2000,avg_return,0.0,-3.780964180298761
265,FlashSAC,G1JoystickRoughTerrain,2000,avg_return,5496832.0,-3.196530367946242
266,FlashSAC,G1JoystickRoughTerrain,2000,avg_return,10493952.0,12.68603892446251
267,FlashSAC,G1JoystickRoughTerrain,2000,avg_return,15491072.0,19.32189854950252
268,FlashSAC,G1JoystickRoughTerrain,2000,avg_return,20488192.0,26.17925157786616
269,FlashSAC,G1JoystickRoughTerrain,2000,avg_return,25485312.0,30.84021362871139
270,FlashSAC,G1JoystickRoughTerrain,2000,avg_return,30482432.0,32.10217046693964
271,FlashSAC,G1JoystickRoughTerrain,2000,avg_return,35479552.0,32.72084833126672
272,FlashSAC,G1JoystickRoughTerrain,2000,avg_return,40476672.0,34.43235630633757
273,FlashSAC,G1JoystickRoughTerrain,2000,avg_return,45473792.0,34.44711173059983
274,FlashSAC,G1JoystickRoughTerrain,2000,avg_return,50000896.0,34.98696478441774
275,FlashSAC,G1JoystickRoughTerrain,2000,avg_success,0.0,0.0
276,FlashSAC,G1JoystickRoughTerrain,2000,avg_success,5496832.0,0.0
277,FlashSAC,G1JoystickRoughTerrain,2000,avg_success,10493952.0,0.0
278,FlashSAC,G1JoystickRoughTerrain,2000,avg_success,15491072.0,0.0
279,FlashSAC,G1JoystickRoughTerrain,2000,avg_success,20488192.0,0.0
280,FlashSAC,G1JoystickRoughTerrain,2000,avg_success,25485312.0,0.0
281,FlashSAC,G1JoystickRoughTerrain,2000,avg_success,30482432.0,0.0
282,FlashSAC,G1JoystickRoughTerrain,2000,avg_success,35479552.0,0.0
283,FlashSAC,G1JoystickRoughTerrain,2000,avg_success,40476672.0,0.0
284,FlashSAC,G1JoystickRoughTerrain,2000,avg_success,45473792.0,0.0
285,FlashSAC,G1JoystickRoughTerrain,2000,avg_success,50000896.0,0.0
286,FlashSAC,G1JoystickRoughTerrain,3000,avg_return,0.0,-6.247221982083284
287,FlashSAC,G1JoystickRoughTerrain,3000,avg_return,5496832.0,-3.694444508016391
288,FlashSAC,G1JoystickRoughTerrain,3000,avg_return,10493952.0,2.1976353152847663
289,FlashSAC,G1JoystickRoughTerrain,3000,avg_return,15491072.0,18.38614196646469
290,FlashSAC,G1JoystickRoughTerrain,3000,avg_return,20488192.0,24.462306595599053
291,FlashSAC,G1JoystickRoughTerrain,3000,avg_return,25485312.0,28.385615529561345
292,FlashSAC,G1JoystickRoughTerrain,3000,avg_return,30482432.0,31.644705791693728
293,FlashSAC,G1JoystickRoughTerrain,3000,avg_return,35479552.0,31.1713338044591
294,FlashSAC,G1JoystickRoughTerrain,3000,avg_return,40476672.0,33.88023557395423
295,FlashSAC,G1JoystickRoughTerrain,3000,avg_return,45473792.0,35.691080068311564
296,FlashSAC,G1JoystickRoughTerrain,3000,avg_return,50000896.0,35.62923583360504
297,FlashSAC,G1JoystickRoughTerrain,3000,avg_success,0.0,0.0
298,FlashSAC,G1JoystickRoughTerrain,3000,avg_success,5496832.0,0.0
299,FlashSAC,G1JoystickRoughTerrain,3000,avg_success,10493952.0,0.0
300,FlashSAC,G1JoystickRoughTerrain,3000,avg_success,15491072.0,0.0
301,FlashSAC,G1JoystickRoughTerrain,3000,avg_success,20488192.0,0.0
302,FlashSAC,G1JoystickRoughTerrain,3000,avg_success,25485312.0,0.0
303,FlashSAC,G1JoystickRoughTerrain,3000,avg_success,30482432.0,0.0
304,FlashSAC,G1JoystickRoughTerrain,3000,avg_success,35479552.0,0.0
305,FlashSAC,G1JoystickRoughTerrain,3000,avg_success,40476672.0,0.0
306,FlashSAC,G1JoystickRoughTerrain,3000,avg_success,45473792.0,0.0
307,FlashSAC,G1JoystickRoughTerrain,3000,avg_success,50000896.0,0.0
308,FlashSAC,G1JoystickRoughTerrain,4000,avg_return,0.0,-4.997110001699038
309,FlashSAC,G1JoystickRoughTerrain,4000,avg_return,5496832.0,-3.283904467076841
310,FlashSAC,G1JoystickRoughTerrain,4000,avg_return,10493952.0,10.619194361872209
311,FlashSAC,G1JoystickRoughTerrain,4000,avg_return,15491072.0,19.213048070946524
312,FlashSAC,G1JoystickRoughTerrain,4000,avg_return,20488192.0,24.425717442219355
313,FlashSAC,G1JoystickRoughTerrain,4000,avg_return,25485312.0,29.757977479218216
314,FlashSAC,G1JoystickRoughTerrain,4000,avg_return,30482432.0,32.44082328909967
315,FlashSAC,G1JoystickRoughTerrain,4000,avg_return,35479552.0,34.84263073911248
316,FlashSAC,G1JoystickRoughTerrain,4000,avg_return,40476672.0,34.092338995724965
317,FlashSAC,G1JoystickRoughTerrain,4000,avg_return,45473792.0,33.54023416149801
318,FlashSAC,G1JoystickRoughTerrain,4000,avg_return,50000896.0,34.98422826493789
319,FlashSAC,G1JoystickRoughTerrain,4000,avg_success,0.0,0.0
320,FlashSAC,G1JoystickRoughTerrain,4000,avg_success,5496832.0,0.0
321,FlashSAC,G1JoystickRoughTerrain,4000,avg_success,10493952.0,0.0
322,FlashSAC,G1JoystickRoughTerrain,4000,avg_success,15491072.0,0.0
323,FlashSAC,G1JoystickRoughTerrain,4000,avg_success,20488192.0,0.0
324,FlashSAC,G1JoystickRoughTerrain,4000,avg_success,25485312.0,0.0
325,FlashSAC,G1JoystickRoughTerrain,4000,avg_success,30482432.0,0.0
326,FlashSAC,G1JoystickRoughTerrain,4000,avg_success,35479552.0,0.0
327,FlashSAC,G1JoystickRoughTerrain,4000,avg_success,40476672.0,0.0
328,FlashSAC,G1JoystickRoughTerrain,4000,avg_success,45473792.0,0.0
329,FlashSAC,G1JoystickRoughTerrain,4000,avg_success,50000896.0,0.0
330,FlashSAC,HalfCheetah-v4,0,avg_return,0.0,-153.93919937830793
331,FlashSAC,HalfCheetah-v4,0,avg_return,100000.0,9738.214665166022
332,FlashSAC,HalfCheetah-v4,0,avg_return,200000.0,10123.1647653275
333,FlashSAC,HalfCheetah-v4,0,avg_return,300000.0,11694.304542631631
334,FlashSAC,HalfCheetah-v4,0,avg_return,400000.0,12250.22018067824
335,FlashSAC,HalfCheetah-v4,0,avg_return,500000.0,12407.8399842567
336,FlashSAC,HalfCheetah-v4,0,avg_return,600000.0,12620.448844932193
337,FlashSAC,HalfCheetah-v4,0,avg_return,700000.0,12923.70278370709
338,FlashSAC,HalfCheetah-v4,0,avg_return,800000.0,13093.992697226964
339,FlashSAC,HalfCheetah-v4,0,avg_return,900000.0,14317.955165551764
340,FlashSAC,HalfCheetah-v4,0,avg_return,1000000.0,14124.579482789475
341,FlashSAC,HalfCheetah-v4,0,avg_success,0.0,0.0
342,FlashSAC,HalfCheetah-v4,0,avg_success,100000.0,0.0
343,FlashSAC,HalfCheetah-v4,0,avg_success,200000.0,0.0
344,FlashSAC,HalfCheetah-v4,0,avg_success,300000.0,0.0
345,FlashSAC,HalfCheetah-v4,0,avg_success,400000.0,0.0
346,FlashSAC,HalfCheetah-v4,0,avg_success,500000.0,0.0
347,FlashSAC,HalfCheetah-v4,0,avg_success,600000.0,0.0
348,FlashSAC,HalfCheetah-v4,0,avg_success,700000.0,0.0
349,FlashSAC,HalfCheetah-v4,0,avg_success,800000.0,0.0
350,FlashSAC,HalfCheetah-v4,0,avg_success,900000.0,0.0
351,FlashSAC,HalfCheetah-v4,0,avg_success,1000000.0,0.0
352,FlashSAC,HalfCheetah-v4,1000,avg_return,0.0,-42.866412202932494
353,FlashSAC,HalfCheetah-v4,1000,avg_return,100000.0,9856.28379170946
354,FlashSAC,HalfCheetah-v4,1000,avg_return,200000.0,10980.773371915502
355,FlashSAC,HalfCheetah-v4,1000,avg_return,300000.0,11546.368918172637
356,FlashSAC,HalfCheetah-v4,1000,avg_return,400000.0,11850.153204753444
357,FlashSAC,HalfCheetah-v4,1000,avg_return,500000.0,12521.201235976929
358,FlashSAC,HalfCheetah-v4,1000,avg_return,600000.0,13059.021391619552
359,FlashSAC,HalfCheetah-v4,1000,avg_return,700000.0,14396.658197124068
360,FlashSAC,HalfCheetah-v4,1000,avg_return,800000.0,14478.116075891732
361,FlashSAC,HalfCheetah-v4,1000,avg_return,900000.0,14581.022392169814
362,FlashSAC,HalfCheetah-v4,1000,avg_return,1000000.0,14702.259771903726
363,FlashSAC,HalfCheetah-v4,1000,avg_success,0.0,0.0
364,FlashSAC,HalfCheetah-v4,1000,avg_success,100000.0,0.0
365,FlashSAC,HalfCheetah-v4,1000,avg_success,200000.0,0.0
366,FlashSAC,HalfCheetah-v4,1000,avg_success,300000.0,0.0
367,FlashSAC,HalfCheetah-v4,1000,avg_success,400000.0,0.0
368,FlashSAC,HalfCheetah-v4,1000,avg_success,500000.0,0.0
369,FlashSAC,HalfCheetah-v4,1000,avg_success,600000.0,0.0
370,FlashSAC,HalfCheetah-v4,1000,avg_success,700000.0,0.0
371,FlashSAC,HalfCheetah-v4,1000,avg_success,800000.0,0.0
372,FlashSAC,HalfCheetah-v4,1000,avg_success,900000.0,0.0
373,FlashSAC,HalfCheetah-v4,1000,avg_success,1000000.0,0.0
374,FlashSAC,HalfCheetah-v4,2000,avg_return,0.0,-86.306650954873
375,FlashSAC,HalfCheetah-v4,2000,avg_return,100000.0,9684.95964086414
376,FlashSAC,HalfCheetah-v4,2000,avg_return,200000.0,10750.916950599763
377,FlashSAC,HalfCheetah-v4,2000,avg_return,300000.0,11086.078274795776
378,FlashSAC,HalfCheetah-v4,2000,avg_return,400000.0,11635.711679054612
379,FlashSAC,HalfCheetah-v4,2000,avg_return,500000.0,11853.15820603673
380,FlashSAC,HalfCheetah-v4,2000,avg_return,600000.0,12542.650657797383
381,FlashSAC,HalfCheetah-v4,2000,avg_return,700000.0,13779.986300579849
382,FlashSAC,HalfCheetah-v4,2000,avg_return,800000.0,14318.659553032798
383,FlashSAC,HalfCheetah-v4,2000,avg_return,900000.0,14469.553843728914
384,FlashSAC,HalfCheetah-v4,2000,avg_return,1000000.0,14599.016152267184
385,FlashSAC,HalfCheetah-v4,2000,avg_success,0.0,0.0
386,FlashSAC,HalfCheetah-v4,2000,avg_success,100000.0,0.0
387,FlashSAC,HalfCheetah-v4,2000,avg_success,200000.0,0.0
388,FlashSAC,HalfCheetah-v4,2000,avg_success,300000.0,0.0
389,FlashSAC,HalfCheetah-v4,2000,avg_success,400000.0,0.0
390,FlashSAC,HalfCheetah-v4,2000,avg_success,500000.0,0.0
391,FlashSAC,HalfCheetah-v4,2000,avg_success,600000.0,0.0
392,FlashSAC,HalfCheetah-v4,2000,avg_success,700000.0,0.0
393,FlashSAC,HalfCheetah-v4,2000,avg_success,800000.0,0.0
394,FlashSAC,HalfCheetah-v4,2000,avg_success,900000.0,0.0
395,FlashSAC,HalfCheetah-v4,2000,avg_success,1000000.0,0.0
396,FlashSAC,HalfCheetah-v4,3000,avg_return,0.0,-539.4350954335592
397,FlashSAC,HalfCheetah-v4,3000,avg_return,100000.0,9695.33621376803
398,FlashSAC,HalfCheetah-v4,3000,avg_return,200000.0,11503.445479842048
399,FlashSAC,HalfCheetah-v4,3000,avg_return,300000.0,11855.733807870653
400,FlashSAC,HalfCheetah-v4,3000,avg_return,400000.0,12037.388707835484
401,FlashSAC,HalfCheetah-v4,3000,avg_return,500000.0,12083.224813065865
402,FlashSAC,HalfCheetah-v4,3000,avg_return,600000.0,12294.957348346486
403,FlashSAC,HalfCheetah-v4,3000,avg_return,700000.0,12007.147890274193
404,FlashSAC,HalfCheetah-v4,3000,avg_return,800000.0,13877.233821855169
405,FlashSAC,HalfCheetah-v4,3000,avg_return,900000.0,14523.616404300055
406,FlashSAC,HalfCheetah-v4,3000,avg_return,1000000.0,14842.303715655198
407,FlashSAC,HalfCheetah-v4,3000,avg_success,0.0,0.0
408,FlashSAC,HalfCheetah-v4,3000,avg_success,100000.0,0.0
409,FlashSAC,HalfCheetah-v4,3000,avg_success,200000.0,0.0
410,FlashSAC,HalfCheetah-v4,3000,avg_success,300000.0,0.0
411,FlashSAC,HalfCheetah-v4,3000,avg_success,400000.0,0.0
412,FlashSAC,HalfCheetah-v4,3000,avg_success,500000.0,0.0
413,FlashSAC,HalfCheetah-v4,3000,avg_success,600000.0,0.0
414,FlashSAC,HalfCheetah-v4,3000,avg_success,700000.0,0.0
415,FlashSAC,HalfCheetah-v4,3000,avg_success,800000.0,0.0
416,FlashSAC,HalfCheetah-v4,3000,avg_success,900000.0,0.0
417,FlashSAC,HalfCheetah-v4,3000,avg_success,1000000.0,0.0
418,FlashSAC,HalfCheetah-v4,4000,avg_return,0.0,-1182.511370894961
419,FlashSAC,HalfCheetah-v4,4000,avg_return,100000.0,10100.56221553598
420,FlashSAC,HalfCheetah-v4,4000,avg_return,200000.0,10817.79064714457
421,FlashSAC,HalfCheetah-v4,4000,avg_return,300000.0,11221.767912678488
422,FlashSAC,HalfCheetah-v4,4000,avg_return,400000.0,11686.72625241833
423,FlashSAC,HalfCheetah-v4,4000,avg_return,500000.0,11942.158057665769
424,FlashSAC,HalfCheetah-v4,4000,avg_return,600000.0,12435.449235562346
425,FlashSAC,HalfCheetah-v4,4000,avg_return,700000.0,12734.175646693404
426,FlashSAC,HalfCheetah-v4,4000,avg_return,800000.0,13095.843317041845
427,FlashSAC,HalfCheetah-v4,4000,avg_return,900000.0,13774.45453726763
428,FlashSAC,HalfCheetah-v4,4000,avg_return,1000000.0,14054.482379359575
429,FlashSAC,HalfCheetah-v4,4000,avg_success,0.0,0.0
430,FlashSAC,HalfCheetah-v4,4000,avg_success,100000.0,0.0
431,FlashSAC,HalfCheetah-v4,4000,avg_success,200000.0,0.0
432,FlashSAC,HalfCheetah-v4,4000,avg_success,300000.0,0.0
433,FlashSAC,HalfCheetah-v4,4000,avg_success,400000.0,0.0
434,FlashSAC,HalfCheetah-v4,4000,avg_success,500000.0,0.0
435,FlashSAC,HalfCheetah-v4,4000,avg_success,600000.0,0.0
436,FlashSAC,HalfCheetah-v4,4000,avg_success,700000.0,0.0
437,FlashSAC,HalfCheetah-v4,4000,avg_success,800000.0,0.0
438,FlashSAC,HalfCheetah-v4,4000,avg_success,900000.0,0.0
439,FlashSAC,HalfCheetah-v4,4000,avg_success,1000000.0,0.0
440,FlashSAC,Hopper-v4,0,avg_return,0.0,3.582724119205111
441,FlashSAC,Hopper-v4,0,avg_return,100000.0,965.8902844214692
442,FlashSAC,Hopper-v4,0,avg_return,200000.0,2668.057290894564
443,FlashSAC,Hopper-v4,0,avg_return,300000.0,3430.507263465949
444,FlashSAC,Hopper-v4,0,avg_return,400000.0,3550.169631734828
445,FlashSAC,Hopper-v4,0,avg_return,500000.0,3127.578969158308
446,FlashSAC,Hopper-v4,0,avg_return,600000.0,2311.28126079952
447,FlashSAC,Hopper-v4,0,avg_return,700000.0,2634.257106407324
448,FlashSAC,Hopper-v4,0,avg_return,800000.0,2590.235179851967
449,FlashSAC,Hopper-v4,0,avg_return,900000.0,3192.548443563468
450,FlashSAC,Hopper-v4,0,avg_return,1000000.0,4289.233732722791
451,FlashSAC,Hopper-v4,0,avg_success,0.0,0.0
452,FlashSAC,Hopper-v4,0,avg_success,100000.0,0.0
453,FlashSAC,Hopper-v4,0,avg_success,200000.0,0.0
454,FlashSAC,Hopper-v4,0,avg_success,300000.0,0.0
455,FlashSAC,Hopper-v4,0,avg_success,400000.0,0.0
456,FlashSAC,Hopper-v4,0,avg_success,500000.0,0.0
457,FlashSAC,Hopper-v4,0,avg_success,600000.0,0.0
458,FlashSAC,Hopper-v4,0,avg_success,700000.0,0.0
459,FlashSAC,Hopper-v4,0,avg_success,800000.0,0.0
460,FlashSAC,Hopper-v4,0,avg_success,900000.0,0.0
461,FlashSAC,Hopper-v4,0,avg_success,1000000.0,0.0
462,FlashSAC,Hopper-v4,1000,avg_return,0.0,73.36984318588183
463,FlashSAC,Hopper-v4,1000,avg_return,100000.0,2764.588932722472
464,FlashSAC,Hopper-v4,1000,avg_return,200000.0,2084.977912136055
465,FlashSAC,Hopper-v4,1000,avg_return,300000.0,3983.746543486589
466,FlashSAC,Hopper-v4,1000,avg_return,400000.0,3222.225707101072
467,FlashSAC,Hopper-v4,1000,avg_return,500000.0,3817.5596399571664
468,FlashSAC,Hopper-v4,1000,avg_return,600000.0,3129.0033064592967
469,FlashSAC,Hopper-v4,1000,avg_return,700000.0,3990.802274251351
470,FlashSAC,Hopper-v4,1000,avg_return,800000.0,3684.130957179137
471,FlashSAC,Hopper-v4,1000,avg_return,900000.0,4063.4973326237705
472,FlashSAC,Hopper-v4,1000,avg_return,1000000.0,4120.379014021626
473,FlashSAC,Hopper-v4,1000,avg_success,0.0,0.0
474,FlashSAC,Hopper-v4,1000,avg_success,100000.0,0.0
475,FlashSAC,Hopper-v4,1000,avg_success,200000.0,0.0
476,FlashSAC,Hopper-v4,1000,avg_success,300000.0,0.0
477,FlashSAC,Hopper-v4,1000,avg_success,400000.0,0.0
478,FlashSAC,Hopper-v4,1000,avg_success,500000.0,0.0
479,FlashSAC,Hopper-v4,1000,avg_success,600000.0,0.0
480,FlashSAC,Hopper-v4,1000,avg_success,700000.0,0.0
481,FlashSAC,Hopper-v4,1000,avg_success,800000.0,0.0
482,FlashSAC,Hopper-v4,1000,avg_success,900000.0,0.0
483,FlashSAC,Hopper-v4,1000,avg_success,1000000.0,0.0
484,FlashSAC,Hopper-v4,2000,avg_return,0.0,7.033755419190759
485,FlashSAC,Hopper-v4,2000,avg_return,100000.0,3556.8770178437235
486,FlashSAC,Hopper-v4,2000,avg_return,200000.0,1700.9776012211555
487,FlashSAC,Hopper-v4,2000,avg_return,300000.0,3836.640030653449
488,FlashSAC,Hopper-v4,2000,avg_return,400000.0,3901.80054100086
489,FlashSAC,Hopper-v4,2000,avg_return,500000.0,4071.505890544169
490,FlashSAC,Hopper-v4,2000,avg_return,600000.0,3928.7598257559
491,FlashSAC,Hopper-v4,2000,avg_return,700000.0,4073.340599937539
492,FlashSAC,Hopper-v4,2000,avg_return,800000.0,3399.9594760470704
493,FlashSAC,Hopper-v4,2000,avg_return,900000.0,4118.700696438786
494,FlashSAC,Hopper-v4,2000,avg_return,1000000.0,3741.966941361574
495,FlashSAC,Hopper-v4,2000,avg_success,0.0,0.0
496,FlashSAC,Hopper-v4,2000,avg_success,100000.0,0.0
497,FlashSAC,Hopper-v4,2000,avg_success,200000.0,0.0
498,FlashSAC,Hopper-v4,2000,avg_success,300000.0,0.0
499,FlashSAC,Hopper-v4,2000,avg_success,400000.0,0.0
500,FlashSAC,Hopper-v4,2000,avg_success,500000.0,0.0
501,FlashSAC,Hopper-v4,2000,avg_success,600000.0,0.0
502,FlashSAC,Hopper-v4,2000,avg_success,700000.0,0.0
503,FlashSAC,Hopper-v4,2000,avg_success,800000.0,0.0
504,FlashSAC,Hopper-v4,2000,avg_success,900000.0,0.0
505,FlashSAC,Hopper-v4,2000,avg_success,1000000.0,0.0
506,FlashSAC,Hopper-v4,3000,avg_return,0.0,5.355522522288634
507,FlashSAC,Hopper-v4,3000,avg_return,100000.0,853.6084737590119
508,FlashSAC,Hopper-v4,3000,avg_return,200000.0,2058.0643361358207
509,FlashSAC,Hopper-v4,3000,avg_return,300000.0,4002.5184906786135
510,FlashSAC,Hopper-v4,3000,avg_return,400000.0,4038.865639595652
511,FlashSAC,Hopper-v4,3000,avg_return,500000.0,4016.666738818263
512,FlashSAC,Hopper-v4,3000,avg_return,600000.0,4121.653116942077
513,FlashSAC,Hopper-v4,3000,avg_return,700000.0,4104.460246848182
514,FlashSAC,Hopper-v4,3000,avg_return,800000.0,4190.803800740049
515,FlashSAC,Hopper-v4,3000,avg_return,900000.0,4196.077101522216
516,FlashSAC,Hopper-v4,3000,avg_return,1000000.0,4211.717717651566
517,FlashSAC,Hopper-v4,3000,avg_success,0.0,0.0
518,FlashSAC,Hopper-v4,3000,avg_success,100000.0,0.0
519,FlashSAC,Hopper-v4,3000,avg_success,200000.0,0.0
520,FlashSAC,Hopper-v4,3000,avg_success,300000.0,0.0
521,FlashSAC,Hopper-v4,3000,avg_success,400000.0,0.0
522,FlashSAC,Hopper-v4,3000,avg_success,500000.0,0.0
523,FlashSAC,Hopper-v4,3000,avg_success,600000.0,0.0
524,FlashSAC,Hopper-v4,3000,avg_success,700000.0,0.0
525,FlashSAC,Hopper-v4,3000,avg_success,800000.0,0.0
526,FlashSAC,Hopper-v4,3000,avg_success,900000.0,0.0
527,FlashSAC,Hopper-v4,3000,avg_success,1000000.0,0.0
528,FlashSAC,Hopper-v4,4000,avg_return,0.0,9.034641156468806
529,FlashSAC,Hopper-v4,4000,avg_return,100000.0,2461.7406353988645
530,FlashSAC,Hopper-v4,4000,avg_return,200000.0,1794.6978463385258
531,FlashSAC,Hopper-v4,4000,avg_return,300000.0,3117.5666254870825
532,FlashSAC,Hopper-v4,4000,avg_return,400000.0,4075.616180309432
533,FlashSAC,Hopper-v4,4000,avg_return,500000.0,3310.1360686284597
534,FlashSAC,Hopper-v4,4000,avg_return,600000.0,4172.943064081711
535,FlashSAC,Hopper-v4,4000,avg_return,700000.0,4208.429906858819
536,FlashSAC,Hopper-v4,4000,avg_return,800000.0,4203.176706328581
537,FlashSAC,Hopper-v4,4000,avg_return,900000.0,4112.803125167104
538,FlashSAC,Hopper-v4,4000,avg_return,1000000.0,3956.620598341636
539,FlashSAC,Hopper-v4,4000,avg_success,0.0,0.0
540,FlashSAC,Hopper-v4,4000,avg_success,100000.0,0.0
541,FlashSAC,Hopper-v4,4000,avg_success,200000.0,0.0
542,FlashSAC,Hopper-v4,4000,avg_success,300000.0,0.0
543,FlashSAC,Hopper-v4,4000,avg_success,400000.0,0.0
544,FlashSAC,Hopper-v4,4000,avg_success,500000.0,0.0
545,FlashSAC,Hopper-v4,4000,avg_success,600000.0,0.0
546,FlashSAC,Hopper-v4,4000,avg_success,700000.0,0.0
547,FlashSAC,Hopper-v4,4000,avg_success,800000.0,0.0
548,FlashSAC,Hopper-v4,4000,avg_success,900000.0,0.0
549,FlashSAC,Hopper-v4,4000,avg_success,1000000.0,0.0
550,FlashSAC,Humanoid-v4,0,avg_return,0.0,95.57572406216292
551,FlashSAC,Humanoid-v4,0,avg_return,100000.0,7468.759942609634
552,FlashSAC,Humanoid-v4,0,avg_return,200000.0,9216.265581799138
553,FlashSAC,Humanoid-v4,0,avg_return,300000.0,9709.2474694764
554,FlashSAC,Humanoid-v4,0,avg_return,400000.0,6756.6660923515565
555,FlashSAC,Humanoid-v4,0,avg_return,500000.0,11768.42844497006
556,FlashSAC,Humanoid-v4,0,avg_return,600000.0,11950.339853635322
557,FlashSAC,Humanoid-v4,0,avg_return,700000.0,12087.32064203023
558,FlashSAC,Humanoid-v4,0,avg_return,800000.0,12280.81652601634
559,FlashSAC,Humanoid-v4,0,avg_return,900000.0,12185.940967574988
560,FlashSAC,Humanoid-v4,0,avg_return,1000000.0,12658.982591672731
561,FlashSAC,Humanoid-v4,0,avg_success,0.0,0.0
562,FlashSAC,Humanoid-v4,0,avg_success,100000.0,0.0
563,FlashSAC,Humanoid-v4,0,avg_success,200000.0,0.0
564,FlashSAC,Humanoid-v4,0,avg_success,300000.0,0.0
565,FlashSAC,Humanoid-v4,0,avg_success,400000.0,0.0
566,FlashSAC,Humanoid-v4,0,avg_success,500000.0,0.0
567,FlashSAC,Humanoid-v4,0,avg_success,600000.0,0.0
568,FlashSAC,Humanoid-v4,0,avg_success,700000.0,0.0
569,FlashSAC,Humanoid-v4,0,avg_success,800000.0,0.0
570,FlashSAC,Humanoid-v4,0,avg_success,900000.0,0.0
571,FlashSAC,Humanoid-v4,0,avg_success,1000000.0,0.0
572,FlashSAC,Humanoid-v4,1000,avg_return,0.0,83.63129142366917
573,FlashSAC,Humanoid-v4,1000,avg_return,100000.0,6652.133341258934
574,FlashSAC,Humanoid-v4,1000,avg_return,200000.0,10217.690259981096
575,FlashSAC,Humanoid-v4,1000,avg_return,300000.0,10811.825861982885
576,FlashSAC,Humanoid-v4,1000,avg_return,400000.0,11349.112524393704
577,FlashSAC,Humanoid-v4,1000,avg_return,500000.0,11650.240235398214
578,FlashSAC,Humanoid-v4,1000,avg_return,600000.0,10985.25015598892
579,FlashSAC,Humanoid-v4,1000,avg_return,700000.0,9926.847677039106
580,FlashSAC,Humanoid-v4,1000,avg_return,800000.0,11916.31983839273
581,FlashSAC,Humanoid-v4,1000,avg_return,900000.0,12196.672684572188
582,FlashSAC,Humanoid-v4,1000,avg_return,1000000.0,12328.701035684291
583,FlashSAC,Humanoid-v4,1000,avg_success,0.0,0.0
584,FlashSAC,Humanoid-v4,1000,avg_success,100000.0,0.0
585,FlashSAC,Humanoid-v4,1000,avg_success,200000.0,0.0
586,FlashSAC,Humanoid-v4,1000,avg_success,300000.0,0.0
587,FlashSAC,Humanoid-v4,1000,avg_success,400000.0,0.0
588,FlashSAC,Humanoid-v4,1000,avg_success,500000.0,0.0
589,FlashSAC,Humanoid-v4,1000,avg_success,600000.0,0.0
590,FlashSAC,Humanoid-v4,1000,avg_success,700000.0,0.0
591,FlashSAC,Humanoid-v4,1000,avg_success,800000.0,0.0
592,FlashSAC,Humanoid-v4,1000,avg_success,900000.0,0.0
593,FlashSAC,Humanoid-v4,1000,avg_success,1000000.0,0.0
594,FlashSAC,Humanoid-v4,2000,avg_return,0.0,137.52159077598245
595,FlashSAC,Humanoid-v4,2000,avg_return,100000.0,6852.833967018428
596,FlashSAC,Humanoid-v4,2000,avg_return,200000.0,10081.884041522602
597,FlashSAC,Humanoid-v4,2000,avg_return,300000.0,10709.596300851505
598,FlashSAC,Humanoid-v4,2000,avg_return,400000.0,11533.21009409196
599,FlashSAC,Humanoid-v4,2000,avg_return,500000.0,11313.969672192638
600,FlashSAC,Humanoid-v4,2000,avg_return,600000.0,12260.460048551848
601,FlashSAC,Humanoid-v4,2000,avg_return,700000.0,12389.30353101609
602,FlashSAC,Humanoid-v4,2000,avg_return,800000.0,10648.747384812992
603,FlashSAC,Humanoid-v4,2000,avg_return,900000.0,12853.597853169917
604,FlashSAC,Humanoid-v4,2000,avg_return,1000000.0,12713.345135867365
605,FlashSAC,Humanoid-v4,2000,avg_success,0.0,0.0
606,FlashSAC,Humanoid-v4,2000,avg_success,100000.0,0.0
607,FlashSAC,Humanoid-v4,2000,avg_success,200000.0,0.0
608,FlashSAC,Humanoid-v4,2000,avg_success,300000.0,0.0
609,FlashSAC,Humanoid-v4,2000,avg_success,400000.0,0.0
610,FlashSAC,Humanoid-v4,2000,avg_success,500000.0,0.0
611,FlashSAC,Humanoid-v4,2000,avg_success,600000.0,0.0
612,FlashSAC,Humanoid-v4,2000,avg_success,700000.0,0.0
613,FlashSAC,Humanoid-v4,2000,avg_success,800000.0,0.0
614,FlashSAC,Humanoid-v4,2000,avg_success,900000.0,0.0
615,FlashSAC,Humanoid-v4,2000,avg_success,1000000.0,0.0
616,FlashSAC,Humanoid-v4,3000,avg_return,0.0,96.47733208682432
617,FlashSAC,Humanoid-v4,3000,avg_return,100000.0,1834.1437345451488
618,FlashSAC,Humanoid-v4,3000,avg_return,200000.0,10213.813125999515
619,FlashSAC,Humanoid-v4,3000,avg_return,300000.0,10822.815629465247
620,FlashSAC,Humanoid-v4,3000,avg_return,400000.0,11386.423294740223
621,FlashSAC,Humanoid-v4,3000,avg_return,500000.0,10609.149575263644
622,FlashSAC,Humanoid-v4,3000,avg_return,600000.0,11562.33220409822
623,FlashSAC,Humanoid-v4,3000,avg_return,700000.0,7860.760885770837
624,FlashSAC,Humanoid-v4,3000,avg_return,800000.0,12324.56043279418
625,FlashSAC,Humanoid-v4,3000,avg_return,900000.0,12550.960053859952
626,FlashSAC,Humanoid-v4,3000,avg_return,1000000.0,12690.071353495843
627,FlashSAC,Humanoid-v4,3000,avg_success,0.0,0.0
628,FlashSAC,Humanoid-v4,3000,avg_success,100000.0,0.0
629,FlashSAC,Humanoid-v4,3000,avg_success,200000.0,0.0
630,FlashSAC,Humanoid-v4,3000,avg_success,300000.0,0.0
631,FlashSAC,Humanoid-v4,3000,avg_success,400000.0,0.0
632,FlashSAC,Humanoid-v4,3000,avg_success,500000.0,0.0
633,FlashSAC,Humanoid-v4,3000,avg_success,600000.0,0.0
634,FlashSAC,Humanoid-v4,3000,avg_success,700000.0,0.0
635,FlashSAC,Humanoid-v4,3000,avg_success,800000.0,0.0
636,FlashSAC,Humanoid-v4,3000,avg_success,900000.0,0.0
637,FlashSAC,Humanoid-v4,3000,avg_success,1000000.0,0.0
638,FlashSAC,Humanoid-v4,4000,avg_return,0.0,83.40614258626476
639,FlashSAC,Humanoid-v4,4000,avg_return,100000.0,7883.622776886936
640,FlashSAC,Humanoid-v4,4000,avg_return,200000.0,8471.492893223658
641,FlashSAC,Humanoid-v4,4000,avg_return,300000.0,10794.9256545735
642,FlashSAC,Humanoid-v4,4000,avg_return,400000.0,11023.414640868954
643,FlashSAC,Humanoid-v4,4000,avg_return,500000.0,11496.6326205821
644,FlashSAC,Humanoid-v4,4000,avg_return,600000.0,4647.758623030327
645,FlashSAC,Humanoid-v4,4000,avg_return,700000.0,11884.541028086702
646,FlashSAC,Humanoid-v4,4000,avg_return,800000.0,12177.550464912709
647,FlashSAC,Humanoid-v4,4000,avg_return,900000.0,12344.507493928988
648,FlashSAC,Humanoid-v4,4000,avg_return,1000000.0,12639.432615264664
649,FlashSAC,Humanoid-v4,4000,avg_success,0.0,0.0
650,FlashSAC,Humanoid-v4,4000,avg_success,100000.0,0.0
651,FlashSAC,Humanoid-v4,4000,avg_success,200000.0,0.0
652,FlashSAC,Humanoid-v4,4000,avg_success,300000.0,0.0
653,FlashSAC,Humanoid-v4,4000,avg_success,400000.0,0.0
654,FlashSAC,Humanoid-v4,4000,avg_success,500000.0,0.0
655,FlashSAC,Humanoid-v4,4000,avg_success,600000.0,0.0
656,FlashSAC,Humanoid-v4,4000,avg_success,700000.0,0.0
657,FlashSAC,Humanoid-v4,4000,avg_success,800000.0,0.0
658,FlashSAC,Humanoid-v4,4000,avg_success,900000.0,0.0
659,FlashSAC,Humanoid-v4,4000,avg_success,1000000.0,0.0
660,FlashSAC,Isaac-Lift-Cube-Franka-v0,0,avg_return,0.0,0.6818725034797719
661,FlashSAC,Isaac-Lift-Cube-Franka-v0,0,avg_return,5496832.0,1.3965389387427916
662,FlashSAC,Isaac-Lift-Cube-Franka-v0,0,avg_return,10493952.0,-0.9033308684624326
663,FlashSAC,Isaac-Lift-Cube-Franka-v0,0,avg_return,15491072.0,81.74238108247162
664,FlashSAC,Isaac-Lift-Cube-Franka-v0,0,avg_return,20488192.0,123.93714492182949
665,FlashSAC,Isaac-Lift-Cube-Franka-v0,0,avg_return,25485312.0,138.0261850223555
666,FlashSAC,Isaac-Lift-Cube-Franka-v0,0,avg_return,30482432.0,148.96718181529002
667,FlashSAC,Isaac-Lift-Cube-Franka-v0,0,avg_return,35479552.0,154.00424285178906
668,FlashSAC,Isaac-Lift-Cube-Franka-v0,0,avg_return,40476672.0,154.30532170316656
669,FlashSAC,Isaac-Lift-Cube-Franka-v0,0,avg_return,45473792.0,154.61966608643752
670,FlashSAC,Isaac-Lift-Cube-Franka-v0,0,avg_return,50000896.0,155.64066945564855
671,FlashSAC,Isaac-Lift-Cube-Franka-v0,0,avg_success,0.0,0.0
672,FlashSAC,Isaac-Lift-Cube-Franka-v0,0,avg_success,5496832.0,0.0
673,FlashSAC,Isaac-Lift-Cube-Franka-v0,0,avg_success,10493952.0,0.0
674,FlashSAC,Isaac-Lift-Cube-Franka-v0,0,avg_success,15491072.0,0.0
675,FlashSAC,Isaac-Lift-Cube-Franka-v0,0,avg_success,20488192.0,0.0
676,FlashSAC,Isaac-Lift-Cube-Franka-v0,0,avg_success,25485312.0,0.0
677,FlashSAC,Isaac-Lift-Cube-Franka-v0,0,avg_success,30482432.0,0.0
678,FlashSAC,Isaac-Lift-Cube-Franka-v0,0,avg_success,35479552.0,0.0
679,FlashSAC,Isaac-Lift-Cube-Franka-v0,0,avg_success,40476672.0,0.0
680,FlashSAC,Isaac-Lift-Cube-Franka-v0,0,avg_success,45473792.0,0.0
681,FlashSAC,Isaac-Lift-Cube-Franka-v0,0,avg_success,50000896.0,0.0
682,FlashSAC,Isaac-Lift-Cube-Franka-v0,1000,avg_return,0.0,0.6628921574717674
683,FlashSAC,Isaac-Lift-Cube-Franka-v0,1000,avg_return,5496832.0,1.186943690149488
684,FlashSAC,Isaac-Lift-Cube-Franka-v0,1000,avg_return,10493952.0,0.5507069632803443
685,FlashSAC,Isaac-Lift-Cube-Franka-v0,1000,avg_return,15491072.0,-13.84290494590309
686,FlashSAC,Isaac-Lift-Cube-Franka-v0,1000,avg_return,20488192.0,55.13801914774754
687,FlashSAC,Isaac-Lift-Cube-Franka-v0,1000,avg_return,25485312.0,121.48021149718396
688,FlashSAC,Isaac-Lift-Cube-Franka-v0,1000,avg_return,30482432.0,138.7280899252696
689,FlashSAC,Isaac-Lift-Cube-Franka-v0,1000,avg_return,35479552.0,148.7688583072504
690,FlashSAC,Isaac-Lift-Cube-Franka-v0,1000,avg_return,40476672.0,154.47913681972204
691,FlashSAC,Isaac-Lift-Cube-Franka-v0,1000,avg_return,45473792.0,155.2576188442113
692,FlashSAC,Isaac-Lift-Cube-Franka-v0,1000,avg_return,50000896.0,155.15477102014393
693,FlashSAC,Isaac-Lift-Cube-Franka-v0,1000,avg_success,0.0,0.0
694,FlashSAC,Isaac-Lift-Cube-Franka-v0,1000,avg_success,5496832.0,0.0
695,FlashSAC,Isaac-Lift-Cube-Franka-v0,1000,avg_success,10493952.0,0.0
696,FlashSAC,Isaac-Lift-Cube-Franka-v0,1000,avg_success,15491072.0,0.0
697,FlashSAC,Isaac-Lift-Cube-Franka-v0,1000,avg_success,20488192.0,0.0
698,FlashSAC,Isaac-Lift-Cube-Franka-v0,1000,avg_success,25485312.0,0.0
699,FlashSAC,Isaac-Lift-Cube-Franka-v0,1000,avg_success,30482432.0,0.0
700,FlashSAC,Isaac-Lift-Cube-Franka-v0,1000,avg_success,35479552.0,0.0
701,FlashSAC,Isaac-Lift-Cube-Franka-v0,1000,avg_success,40476672.0,0.0
702,FlashSAC,Isaac-Lift-Cube-Franka-v0,1000,avg_success,45473792.0,0.0
703,FlashSAC,Isaac-Lift-Cube-Franka-v0,1000,avg_success,50000896.0,0.0
704,FlashSAC,Isaac-Lift-Cube-Franka-v0,2000,avg_return,0.0,0.6590489562136437
705,FlashSAC,Isaac-Lift-Cube-Franka-v0,2000,avg_return,5496832.0,1.154482877234094
706,FlashSAC,Isaac-Lift-Cube-Franka-v0,2000,avg_return,10493952.0,12.074809976257855
707,FlashSAC,Isaac-Lift-Cube-Franka-v0,2000,avg_return,15491072.0,76.71698785365567
708,FlashSAC,Isaac-Lift-Cube-Franka-v0,2000,avg_return,20488192.0,110.34590039100225
709,FlashSAC,Isaac-Lift-Cube-Franka-v0,2000,avg_return,25485312.0,129.4691375827743
710,FlashSAC,Isaac-Lift-Cube-Franka-v0,2000,avg_return,30482432.0,152.2351447592987
711,FlashSAC,Isaac-Lift-Cube-Franka-v0,2000,avg_return,35479552.0,152.63867193156238
712,FlashSAC,Isaac-Lift-Cube-Franka-v0,2000,avg_return,40476672.0,151.98604264402277
713,FlashSAC,Isaac-Lift-Cube-Franka-v0,2000,avg_return,45473792.0,153.21725486786045
714,FlashSAC,Isaac-Lift-Cube-Franka-v0,2000,avg_return,50000896.0,154.2293879991073
715,FlashSAC,Isaac-Lift-Cube-Franka-v0,2000,avg_success,0.0,0.0
716,FlashSAC,Isaac-Lift-Cube-Franka-v0,2000,avg_success,5496832.0,0.0
717,FlashSAC,Isaac-Lift-Cube-Franka-v0,2000,avg_success,10493952.0,0.0
718,FlashSAC,Isaac-Lift-Cube-Franka-v0,2000,avg_success,15491072.0,0.0
719,FlashSAC,Isaac-Lift-Cube-Franka-v0,2000,avg_success,20488192.0,0.0
720,FlashSAC,Isaac-Lift-Cube-Franka-v0,2000,avg_success,25485312.0,0.0
721,FlashSAC,Isaac-Lift-Cube-Franka-v0,2000,avg_success,30482432.0,0.0
722,FlashSAC,Isaac-Lift-Cube-Franka-v0,2000,avg_success,35479552.0,0.0
723,FlashSAC,Isaac-Lift-Cube-Franka-v0,2000,avg_success,40476672.0,0.0
724,FlashSAC,Isaac-Lift-Cube-Franka-v0,2000,avg_success,45473792.0,0.0
725,FlashSAC,Isaac-Lift-Cube-Franka-v0,2000,avg_success,50000896.0,0.0
726,FlashSAC,Isaac-Lift-Cube-Franka-v0,3000,avg_return,0.0,0.6833357910013684
727,FlashSAC,Isaac-Lift-Cube-Franka-v0,3000,avg_return,5496832.0,1.2172249396720891
728,FlashSAC,Isaac-Lift-Cube-Franka-v0,3000,avg_return,10493952.0,10.565101864079498
729,FlashSAC,Isaac-Lift-Cube-Franka-v0,3000,avg_return,15491072.0,118.41694979579334
730,FlashSAC,Isaac-Lift-Cube-Franka-v0,3000,avg_return,20488192.0,145.02891826352197
731,FlashSAC,Isaac-Lift-Cube-Franka-v0,3000,avg_return,25485312.0,149.24052882804972
732,FlashSAC,Isaac-Lift-Cube-Franka-v0,3000,avg_return,30482432.0,150.93469920920143
733,FlashSAC,Isaac-Lift-Cube-Franka-v0,3000,avg_return,35479552.0,144.61151080111904
734,FlashSAC,Isaac-Lift-Cube-Franka-v0,3000,avg_return,40476672.0,154.97716774451874
735,FlashSAC,Isaac-Lift-Cube-Franka-v0,3000,avg_return,45473792.0,155.08388781785152
736,FlashSAC,Isaac-Lift-Cube-Franka-v0,3000,avg_return,50000896.0,154.97960583509894
737,FlashSAC,Isaac-Lift-Cube-Franka-v0,3000,avg_success,0.0,0.0
738,FlashSAC,Isaac-Lift-Cube-Franka-v0,3000,avg_success,5496832.0,0.0
739,FlashSAC,Isaac-Lift-Cube-Franka-v0,3000,avg_success,10493952.0,0.0
740,FlashSAC,Isaac-Lift-Cube-Franka-v0,3000,avg_success,15491072.0,0.0
741,FlashSAC,Isaac-Lift-Cube-Franka-v0,3000,avg_success,20488192.0,0.0
742,FlashSAC,Isaac-Lift-Cube-Franka-v0,3000,avg_success,25485312.0,0.0
743,FlashSAC,Isaac-Lift-Cube-Franka-v0,3000,avg_success,30482432.0,0.0
744,FlashSAC,Isaac-Lift-Cube-Franka-v0,3000,avg_success,35479552.0,0.0
745,FlashSAC,Isaac-Lift-Cube-Franka-v0,3000,avg_success,40476672.0,0.0
746,FlashSAC,Isaac-Lift-Cube-Franka-v0,3000,avg_success,45473792.0,0.0
747,FlashSAC,Isaac-Lift-Cube-Franka-v0,3000,avg_success,50000896.0,0.0
748,FlashSAC,Isaac-Lift-Cube-Franka-v0,4000,avg_return,0.0,0.6688496101578618
749,FlashSAC,Isaac-Lift-Cube-Franka-v0,4000,avg_return,5496832.0,1.4298825747004693
750,FlashSAC,Isaac-Lift-Cube-Franka-v0,4000,avg_return,10493952.0,8.175713472394511
751,FlashSAC,Isaac-Lift-Cube-Franka-v0,4000,avg_return,15491072.0,110.24094371889444
752,FlashSAC,Isaac-Lift-Cube-Franka-v0,4000,avg_return,20488192.0,136.01077169407927
753,FlashSAC,Isaac-Lift-Cube-Franka-v0,4000,avg_return,25485312.0,145.35340289398167
754,FlashSAC,Isaac-Lift-Cube-Franka-v0,4000,avg_return,30482432.0,149.8987962257421
755,FlashSAC,Isaac-Lift-Cube-Franka-v0,4000,avg_return,35479552.0,154.24841282796592
756,FlashSAC,Isaac-Lift-Cube-Franka-v0,4000,avg_return,40476672.0,153.69922183417748
757,FlashSAC,Isaac-Lift-Cube-Franka-v0,4000,avg_return,45473792.0,155.48813744719473
758,FlashSAC,Isaac-Lift-Cube-Franka-v0,4000,avg_return,50000896.0,154.01816862853389
759,FlashSAC,Isaac-Lift-Cube-Franka-v0,4000,avg_success,0.0,0.0
760,FlashSAC,Isaac-Lift-Cube-Franka-v0,4000,avg_success,5496832.0,0.0
761,FlashSAC,Isaac-Lift-Cube-Franka-v0,4000,avg_success,10493952.0,0.0
762,FlashSAC,Isaac-Lift-Cube-Franka-v0,4000,avg_success,15491072.0,0.0
763,FlashSAC,Isaac-Lift-Cube-Franka-v0,4000,avg_success,20488192.0,0.0
764,FlashSAC,Isaac-Lift-Cube-Franka-v0,4000,avg_success,25485312.0,0.0
765,FlashSAC,Isaac-Lift-Cube-Franka-v0,4000,avg_success,30482432.0,0.0
766,FlashSAC,Isaac-Lift-Cube-Franka-v0,4000,avg_success,35479552.0,0.0
767,FlashSAC,Isaac-Lift-Cube-Franka-v0,4000,avg_success,40476672.0,0.0
768,FlashSAC,Isaac-Lift-Cube-Franka-v0,4000,avg_success,45473792.0,0.0
769,FlashSAC,Isaac-Lift-Cube-Franka-v0,4000,avg_success,50000896.0,0.0
770,FlashSAC,Isaac-Open-Drawer-Franka-v0,0,avg_return,0.0,3.335980514132752
771,FlashSAC,Isaac-Open-Drawer-Franka-v0,0,avg_return,5496832.0,80.18082039135516
772,FlashSAC,Isaac-Open-Drawer-Franka-v0,0,avg_return,10493952.0,91.83559682374108
773,FlashSAC,Isaac-Open-Drawer-Franka-v0,0,avg_return,15491072.0,95.54938119235884
774,FlashSAC,Isaac-Open-Drawer-Franka-v0,0,avg_return,20488192.0,97.48213125670554
775,FlashSAC,Isaac-Open-Drawer-Franka-v0,0,avg_return,25485312.0,97.55137351709163
776,FlashSAC,Isaac-Open-Drawer-Franka-v0,0,avg_return,30482432.0,96.95072020810858
777,FlashSAC,Isaac-Open-Drawer-Franka-v0,0,avg_return,35479552.0,98.2854154019933
778,FlashSAC,Isaac-Open-Drawer-Franka-v0,0,avg_return,40476672.0,98.83740100481828
779,FlashSAC,Isaac-Open-Drawer-Franka-v0,0,avg_return,45473792.0,97.8772484596575
780,FlashSAC,Isaac-Open-Drawer-Franka-v0,0,avg_return,50000896.0,97.961597919008
781,FlashSAC,Isaac-Open-Drawer-Franka-v0,0,avg_success,0.0,0.0
782,FlashSAC,Isaac-Open-Drawer-Franka-v0,0,avg_success,5496832.0,0.0
783,FlashSAC,Isaac-Open-Drawer-Franka-v0,0,avg_success,10493952.0,0.0
784,FlashSAC,Isaac-Open-Drawer-Franka-v0,0,avg_success,15491072.0,0.0
785,FlashSAC,Isaac-Open-Drawer-Franka-v0,0,avg_success,20488192.0,0.0
786,FlashSAC,Isaac-Open-Drawer-Franka-v0,0,avg_success,25485312.0,0.0
787,FlashSAC,Isaac-Open-Drawer-Franka-v0,0,avg_success,30482432.0,0.0
788,FlashSAC,Isaac-Open-Drawer-Franka-v0,0,avg_success,35479552.0,0.0
789,FlashSAC,Isaac-Open-Drawer-Franka-v0,0,avg_success,40476672.0,0.0
790,FlashSAC,Isaac-Open-Drawer-Franka-v0,0,avg_success,45473792.0,0.0
791,FlashSAC,Isaac-Open-Drawer-Franka-v0,0,avg_success,50000896.0,0.0
792,FlashSAC,Isaac-Open-Drawer-Franka-v0,1000,avg_return,0.0,7.048547108378742
793,FlashSAC,Isaac-Open-Drawer-Franka-v0,1000,avg_return,5496832.0,88.01472169640147
794,FlashSAC,Isaac-Open-Drawer-Franka-v0,1000,avg_return,10493952.0,90.71041337434052
795,FlashSAC,Isaac-Open-Drawer-Franka-v0,1000,avg_return,15491072.0,93.03757373555165
796,FlashSAC,Isaac-Open-Drawer-Franka-v0,1000,avg_return,20488192.0,98.1322771191508
797,FlashSAC,Isaac-Open-Drawer-Franka-v0,1000,avg_return,25485312.0,98.45434973349164
798,FlashSAC,Isaac-Open-Drawer-Franka-v0,1000,avg_return,30482432.0,98.80553272766429
799,FlashSAC,Isaac-Open-Drawer-Franka-v0,1000,avg_return,35479552.0,99.30143420465993
800,FlashSAC,Isaac-Open-Drawer-Franka-v0,1000,avg_return,40476672.0,98.90990692464491
801,FlashSAC,Isaac-Open-Drawer-Franka-v0,1000,avg_return,45473792.0,98.98964287923354
802,FlashSAC,Isaac-Open-Drawer-Franka-v0,1000,avg_return,50000896.0,98.96038200166868
803,FlashSAC,Isaac-Open-Drawer-Franka-v0,1000,avg_success,0.0,0.0
804,FlashSAC,Isaac-Open-Drawer-Franka-v0,1000,avg_success,5496832.0,0.0
805,FlashSAC,Isaac-Open-Drawer-Franka-v0,1000,avg_success,10493952.0,0.0
806,FlashSAC,Isaac-Open-Drawer-Franka-v0,1000,avg_success,15491072.0,0.0
807,FlashSAC,Isaac-Open-Drawer-Franka-v0,1000,avg_success,20488192.0,0.0
808,FlashSAC,Isaac-Open-Drawer-Franka-v0,1000,avg_success,25485312.0,0.0
809,FlashSAC,Isaac-Open-Drawer-Franka-v0,1000,avg_success,30482432.0,0.0
810,FlashSAC,Isaac-Open-Drawer-Franka-v0,1000,avg_success,35479552.0,0.0
811,FlashSAC,Isaac-Open-Drawer-Franka-v0,1000,avg_success,40476672.0,0.0
812,FlashSAC,Isaac-Open-Drawer-Franka-v0,1000,avg_success,45473792.0,0.0
813,FlashSAC,Isaac-Open-Drawer-Franka-v0,1000,avg_success,50000896.0,0.0
814,FlashSAC,Isaac-Open-Drawer-Franka-v0,2000,avg_return,0.0,2.926258769365593
815,FlashSAC,Isaac-Open-Drawer-Franka-v0,2000,avg_return,5496832.0,86.2490104420358
816,FlashSAC,Isaac-Open-Drawer-Franka-v0,2000,avg_return,10493952.0,91.69965566408972
817,FlashSAC,Isaac-Open-Drawer-Franka-v0,2000,avg_return,15491072.0,95.41103695157926
818,FlashSAC,Isaac-Open-Drawer-Franka-v0,2000,avg_return,20488192.0,96.11605186065664
819,FlashSAC,Isaac-Open-Drawer-Franka-v0,2000,avg_return,25485312.0,96.40374463937314
820,FlashSAC,Isaac-Open-Drawer-Franka-v0,2000,avg_return,30482432.0,96.39605231672611
821,FlashSAC,Isaac-Open-Drawer-Franka-v0,2000,avg_return,35479552.0,96.75004100794284
822,FlashSAC,Isaac-Open-Drawer-Franka-v0,2000,avg_return,40476672.0,97.00709365949024
823,FlashSAC,Isaac-Open-Drawer-Franka-v0,2000,avg_return,45473792.0,97.42094435394483
824,FlashSAC,Isaac-Open-Drawer-Franka-v0,2000,avg_return,50000896.0,97.30560179115628
825,FlashSAC,Isaac-Open-Drawer-Franka-v0,2000,avg_success,0.0,0.0
826,FlashSAC,Isaac-Open-Drawer-Franka-v0,2000,avg_success,5496832.0,0.0
827,FlashSAC,Isaac-Open-Drawer-Franka-v0,2000,avg_success,10493952.0,0.0
828,FlashSAC,Isaac-Open-Drawer-Franka-v0,2000,avg_success,15491072.0,0.0
829,FlashSAC,Isaac-Open-Drawer-Franka-v0,2000,avg_success,20488192.0,0.0
830,FlashSAC,Isaac-Open-Drawer-Franka-v0,2000,avg_success,25485312.0,0.0
831,FlashSAC,Isaac-Open-Drawer-Franka-v0,2000,avg_success,30482432.0,0.0
832,FlashSAC,Isaac-Open-Drawer-Franka-v0,2000,avg_success,35479552.0,0.0
833,FlashSAC,Isaac-Open-Drawer-Franka-v0,2000,avg_success,40476672.0,0.0
834,FlashSAC,Isaac-Open-Drawer-Franka-v0,2000,avg_success,45473792.0,0.0
835,FlashSAC,Isaac-Open-Drawer-Franka-v0,2000,avg_success,50000896.0,0.0
836,FlashSAC,Isaac-Open-Drawer-Franka-v0,3000,avg_return,0.0,3.208268013220944
837,FlashSAC,Isaac-Open-Drawer-Franka-v0,3000,avg_return,5496832.0,77.60788463101017
838,FlashSAC,Isaac-Open-Drawer-Franka-v0,3000,avg_return,10493952.0,90.0888686781127
839,FlashSAC,Isaac-Open-Drawer-Franka-v0,3000,avg_return,15491072.0,96.56725020826524
840,FlashSAC,Isaac-Open-Drawer-Franka-v0,3000,avg_return,20488192.0,97.85926233104055
841,FlashSAC,Isaac-Open-Drawer-Franka-v0,3000,avg_return,25485312.0,97.88294499223048
842,FlashSAC,Isaac-Open-Drawer-Franka-v0,3000,avg_return,30482432.0,98.0156072448326
843,FlashSAC,Isaac-Open-Drawer-Franka-v0,3000,avg_return,35479552.0,97.96086112110152
844,FlashSAC,Isaac-Open-Drawer-Franka-v0,3000,avg_return,40476672.0,97.17541289723886
845,FlashSAC,Isaac-Open-Drawer-Franka-v0,3000,avg_return,45473792.0,98.16183906630624
846,FlashSAC,Isaac-Open-Drawer-Franka-v0,3000,avg_return,50000896.0,98.80282022698384
847,FlashSAC,Isaac-Open-Drawer-Franka-v0,3000,avg_success,0.0,0.0
848,FlashSAC,Isaac-Open-Drawer-Franka-v0,3000,avg_success,5496832.0,0.0
849,FlashSAC,Isaac-Open-Drawer-Franka-v0,3000,avg_success,10493952.0,0.0
850,FlashSAC,Isaac-Open-Drawer-Franka-v0,3000,avg_success,15491072.0,0.0
851,FlashSAC,Isaac-Open-Drawer-Franka-v0,3000,avg_success,20488192.0,0.0
852,FlashSAC,Isaac-Open-Drawer-Franka-v0,3000,avg_success,25485312.0,0.0
853,FlashSAC,Isaac-Open-Drawer-Franka-v0,3000,avg_success,30482432.0,0.0
854,FlashSAC,Isaac-Open-Drawer-Franka-v0,3000,avg_success,35479552.0,0.0
855,FlashSAC,Isaac-Open-Drawer-Franka-v0,3000,avg_success,40476672.0,0.0
856,FlashSAC,Isaac-Open-Drawer-Franka-v0,3000,avg_success,45473792.0,0.0
857,FlashSAC,Isaac-Open-Drawer-Franka-v0,3000,avg_success,50000896.0,0.0
858,FlashSAC,Isaac-Open-Drawer-Franka-v0,4000,avg_return,0.0,2.6275644373476004
859,FlashSAC,Isaac-Open-Drawer-Franka-v0,4000,avg_return,5496832.0,76.23532718883325
860,FlashSAC,Isaac-Open-Drawer-Franka-v0,4000,avg_return,10493952.0,91.21978602402488
861,FlashSAC,Isaac-Open-Drawer-Franka-v0,4000,avg_return,15491072.0,96.83551302239084
862,FlashSAC,Isaac-Open-Drawer-Franka-v0,4000,avg_return,20488192.0,97.6508797546776
863,FlashSAC,Isaac-Open-Drawer-Franka-v0,4000,avg_return,25485312.0,98.07554981008252
864,FlashSAC,Isaac-Open-Drawer-Franka-v0,4000,avg_return,30482432.0,98.62124220895748
865,FlashSAC,Isaac-Open-Drawer-Franka-v0,4000,avg_return,35479552.0,98.6889023498088
866,FlashSAC,Isaac-Open-Drawer-Franka-v0,4000,avg_return,40476672.0,98.970399448619
867,FlashSAC,Isaac-Open-Drawer-Franka-v0,4000,avg_return,45473792.0,99.22472664786984
868,FlashSAC,Isaac-Open-Drawer-Franka-v0,4000,avg_return,50000896.0,99.29427592430056
869,FlashSAC,Isaac-Open-Drawer-Franka-v0,4000,avg_success,0.0,0.0
870,FlashSAC,Isaac-Open-Drawer-Franka-v0,4000,avg_success,5496832.0,0.0
871,FlashSAC,Isaac-Open-Drawer-Franka-v0,4000,avg_success,10493952.0,0.0
872,FlashSAC,Isaac-Open-Drawer-Franka-v0,4000,avg_success,15491072.0,0.0
873,FlashSAC,Isaac-Open-Drawer-Franka-v0,4000,avg_success,20488192.0,0.0
874,FlashSAC,Isaac-Open-Drawer-Franka-v0,4000,avg_success,25485312.0,0.0
875,FlashSAC,Isaac-Open-Drawer-Franka-v0,4000,avg_success,30482432.0,0.0
876,FlashSAC,Isaac-Open-Drawer-Franka-v0,4000,avg_success,35479552.0,0.0
877,FlashSAC,Isaac-Open-Drawer-Franka-v0,4000,avg_success,40476672.0,0.0
878,FlashSAC,Isaac-Open-Drawer-Franka-v0,4000,avg_success,45473792.0,0.0
879,FlashSAC,Isaac-Open-Drawer-Franka-v0,4000,avg_success,50000896.0,0.0
880,FlashSAC,Isaac-Repose-Cube-Allegro-Direct-v0,0,avg_return,0.0,-21.669551836632746
881,FlashSAC,Isaac-Repose-Cube-Allegro-Direct-v0,0,avg_return,5496832.0,48.04043299000129
882,FlashSAC,Isaac-Repose-Cube-Allegro-Direct-v0,0,avg_return,10493952.0,61.31693455166474
883,FlashSAC,Isaac-Repose-Cube-Allegro-Direct-v0,0,avg_return,15491072.0,161.74065988374332
884,FlashSAC,Isaac-Repose-Cube-Allegro-Direct-v0,0,avg_return,20488192.0,1111.6914619321162
885,FlashSAC,Isaac-Repose-Cube-Allegro-Direct-v0,0,avg_return,25485312.0,2438.640295337113
886,FlashSAC,Isaac-Repose-Cube-Allegro-Direct-v0,0,avg_return,30482432.0,3377.570810981395
887,FlashSAC,Isaac-Repose-Cube-Allegro-Direct-v0,0,avg_return,35479552.0,3852.9631359978976
888,FlashSAC,Isaac-Repose-Cube-Allegro-Direct-v0,0,avg_return,40476672.0,4379.338358524336
889,FlashSAC,Isaac-Repose-Cube-Allegro-Direct-v0,0,avg_return,45473792.0,4801.127840577976
890,FlashSAC,Isaac-Repose-Cube-Allegro-Direct-v0,0,avg_return,50000896.0,5011.708007765419
891,FlashSAC,Isaac-Repose-Cube-Allegro-Direct-v0,0,avg_success,0.0,0.0
892,FlashSAC,Isaac-Repose-Cube-Allegro-Direct-v0,0,avg_success,5496832.0,0.0
893,FlashSAC,Isaac-Repose-Cube-Allegro-Direct-v0,0,avg_success,10493952.0,0.0
894,FlashSAC,Isaac-Repose-Cube-Allegro-Direct-v0,0,avg_success,15491072.0,0.0
895,FlashSAC,Isaac-Repose-Cube-Allegro-Direct-v0,0,avg_success,20488192.0,0.0
896,FlashSAC,Isaac-Repose-Cube-Allegro-Direct-v0,0,avg_success,25485312.0,0.0
897,FlashSAC,Isaac-Repose-Cube-Allegro-Direct-v0,0,avg_success,30482432.0,0.0
898,FlashSAC,Isaac-Repose-Cube-Allegro-Direct-v0,0,avg_success,35479552.0,0.0
899,FlashSAC,Isaac-Repose-Cube-Allegro-Direct-v0,0,avg_success,40476672.0,0.0
900,FlashSAC,Isaac-Repose-Cube-Allegro-Direct-v0,0,avg_success,45473792.0,0.0
901,FlashSAC,Isaac-Repose-Cube-Allegro-Direct-v0,0,avg_success,50000896.0,0.0
902,FlashSAC,Isaac-Repose-Cube-Allegro-Direct-v0,1000,avg_return,0.0,-27.92173657332728
903,FlashSAC,Isaac-Repose-Cube-Allegro-Direct-v0,1000,avg_return,5496832.0,21.432409593277555
904,FlashSAC,Isaac-Repose-Cube-Allegro-Direct-v0,1000,avg_return,10493952.0,72.99549373627929
905,FlashSAC,Isaac-Repose-Cube-Allegro-Direct-v0,1000,avg_return,15491072.0,140.72058811727263
906,FlashSAC,Isaac-Repose-Cube-Allegro-Direct-v0,1000,avg_return,20488192.0,1246.1232500657688
907,FlashSAC,Isaac-Repose-Cube-Allegro-Direct-v0,1000,avg_return,25485312.0,2585.955411631541
908,FlashSAC,Isaac-Repose-Cube-Allegro-Direct-v0,1000,avg_return,30482432.0,3307.018907971124
909,FlashSAC,Isaac-Repose-Cube-Allegro-Direct-v0,1000,avg_return,35479552.0,4149.106565864813
910,FlashSAC,Isaac-Repose-Cube-Allegro-Direct-v0,1000,avg_return,40476672.0,4600.693833750431
911,FlashSAC,Isaac-Repose-Cube-Allegro-Direct-v0,1000,avg_return,45473792.0,5036.90577901186
912,FlashSAC,Isaac-Repose-Cube-Allegro-Direct-v0,1000,avg_return,50000896.0,5376.412334221412
913,FlashSAC,Isaac-Repose-Cube-Allegro-Direct-v0,1000,avg_success,0.0,0.0
914,FlashSAC,Isaac-Repose-Cube-Allegro-Direct-v0,1000,avg_success,5496832.0,0.0
915,FlashSAC,Isaac-Repose-Cube-Allegro-Direct-v0,1000,avg_success,10493952.0,0.0
916,FlashSAC,Isaac-Repose-Cube-Allegro-Direct-v0,1000,avg_success,15491072.0,0.0
917,FlashSAC,Isaac-Repose-Cube-Allegro-Direct-v0,1000,avg_success,20488192.0,0.0
918,FlashSAC,Isaac-Repose-Cube-Allegro-Direct-v0,1000,avg_success,25485312.0,0.0
919,FlashSAC,Isaac-Repose-Cube-Allegro-Direct-v0,1000,avg_success,30482432.0,0.0
920,FlashSAC,Isaac-Repose-Cube-Allegro-Direct-v0,1000,avg_success,35479552.0,0.0
921,FlashSAC,Isaac-Repose-Cube-Allegro-Direct-v0,1000,avg_success,40476672.0,0.0
922,FlashSAC,Isaac-Repose-Cube-Allegro-Direct-v0,1000,avg_success,45473792.0,0.0
923,FlashSAC,Isaac-Repose-Cube-Allegro-Direct-v0,1000,avg_success,50000896.0,0.0
924,FlashSAC,Isaac-Repose-Cube-Allegro-Direct-v0,2000,avg_return,0.0,-36.68731432841197
925,FlashSAC,Isaac-Repose-Cube-Allegro-Direct-v0,2000,avg_return,5496832.0,18.07706383365547
926,FlashSAC,Isaac-Repose-Cube-Allegro-Direct-v0,2000,avg_return,10493952.0,60.02500571877823
927,FlashSAC,Isaac-Repose-Cube-Allegro-Direct-v0,2000,avg_return,15491072.0,136.66704547133327
928,FlashSAC,Isaac-Repose-Cube-Allegro-Direct-v0,2000,avg_return,20488192.0,1179.3658797221703
929,FlashSAC,Isaac-Repose-Cube-Allegro-Direct-v0,2000,avg_return,25485312.0,2284.2954690469805
930,FlashSAC,Isaac-Repose-Cube-Allegro-Direct-v0,2000,avg_return,30482432.0,3211.2514741781865
931,FlashSAC,Isaac-Repose-Cube-Allegro-Direct-v0,2000,avg_return,35479552.0,3828.6227906197264
932,FlashSAC,Isaac-Repose-Cube-Allegro-Direct-v0,2000,avg_return,40476672.0,4391.313764768091
933,FlashSAC,Isaac-Repose-Cube-Allegro-Direct-v0,2000,avg_return,45473792.0,4818.809499664263
934,FlashSAC,Isaac-Repose-Cube-Allegro-Direct-v0,2000,avg_return,50000896.0,5094.252721596025
935,FlashSAC,Isaac-Repose-Cube-Allegro-Direct-v0,2000,avg_success,0.0,0.0
936,FlashSAC,Isaac-Repose-Cube-Allegro-Direct-v0,2000,avg_success,5496832.0,0.0
937,FlashSAC,Isaac-Repose-Cube-Allegro-Direct-v0,2000,avg_success,10493952.0,0.0
938,FlashSAC,Isaac-Repose-Cube-Allegro-Direct-v0,2000,avg_success,15491072.0,0.0
939,FlashSAC,Isaac-Repose-Cube-Allegro-Direct-v0,2000,avg_success,20488192.0,0.0
940,FlashSAC,Isaac-Repose-Cube-Allegro-Direct-v0,2000,avg_success,25485312.0,0.0
941,FlashSAC,Isaac-Repose-Cube-Allegro-Direct-v0,2000,avg_success,30482432.0,0.0
942,FlashSAC,Isaac-Repose-Cube-Allegro-Direct-v0,2000,avg_success,35479552.0,0.0
943,FlashSAC,Isaac-Repose-Cube-Allegro-Direct-v0,2000,avg_success,40476672.0,0.0
944,FlashSAC,Isaac-Repose-Cube-Allegro-Direct-v0,2000,avg_success,45473792.0,0.0
945,FlashSAC,Isaac-Repose-Cube-Allegro-Direct-v0,2000,avg_success,50000896.0,0.0
946,FlashSAC,Isaac-Repose-Cube-Allegro-Direct-v0,3000,avg_return,0.0,-15.465354967899188
947,FlashSAC,Isaac-Repose-Cube-Allegro-Direct-v0,3000,avg_return,5496832.0,13.262261738629745
948,FlashSAC,Isaac-Repose-Cube-Allegro-Direct-v0,3000,avg_return,10493952.0,54.74791516571149
949,FlashSAC,Isaac-Repose-Cube-Allegro-Direct-v0,3000,avg_return,15491072.0,180.4745799311893
950,FlashSAC,Isaac-Repose-Cube-Allegro-Direct-v0,3000,avg_return,20488192.0,1351.464619064275
951,FlashSAC,Isaac-Repose-Cube-Allegro-Direct-v0,3000,avg_return,25485312.0,2642.480054377459
952,FlashSAC,Isaac-Repose-Cube-Allegro-Direct-v0,3000,avg_return,30482432.0,3630.5878432847694
953,FlashSAC,Isaac-Repose-Cube-Allegro-Direct-v0,3000,avg_return,35479552.0,4132.614689512424
954,FlashSAC,Isaac-Repose-Cube-Allegro-Direct-v0,3000,avg_return,40476672.0,4776.199112844572
955,FlashSAC,Isaac-Repose-Cube-Allegro-Direct-v0,3000,avg_return,45473792.0,5128.981869186102
956,FlashSAC,Isaac-Repose-Cube-Allegro-Direct-v0,3000,avg_return,50000896.0,5307.822881801647
957,FlashSAC,Isaac-Repose-Cube-Allegro-Direct-v0,3000,avg_success,0.0,0.0
958,FlashSAC,Isaac-Repose-Cube-Allegro-Direct-v0,3000,avg_success,5496832.0,0.0
959,FlashSAC,Isaac-Repose-Cube-Allegro-Direct-v0,3000,avg_success,10493952.0,0.0
960,FlashSAC,Isaac-Repose-Cube-Allegro-Direct-v0,3000,avg_success,15491072.0,0.0
961,FlashSAC,Isaac-Repose-Cube-Allegro-Direct-v0,3000,avg_success,20488192.0,0.0
962,FlashSAC,Isaac-Repose-Cube-Allegro-Direct-v0,3000,avg_success,25485312.0,0.0
963,FlashSAC,Isaac-Repose-Cube-Allegro-Direct-v0,3000,avg_success,30482432.0,0.0
964,FlashSAC,Isaac-Repose-Cube-Allegro-Direct-v0,3000,avg_success,35479552.0,0.0
965,FlashSAC,Isaac-Repose-Cube-Allegro-Direct-v0,3000,avg_success,40476672.0,0.0
966,FlashSAC,Isaac-Repose-Cube-Allegro-Direct-v0,3000,avg_success,45473792.0,0.0
967,FlashSAC,Isaac-Repose-Cube-Allegro-Direct-v0,3000,avg_success,50000896.0,0.0
968,FlashSAC,Isaac-Repose-Cube-Allegro-Direct-v0,4000,avg_return,0.0,-25.710157753629964
969,FlashSAC,Isaac-Repose-Cube-Allegro-Direct-v0,4000,avg_return,5496832.0,16.701886383078374
970,FlashSAC,Isaac-Repose-Cube-Allegro-Direct-v0,4000,avg_return,10493952.0,62.400314690822825
971,FlashSAC,Isaac-Repose-Cube-Allegro-Direct-v0,4000,avg_return,15491072.0,266.23813526609365
972,FlashSAC,Isaac-Repose-Cube-Allegro-Direct-v0,4000,avg_return,20488192.0,1413.3038125907387
973,FlashSAC,Isaac-Repose-Cube-Allegro-Direct-v0,4000,avg_return,25485312.0,2708.7229204361765
974,FlashSAC,Isaac-Repose-Cube-Allegro-Direct-v0,4000,avg_return,30482432.0,3340.489332775573
975,FlashSAC,Isaac-Repose-Cube-Allegro-Direct-v0,4000,avg_return,35479552.0,3930.619177652674
976,FlashSAC,Isaac-Repose-Cube-Allegro-Direct-v0,4000,avg_return,40476672.0,4514.609084874857
977,FlashSAC,Isaac-Repose-Cube-Allegro-Direct-v0,4000,avg_return,45473792.0,4898.335857493797
978,FlashSAC,Isaac-Repose-Cube-Allegro-Direct-v0,4000,avg_return,50000896.0,5204.283558411029
979,FlashSAC,Isaac-Repose-Cube-Allegro-Direct-v0,4000,avg_success,0.0,0.0
980,FlashSAC,Isaac-Repose-Cube-Allegro-Direct-v0,4000,avg_success,5496832.0,0.0
981,FlashSAC,Isaac-Repose-Cube-Allegro-Direct-v0,4000,avg_success,10493952.0,0.0
982,FlashSAC,Isaac-Repose-Cube-Allegro-Direct-v0,4000,avg_success,15491072.0,0.0
983,FlashSAC,Isaac-Repose-Cube-Allegro-Direct-v0,4000,avg_success,20488192.0,0.0
984,FlashSAC,Isaac-Repose-Cube-Allegro-Direct-v0,4000,avg_success,25485312.0,0.0
985,FlashSAC,Isaac-Repose-Cube-Allegro-Direct-v0,4000,avg_success,30482432.0,0.0
986,FlashSAC,Isaac-Repose-Cube-Allegro-Direct-v0,4000,avg_success,35479552.0,0.0
987,FlashSAC,Isaac-Repose-Cube-Allegro-Direct-v0,4000,avg_success,40476672.0,0.0
988,FlashSAC,Isaac-Repose-Cube-Allegro-Direct-v0,4000,avg_success,45473792.0,0.0
989,FlashSAC,Isaac-Repose-Cube-Allegro-Direct-v0,4000,avg_success,50000896.0,0.0
990,FlashSAC,Isaac-Repose-Cube-Shadow-Direct-v0,0,avg_return,0.0,-33.62439793681108
991,FlashSAC,Isaac-Repose-Cube-Shadow-Direct-v0,0,avg_return,5496832.0,202.86023558656476
992,FlashSAC,Isaac-Repose-Cube-Shadow-Direct-v0,0,avg_return,10493952.0,240.8263277750902
993,FlashSAC,Isaac-Repose-Cube-Shadow-Direct-v0,0,avg_return,15491072.0,490.2438895018471
994,FlashSAC,Isaac-Repose-Cube-Shadow-Direct-v0,0,avg_return,20488192.0,3052.2000312166974
995,FlashSAC,Isaac-Repose-Cube-Shadow-Direct-v0,0,avg_return,25485312.0,5387.83256822722
996,FlashSAC,Isaac-Repose-Cube-Shadow-Direct-v0,0,avg_return,30482432.0,6847.41910566937
997,FlashSAC,Isaac-Repose-Cube-Shadow-Direct-v0,0,avg_return,35479552.0,7879.333082466033
998,FlashSAC,Isaac-Repose-Cube-Shadow-Direct-v0,0,avg_return,40476672.0,8691.124864270323
999,FlashSAC,Isaac-Repose-Cube-Shadow-Direct-v0,0,avg_return,45473792.0,9256.4305190038
1000,FlashSAC,Isaac-Repose-Cube-Shadow-Direct-v0,0,avg_return,50000896.0,9698.267945629188
1001,FlashSAC,Isaac-Repose-Cube-Shadow-Direct-v0,0,avg_success,0.0,0.0
1002,FlashSAC,Isaac-Repose-Cube-Shadow-Direct-v0,0,avg_success,5496832.0,0.0
1003,FlashSAC,Isaac-Repose-Cube-Shadow-Direct-v0,0,avg_success,10493952.0,0.0
1004,FlashSAC,Isaac-Repose-Cube-Shadow-Direct-v0,0,avg_success,15491072.0,0.0
1005,FlashSAC,Isaac-Repose-Cube-Shadow-Direct-v0,0,avg_success,20488192.0,0.0
1006,FlashSAC,Isaac-Repose-Cube-Shadow-Direct-v0,0,avg_success,25485312.0,0.0
1007,FlashSAC,Isaac-Repose-Cube-Shadow-Direct-v0,0,avg_success,30482432.0,0.0
1008,FlashSAC,Isaac-Repose-Cube-Shadow-Direct-v0,0,avg_success,35479552.0,0.0
1009,FlashSAC,Isaac-Repose-Cube-Shadow-Direct-v0,0,avg_success,40476672.0,0.0
1010,FlashSAC,Isaac-Repose-Cube-Shadow-Direct-v0,0,avg_success,45473792.0,0.0
1011,FlashSAC,Isaac-Repose-Cube-Shadow-Direct-v0,0,avg_success,50000896.0,0.0
1012,FlashSAC,Isaac-Repose-Cube-Shadow-Direct-v0,1000,avg_return,0.0,-134.55390580916685
1013,FlashSAC,Isaac-Repose-Cube-Shadow-Direct-v0,1000,avg_return,5496832.0,176.6034207454059
1014,FlashSAC,Isaac-Repose-Cube-Shadow-Direct-v0,1000,avg_return,10493952.0,259.3521576803036
1015,FlashSAC,Isaac-Repose-Cube-Shadow-Direct-v0,1000,avg_return,15491072.0,369.7688411823574
1016,FlashSAC,Isaac-Repose-Cube-Shadow-Direct-v0,1000,avg_return,20488192.0,2116.9581515659
1017,FlashSAC,Isaac-Repose-Cube-Shadow-Direct-v0,1000,avg_return,25485312.0,5093.423795151273
1018,FlashSAC,Isaac-Repose-Cube-Shadow-Direct-v0,1000,avg_return,30482432.0,6326.263871120578
1019,FlashSAC,Isaac-Repose-Cube-Shadow-Direct-v0,1000,avg_return,35479552.0,7995.901136877686
1020,FlashSAC,Isaac-Repose-Cube-Shadow-Direct-v0,1000,avg_return,40476672.0,8731.718708349626
1021,FlashSAC,Isaac-Repose-Cube-Shadow-Direct-v0,1000,avg_return,45473792.0,9522.71997709752
1022,FlashSAC,Isaac-Repose-Cube-Shadow-Direct-v0,1000,avg_return,50000896.0,9783.27295763836
1023,FlashSAC,Isaac-Repose-Cube-Shadow-Direct-v0,1000,avg_success,0.0,0.0
1024,FlashSAC,Isaac-Repose-Cube-Shadow-Direct-v0,1000,avg_success,5496832.0,0.0
1025,FlashSAC,Isaac-Repose-Cube-Shadow-Direct-v0,1000,avg_success,10493952.0,0.0
1026,FlashSAC,Isaac-Repose-Cube-Shadow-Direct-v0,1000,avg_success,15491072.0,0.0
1027,FlashSAC,Isaac-Repose-Cube-Shadow-Direct-v0,1000,avg_success,20488192.0,0.0
1028,FlashSAC,Isaac-Repose-Cube-Shadow-Direct-v0,1000,avg_success,25485312.0,0.0
1029,FlashSAC,Isaac-Repose-Cube-Shadow-Direct-v0,1000,avg_success,30482432.0,0.0
1030,FlashSAC,Isaac-Repose-Cube-Shadow-Direct-v0,1000,avg_success,35479552.0,0.0
1031,FlashSAC,Isaac-Repose-Cube-Shadow-Direct-v0,1000,avg_success,40476672.0,0.0
1032,FlashSAC,Isaac-Repose-Cube-Shadow-Direct-v0,1000,avg_success,45473792.0,0.0
1033,FlashSAC,Isaac-Repose-Cube-Shadow-Direct-v0,1000,avg_success,50000896.0,0.0
1034,FlashSAC,Isaac-Repose-Cube-Shadow-Direct-v0,2000,avg_return,0.0,-63.470550145833016
1035,FlashSAC,Isaac-Repose-Cube-Shadow-Direct-v0,2000,avg_return,5496832.0,201.77425352501
1036,FlashSAC,Isaac-Repose-Cube-Shadow-Direct-v0,2000,avg_return,10493952.0,257.9857356978147
1037,FlashSAC,Isaac-Repose-Cube-Shadow-Direct-v0,2000,avg_return,15491072.0,424.1280244367858
1038,FlashSAC,Isaac-Repose-Cube-Shadow-Direct-v0,2000,avg_return,20488192.0,2473.9060053426992
1039,FlashSAC,Isaac-Repose-Cube-Shadow-Direct-v0,2000,avg_return,25485312.0,4952.313507719932
1040,FlashSAC,Isaac-Repose-Cube-Shadow-Direct-v0,2000,avg_return,30482432.0,6591.311274607115
1041,FlashSAC,Isaac-Repose-Cube-Shadow-Direct-v0,2000,avg_return,35479552.0,7809.87066275994
1042,FlashSAC,Isaac-Repose-Cube-Shadow-Direct-v0,2000,avg_return,40476672.0,8786.705607713513
1043,FlashSAC,Isaac-Repose-Cube-Shadow-Direct-v0,2000,avg_return,45473792.0,9566.04711972453
1044,FlashSAC,Isaac-Repose-Cube-Shadow-Direct-v0,2000,avg_return,50000896.0,9983.492737505823
1045,FlashSAC,Isaac-Repose-Cube-Shadow-Direct-v0,2000,avg_success,0.0,0.0
1046,FlashSAC,Isaac-Repose-Cube-Shadow-Direct-v0,2000,avg_success,5496832.0,0.0
1047,FlashSAC,Isaac-Repose-Cube-Shadow-Direct-v0,2000,avg_success,10493952.0,0.0
1048,FlashSAC,Isaac-Repose-Cube-Shadow-Direct-v0,2000,avg_success,15491072.0,0.0
1049,FlashSAC,Isaac-Repose-Cube-Shadow-Direct-v0,2000,avg_success,20488192.0,0.0
1050,FlashSAC,Isaac-Repose-Cube-Shadow-Direct-v0,2000,avg_success,25485312.0,0.0
1051,FlashSAC,Isaac-Repose-Cube-Shadow-Direct-v0,2000,avg_success,30482432.0,0.0
1052,FlashSAC,Isaac-Repose-Cube-Shadow-Direct-v0,2000,avg_success,35479552.0,0.0
1053,FlashSAC,Isaac-Repose-Cube-Shadow-Direct-v0,2000,avg_success,40476672.0,0.0
1054,FlashSAC,Isaac-Repose-Cube-Shadow-Direct-v0,2000,avg_success,45473792.0,0.0
1055,FlashSAC,Isaac-Repose-Cube-Shadow-Direct-v0,2000,avg_success,50000896.0,0.0
1056,FlashSAC,Isaac-Repose-Cube-Shadow-Direct-v0,3000,avg_return,0.0,-38.74998322167213
1057,FlashSAC,Isaac-Repose-Cube-Shadow-Direct-v0,3000,avg_return,5496832.0,133.0262414408089
1058,FlashSAC,Isaac-Repose-Cube-Shadow-Direct-v0,3000,avg_return,10493952.0,255.86569366798707
1059,FlashSAC,Isaac-Repose-Cube-Shadow-Direct-v0,3000,avg_return,15491072.0,330.62967247077427
1060,FlashSAC,Isaac-Repose-Cube-Shadow-Direct-v0,3000,avg_return,20488192.0,2099.901398081028
1061,FlashSAC,Isaac-Repose-Cube-Shadow-Direct-v0,3000,avg_return,25485312.0,4736.288269796905
1062,FlashSAC,Isaac-Repose-Cube-Shadow-Direct-v0,3000,avg_return,30482432.0,6478.188407803751
1063,FlashSAC,Isaac-Repose-Cube-Shadow-Direct-v0,3000,avg_return,35479552.0,7774.816105904113
1064,FlashSAC,Isaac-Repose-Cube-Shadow-Direct-v0,3000,avg_return,40476672.0,8589.9030681492
1065,FlashSAC,Isaac-Repose-Cube-Shadow-Direct-v0,3000,avg_return,45473792.0,9370.46592373053
1066,FlashSAC,Isaac-Repose-Cube-Shadow-Direct-v0,3000,avg_return,50000896.0,9928.92010234608
1067,FlashSAC,Isaac-Repose-Cube-Shadow-Direct-v0,3000,avg_success,0.0,0.0
1068,FlashSAC,Isaac-Repose-Cube-Shadow-Direct-v0,3000,avg_success,5496832.0,0.0
1069,FlashSAC,Isaac-Repose-Cube-Shadow-Direct-v0,3000,avg_success,10493952.0,0.0
1070,FlashSAC,Isaac-Repose-Cube-Shadow-Direct-v0,3000,avg_success,15491072.0,0.0
1071,FlashSAC,Isaac-Repose-Cube-Shadow-Direct-v0,3000,avg_success,20488192.0,0.0
1072,FlashSAC,Isaac-Repose-Cube-Shadow-Direct-v0,3000,avg_success,25485312.0,0.0
1073,FlashSAC,Isaac-Repose-Cube-Shadow-Direct-v0,3000,avg_success,30482432.0,0.0
1074,FlashSAC,Isaac-Repose-Cube-Shadow-Direct-v0,3000,avg_success,35479552.0,0.0
1075,FlashSAC,Isaac-Repose-Cube-Shadow-Direct-v0,3000,avg_success,40476672.0,0.0
1076,FlashSAC,Isaac-Repose-Cube-Shadow-Direct-v0,3000,avg_success,45473792.0,0.0
1077,FlashSAC,Isaac-Repose-Cube-Shadow-Direct-v0,3000,avg_success,50000896.0,0.0
1078,FlashSAC,Isaac-Repose-Cube-Shadow-Direct-v0,4000,avg_return,0.0,-25.98367820456469
1079,FlashSAC,Isaac-Repose-Cube-Shadow-Direct-v0,4000,avg_return,5496832.0,184.07678914878167
1080,FlashSAC,Isaac-Repose-Cube-Shadow-Direct-v0,4000,avg_return,10493952.0,245.51515854977495
1081,FlashSAC,Isaac-Repose-Cube-Shadow-Direct-v0,4000,avg_return,15491072.0,439.9976205326985
1082,FlashSAC,Isaac-Repose-Cube-Shadow-Direct-v0,4000,avg_return,20488192.0,2451.7380987117635
1083,FlashSAC,Isaac-Repose-Cube-Shadow-Direct-v0,4000,avg_return,25485312.0,4877.406434203187
1084,FlashSAC,Isaac-Repose-Cube-Shadow-Direct-v0,4000,avg_return,30482432.0,6018.060929158011
1085,FlashSAC,Isaac-Repose-Cube-Shadow-Direct-v0,4000,avg_return,35479552.0,7590.988230078627
1086,FlashSAC,Isaac-Repose-Cube-Shadow-Direct-v0,4000,avg_return,40476672.0,8486.868547423373
1087,FlashSAC,Isaac-Repose-Cube-Shadow-Direct-v0,4000,avg_return,45473792.0,9048.981333728936
1088,FlashSAC,Isaac-Repose-Cube-Shadow-Direct-v0,4000,avg_return,50000896.0,9605.055953099742
1089,FlashSAC,Isaac-Repose-Cube-Shadow-Direct-v0,4000,avg_success,0.0,0.0
1090,FlashSAC,Isaac-Repose-Cube-Shadow-Direct-v0,4000,avg_success,5496832.0,0.0
1091,FlashSAC,Isaac-Repose-Cube-Shadow-Direct-v0,4000,avg_success,10493952.0,0.0
1092,FlashSAC,Isaac-Repose-Cube-Shadow-Direct-v0,4000,avg_success,15491072.0,0.0
1093,FlashSAC,Isaac-Repose-Cube-Shadow-Direct-v0,4000,avg_success,20488192.0,0.0
1094,FlashSAC,Isaac-Repose-Cube-Shadow-Direct-v0,4000,avg_success,25485312.0,0.0
1095,FlashSAC,Isaac-Repose-Cube-Shadow-Direct-v0,4000,avg_success,30482432.0,0.0
1096,FlashSAC,Isaac-Repose-Cube-Shadow-Direct-v0,4000,avg_success,35479552.0,0.0
1097,FlashSAC,Isaac-Repose-Cube-Shadow-Direct-v0,4000,avg_success,40476672.0,0.0
1098,FlashSAC,Isaac-Repose-Cube-Shadow-Direct-v0,4000,avg_success,45473792.0,0.0
1099,FlashSAC,Isaac-Repose-Cube-Shadow-Direct-v0,4000,avg_success,50000896.0,0.0
1100,FlashSAC,Isaac-Velocity-Flat-Anymal-C-v0,0,avg_return,0.0,-15.149671284020318
1101,FlashSAC,Isaac-Velocity-Flat-Anymal-C-v0,0,avg_return,5496832.0,5.880563517316347
1102,FlashSAC,Isaac-Velocity-Flat-Anymal-C-v0,0,avg_return,10493952.0,11.524245853288445
1103,FlashSAC,Isaac-Velocity-Flat-Anymal-C-v0,0,avg_return,15491072.0,23.43620144771986
1104,FlashSAC,Isaac-Velocity-Flat-Anymal-C-v0,0,avg_return,20488192.0,25.09145938524144
1105,FlashSAC,Isaac-Velocity-Flat-Anymal-C-v0,0,avg_return,25485312.0,25.61335894200275
1106,FlashSAC,Isaac-Velocity-Flat-Anymal-C-v0,0,avg_return,30482432.0,26.229288776356245
1107,FlashSAC,Isaac-Velocity-Flat-Anymal-C-v0,0,avg_return,35479552.0,26.23535215304756
1108,FlashSAC,Isaac-Velocity-Flat-Anymal-C-v0,0,avg_return,40476672.0,26.46014085347999
1109,FlashSAC,Isaac-Velocity-Flat-Anymal-C-v0,0,avg_return,45473792.0,26.521995667975744
1110,FlashSAC,Isaac-Velocity-Flat-Anymal-C-v0,0,avg_return,50000896.0,26.590430734925302
1111,FlashSAC,Isaac-Velocity-Flat-Anymal-C-v0,0,avg_success,0.0,0.0
1112,FlashSAC,Isaac-Velocity-Flat-Anymal-C-v0,0,avg_success,5496832.0,0.0
1113,FlashSAC,Isaac-Velocity-Flat-Anymal-C-v0,0,avg_success,10493952.0,0.0
1114,FlashSAC,Isaac-Velocity-Flat-Anymal-C-v0,0,avg_success,15491072.0,0.0
1115,FlashSAC,Isaac-Velocity-Flat-Anymal-C-v0,0,avg_success,20488192.0,0.0
1116,FlashSAC,Isaac-Velocity-Flat-Anymal-C-v0,0,avg_success,25485312.0,0.0
1117,FlashSAC,Isaac-Velocity-Flat-Anymal-C-v0,0,avg_success,30482432.0,0.0
1118,FlashSAC,Isaac-Velocity-Flat-Anymal-C-v0,0,avg_success,35479552.0,0.0
1119,FlashSAC,Isaac-Velocity-Flat-Anymal-C-v0,0,avg_success,40476672.0,0.0
1120,FlashSAC,Isaac-Velocity-Flat-Anymal-C-v0,0,avg_success,45473792.0,0.0
1121,FlashSAC,Isaac-Velocity-Flat-Anymal-C-v0,0,avg_success,50000896.0,0.0
1122,FlashSAC,Isaac-Velocity-Flat-Anymal-C-v0,1000,avg_return,0.0,-12.24149116480672
1123,FlashSAC,Isaac-Velocity-Flat-Anymal-C-v0,1000,avg_return,5496832.0,6.577140837788322
1124,FlashSAC,Isaac-Velocity-Flat-Anymal-C-v0,1000,avg_return,10493952.0,16.788187682582492
1125,FlashSAC,Isaac-Velocity-Flat-Anymal-C-v0,1000,avg_return,15491072.0,24.108306229396295
1126,FlashSAC,Isaac-Velocity-Flat-Anymal-C-v0,1000,avg_return,20488192.0,24.941029998274608
1127,FlashSAC,Isaac-Velocity-Flat-Anymal-C-v0,1000,avg_return,25485312.0,25.95449731355131
1128,FlashSAC,Isaac-Velocity-Flat-Anymal-C-v0,1000,avg_return,30482432.0,26.411877994719607
1129,FlashSAC,Isaac-Velocity-Flat-Anymal-C-v0,1000,avg_return,35479552.0,26.49385529975293
1130,FlashSAC,Isaac-Velocity-Flat-Anymal-C-v0,1000,avg_return,40476672.0,26.57358385427393
1131,FlashSAC,Isaac-Velocity-Flat-Anymal-C-v0,1000,avg_return,45473792.0,26.63379500989649
1132,FlashSAC,Isaac-Velocity-Flat-Anymal-C-v0,1000,avg_return,50000896.0,26.606357049783604
1133,FlashSAC,Isaac-Velocity-Flat-Anymal-C-v0,1000,avg_success,0.0,0.0
1134,FlashSAC,Isaac-Velocity-Flat-Anymal-C-v0,1000,avg_success,5496832.0,0.0
1135,FlashSAC,Isaac-Velocity-Flat-Anymal-C-v0,1000,avg_success,10493952.0,0.0
1136,FlashSAC,Isaac-Velocity-Flat-Anymal-C-v0,1000,avg_success,15491072.0,0.0
1137,FlashSAC,Isaac-Velocity-Flat-Anymal-C-v0,1000,avg_success,20488192.0,0.0
1138,FlashSAC,Isaac-Velocity-Flat-Anymal-C-v0,1000,avg_success,25485312.0,0.0
1139,FlashSAC,Isaac-Velocity-Flat-Anymal-C-v0,1000,avg_success,30482432.0,0.0
1140,FlashSAC,Isaac-Velocity-Flat-Anymal-C-v0,1000,avg_success,35479552.0,0.0
1141,FlashSAC,Isaac-Velocity-Flat-Anymal-C-v0,1000,avg_success,40476672.0,0.0
1142,FlashSAC,Isaac-Velocity-Flat-Anymal-C-v0,1000,avg_success,45473792.0,0.0
1143,FlashSAC,Isaac-Velocity-Flat-Anymal-C-v0,1000,avg_success,50000896.0,0.0
1144,FlashSAC,Isaac-Velocity-Flat-Anymal-C-v0,2000,avg_return,0.0,-35.46248914178687
1145,FlashSAC,Isaac-Velocity-Flat-Anymal-C-v0,2000,avg_return,5496832.0,6.274514373121364
1146,FlashSAC,Isaac-Velocity-Flat-Anymal-C-v0,2000,avg_return,10493952.0,20.843893926666787
1147,FlashSAC,Isaac-Velocity-Flat-Anymal-C-v0,2000,avg_return,15491072.0,24.330060496362343
1148,FlashSAC,Isaac-Velocity-Flat-Anymal-C-v0,2000,avg_return,20488192.0,25.20930601581958
1149,FlashSAC,Isaac-Velocity-Flat-Anymal-C-v0,2000,avg_return,25485312.0,25.667780678684387
1150,FlashSAC,Isaac-Velocity-Flat-Anymal-C-v0,2000,avg_return,30482432.0,26.34810383383622
1151,FlashSAC,Isaac-Velocity-Flat-Anymal-C-v0,2000,avg_return,35479552.0,26.463901704075298
1152,FlashSAC,Isaac-Velocity-Flat-Anymal-C-v0,2000,avg_return,40476672.0,26.5610388047072
1153,FlashSAC,Isaac-Velocity-Flat-Anymal-C-v0,2000,avg_return,45473792.0,26.644335490686142
1154,FlashSAC,Isaac-Velocity-Flat-Anymal-C-v0,2000,avg_return,50000896.0,26.61137005141262
1155,FlashSAC,Isaac-Velocity-Flat-Anymal-C-v0,2000,avg_success,0.0,0.0
1156,FlashSAC,Isaac-Velocity-Flat-Anymal-C-v0,2000,avg_success,5496832.0,0.0
1157,FlashSAC,Isaac-Velocity-Flat-Anymal-C-v0,2000,avg_success,10493952.0,0.0
1158,FlashSAC,Isaac-Velocity-Flat-Anymal-C-v0,2000,avg_success,15491072.0,0.0
1159,FlashSAC,Isaac-Velocity-Flat-Anymal-C-v0,2000,avg_success,20488192.0,0.0
1160,FlashSAC,Isaac-Velocity-Flat-Anymal-C-v0,2000,avg_success,25485312.0,0.0
1161,FlashSAC,Isaac-Velocity-Flat-Anymal-C-v0,2000,avg_success,30482432.0,0.0
1162,FlashSAC,Isaac-Velocity-Flat-Anymal-C-v0,2000,avg_success,35479552.0,0.0
1163,FlashSAC,Isaac-Velocity-Flat-Anymal-C-v0,2000,avg_success,40476672.0,0.0
1164,FlashSAC,Isaac-Velocity-Flat-Anymal-C-v0,2000,avg_success,45473792.0,0.0
1165,FlashSAC,Isaac-Velocity-Flat-Anymal-C-v0,2000,avg_success,50000896.0,0.0
1166,FlashSAC,Isaac-Velocity-Flat-Anymal-C-v0,3000,avg_return,0.0,-18.82974530986396
1167,FlashSAC,Isaac-Velocity-Flat-Anymal-C-v0,3000,avg_return,5496832.0,6.542021335700902
1168,FlashSAC,Isaac-Velocity-Flat-Anymal-C-v0,3000,avg_return,10493952.0,21.156803580541496
1169,FlashSAC,Isaac-Velocity-Flat-Anymal-C-v0,3000,avg_return,15491072.0,24.46811120469968
1170,FlashSAC,Isaac-Velocity-Flat-Anymal-C-v0,3000,avg_return,20488192.0,25.254529505681237
1171,FlashSAC,Isaac-Velocity-Flat-Anymal-C-v0,3000,avg_return,25485312.0,25.88814444236708
1172,FlashSAC,Isaac-Velocity-Flat-Anymal-C-v0,3000,avg_return,30482432.0,26.23534261581498
1173,FlashSAC,Isaac-Velocity-Flat-Anymal-C-v0,3000,avg_return,35479552.0,26.324666354155543
1174,FlashSAC,Isaac-Velocity-Flat-Anymal-C-v0,3000,avg_return,40476672.0,26.43859886849375
1175,FlashSAC,Isaac-Velocity-Flat-Anymal-C-v0,3000,avg_return,45473792.0,26.52258606899416
1176,FlashSAC,Isaac-Velocity-Flat-Anymal-C-v0,3000,avg_return,50000896.0,26.615035388811
1177,FlashSAC,Isaac-Velocity-Flat-Anymal-C-v0,3000,avg_success,0.0,0.0
1178,FlashSAC,Isaac-Velocity-Flat-Anymal-C-v0,3000,avg_success,5496832.0,0.0
1179,FlashSAC,Isaac-Velocity-Flat-Anymal-C-v0,3000,avg_success,10493952.0,0.0
1180,FlashSAC,Isaac-Velocity-Flat-Anymal-C-v0,3000,avg_success,15491072.0,0.0
1181,FlashSAC,Isaac-Velocity-Flat-Anymal-C-v0,3000,avg_success,20488192.0,0.0
1182,FlashSAC,Isaac-Velocity-Flat-Anymal-C-v0,3000,avg_success,25485312.0,0.0
1183,FlashSAC,Isaac-Velocity-Flat-Anymal-C-v0,3000,avg_success,30482432.0,0.0
1184,FlashSAC,Isaac-Velocity-Flat-Anymal-C-v0,3000,avg_success,35479552.0,0.0
1185,FlashSAC,Isaac-Velocity-Flat-Anymal-C-v0,3000,avg_success,40476672.0,0.0
1186,FlashSAC,Isaac-Velocity-Flat-Anymal-C-v0,3000,avg_success,45473792.0,0.0
1187,FlashSAC,Isaac-Velocity-Flat-Anymal-C-v0,3000,avg_success,50000896.0,0.0
1188,FlashSAC,Isaac-Velocity-Flat-Anymal-C-v0,4000,avg_return,0.0,-20.01911411748817
1189,FlashSAC,Isaac-Velocity-Flat-Anymal-C-v0,4000,avg_return,5496832.0,5.808709768352814
1190,FlashSAC,Isaac-Velocity-Flat-Anymal-C-v0,4000,avg_return,10493952.0,15.133426310345351
1191,FlashSAC,Isaac-Velocity-Flat-Anymal-C-v0,4000,avg_return,15491072.0,24.08261879757291
1192,FlashSAC,Isaac-Velocity-Flat-Anymal-C-v0,4000,avg_return,20488192.0,25.19105471545359
1193,FlashSAC,Isaac-Velocity-Flat-Anymal-C-v0,4000,avg_return,25485312.0,25.659030982081465
1194,FlashSAC,Isaac-Velocity-Flat-Anymal-C-v0,4000,avg_return,30482432.0,26.153985848537538
1195,FlashSAC,Isaac-Velocity-Flat-Anymal-C-v0,4000,avg_return,35479552.0,26.367822791468463
1196,FlashSAC,Isaac-Velocity-Flat-Anymal-C-v0,4000,avg_return,40476672.0,26.552432516347743
1197,FlashSAC,Isaac-Velocity-Flat-Anymal-C-v0,4000,avg_return,45473792.0,26.5364277925892
1198,FlashSAC,Isaac-Velocity-Flat-Anymal-C-v0,4000,avg_return,50000896.0,26.59696563653862
1199,FlashSAC,Isaac-Velocity-Flat-Anymal-C-v0,4000,avg_success,0.0,0.0
1200,FlashSAC,Isaac-Velocity-Flat-Anymal-C-v0,4000,avg_success,5496832.0,0.0
1201,FlashSAC,Isaac-Velocity-Flat-Anymal-C-v0,4000,avg_success,10493952.0,0.0
1202,FlashSAC,Isaac-Velocity-Flat-Anymal-C-v0,4000,avg_success,15491072.0,0.0
1203,FlashSAC,Isaac-Velocity-Flat-Anymal-C-v0,4000,avg_success,20488192.0,0.0
1204,FlashSAC,Isaac-Velocity-Flat-Anymal-C-v0,4000,avg_success,25485312.0,0.0
1205,FlashSAC,Isaac-Velocity-Flat-Anymal-C-v0,4000,avg_success,30482432.0,0.0
1206,FlashSAC,Isaac-Velocity-Flat-Anymal-C-v0,4000,avg_success,35479552.0,0.0
1207,FlashSAC,Isaac-Velocity-Flat-Anymal-C-v0,4000,avg_success,40476672.0,0.0
1208,FlashSAC,Isaac-Velocity-Flat-Anymal-C-v0,4000,avg_success,45473792.0,0.0
1209,FlashSAC,Isaac-Velocity-Flat-Anymal-C-v0,4000,avg_success,50000896.0,0.0
1210,FlashSAC,Isaac-Velocity-Flat-Anymal-D-v0,0,avg_return,0.0,-20.325442572848974
1211,FlashSAC,Isaac-Velocity-Flat-Anymal-D-v0,0,avg_return,5496832.0,6.124318380615629
1212,FlashSAC,Isaac-Velocity-Flat-Anymal-D-v0,0,avg_return,10493952.0,11.559883346505025
1213,FlashSAC,Isaac-Velocity-Flat-Anymal-D-v0,0,avg_return,15491072.0,23.466106660103257
1214,FlashSAC,Isaac-Velocity-Flat-Anymal-D-v0,0,avg_return,20488192.0,25.040618217326035
1215,FlashSAC,Isaac-Velocity-Flat-Anymal-D-v0,0,avg_return,25485312.0,25.74781383318184
1216,FlashSAC,Isaac-Velocity-Flat-Anymal-D-v0,0,avg_return,30482432.0,26.15418228888667
1217,FlashSAC,Isaac-Velocity-Flat-Anymal-D-v0,0,avg_return,35479552.0,26.461282400778547
1218,FlashSAC,Isaac-Velocity-Flat-Anymal-D-v0,0,avg_return,40476672.0,26.535572809246453
1219,FlashSAC,Isaac-Velocity-Flat-Anymal-D-v0,0,avg_return,45473792.0,26.625042406386974
1220,FlashSAC,Isaac-Velocity-Flat-Anymal-D-v0,0,avg_return,50000896.0,26.69625943714108
1221,FlashSAC,Isaac-Velocity-Flat-Anymal-D-v0,0,avg_success,0.0,0.0
1222,FlashSAC,Isaac-Velocity-Flat-Anymal-D-v0,0,avg_success,5496832.0,0.0
1223,FlashSAC,Isaac-Velocity-Flat-Anymal-D-v0,0,avg_success,10493952.0,0.0
1224,FlashSAC,Isaac-Velocity-Flat-Anymal-D-v0,0,avg_success,15491072.0,0.0
1225,FlashSAC,Isaac-Velocity-Flat-Anymal-D-v0,0,avg_success,20488192.0,0.0
1226,FlashSAC,Isaac-Velocity-Flat-Anymal-D-v0,0,avg_success,25485312.0,0.0
1227,FlashSAC,Isaac-Velocity-Flat-Anymal-D-v0,0,avg_success,30482432.0,0.0
1228,FlashSAC,Isaac-Velocity-Flat-Anymal-D-v0,0,avg_success,35479552.0,0.0
1229,FlashSAC,Isaac-Velocity-Flat-Anymal-D-v0,0,avg_success,40476672.0,0.0
1230,FlashSAC,Isaac-Velocity-Flat-Anymal-D-v0,0,avg_success,45473792.0,0.0
1231,FlashSAC,Isaac-Velocity-Flat-Anymal-D-v0,0,avg_success,50000896.0,0.0
1232,FlashSAC,Isaac-Velocity-Flat-Anymal-D-v0,1000,avg_return,0.0,-25.205553174334163
1233,FlashSAC,Isaac-Velocity-Flat-Anymal-D-v0,1000,avg_return,5496832.0,6.582582205264497
1234,FlashSAC,Isaac-Velocity-Flat-Anymal-D-v0,1000,avg_return,10493952.0,8.68089349450945
1235,FlashSAC,Isaac-Velocity-Flat-Anymal-D-v0,1000,avg_return,15491072.0,23.855769495124225
1236,FlashSAC,Isaac-Velocity-Flat-Anymal-D-v0,1000,avg_return,20488192.0,24.9440236668397
1237,FlashSAC,Isaac-Velocity-Flat-Anymal-D-v0,1000,avg_return,25485312.0,25.87033357551475
1238,FlashSAC,Isaac-Velocity-Flat-Anymal-D-v0,1000,avg_return,30482432.0,26.138917641474887
1239,FlashSAC,Isaac-Velocity-Flat-Anymal-D-v0,1000,avg_return,35479552.0,26.16277459578257
1240,FlashSAC,Isaac-Velocity-Flat-Anymal-D-v0,1000,avg_return,40476672.0,26.39000245567729
1241,FlashSAC,Isaac-Velocity-Flat-Anymal-D-v0,1000,avg_return,45473792.0,26.525596948329103
1242,FlashSAC,Isaac-Velocity-Flat-Anymal-D-v0,1000,avg_return,50000896.0,26.737104935804908
1243,FlashSAC,Isaac-Velocity-Flat-Anymal-D-v0,1000,avg_success,0.0,0.0
1244,FlashSAC,Isaac-Velocity-Flat-Anymal-D-v0,1000,avg_success,5496832.0,0.0
1245,FlashSAC,Isaac-Velocity-Flat-Anymal-D-v0,1000,avg_success,10493952.0,0.0
1246,FlashSAC,Isaac-Velocity-Flat-Anymal-D-v0,1000,avg_success,15491072.0,0.0
1247,FlashSAC,Isaac-Velocity-Flat-Anymal-D-v0,1000,avg_success,20488192.0,0.0
1248,FlashSAC,Isaac-Velocity-Flat-Anymal-D-v0,1000,avg_success,25485312.0,0.0
1249,FlashSAC,Isaac-Velocity-Flat-Anymal-D-v0,1000,avg_success,30482432.0,0.0
1250,FlashSAC,Isaac-Velocity-Flat-Anymal-D-v0,1000,avg_success,35479552.0,0.0
1251,FlashSAC,Isaac-Velocity-Flat-Anymal-D-v0,1000,avg_success,40476672.0,0.0
1252,FlashSAC,Isaac-Velocity-Flat-Anymal-D-v0,1000,avg_success,45473792.0,0.0
1253,FlashSAC,Isaac-Velocity-Flat-Anymal-D-v0,1000,avg_success,50000896.0,0.0
1254,FlashSAC,Isaac-Velocity-Flat-Anymal-D-v0,2000,avg_return,0.0,-38.07596585583467
1255,FlashSAC,Isaac-Velocity-Flat-Anymal-D-v0,2000,avg_return,5496832.0,6.4659187272252
1256,FlashSAC,Isaac-Velocity-Flat-Anymal-D-v0,2000,avg_return,10493952.0,13.31809698768336
1257,FlashSAC,Isaac-Velocity-Flat-Anymal-D-v0,2000,avg_return,15491072.0,24.27840688673912
1258,FlashSAC,Isaac-Velocity-Flat-Anymal-D-v0,2000,avg_return,20488192.0,25.511803230535456
1259,FlashSAC,Isaac-Velocity-Flat-Anymal-D-v0,2000,avg_return,25485312.0,25.83907734627213
1260,FlashSAC,Isaac-Velocity-Flat-Anymal-D-v0,2000,avg_return,30482432.0,26.4376592955134
1261,FlashSAC,Isaac-Velocity-Flat-Anymal-D-v0,2000,avg_return,35479552.0,26.598184439674974
1262,FlashSAC,Isaac-Velocity-Flat-Anymal-D-v0,2000,avg_return,40476672.0,26.7154442297446
1263,FlashSAC,Isaac-Velocity-Flat-Anymal-D-v0,2000,avg_return,45473792.0,26.646376047767752
1264,FlashSAC,Isaac-Velocity-Flat-Anymal-D-v0,2000,avg_return,50000896.0,26.64333332356424
1265,FlashSAC,Isaac-Velocity-Flat-Anymal-D-v0,2000,avg_success,0.0,0.0
1266,FlashSAC,Isaac-Velocity-Flat-Anymal-D-v0,2000,avg_success,5496832.0,0.0
1267,FlashSAC,Isaac-Velocity-Flat-Anymal-D-v0,2000,avg_success,10493952.0,0.0
1268,FlashSAC,Isaac-Velocity-Flat-Anymal-D-v0,2000,avg_success,15491072.0,0.0
1269,FlashSAC,Isaac-Velocity-Flat-Anymal-D-v0,2000,avg_success,20488192.0,0.0
1270,FlashSAC,Isaac-Velocity-Flat-Anymal-D-v0,2000,avg_success,25485312.0,0.0
1271,FlashSAC,Isaac-Velocity-Flat-Anymal-D-v0,2000,avg_success,30482432.0,0.0
1272,FlashSAC,Isaac-Velocity-Flat-Anymal-D-v0,2000,avg_success,35479552.0,0.0
1273,FlashSAC,Isaac-Velocity-Flat-Anymal-D-v0,2000,avg_success,40476672.0,0.0
1274,FlashSAC,Isaac-Velocity-Flat-Anymal-D-v0,2000,avg_success,45473792.0,0.0
1275,FlashSAC,Isaac-Velocity-Flat-Anymal-D-v0,2000,avg_success,50000896.0,0.0
1276,FlashSAC,Isaac-Velocity-Flat-Anymal-D-v0,3000,avg_return,0.0,-35.096915294066385
1277,FlashSAC,Isaac-Velocity-Flat-Anymal-D-v0,3000,avg_return,5496832.0,6.689998938109586
1278,FlashSAC,Isaac-Velocity-Flat-Anymal-D-v0,3000,avg_return,10493952.0,14.356260307986972
1279,FlashSAC,Isaac-Velocity-Flat-Anymal-D-v0,3000,avg_return,15491072.0,24.373036640721885
1280,FlashSAC,Isaac-Velocity-Flat-Anymal-D-v0,3000,avg_return,20488192.0,25.623851085316485
1281,FlashSAC,Isaac-Velocity-Flat-Anymal-D-v0,3000,avg_return,25485312.0,26.101321252214
1282,FlashSAC,Isaac-Velocity-Flat-Anymal-D-v0,3000,avg_return,30482432.0,26.3962335196198
1283,FlashSAC,Isaac-Velocity-Flat-Anymal-D-v0,3000,avg_return,35479552.0,26.48765047440829
1284,FlashSAC,Isaac-Velocity-Flat-Anymal-D-v0,3000,avg_return,40476672.0,26.639385270191667
1285,FlashSAC,Isaac-Velocity-Flat-Anymal-D-v0,3000,avg_return,45473792.0,26.528965641637257
1286,FlashSAC,Isaac-Velocity-Flat-Anymal-D-v0,3000,avg_return,50000896.0,26.659698765336167
1287,FlashSAC,Isaac-Velocity-Flat-Anymal-D-v0,3000,avg_success,0.0,0.0
1288,FlashSAC,Isaac-Velocity-Flat-Anymal-D-v0,3000,avg_success,5496832.0,0.0
1289,FlashSAC,Isaac-Velocity-Flat-Anymal-D-v0,3000,avg_success,10493952.0,0.0
1290,FlashSAC,Isaac-Velocity-Flat-Anymal-D-v0,3000,avg_success,15491072.0,0.0
1291,FlashSAC,Isaac-Velocity-Flat-Anymal-D-v0,3000,avg_success,20488192.0,0.0
1292,FlashSAC,Isaac-Velocity-Flat-Anymal-D-v0,3000,avg_success,25485312.0,0.0
1293,FlashSAC,Isaac-Velocity-Flat-Anymal-D-v0,3000,avg_success,30482432.0,0.0
1294,FlashSAC,Isaac-Velocity-Flat-Anymal-D-v0,3000,avg_success,35479552.0,0.0
1295,FlashSAC,Isaac-Velocity-Flat-Anymal-D-v0,3000,avg_success,40476672.0,0.0
1296,FlashSAC,Isaac-Velocity-Flat-Anymal-D-v0,3000,avg_success,45473792.0,0.0
1297,FlashSAC,Isaac-Velocity-Flat-Anymal-D-v0,3000,avg_success,50000896.0,0.0
1298,FlashSAC,Isaac-Velocity-Flat-Anymal-D-v0,4000,avg_return,0.0,-23.2024323931229
1299,FlashSAC,Isaac-Velocity-Flat-Anymal-D-v0,4000,avg_return,5496832.0,6.377430288798679
1300,FlashSAC,Isaac-Velocity-Flat-Anymal-D-v0,4000,avg_return,10493952.0,7.579457333281283
1301,FlashSAC,Isaac-Velocity-Flat-Anymal-D-v0,4000,avg_return,15491072.0,23.74823624515701
1302,FlashSAC,Isaac-Velocity-Flat-Anymal-D-v0,4000,avg_return,20488192.0,25.20590148160347
1303,FlashSAC,Isaac-Velocity-Flat-Anymal-D-v0,4000,avg_return,25485312.0,25.781050656370976
1304,FlashSAC,Isaac-Velocity-Flat-Anymal-D-v0,4000,avg_return,30482432.0,26.38067111212752
1305,FlashSAC,Isaac-Velocity-Flat-Anymal-D-v0,4000,avg_return,35479552.0,26.42525448448053
1306,FlashSAC,Isaac-Velocity-Flat-Anymal-D-v0,4000,avg_return,40476672.0,26.41651132364555
1307,FlashSAC,Isaac-Velocity-Flat-Anymal-D-v0,4000,avg_return,45473792.0,26.634462611190944
1308,FlashSAC,Isaac-Velocity-Flat-Anymal-D-v0,4000,avg_return,50000896.0,26.65562890648754
1309,FlashSAC,Isaac-Velocity-Flat-Anymal-D-v0,4000,avg_success,0.0,0.0
1310,FlashSAC,Isaac-Velocity-Flat-Anymal-D-v0,4000,avg_success,5496832.0,0.0
1311,FlashSAC,Isaac-Velocity-Flat-Anymal-D-v0,4000,avg_success,10493952.0,0.0
1312,FlashSAC,Isaac-Velocity-Flat-Anymal-D-v0,4000,avg_success,15491072.0,0.0
1313,FlashSAC,Isaac-Velocity-Flat-Anymal-D-v0,4000,avg_success,20488192.0,0.0
1314,FlashSAC,Isaac-Velocity-Flat-Anymal-D-v0,4000,avg_success,25485312.0,0.0
1315,FlashSAC,Isaac-Velocity-Flat-Anymal-D-v0,4000,avg_success,30482432.0,0.0
1316,FlashSAC,Isaac-Velocity-Flat-Anymal-D-v0,4000,avg_success,35479552.0,0.0
1317,FlashSAC,Isaac-Velocity-Flat-Anymal-D-v0,4000,avg_success,40476672.0,0.0
1318,FlashSAC,Isaac-Velocity-Flat-Anymal-D-v0,4000,avg_success,45473792.0,0.0
1319,FlashSAC,Isaac-Velocity-Flat-Anymal-D-v0,4000,avg_success,50000896.0,0.0
1320,FlashSAC,Isaac-Velocity-Flat-G1-v0,0,avg_return,0.0,-5.052828489844427
1321,FlashSAC,Isaac-Velocity-Flat-G1-v0,0,avg_return,5496832.0,8.377869376731343
1322,FlashSAC,Isaac-Velocity-Flat-G1-v0,0,avg_return,10493952.0,18.89737208533045
1323,FlashSAC,Isaac-Velocity-Flat-G1-v0,0,avg_return,15491072.0,28.08277917827501
1324,FlashSAC,Isaac-Velocity-Flat-G1-v0,0,avg_return,20488192.0,30.91232629705582
1325,FlashSAC,Isaac-Velocity-Flat-G1-v0,0,avg_return,25485312.0,32.16367047251693
1326,FlashSAC,Isaac-Velocity-Flat-G1-v0,0,avg_return,30482432.0,34.67938143291505
1327,FlashSAC,Isaac-Velocity-Flat-G1-v0,0,avg_return,35479552.0,36.12847004520464
1328,FlashSAC,Isaac-Velocity-Flat-G1-v0,0,avg_return,40476672.0,36.28129770301639
1329,FlashSAC,Isaac-Velocity-Flat-G1-v0,0,avg_return,45473792.0,36.79317870564307
1330,FlashSAC,Isaac-Velocity-Flat-G1-v0,0,avg_return,50000896.0,37.2596793791586
1331,FlashSAC,Isaac-Velocity-Flat-G1-v0,0,avg_success,0.0,0.0
1332,FlashSAC,Isaac-Velocity-Flat-G1-v0,0,avg_success,5496832.0,0.0
1333,FlashSAC,Isaac-Velocity-Flat-G1-v0,0,avg_success,10493952.0,0.0
1334,FlashSAC,Isaac-Velocity-Flat-G1-v0,0,avg_success,15491072.0,0.0
1335,FlashSAC,Isaac-Velocity-Flat-G1-v0,0,avg_success,20488192.0,0.0
1336,FlashSAC,Isaac-Velocity-Flat-G1-v0,0,avg_success,25485312.0,0.0
1337,FlashSAC,Isaac-Velocity-Flat-G1-v0,0,avg_success,30482432.0,0.0
1338,FlashSAC,Isaac-Velocity-Flat-G1-v0,0,avg_success,35479552.0,0.0
1339,FlashSAC,Isaac-Velocity-Flat-G1-v0,0,avg_success,40476672.0,0.0
1340,FlashSAC,Isaac-Velocity-Flat-G1-v0,0,avg_success,45473792.0,0.0
1341,FlashSAC,Isaac-Velocity-Flat-G1-v0,0,avg_success,50000896.0,0.0
1342,FlashSAC,Isaac-Velocity-Flat-G1-v0,1000,avg_return,0.0,-5.216682294843188
1343,FlashSAC,Isaac-Velocity-Flat-G1-v0,1000,avg_return,5496832.0,9.544517029233369
1344,FlashSAC,Isaac-Velocity-Flat-G1-v0,1000,avg_return,10493952.0,17.398720411643765
1345,FlashSAC,Isaac-Velocity-Flat-G1-v0,1000,avg_return,15491072.0,28.321840133640656
1346,FlashSAC,Isaac-Velocity-Flat-G1-v0,1000,avg_return,20488192.0,32.95894542159212
1347,FlashSAC,Isaac-Velocity-Flat-G1-v0,1000,avg_return,25485312.0,34.90033236636648
1348,FlashSAC,Isaac-Velocity-Flat-G1-v0,1000,avg_return,30482432.0,34.44595244296492
1349,FlashSAC,Isaac-Velocity-Flat-G1-v0,1000,avg_return,35479552.0,37.06178855871479
1350,FlashSAC,Isaac-Velocity-Flat-G1-v0,1000,avg_return,40476672.0,37.36905995198824
1351,FlashSAC,Isaac-Velocity-Flat-G1-v0,1000,avg_return,45473792.0,37.55165911192934
1352,FlashSAC,Isaac-Velocity-Flat-G1-v0,1000,avg_return,50000896.0,37.70397825249179
1353,FlashSAC,Isaac-Velocity-Flat-G1-v0,1000,avg_success,0.0,0.0
1354,FlashSAC,Isaac-Velocity-Flat-G1-v0,1000,avg_success,5496832.0,0.0
1355,FlashSAC,Isaac-Velocity-Flat-G1-v0,1000,avg_success,10493952.0,0.0
1356,FlashSAC,Isaac-Velocity-Flat-G1-v0,1000,avg_success,15491072.0,0.0
1357,FlashSAC,Isaac-Velocity-Flat-G1-v0,1000,avg_success,20488192.0,0.0
1358,FlashSAC,Isaac-Velocity-Flat-G1-v0,1000,avg_success,25485312.0,0.0
1359,FlashSAC,Isaac-Velocity-Flat-G1-v0,1000,avg_success,30482432.0,0.0
1360,FlashSAC,Isaac-Velocity-Flat-G1-v0,1000,avg_success,35479552.0,0.0
1361,FlashSAC,Isaac-Velocity-Flat-G1-v0,1000,avg_success,40476672.0,0.0
1362,FlashSAC,Isaac-Velocity-Flat-G1-v0,1000,avg_success,45473792.0,0.0
1363,FlashSAC,Isaac-Velocity-Flat-G1-v0,1000,avg_success,50000896.0,0.0
1364,FlashSAC,Isaac-Velocity-Flat-G1-v0,2000,avg_return,0.0,-5.157980482354791
1365,FlashSAC,Isaac-Velocity-Flat-G1-v0,2000,avg_return,5496832.0,9.137656510205025
1366,FlashSAC,Isaac-Velocity-Flat-G1-v0,2000,avg_return,10493952.0,16.055004323659503
1367,FlashSAC,Isaac-Velocity-Flat-G1-v0,2000,avg_return,15491072.0,28.59982737667715
1368,FlashSAC,Isaac-Velocity-Flat-G1-v0,2000,avg_return,20488192.0,31.43897272809681
1369,FlashSAC,Isaac-Velocity-Flat-G1-v0,2000,avg_return,25485312.0,32.751561658907946
1370,FlashSAC,Isaac-Velocity-Flat-G1-v0,2000,avg_return,30482432.0,34.967348888385374
1371,FlashSAC,Isaac-Velocity-Flat-G1-v0,2000,avg_return,35479552.0,36.71867688172993
1372,FlashSAC,Isaac-Velocity-Flat-G1-v0,2000,avg_return,40476672.0,37.42770111891284
1373,FlashSAC,Isaac-Velocity-Flat-G1-v0,2000,avg_return,45473792.0,36.45267831901131
1374,FlashSAC,Isaac-Velocity-Flat-G1-v0,2000,avg_return,50000896.0,37.87099655175932
1375,FlashSAC,Isaac-Velocity-Flat-G1-v0,2000,avg_success,0.0,0.0
1376,FlashSAC,Isaac-Velocity-Flat-G1-v0,2000,avg_success,5496832.0,0.0
1377,FlashSAC,Isaac-Velocity-Flat-G1-v0,2000,avg_success,10493952.0,0.0
1378,FlashSAC,Isaac-Velocity-Flat-G1-v0,2000,avg_success,15491072.0,0.0
1379,FlashSAC,Isaac-Velocity-Flat-G1-v0,2000,avg_success,20488192.0,0.0
1380,FlashSAC,Isaac-Velocity-Flat-G1-v0,2000,avg_success,25485312.0,0.0
1381,FlashSAC,Isaac-Velocity-Flat-G1-v0,2000,avg_success,30482432.0,0.0
1382,FlashSAC,Isaac-Velocity-Flat-G1-v0,2000,avg_success,35479552.0,0.0
1383,FlashSAC,Isaac-Velocity-Flat-G1-v0,2000,avg_success,40476672.0,0.0
1384,FlashSAC,Isaac-Velocity-Flat-G1-v0,2000,avg_success,45473792.0,0.0
1385,FlashSAC,Isaac-Velocity-Flat-G1-v0,2000,avg_success,50000896.0,0.0
1386,FlashSAC,Isaac-Velocity-Flat-G1-v0,3000,avg_return,0.0,-5.660216206656985
1387,FlashSAC,Isaac-Velocity-Flat-G1-v0,3000,avg_return,5496832.0,9.558681177750303
1388,FlashSAC,Isaac-Velocity-Flat-G1-v0,3000,avg_return,10493952.0,20.122093052576577
1389,FlashSAC,Isaac-Velocity-Flat-G1-v0,3000,avg_return,15491072.0,26.955128903225205
1390,FlashSAC,Isaac-Velocity-Flat-G1-v0,3000,avg_return,20488192.0,30.682166751645497
1391,FlashSAC,Isaac-Velocity-Flat-G1-v0,3000,avg_return,25485312.0,30.13283915172314
1392,FlashSAC,Isaac-Velocity-Flat-G1-v0,3000,avg_return,30482432.0,34.44774512522847
1393,FlashSAC,Isaac-Velocity-Flat-G1-v0,3000,avg_return,35479552.0,34.01331041636816
1394,FlashSAC,Isaac-Velocity-Flat-G1-v0,3000,avg_return,40476672.0,35.704938119496504
1395,FlashSAC,Isaac-Velocity-Flat-G1-v0,3000,avg_return,45473792.0,36.23581961614232
1396,FlashSAC,Isaac-Velocity-Flat-G1-v0,3000,avg_return,50000896.0,36.643435663497925
1397,FlashSAC,Isaac-Velocity-Flat-G1-v0,3000,avg_success,0.0,0.0
1398,FlashSAC,Isaac-Velocity-Flat-G1-v0,3000,avg_success,5496832.0,0.0
1399,FlashSAC,Isaac-Velocity-Flat-G1-v0,3000,avg_success,10493952.0,0.0
1400,FlashSAC,Isaac-Velocity-Flat-G1-v0,3000,avg_success,15491072.0,0.0
1401,FlashSAC,Isaac-Velocity-Flat-G1-v0,3000,avg_success,20488192.0,0.0
1402,FlashSAC,Isaac-Velocity-Flat-G1-v0,3000,avg_success,25485312.0,0.0
1403,FlashSAC,Isaac-Velocity-Flat-G1-v0,3000,avg_success,30482432.0,0.0
1404,FlashSAC,Isaac-Velocity-Flat-G1-v0,3000,avg_success,35479552.0,0.0
1405,FlashSAC,Isaac-Velocity-Flat-G1-v0,3000,avg_success,40476672.0,0.0
1406,FlashSAC,Isaac-Velocity-Flat-G1-v0,3000,avg_success,45473792.0,0.0
1407,FlashSAC,Isaac-Velocity-Flat-G1-v0,3000,avg_success,50000896.0,0.0
1408,FlashSAC,Isaac-Velocity-Flat-G1-v0,4000,avg_return,0.0,-5.604358085428164
1409,FlashSAC,Isaac-Velocity-Flat-G1-v0,4000,avg_return,5496832.0,8.634974742365104
1410,FlashSAC,Isaac-Velocity-Flat-G1-v0,4000,avg_return,10493952.0,20.150748442492198
1411,FlashSAC,Isaac-Velocity-Flat-G1-v0,4000,avg_return,15491072.0,29.734532316673416
1412,FlashSAC,Isaac-Velocity-Flat-G1-v0,4000,avg_return,20488192.0,29.61674975269139
1413,FlashSAC,Isaac-Velocity-Flat-G1-v0,4000,avg_return,25485312.0,30.84729231431561
1414,FlashSAC,Isaac-Velocity-Flat-G1-v0,4000,avg_return,30482432.0,34.625744188534014
1415,FlashSAC,Isaac-Velocity-Flat-G1-v0,4000,avg_return,35479552.0,35.794978677770445
1416,FlashSAC,Isaac-Velocity-Flat-G1-v0,4000,avg_return,40476672.0,36.70236476252083
1417,FlashSAC,Isaac-Velocity-Flat-G1-v0,4000,avg_return,45473792.0,36.24363354347488
1418,FlashSAC,Isaac-Velocity-Flat-G1-v0,4000,avg_return,50000896.0,37.28055249858226
1419,FlashSAC,Isaac-Velocity-Flat-G1-v0,4000,avg_success,0.0,0.0
1420,FlashSAC,Isaac-Velocity-Flat-G1-v0,4000,avg_success,5496832.0,0.0
1421,FlashSAC,Isaac-Velocity-Flat-G1-v0,4000,avg_success,10493952.0,0.0
1422,FlashSAC,Isaac-Velocity-Flat-G1-v0,4000,avg_success,15491072.0,0.0
1423,FlashSAC,Isaac-Velocity-Flat-G1-v0,4000,avg_success,20488192.0,0.0
1424,FlashSAC,Isaac-Velocity-Flat-G1-v0,4000,avg_success,25485312.0,0.0
1425,FlashSAC,Isaac-Velocity-Flat-G1-v0,4000,avg_success,30482432.0,0.0
1426,FlashSAC,Isaac-Velocity-Flat-G1-v0,4000,avg_success,35479552.0,0.0
1427,FlashSAC,Isaac-Velocity-Flat-G1-v0,4000,avg_success,40476672.0,0.0
1428,FlashSAC,Isaac-Velocity-Flat-G1-v0,4000,avg_success,45473792.0,0.0
1429,FlashSAC,Isaac-Velocity-Flat-G1-v0,4000,avg_success,50000896.0,0.0
1430,FlashSAC,Isaac-Velocity-Flat-H1-v0,0,avg_return,0.0,-4.971132664612867
1431,FlashSAC,Isaac-Velocity-Flat-H1-v0,0,avg_return,5496832.0,15.18703117183901
1432,FlashSAC,Isaac-Velocity-Flat-H1-v0,0,avg_return,10493952.0,25.38981482591258
1433,FlashSAC,Isaac-Velocity-Flat-H1-v0,0,avg_return,15491072.0,33.75130849283414
1434,FlashSAC,Isaac-Velocity-Flat-H1-v0,0,avg_return,20488192.0,35.75654599880511
1435,FlashSAC,Isaac-Velocity-Flat-H1-v0,0,avg_return,25485312.0,36.8431347167203
1436,FlashSAC,Isaac-Velocity-Flat-H1-v0,0,avg_return,30482432.0,37.269144366511526
1437,FlashSAC,Isaac-Velocity-Flat-H1-v0,0,avg_return,35479552.0,37.8366113222289
1438,FlashSAC,Isaac-Velocity-Flat-H1-v0,0,avg_return,40476672.0,38.35811637162914
1439,FlashSAC,Isaac-Velocity-Flat-H1-v0,0,avg_return,45473792.0,38.43289386514496
1440,FlashSAC,Isaac-Velocity-Flat-H1-v0,0,avg_return,50000896.0,38.57232546777048
1441,FlashSAC,Isaac-Velocity-Flat-H1-v0,0,avg_success,0.0,0.0
1442,FlashSAC,Isaac-Velocity-Flat-H1-v0,0,avg_success,5496832.0,0.0
1443,FlashSAC,Isaac-Velocity-Flat-H1-v0,0,avg_success,10493952.0,0.0
1444,FlashSAC,Isaac-Velocity-Flat-H1-v0,0,avg_success,15491072.0,0.0
1445,FlashSAC,Isaac-Velocity-Flat-H1-v0,0,avg_success,20488192.0,0.0
1446,FlashSAC,Isaac-Velocity-Flat-H1-v0,0,avg_success,25485312.0,0.0
1447,FlashSAC,Isaac-Velocity-Flat-H1-v0,0,avg_success,30482432.0,0.0
1448,FlashSAC,Isaac-Velocity-Flat-H1-v0,0,avg_success,35479552.0,0.0
1449,FlashSAC,Isaac-Velocity-Flat-H1-v0,0,avg_success,40476672.0,0.0
1450,FlashSAC,Isaac-Velocity-Flat-H1-v0,0,avg_success,45473792.0,0.0
1451,FlashSAC,Isaac-Velocity-Flat-H1-v0,0,avg_success,50000896.0,0.0
1452,FlashSAC,Isaac-Velocity-Flat-H1-v0,1000,avg_return,0.0,-5.199343247783597
1453,FlashSAC,Isaac-Velocity-Flat-H1-v0,1000,avg_return,5496832.0,15.546134223060124
1454,FlashSAC,Isaac-Velocity-Flat-H1-v0,1000,avg_return,10493952.0,25.73801021980002
1455,FlashSAC,Isaac-Velocity-Flat-H1-v0,1000,avg_return,15491072.0,32.90275635040133
1456,FlashSAC,Isaac-Velocity-Flat-H1-v0,1000,avg_return,20488192.0,34.93570265888188
1457,FlashSAC,Isaac-Velocity-Flat-H1-v0,1000,avg_return,25485312.0,36.07898792822257
1458,FlashSAC,Isaac-Velocity-Flat-H1-v0,1000,avg_return,30482432.0,37.46062141054424
1459,FlashSAC,Isaac-Velocity-Flat-H1-v0,1000,avg_return,35479552.0,38.575969941237446
1460,FlashSAC,Isaac-Velocity-Flat-H1-v0,1000,avg_return,40476672.0,38.022674606546566
1461,FlashSAC,Isaac-Velocity-Flat-H1-v0,1000,avg_return,45473792.0,38.76866313320818
1462,FlashSAC,Isaac-Velocity-Flat-H1-v0,1000,avg_return,50000896.0,38.99361840647029
1463,FlashSAC,Isaac-Velocity-Flat-H1-v0,1000,avg_success,0.0,0.0
1464,FlashSAC,Isaac-Velocity-Flat-H1-v0,1000,avg_success,5496832.0,0.0
1465,FlashSAC,Isaac-Velocity-Flat-H1-v0,1000,avg_success,10493952.0,0.0
1466,FlashSAC,Isaac-Velocity-Flat-H1-v0,1000,avg_success,15491072.0,0.0
1467,FlashSAC,Isaac-Velocity-Flat-H1-v0,1000,avg_success,20488192.0,0.0
1468,FlashSAC,Isaac-Velocity-Flat-H1-v0,1000,avg_success,25485312.0,0.0
1469,FlashSAC,Isaac-Velocity-Flat-H1-v0,1000,avg_success,30482432.0,0.0
1470,FlashSAC,Isaac-Velocity-Flat-H1-v0,1000,avg_success,35479552.0,0.0
1471,FlashSAC,Isaac-Velocity-Flat-H1-v0,1000,avg_success,40476672.0,0.0
1472,FlashSAC,Isaac-Velocity-Flat-H1-v0,1000,avg_success,45473792.0,0.0
1473,FlashSAC,Isaac-Velocity-Flat-H1-v0,1000,avg_success,50000896.0,0.0
1474,FlashSAC,Isaac-Velocity-Flat-H1-v0,2000,avg_return,0.0,-4.909806229762204
1475,FlashSAC,Isaac-Velocity-Flat-H1-v0,2000,avg_return,5496832.0,14.793393339889208
1476,FlashSAC,Isaac-Velocity-Flat-H1-v0,2000,avg_return,10493952.0,24.83603004765812
1477,FlashSAC,Isaac-Velocity-Flat-H1-v0,2000,avg_return,15491072.0,30.96796356986652
1478,FlashSAC,Isaac-Velocity-Flat-H1-v0,2000,avg_return,20488192.0,32.78389058136351
1479,FlashSAC,Isaac-Velocity-Flat-H1-v0,2000,avg_return,25485312.0,34.0582111141625
1480,FlashSAC,Isaac-Velocity-Flat-H1-v0,2000,avg_return,30482432.0,35.41410471017175
1481,FlashSAC,Isaac-Velocity-Flat-H1-v0,2000,avg_return,35479552.0,36.35042519900583
1482,FlashSAC,Isaac-Velocity-Flat-H1-v0,2000,avg_return,40476672.0,36.76117803148635
1483,FlashSAC,Isaac-Velocity-Flat-H1-v0,2000,avg_return,45473792.0,37.52873654482749
1484,FlashSAC,Isaac-Velocity-Flat-H1-v0,2000,avg_return,50000896.0,38.61078305836941
1485,FlashSAC,Isaac-Velocity-Flat-H1-v0,2000,avg_success,0.0,0.0
1486,FlashSAC,Isaac-Velocity-Flat-H1-v0,2000,avg_success,5496832.0,0.0
1487,FlashSAC,Isaac-Velocity-Flat-H1-v0,2000,avg_success,10493952.0,0.0
1488,FlashSAC,Isaac-Velocity-Flat-H1-v0,2000,avg_success,15491072.0,0.0
1489,FlashSAC,Isaac-Velocity-Flat-H1-v0,2000,avg_success,20488192.0,0.0
1490,FlashSAC,Isaac-Velocity-Flat-H1-v0,2000,avg_success,25485312.0,0.0
1491,FlashSAC,Isaac-Velocity-Flat-H1-v0,2000,avg_success,30482432.0,0.0
1492,FlashSAC,Isaac-Velocity-Flat-H1-v0,2000,avg_success,35479552.0,0.0
1493,FlashSAC,Isaac-Velocity-Flat-H1-v0,2000,avg_success,40476672.0,0.0
1494,FlashSAC,Isaac-Velocity-Flat-H1-v0,2000,avg_success,45473792.0,0.0
1495,FlashSAC,Isaac-Velocity-Flat-H1-v0,2000,avg_success,50000896.0,0.0
1496,FlashSAC,Isaac-Velocity-Flat-H1-v0,3000,avg_return,0.0,-5.023243449834249
1497,FlashSAC,Isaac-Velocity-Flat-H1-v0,3000,avg_return,5496832.0,13.446953398008612
1498,FlashSAC,Isaac-Velocity-Flat-H1-v0,3000,avg_return,10493952.0,27.64984226540146
1499,FlashSAC,Isaac-Velocity-Flat-H1-v0,3000,avg_return,15491072.0,32.73829983085862
1500,FlashSAC,Isaac-Velocity-Flat-H1-v0,3000,avg_return,20488192.0,35.814287868989
1501,FlashSAC,Isaac-Velocity-Flat-H1-v0,3000,avg_return,25485312.0,37.19214517283333
1502,FlashSAC,Isaac-Velocity-Flat-H1-v0,3000,avg_return,30482432.0,38.08383210626454
1503,FlashSAC,Isaac-Velocity-Flat-H1-v0,3000,avg_return,35479552.0,38.321102954069104
1504,FlashSAC,Isaac-Velocity-Flat-H1-v0,3000,avg_return,40476672.0,39.03729876823459
1505,FlashSAC,Isaac-Velocity-Flat-H1-v0,3000,avg_return,45473792.0,39.53737122746311
1506,FlashSAC,Isaac-Velocity-Flat-H1-v0,3000,avg_return,50000896.0,39.17333249600569
1507,FlashSAC,Isaac-Velocity-Flat-H1-v0,3000,avg_success,0.0,0.0
1508,FlashSAC,Isaac-Velocity-Flat-H1-v0,3000,avg_success,5496832.0,0.0
1509,FlashSAC,Isaac-Velocity-Flat-H1-v0,3000,avg_success,10493952.0,0.0
1510,FlashSAC,Isaac-Velocity-Flat-H1-v0,3000,avg_success,15491072.0,0.0
1511,FlashSAC,Isaac-Velocity-Flat-H1-v0,3000,avg_success,20488192.0,0.0
1512,FlashSAC,Isaac-Velocity-Flat-H1-v0,3000,avg_success,25485312.0,0.0
1513,FlashSAC,Isaac-Velocity-Flat-H1-v0,3000,avg_success,30482432.0,0.0
1514,FlashSAC,Isaac-Velocity-Flat-H1-v0,3000,avg_success,35479552.0,0.0
1515,FlashSAC,Isaac-Velocity-Flat-H1-v0,3000,avg_success,40476672.0,0.0
1516,FlashSAC,Isaac-Velocity-Flat-H1-v0,3000,avg_success,45473792.0,0.0
1517,FlashSAC,Isaac-Velocity-Flat-H1-v0,3000,avg_success,50000896.0,0.0
1518,FlashSAC,Isaac-Velocity-Flat-H1-v0,4000,avg_return,0.0,-5.122027330427981
1519,FlashSAC,Isaac-Velocity-Flat-H1-v0,4000,avg_return,5496832.0,14.206391908386578
1520,FlashSAC,Isaac-Velocity-Flat-H1-v0,4000,avg_return,10493952.0,26.597273034362324
1521,FlashSAC,Isaac-Velocity-Flat-H1-v0,4000,avg_return,15491072.0,29.94414335236735
1522,FlashSAC,Isaac-Velocity-Flat-H1-v0,4000,avg_return,20488192.0,32.98430735047675
1523,FlashSAC,Isaac-Velocity-Flat-H1-v0,4000,avg_return,25485312.0,34.45507685006686
1524,FlashSAC,Isaac-Velocity-Flat-H1-v0,4000,avg_return,30482432.0,35.803318889430585
1525,FlashSAC,Isaac-Velocity-Flat-H1-v0,4000,avg_return,35479552.0,37.31981576661299
1526,FlashSAC,Isaac-Velocity-Flat-H1-v0,4000,avg_return,40476672.0,38.34343418771088
1527,FlashSAC,Isaac-Velocity-Flat-H1-v0,4000,avg_return,45473792.0,38.14622832255948
1528,FlashSAC,Isaac-Velocity-Flat-H1-v0,4000,avg_return,50000896.0,38.96650166804518
1529,FlashSAC,Isaac-Velocity-Flat-H1-v0,4000,avg_success,0.0,0.0
1530,FlashSAC,Isaac-Velocity-Flat-H1-v0,4000,avg_success,5496832.0,0.0
1531,FlashSAC,Isaac-Velocity-Flat-H1-v0,4000,avg_success,10493952.0,0.0
1532,FlashSAC,Isaac-Velocity-Flat-H1-v0,4000,avg_success,15491072.0,0.0
1533,FlashSAC,Isaac-Velocity-Flat-H1-v0,4000,avg_success,20488192.0,0.0
1534,FlashSAC,Isaac-Velocity-Flat-H1-v0,4000,avg_success,25485312.0,0.0
1535,FlashSAC,Isaac-Velocity-Flat-H1-v0,4000,avg_success,30482432.0,0.0
1536,FlashSAC,Isaac-Velocity-Flat-H1-v0,4000,avg_success,35479552.0,0.0
1537,FlashSAC,Isaac-Velocity-Flat-H1-v0,4000,avg_success,40476672.0,0.0
1538,FlashSAC,Isaac-Velocity-Flat-H1-v0,4000,avg_success,45473792.0,0.0
1539,FlashSAC,Isaac-Velocity-Flat-H1-v0,4000,avg_success,50000896.0,0.0
1540,FlashSAC,Isaac-Velocity-Rough-Anymal-C-v0,0,avg_return,0.0,-3.075832838652562
1541,FlashSAC,Isaac-Velocity-Rough-Anymal-C-v0,0,avg_return,5496832.0,7.4787490065191875
1542,FlashSAC,Isaac-Velocity-Rough-Anymal-C-v0,0,avg_return,10493952.0,12.575433332855935
1543,FlashSAC,Isaac-Velocity-Rough-Anymal-C-v0,0,avg_return,15491072.0,14.67415192546954
1544,FlashSAC,Isaac-Velocity-Rough-Anymal-C-v0,0,avg_return,20488192.0,15.848715958126274
1545,FlashSAC,Isaac-Velocity-Rough-Anymal-C-v0,0,avg_return,25485312.0,16.933274202618104
1546,FlashSAC,Isaac-Velocity-Rough-Anymal-C-v0,0,avg_return,30482432.0,17.309419601851793
1547,FlashSAC,Isaac-Velocity-Rough-Anymal-C-v0,0,avg_return,35479552.0,16.83402618924997
1548,FlashSAC,Isaac-Velocity-Rough-Anymal-C-v0,0,avg_return,40476672.0,17.61154470571931
1549,FlashSAC,Isaac-Velocity-Rough-Anymal-C-v0,0,avg_return,45473792.0,17.950094160532807
1550,FlashSAC,Isaac-Velocity-Rough-Anymal-C-v0,0,avg_return,50000896.0,17.700541438825972
1551,FlashSAC,Isaac-Velocity-Rough-Anymal-C-v0,0,avg_success,0.0,0.0
1552,FlashSAC,Isaac-Velocity-Rough-Anymal-C-v0,0,avg_success,5496832.0,0.0
1553,FlashSAC,Isaac-Velocity-Rough-Anymal-C-v0,0,avg_success,10493952.0,0.0
1554,FlashSAC,Isaac-Velocity-Rough-Anymal-C-v0,0,avg_success,15491072.0,0.0
1555,FlashSAC,Isaac-Velocity-Rough-Anymal-C-v0,0,avg_success,20488192.0,0.0
1556,FlashSAC,Isaac-Velocity-Rough-Anymal-C-v0,0,avg_success,25485312.0,0.0
1557,FlashSAC,Isaac-Velocity-Rough-Anymal-C-v0,0,avg_success,30482432.0,0.0
1558,FlashSAC,Isaac-Velocity-Rough-Anymal-C-v0,0,avg_success,35479552.0,0.0
1559,FlashSAC,Isaac-Velocity-Rough-Anymal-C-v0,0,avg_success,40476672.0,0.0
1560,FlashSAC,Isaac-Velocity-Rough-Anymal-C-v0,0,avg_success,45473792.0,0.0
1561,FlashSAC,Isaac-Velocity-Rough-Anymal-C-v0,0,avg_success,50000896.0,0.0
1562,FlashSAC,Isaac-Velocity-Rough-Anymal-C-v0,1000,avg_return,0.0,-2.2713436722630966
1563,FlashSAC,Isaac-Velocity-Rough-Anymal-C-v0,1000,avg_return,5496832.0,7.076770986058813
1564,FlashSAC,Isaac-Velocity-Rough-Anymal-C-v0,1000,avg_return,10493952.0,11.634550876060349
1565,FlashSAC,Isaac-Velocity-Rough-Anymal-C-v0,1000,avg_return,15491072.0,12.704808417277553
1566,FlashSAC,Isaac-Velocity-Rough-Anymal-C-v0,1000,avg_return,20488192.0,14.905566440527814
1567,FlashSAC,Isaac-Velocity-Rough-Anymal-C-v0,1000,avg_return,25485312.0,16.12714076991153
1568,FlashSAC,Isaac-Velocity-Rough-Anymal-C-v0,1000,avg_return,30482432.0,15.826057485247292
1569,FlashSAC,Isaac-Velocity-Rough-Anymal-C-v0,1000,avg_return,35479552.0,16.83486935085319
1570,FlashSAC,Isaac-Velocity-Rough-Anymal-C-v0,1000,avg_return,40476672.0,16.76599730675602
1571,FlashSAC,Isaac-Velocity-Rough-Anymal-C-v0,1000,avg_return,45473792.0,16.625422727803937
1572,FlashSAC,Isaac-Velocity-Rough-Anymal-C-v0,1000,avg_return,50000896.0,18.334628631005536
1573,FlashSAC,Isaac-Velocity-Rough-Anymal-C-v0,1000,avg_success,0.0,0.0
1574,FlashSAC,Isaac-Velocity-Rough-Anymal-C-v0,1000,avg_success,5496832.0,0.0
1575,FlashSAC,Isaac-Velocity-Rough-Anymal-C-v0,1000,avg_success,10493952.0,0.0
1576,FlashSAC,Isaac-Velocity-Rough-Anymal-C-v0,1000,avg_success,15491072.0,0.0
1577,FlashSAC,Isaac-Velocity-Rough-Anymal-C-v0,1000,avg_success,20488192.0,0.0
1578,FlashSAC,Isaac-Velocity-Rough-Anymal-C-v0,1000,avg_success,25485312.0,0.0
1579,FlashSAC,Isaac-Velocity-Rough-Anymal-C-v0,1000,avg_success,30482432.0,0.0
1580,FlashSAC,Isaac-Velocity-Rough-Anymal-C-v0,1000,avg_success,35479552.0,0.0
1581,FlashSAC,Isaac-Velocity-Rough-Anymal-C-v0,1000,avg_success,40476672.0,0.0
1582,FlashSAC,Isaac-Velocity-Rough-Anymal-C-v0,1000,avg_success,45473792.0,0.0
1583,FlashSAC,Isaac-Velocity-Rough-Anymal-C-v0,1000,avg_success,50000896.0,0.0
1584,FlashSAC,Isaac-Velocity-Rough-Anymal-C-v0,2000,avg_return,0.0,-3.15797246471568
1585,FlashSAC,Isaac-Velocity-Rough-Anymal-C-v0,2000,avg_return,5496832.0,8.771661288808565
1586,FlashSAC,Isaac-Velocity-Rough-Anymal-C-v0,2000,avg_return,10493952.0,12.961726413674954
1587,FlashSAC,Isaac-Velocity-Rough-Anymal-C-v0,2000,avg_return,15491072.0,15.401187314418474
1588,FlashSAC,Isaac-Velocity-Rough-Anymal-C-v0,2000,avg_return,20488192.0,15.958912683388633
1589,FlashSAC,Isaac-Velocity-Rough-Anymal-C-v0,2000,avg_return,25485312.0,17.38292803060446
1590,FlashSAC,Isaac-Velocity-Rough-Anymal-C-v0,2000,avg_return,30482432.0,17.139978717015374
1591,FlashSAC,Isaac-Velocity-Rough-Anymal-C-v0,2000,avg_return,35479552.0,17.022809966939825
1592,FlashSAC,Isaac-Velocity-Rough-Anymal-C-v0,2000,avg_return,40476672.0,17.244230779664083
1593,FlashSAC,Isaac-Velocity-Rough-Anymal-C-v0,2000,avg_return,45473792.0,18.09113055496336
1594,FlashSAC,Isaac-Velocity-Rough-Anymal-C-v0,2000,avg_return,50000896.0,18.340527962707696
1595,FlashSAC,Isaac-Velocity-Rough-Anymal-C-v0,2000,avg_success,0.0,0.0
1596,FlashSAC,Isaac-Velocity-Rough-Anymal-C-v0,2000,avg_success,5496832.0,0.0
1597,FlashSAC,Isaac-Velocity-Rough-Anymal-C-v0,2000,avg_success,10493952.0,0.0
1598,FlashSAC,Isaac-Velocity-Rough-Anymal-C-v0,2000,avg_success,15491072.0,0.0
1599,FlashSAC,Isaac-Velocity-Rough-Anymal-C-v0,2000,avg_success,20488192.0,0.0
1600,FlashSAC,Isaac-Velocity-Rough-Anymal-C-v0,2000,avg_success,25485312.0,0.0
1601,FlashSAC,Isaac-Velocity-Rough-Anymal-C-v0,2000,avg_success,30482432.0,0.0
1602,FlashSAC,Isaac-Velocity-Rough-Anymal-C-v0,2000,avg_success,35479552.0,0.0
1603,FlashSAC,Isaac-Velocity-Rough-Anymal-C-v0,2000,avg_success,40476672.0,0.0
1604,FlashSAC,Isaac-Velocity-Rough-Anymal-C-v0,2000,avg_success,45473792.0,0.0
1605,FlashSAC,Isaac-Velocity-Rough-Anymal-C-v0,2000,avg_success,50000896.0,0.0
1606,FlashSAC,Isaac-Velocity-Rough-Anymal-C-v0,3000,avg_return,0.0,-2.88373341980817
1607,FlashSAC,Isaac-Velocity-Rough-Anymal-C-v0,3000,avg_return,5496832.0,6.7872446923756105
1608,FlashSAC,Isaac-Velocity-Rough-Anymal-C-v0,3000,avg_return,10493952.0,11.891405923665705
1609,FlashSAC,Isaac-Velocity-Rough-Anymal-C-v0,3000,avg_return,15491072.0,15.044689708020575
1610,FlashSAC,Isaac-Velocity-Rough-Anymal-C-v0,3000,avg_return,20488192.0,15.938491658481128
1611,FlashSAC,Isaac-Velocity-Rough-Anymal-C-v0,3000,avg_return,25485312.0,17.307843170697552
1612,FlashSAC,Isaac-Velocity-Rough-Anymal-C-v0,3000,avg_return,30482432.0,17.098969099413885
1613,FlashSAC,Isaac-Velocity-Rough-Anymal-C-v0,3000,avg_return,35479552.0,17.871267039830542
1614,FlashSAC,Isaac-Velocity-Rough-Anymal-C-v0,3000,avg_return,40476672.0,18.038193719102296
1615,FlashSAC,Isaac-Velocity-Rough-Anymal-C-v0,3000,avg_return,45473792.0,17.07451107374854
1616,FlashSAC,Isaac-Velocity-Rough-Anymal-C-v0,3000,avg_return,50000896.0,18.683954554687936
1617,FlashSAC,Isaac-Velocity-Rough-Anymal-C-v0,3000,avg_success,0.0,0.0
1618,FlashSAC,Isaac-Velocity-Rough-Anymal-C-v0,3000,avg_success,5496832.0,0.0
1619,FlashSAC,Isaac-Velocity-Rough-Anymal-C-v0,3000,avg_success,10493952.0,0.0
1620,FlashSAC,Isaac-Velocity-Rough-Anymal-C-v0,3000,avg_success,15491072.0,0.0
1621,FlashSAC,Isaac-Velocity-Rough-Anymal-C-v0,3000,avg_success,20488192.0,0.0
1622,FlashSAC,Isaac-Velocity-Rough-Anymal-C-v0,3000,avg_success,25485312.0,0.0
1623,FlashSAC,Isaac-Velocity-Rough-Anymal-C-v0,3000,avg_success,30482432.0,0.0
1624,FlashSAC,Isaac-Velocity-Rough-Anymal-C-v0,3000,avg_success,35479552.0,0.0
1625,FlashSAC,Isaac-Velocity-Rough-Anymal-C-v0,3000,avg_success,40476672.0,0.0
1626,FlashSAC,Isaac-Velocity-Rough-Anymal-C-v0,3000,avg_success,45473792.0,0.0
1627,FlashSAC,Isaac-Velocity-Rough-Anymal-C-v0,3000,avg_success,50000896.0,0.0
1628,FlashSAC,Isaac-Velocity-Rough-Anymal-C-v0,4000,avg_return,0.0,-2.513373918451926
1629,FlashSAC,Isaac-Velocity-Rough-Anymal-C-v0,4000,avg_return,5496832.0,6.900542053649647
1630,FlashSAC,Isaac-Velocity-Rough-Anymal-C-v0,4000,avg_return,10493952.0,11.502313566804933
1631,FlashSAC,Isaac-Velocity-Rough-Anymal-C-v0,4000,avg_return,15491072.0,15.356118378450772
1632,FlashSAC,Isaac-Velocity-Rough-Anymal-C-v0,4000,avg_return,20488192.0,15.222322174774783
1633,FlashSAC,Isaac-Velocity-Rough-Anymal-C-v0,4000,avg_return,25485312.0,16.814105353905934
1634,FlashSAC,Isaac-Velocity-Rough-Anymal-C-v0,4000,avg_return,30482432.0,17.046606898649696
1635,FlashSAC,Isaac-Velocity-Rough-Anymal-C-v0,4000,avg_return,35479552.0,17.600861071722022
1636,FlashSAC,Isaac-Velocity-Rough-Anymal-C-v0,4000,avg_return,40476672.0,17.064661513947996
1637,FlashSAC,Isaac-Velocity-Rough-Anymal-C-v0,4000,avg_return,45473792.0,17.318346250041827
1638,FlashSAC,Isaac-Velocity-Rough-Anymal-C-v0,4000,avg_return,50000896.0,18.140649410488365
1639,FlashSAC,Isaac-Velocity-Rough-Anymal-C-v0,4000,avg_success,0.0,0.0
1640,FlashSAC,Isaac-Velocity-Rough-Anymal-C-v0,4000,avg_success,5496832.0,0.0
1641,FlashSAC,Isaac-Velocity-Rough-Anymal-C-v0,4000,avg_success,10493952.0,0.0
1642,FlashSAC,Isaac-Velocity-Rough-Anymal-C-v0,4000,avg_success,15491072.0,0.0
1643,FlashSAC,Isaac-Velocity-Rough-Anymal-C-v0,4000,avg_success,20488192.0,0.0
1644,FlashSAC,Isaac-Velocity-Rough-Anymal-C-v0,4000,avg_success,25485312.0,0.0
1645,FlashSAC,Isaac-Velocity-Rough-Anymal-C-v0,4000,avg_success,30482432.0,0.0
1646,FlashSAC,Isaac-Velocity-Rough-Anymal-C-v0,4000,avg_success,35479552.0,0.0
1647,FlashSAC,Isaac-Velocity-Rough-Anymal-C-v0,4000,avg_success,40476672.0,0.0
1648,FlashSAC,Isaac-Velocity-Rough-Anymal-C-v0,4000,avg_success,45473792.0,0.0
1649,FlashSAC,Isaac-Velocity-Rough-Anymal-C-v0,4000,avg_success,50000896.0,0.0
1650,FlashSAC,Isaac-Velocity-Rough-Anymal-D-v0,0,avg_return,0.0,-6.353929847973486
1651,FlashSAC,Isaac-Velocity-Rough-Anymal-D-v0,0,avg_return,5496832.0,7.646880400108115
1652,FlashSAC,Isaac-Velocity-Rough-Anymal-D-v0,0,avg_return,10493952.0,10.520639146656569
1653,FlashSAC,Isaac-Velocity-Rough-Anymal-D-v0,0,avg_return,15491072.0,15.329532381133296
1654,FlashSAC,Isaac-Velocity-Rough-Anymal-D-v0,0,avg_return,20488192.0,16.781499068794954
1655,FlashSAC,Isaac-Velocity-Rough-Anymal-D-v0,0,avg_return,25485312.0,17.87447792540745
1656,FlashSAC,Isaac-Velocity-Rough-Anymal-D-v0,0,avg_return,30482432.0,18.122747821490083
1657,FlashSAC,Isaac-Velocity-Rough-Anymal-D-v0,0,avg_return,35479552.0,18.174906876935754
1658,FlashSAC,Isaac-Velocity-Rough-Anymal-D-v0,0,avg_return,40476672.0,17.649813488524302
1659,FlashSAC,Isaac-Velocity-Rough-Anymal-D-v0,0,avg_return,45473792.0,18.51868342154576
1660,FlashSAC,Isaac-Velocity-Rough-Anymal-D-v0,0,avg_return,50000896.0,18.68170514426744
1661,FlashSAC,Isaac-Velocity-Rough-Anymal-D-v0,0,avg_success,0.0,0.0
1662,FlashSAC,Isaac-Velocity-Rough-Anymal-D-v0,0,avg_success,5496832.0,0.0
1663,FlashSAC,Isaac-Velocity-Rough-Anymal-D-v0,0,avg_success,10493952.0,0.0
1664,FlashSAC,Isaac-Velocity-Rough-Anymal-D-v0,0,avg_success,15491072.0,0.0
1665,FlashSAC,Isaac-Velocity-Rough-Anymal-D-v0,0,avg_success,20488192.0,0.0
1666,FlashSAC,Isaac-Velocity-Rough-Anymal-D-v0,0,avg_success,25485312.0,0.0
1667,FlashSAC,Isaac-Velocity-Rough-Anymal-D-v0,0,avg_success,30482432.0,0.0
1668,FlashSAC,Isaac-Velocity-Rough-Anymal-D-v0,0,avg_success,35479552.0,0.0
1669,FlashSAC,Isaac-Velocity-Rough-Anymal-D-v0,0,avg_success,40476672.0,0.0
1670,FlashSAC,Isaac-Velocity-Rough-Anymal-D-v0,0,avg_success,45473792.0,0.0
1671,FlashSAC,Isaac-Velocity-Rough-Anymal-D-v0,0,avg_success,50000896.0,0.0
1672,FlashSAC,Isaac-Velocity-Rough-Anymal-D-v0,1000,avg_return,0.0,-7.435640405241935
1673,FlashSAC,Isaac-Velocity-Rough-Anymal-D-v0,1000,avg_return,5496832.0,7.316594634866908
1674,FlashSAC,Isaac-Velocity-Rough-Anymal-D-v0,1000,avg_return,10493952.0,11.48020437571597
1675,FlashSAC,Isaac-Velocity-Rough-Anymal-D-v0,1000,avg_return,15491072.0,15.060169756331304
1676,FlashSAC,Isaac-Velocity-Rough-Anymal-D-v0,1000,avg_return,20488192.0,16.121337527213562
1677,FlashSAC,Isaac-Velocity-Rough-Anymal-D-v0,1000,avg_return,25485312.0,17.202747270377422
1678,FlashSAC,Isaac-Velocity-Rough-Anymal-D-v0,1000,avg_return,30482432.0,17.15884842642373
1679,FlashSAC,Isaac-Velocity-Rough-Anymal-D-v0,1000,avg_return,35479552.0,17.389033446260605
1680,FlashSAC,Isaac-Velocity-Rough-Anymal-D-v0,1000,avg_return,40476672.0,17.265802249062858
1681,FlashSAC,Isaac-Velocity-Rough-Anymal-D-v0,1000,avg_return,45473792.0,18.09892791433311
1682,FlashSAC,Isaac-Velocity-Rough-Anymal-D-v0,1000,avg_return,50000896.0,18.452293835998248
1683,FlashSAC,Isaac-Velocity-Rough-Anymal-D-v0,1000,avg_success,0.0,0.0
1684,FlashSAC,Isaac-Velocity-Rough-Anymal-D-v0,1000,avg_success,5496832.0,0.0
1685,FlashSAC,Isaac-Velocity-Rough-Anymal-D-v0,1000,avg_success,10493952.0,0.0
1686,FlashSAC,Isaac-Velocity-Rough-Anymal-D-v0,1000,avg_success,15491072.0,0.0
1687,FlashSAC,Isaac-Velocity-Rough-Anymal-D-v0,1000,avg_success,20488192.0,0.0
1688,FlashSAC,Isaac-Velocity-Rough-Anymal-D-v0,1000,avg_success,25485312.0,0.0
1689,FlashSAC,Isaac-Velocity-Rough-Anymal-D-v0,1000,avg_success,30482432.0,0.0
1690,FlashSAC,Isaac-Velocity-Rough-Anymal-D-v0,1000,avg_success,35479552.0,0.0
1691,FlashSAC,Isaac-Velocity-Rough-Anymal-D-v0,1000,avg_success,40476672.0,0.0
1692,FlashSAC,Isaac-Velocity-Rough-Anymal-D-v0,1000,avg_success,45473792.0,0.0
1693,FlashSAC,Isaac-Velocity-Rough-Anymal-D-v0,1000,avg_success,50000896.0,0.0
1694,FlashSAC,Isaac-Velocity-Rough-Anymal-D-v0,2000,avg_return,0.0,-35.78270597891682
1695,FlashSAC,Isaac-Velocity-Rough-Anymal-D-v0,2000,avg_return,5496832.0,7.68362148878561
1696,FlashSAC,Isaac-Velocity-Rough-Anymal-D-v0,2000,avg_return,10493952.0,11.689410336832356
1697,FlashSAC,Isaac-Velocity-Rough-Anymal-D-v0,2000,avg_return,15491072.0,15.306033896957803
1698,FlashSAC,Isaac-Velocity-Rough-Anymal-D-v0,2000,avg_return,20488192.0,16.071245063882888
1699,FlashSAC,Isaac-Velocity-Rough-Anymal-D-v0,2000,avg_return,25485312.0,16.771731820508045
1700,FlashSAC,Isaac-Velocity-Rough-Anymal-D-v0,2000,avg_return,30482432.0,17.505001875203057
1701,FlashSAC,Isaac-Velocity-Rough-Anymal-D-v0,2000,avg_return,35479552.0,17.620170240183143
1702,FlashSAC,Isaac-Velocity-Rough-Anymal-D-v0,2000,avg_return,40476672.0,17.702093471236374
1703,FlashSAC,Isaac-Velocity-Rough-Anymal-D-v0,2000,avg_return,45473792.0,18.345546233626948
1704,FlashSAC,Isaac-Velocity-Rough-Anymal-D-v0,2000,avg_return,50000896.0,18.74136141096642
1705,FlashSAC,Isaac-Velocity-Rough-Anymal-D-v0,2000,avg_success,0.0,0.0
1706,FlashSAC,Isaac-Velocity-Rough-Anymal-D-v0,2000,avg_success,5496832.0,0.0
1707,FlashSAC,Isaac-Velocity-Rough-Anymal-D-v0,2000,avg_success,10493952.0,0.0
1708,FlashSAC,Isaac-Velocity-Rough-Anymal-D-v0,2000,avg_success,15491072.0,0.0
1709,FlashSAC,Isaac-Velocity-Rough-Anymal-D-v0,2000,avg_success,20488192.0,0.0
1710,FlashSAC,Isaac-Velocity-Rough-Anymal-D-v0,2000,avg_success,25485312.0,0.0
1711,FlashSAC,Isaac-Velocity-Rough-Anymal-D-v0,2000,avg_success,30482432.0,0.0
1712,FlashSAC,Isaac-Velocity-Rough-Anymal-D-v0,2000,avg_success,35479552.0,0.0
1713,FlashSAC,Isaac-Velocity-Rough-Anymal-D-v0,2000,avg_success,40476672.0,0.0
1714,FlashSAC,Isaac-Velocity-Rough-Anymal-D-v0,2000,avg_success,45473792.0,0.0
1715,FlashSAC,Isaac-Velocity-Rough-Anymal-D-v0,2000,avg_success,50000896.0,0.0
1716,FlashSAC,Isaac-Velocity-Rough-Anymal-D-v0,3000,avg_return,0.0,-25.98202804891197
1717,FlashSAC,Isaac-Velocity-Rough-Anymal-D-v0,3000,avg_return,5496832.0,6.803770247800093
1718,FlashSAC,Isaac-Velocity-Rough-Anymal-D-v0,3000,avg_return,10493952.0,10.80962720320588
1719,FlashSAC,Isaac-Velocity-Rough-Anymal-D-v0,3000,avg_return,15491072.0,13.783381037297378
1720,FlashSAC,Isaac-Velocity-Rough-Anymal-D-v0,3000,avg_return,20488192.0,16.098378335728583
1721,FlashSAC,Isaac-Velocity-Rough-Anymal-D-v0,3000,avg_return,25485312.0,17.378513787435985
1722,FlashSAC,Isaac-Velocity-Rough-Anymal-D-v0,3000,avg_return,30482432.0,18.144146444547196
1723,FlashSAC,Isaac-Velocity-Rough-Anymal-D-v0,3000,avg_return,35479552.0,18.53973374402775
1724,FlashSAC,Isaac-Velocity-Rough-Anymal-D-v0,3000,avg_return,40476672.0,17.91916080142666
1725,FlashSAC,Isaac-Velocity-Rough-Anymal-D-v0,3000,avg_return,45473792.0,18.57720476064885
1726,FlashSAC,Isaac-Velocity-Rough-Anymal-D-v0,3000,avg_return,50000896.0,19.108999332359133
1727,FlashSAC,Isaac-Velocity-Rough-Anymal-D-v0,3000,avg_success,0.0,0.0
1728,FlashSAC,Isaac-Velocity-Rough-Anymal-D-v0,3000,avg_success,5496832.0,0.0
1729,FlashSAC,Isaac-Velocity-Rough-Anymal-D-v0,3000,avg_success,10493952.0,0.0
1730,FlashSAC,Isaac-Velocity-Rough-Anymal-D-v0,3000,avg_success,15491072.0,0.0
1731,FlashSAC,Isaac-Velocity-Rough-Anymal-D-v0,3000,avg_success,20488192.0,0.0
1732,FlashSAC,Isaac-Velocity-Rough-Anymal-D-v0,3000,avg_success,25485312.0,0.0
1733,FlashSAC,Isaac-Velocity-Rough-Anymal-D-v0,3000,avg_success,30482432.0,0.0
1734,FlashSAC,Isaac-Velocity-Rough-Anymal-D-v0,3000,avg_success,35479552.0,0.0
1735,FlashSAC,Isaac-Velocity-Rough-Anymal-D-v0,3000,avg_success,40476672.0,0.0
1736,FlashSAC,Isaac-Velocity-Rough-Anymal-D-v0,3000,avg_success,45473792.0,0.0
1737,FlashSAC,Isaac-Velocity-Rough-Anymal-D-v0,3000,avg_success,50000896.0,0.0
1738,FlashSAC,Isaac-Velocity-Rough-Anymal-D-v0,4000,avg_return,0.0,-28.19896861974588
1739,FlashSAC,Isaac-Velocity-Rough-Anymal-D-v0,4000,avg_return,5496832.0,7.676283266697295
1740,FlashSAC,Isaac-Velocity-Rough-Anymal-D-v0,4000,avg_return,10493952.0,11.349391793018444
1741,FlashSAC,Isaac-Velocity-Rough-Anymal-D-v0,4000,avg_return,15491072.0,15.468916584327104
1742,FlashSAC,Isaac-Velocity-Rough-Anymal-D-v0,4000,avg_return,20488192.0,16.353659902397563
1743,FlashSAC,Isaac-Velocity-Rough-Anymal-D-v0,4000,avg_return,25485312.0,16.909495428911
1744,FlashSAC,Isaac-Velocity-Rough-Anymal-D-v0,4000,avg_return,30482432.0,17.688042001890445
1745,FlashSAC,Isaac-Velocity-Rough-Anymal-D-v0,4000,avg_return,35479552.0,17.851129701755664
1746,FlashSAC,Isaac-Velocity-Rough-Anymal-D-v0,4000,avg_return,40476672.0,18.102121603891845
1747,FlashSAC,Isaac-Velocity-Rough-Anymal-D-v0,4000,avg_return,45473792.0,17.96534422754315
1748,FlashSAC,Isaac-Velocity-Rough-Anymal-D-v0,4000,avg_return,50000896.0,18.646403217505394
1749,FlashSAC,Isaac-Velocity-Rough-Anymal-D-v0,4000,avg_success,0.0,0.0
1750,FlashSAC,Isaac-Velocity-Rough-Anymal-D-v0,4000,avg_success,5496832.0,0.0
1751,FlashSAC,Isaac-Velocity-Rough-Anymal-D-v0,4000,avg_success,10493952.0,0.0
1752,FlashSAC,Isaac-Velocity-Rough-Anymal-D-v0,4000,avg_success,15491072.0,0.0
1753,FlashSAC,Isaac-Velocity-Rough-Anymal-D-v0,4000,avg_success,20488192.0,0.0
1754,FlashSAC,Isaac-Velocity-Rough-Anymal-D-v0,4000,avg_success,25485312.0,0.0
1755,FlashSAC,Isaac-Velocity-Rough-Anymal-D-v0,4000,avg_success,30482432.0,0.0
1756,FlashSAC,Isaac-Velocity-Rough-Anymal-D-v0,4000,avg_success,35479552.0,0.0
1757,FlashSAC,Isaac-Velocity-Rough-Anymal-D-v0,4000,avg_success,40476672.0,0.0
1758,FlashSAC,Isaac-Velocity-Rough-Anymal-D-v0,4000,avg_success,45473792.0,0.0
1759,FlashSAC,Isaac-Velocity-Rough-Anymal-D-v0,4000,avg_success,50000896.0,0.0
1760,FlashSAC,Isaac-Velocity-Rough-G1-v0,0,avg_return,0.0,-4.8365728159481325
1761,FlashSAC,Isaac-Velocity-Rough-G1-v0,0,avg_return,5496832.0,8.02688531230496
1762,FlashSAC,Isaac-Velocity-Rough-G1-v0,0,avg_return,10493952.0,15.504216034022136
1763,FlashSAC,Isaac-Velocity-Rough-G1-v0,0,avg_return,15491072.0,25.212216340530038
1764,FlashSAC,Isaac-Velocity-Rough-G1-v0,0,avg_return,20488192.0,27.28019881382108
1765,FlashSAC,Isaac-Velocity-Rough-G1-v0,0,avg_return,25485312.0,32.31161363495313
1766,FlashSAC,Isaac-Velocity-Rough-G1-v0,0,avg_return,30482432.0,34.19236603205919
1767,FlashSAC,Isaac-Velocity-Rough-G1-v0,0,avg_return,35479552.0,36.42949936891788
1768,FlashSAC,Isaac-Velocity-Rough-G1-v0,0,avg_return,40476672.0,37.27521866179112
1769,FlashSAC,Isaac-Velocity-Rough-G1-v0,0,avg_return,45473792.0,38.45388536165426
1770,FlashSAC,Isaac-Velocity-Rough-G1-v0,0,avg_return,50000896.0,39.87136429507429
1771,FlashSAC,Isaac-Velocity-Rough-G1-v0,0,avg_success,0.0,0.0
1772,FlashSAC,Isaac-Velocity-Rough-G1-v0,0,avg_success,5496832.0,0.0
1773,FlashSAC,Isaac-Velocity-Rough-G1-v0,0,avg_success,10493952.0,0.0
1774,FlashSAC,Isaac-Velocity-Rough-G1-v0,0,avg_success,15491072.0,0.0
1775,FlashSAC,Isaac-Velocity-Rough-G1-v0,0,avg_success,20488192.0,0.0
1776,FlashSAC,Isaac-Velocity-Rough-G1-v0,0,avg_success,25485312.0,0.0
1777,FlashSAC,Isaac-Velocity-Rough-G1-v0,0,avg_success,30482432.0,0.0
1778,FlashSAC,Isaac-Velocity-Rough-G1-v0,0,avg_success,35479552.0,0.0
1779,FlashSAC,Isaac-Velocity-Rough-G1-v0,0,avg_success,40476672.0,0.0
1780,FlashSAC,Isaac-Velocity-Rough-G1-v0,0,avg_success,45473792.0,0.0
1781,FlashSAC,Isaac-Velocity-Rough-G1-v0,0,avg_success,50000896.0,0.0
1782,FlashSAC,Isaac-Velocity-Rough-G1-v0,1000,avg_return,0.0,-4.893297615067805
1783,FlashSAC,Isaac-Velocity-Rough-G1-v0,1000,avg_return,5496832.0,14.010684796233448
1784,FlashSAC,Isaac-Velocity-Rough-G1-v0,1000,avg_return,10493952.0,16.912057881305817
1785,FlashSAC,Isaac-Velocity-Rough-G1-v0,1000,avg_return,15491072.0,25.675253889289102
1786,FlashSAC,Isaac-Velocity-Rough-G1-v0,1000,avg_return,20488192.0,30.371099901459665
1787,FlashSAC,Isaac-Velocity-Rough-G1-v0,1000,avg_return,25485312.0,33.62537343088097
1788,FlashSAC,Isaac-Velocity-Rough-G1-v0,1000,avg_return,30482432.0,36.45134420906183
1789,FlashSAC,Isaac-Velocity-Rough-G1-v0,1000,avg_return,35479552.0,37.38749949766886
1790,FlashSAC,Isaac-Velocity-Rough-G1-v0,1000,avg_return,40476672.0,37.30763085945718
1791,FlashSAC,Isaac-Velocity-Rough-G1-v0,1000,avg_return,45473792.0,40.05241269924696
1792,FlashSAC,Isaac-Velocity-Rough-G1-v0,1000,avg_return,50000896.0,41.630720293736914
1793,FlashSAC,Isaac-Velocity-Rough-G1-v0,1000,avg_success,0.0,0.0
1794,FlashSAC,Isaac-Velocity-Rough-G1-v0,1000,avg_success,5496832.0,0.0
1795,FlashSAC,Isaac-Velocity-Rough-G1-v0,1000,avg_success,10493952.0,0.0
1796,FlashSAC,Isaac-Velocity-Rough-G1-v0,1000,avg_success,15491072.0,0.0
1797,FlashSAC,Isaac-Velocity-Rough-G1-v0,1000,avg_success,20488192.0,0.0
1798,FlashSAC,Isaac-Velocity-Rough-G1-v0,1000,avg_success,25485312.0,0.0
1799,FlashSAC,Isaac-Velocity-Rough-G1-v0,1000,avg_success,30482432.0,0.0
1800,FlashSAC,Isaac-Velocity-Rough-G1-v0,1000,avg_success,35479552.0,0.0
1801,FlashSAC,Isaac-Velocity-Rough-G1-v0,1000,avg_success,40476672.0,0.0
1802,FlashSAC,Isaac-Velocity-Rough-G1-v0,1000,avg_success,45473792.0,0.0
1803,FlashSAC,Isaac-Velocity-Rough-G1-v0,1000,avg_success,50000896.0,0.0
1804,FlashSAC,Isaac-Velocity-Rough-G1-v0,2000,avg_return,0.0,-4.896343152286169
1805,FlashSAC,Isaac-Velocity-Rough-G1-v0,2000,avg_return,5496832.0,13.438703101226672
1806,FlashSAC,Isaac-Velocity-Rough-G1-v0,2000,avg_return,10493952.0,17.699954901373914
1807,FlashSAC,Isaac-Velocity-Rough-G1-v0,2000,avg_return,15491072.0,24.68434190913643
1808,FlashSAC,Isaac-Velocity-Rough-G1-v0,2000,avg_return,20488192.0,31.537908665643585
1809,FlashSAC,Isaac-Velocity-Rough-G1-v0,2000,avg_return,25485312.0,36.45810905943728
1810,FlashSAC,Isaac-Velocity-Rough-G1-v0,2000,avg_return,30482432.0,37.60150870939803
1811,FlashSAC,Isaac-Velocity-Rough-G1-v0,2000,avg_return,35479552.0,38.95572749724843
1812,FlashSAC,Isaac-Velocity-Rough-G1-v0,2000,avg_return,40476672.0,40.690031887996085
1813,FlashSAC,Isaac-Velocity-Rough-G1-v0,2000,avg_return,45473792.0,40.94952602770499
1814,FlashSAC,Isaac-Velocity-Rough-G1-v0,2000,avg_return,50000896.0,42.85632862300109
1815,FlashSAC,Isaac-Velocity-Rough-G1-v0,2000,avg_success,0.0,0.0
1816,FlashSAC,Isaac-Velocity-Rough-G1-v0,2000,avg_success,5496832.0,0.0
1817,FlashSAC,Isaac-Velocity-Rough-G1-v0,2000,avg_success,10493952.0,0.0
1818,FlashSAC,Isaac-Velocity-Rough-G1-v0,2000,avg_success,15491072.0,0.0
1819,FlashSAC,Isaac-Velocity-Rough-G1-v0,2000,avg_success,20488192.0,0.0
1820,FlashSAC,Isaac-Velocity-Rough-G1-v0,2000,avg_success,25485312.0,0.0
1821,FlashSAC,Isaac-Velocity-Rough-G1-v0,2000,avg_success,30482432.0,0.0
1822,FlashSAC,Isaac-Velocity-Rough-G1-v0,2000,avg_success,35479552.0,0.0
1823,FlashSAC,Isaac-Velocity-Rough-G1-v0,2000,avg_success,40476672.0,0.0
1824,FlashSAC,Isaac-Velocity-Rough-G1-v0,2000,avg_success,45473792.0,0.0
1825,FlashSAC,Isaac-Velocity-Rough-G1-v0,2000,avg_success,50000896.0,0.0
1826,FlashSAC,Isaac-Velocity-Rough-G1-v0,3000,avg_return,0.0,-4.823633422548888
1827,FlashSAC,Isaac-Velocity-Rough-G1-v0,3000,avg_return,5496832.0,13.329684294140794
1828,FlashSAC,Isaac-Velocity-Rough-G1-v0,3000,avg_return,10493952.0,19.469038186846884
1829,FlashSAC,Isaac-Velocity-Rough-G1-v0,3000,avg_return,15491072.0,21.291787788630067
1830,FlashSAC,Isaac-Velocity-Rough-G1-v0,3000,avg_return,20488192.0,28.7195481907478
1831,FlashSAC,Isaac-Velocity-Rough-G1-v0,3000,avg_return,25485312.0,32.353005640974686
1832,FlashSAC,Isaac-Velocity-Rough-G1-v0,3000,avg_return,30482432.0,34.118464484141974
1833,FlashSAC,Isaac-Velocity-Rough-G1-v0,3000,avg_return,35479552.0,37.17756915985033
1834,FlashSAC,Isaac-Velocity-Rough-G1-v0,3000,avg_return,40476672.0,37.20235232886698
1835,FlashSAC,Isaac-Velocity-Rough-G1-v0,3000,avg_return,45473792.0,37.14673585727581
1836,FlashSAC,Isaac-Velocity-Rough-G1-v0,3000,avg_return,50000896.0,40.26582481017172
1837,FlashSAC,Isaac-Velocity-Rough-G1-v0,3000,avg_success,0.0,0.0
1838,FlashSAC,Isaac-Velocity-Rough-G1-v0,3000,avg_success,5496832.0,0.0
1839,FlashSAC,Isaac-Velocity-Rough-G1-v0,3000,avg_success,10493952.0,0.0
1840,FlashSAC,Isaac-Velocity-Rough-G1-v0,3000,avg_success,15491072.0,0.0
1841,FlashSAC,Isaac-Velocity-Rough-G1-v0,3000,avg_success,20488192.0,0.0
1842,FlashSAC,Isaac-Velocity-Rough-G1-v0,3000,avg_success,25485312.0,0.0
1843,FlashSAC,Isaac-Velocity-Rough-G1-v0,3000,avg_success,30482432.0,0.0
1844,FlashSAC,Isaac-Velocity-Rough-G1-v0,3000,avg_success,35479552.0,0.0
1845,FlashSAC,Isaac-Velocity-Rough-G1-v0,3000,avg_success,40476672.0,0.0
1846,FlashSAC,Isaac-Velocity-Rough-G1-v0,3000,avg_success,45473792.0,0.0
1847,FlashSAC,Isaac-Velocity-Rough-G1-v0,3000,avg_success,50000896.0,0.0
1848,FlashSAC,Isaac-Velocity-Rough-G1-v0,4000,avg_return,0.0,-4.887271142833953
1849,FlashSAC,Isaac-Velocity-Rough-G1-v0,4000,avg_return,5496832.0,13.616017180210015
1850,FlashSAC,Isaac-Velocity-Rough-G1-v0,4000,avg_return,10493952.0,18.600009562309
1851,FlashSAC,Isaac-Velocity-Rough-G1-v0,4000,avg_return,15491072.0,25.582400936695343
1852,FlashSAC,Isaac-Velocity-Rough-G1-v0,4000,avg_return,20488192.0,29.05305504863974
1853,FlashSAC,Isaac-Velocity-Rough-G1-v0,4000,avg_return,25485312.0,30.21901344625517
1854,FlashSAC,Isaac-Velocity-Rough-G1-v0,4000,avg_return,30482432.0,35.71660040578631
1855,FlashSAC,Isaac-Velocity-Rough-G1-v0,4000,avg_return,35479552.0,37.18074542716851
1856,FlashSAC,Isaac-Velocity-Rough-G1-v0,4000,avg_return,40476672.0,39.34686645302066
1857,FlashSAC,Isaac-Velocity-Rough-G1-v0,4000,avg_return,45473792.0,40.26657486668995
1858,FlashSAC,Isaac-Velocity-Rough-G1-v0,4000,avg_return,50000896.0,41.22766311119129
1859,FlashSAC,Isaac-Velocity-Rough-G1-v0,4000,avg_success,0.0,0.0
1860,FlashSAC,Isaac-Velocity-Rough-G1-v0,4000,avg_success,5496832.0,0.0
1861,FlashSAC,Isaac-Velocity-Rough-G1-v0,4000,avg_success,10493952.0,0.0
1862,FlashSAC,Isaac-Velocity-Rough-G1-v0,4000,avg_success,15491072.0,0.0
1863,FlashSAC,Isaac-Velocity-Rough-G1-v0,4000,avg_success,20488192.0,0.0
1864,FlashSAC,Isaac-Velocity-Rough-G1-v0,4000,avg_success,25485312.0,0.0
1865,FlashSAC,Isaac-Velocity-Rough-G1-v0,4000,avg_success,30482432.0,0.0
1866,FlashSAC,Isaac-Velocity-Rough-G1-v0,4000,avg_success,35479552.0,0.0
1867,FlashSAC,Isaac-Velocity-Rough-G1-v0,4000,avg_success,40476672.0,0.0
1868,FlashSAC,Isaac-Velocity-Rough-G1-v0,4000,avg_success,45473792.0,0.0
1869,FlashSAC,Isaac-Velocity-Rough-G1-v0,4000,avg_success,50000896.0,0.0
1870,FlashSAC,Isaac-Velocity-Rough-H1-v0,0,avg_return,0.0,-5.02902563119123
1871,FlashSAC,Isaac-Velocity-Rough-H1-v0,0,avg_return,5496832.0,7.723783575131959
1872,FlashSAC,Isaac-Velocity-Rough-H1-v0,0,avg_return,10493952.0,12.1992917748214
1873,FlashSAC,Isaac-Velocity-Rough-H1-v0,0,avg_return,15491072.0,15.406971380108978
1874,FlashSAC,Isaac-Velocity-Rough-H1-v0,0,avg_return,20488192.0,21.217056869105136
1875,FlashSAC,Isaac-Velocity-Rough-H1-v0,0,avg_return,25485312.0,25.200636115351056
1876,FlashSAC,Isaac-Velocity-Rough-H1-v0,0,avg_return,30482432.0,25.8670156524062
1877,FlashSAC,Isaac-Velocity-Rough-H1-v0,0,avg_return,35479552.0,27.273865322139763
1878,FlashSAC,Isaac-Velocity-Rough-H1-v0,0,avg_return,40476672.0,26.579201198186126
1879,FlashSAC,Isaac-Velocity-Rough-H1-v0,0,avg_return,45473792.0,27.248347318001123
1880,FlashSAC,Isaac-Velocity-Rough-H1-v0,0,avg_return,50000896.0,27.589847340782526
1881,FlashSAC,Isaac-Velocity-Rough-H1-v0,0,avg_success,0.0,0.0
1882,FlashSAC,Isaac-Velocity-Rough-H1-v0,0,avg_success,5496832.0,0.0
1883,FlashSAC,Isaac-Velocity-Rough-H1-v0,0,avg_success,10493952.0,0.0
1884,FlashSAC,Isaac-Velocity-Rough-H1-v0,0,avg_success,15491072.0,0.0
1885,FlashSAC,Isaac-Velocity-Rough-H1-v0,0,avg_success,20488192.0,0.0
1886,FlashSAC,Isaac-Velocity-Rough-H1-v0,0,avg_success,25485312.0,0.0
1887,FlashSAC,Isaac-Velocity-Rough-H1-v0,0,avg_success,30482432.0,0.0
1888,FlashSAC,Isaac-Velocity-Rough-H1-v0,0,avg_success,35479552.0,0.0
1889,FlashSAC,Isaac-Velocity-Rough-H1-v0,0,avg_success,40476672.0,0.0
1890,FlashSAC,Isaac-Velocity-Rough-H1-v0,0,avg_success,45473792.0,0.0
1891,FlashSAC,Isaac-Velocity-Rough-H1-v0,0,avg_success,50000896.0,0.0
1892,FlashSAC,Isaac-Velocity-Rough-H1-v0,1000,avg_return,0.0,-4.813305989600993
1893,FlashSAC,Isaac-Velocity-Rough-H1-v0,1000,avg_return,5496832.0,7.673163109059664
1894,FlashSAC,Isaac-Velocity-Rough-H1-v0,1000,avg_return,10493952.0,11.291823521384394
1895,FlashSAC,Isaac-Velocity-Rough-H1-v0,1000,avg_return,15491072.0,17.454394034210765
1896,FlashSAC,Isaac-Velocity-Rough-H1-v0,1000,avg_return,20488192.0,19.270530524821098
1897,FlashSAC,Isaac-Velocity-Rough-H1-v0,1000,avg_return,25485312.0,25.51888034916184
1898,FlashSAC,Isaac-Velocity-Rough-H1-v0,1000,avg_return,30482432.0,25.939968252640245
1899,FlashSAC,Isaac-Velocity-Rough-H1-v0,1000,avg_return,35479552.0,25.85628667215657
1900,FlashSAC,Isaac-Velocity-Rough-H1-v0,1000,avg_return,40476672.0,26.09048043665645
1901,FlashSAC,Isaac-Velocity-Rough-H1-v0,1000,avg_return,45473792.0,25.888413929492643
1902,FlashSAC,Isaac-Velocity-Rough-H1-v0,1000,avg_return,50000896.0,28.015038514708728
1903,FlashSAC,Isaac-Velocity-Rough-H1-v0,1000,avg_success,0.0,0.0
1904,FlashSAC,Isaac-Velocity-Rough-H1-v0,1000,avg_success,5496832.0,0.0
1905,FlashSAC,Isaac-Velocity-Rough-H1-v0,1000,avg_success,10493952.0,0.0
1906,FlashSAC,Isaac-Velocity-Rough-H1-v0,1000,avg_success,15491072.0,0.0
1907,FlashSAC,Isaac-Velocity-Rough-H1-v0,1000,avg_success,20488192.0,0.0
1908,FlashSAC,Isaac-Velocity-Rough-H1-v0,1000,avg_success,25485312.0,0.0
1909,FlashSAC,Isaac-Velocity-Rough-H1-v0,1000,avg_success,30482432.0,0.0
1910,FlashSAC,Isaac-Velocity-Rough-H1-v0,1000,avg_success,35479552.0,0.0
1911,FlashSAC,Isaac-Velocity-Rough-H1-v0,1000,avg_success,40476672.0,0.0
1912,FlashSAC,Isaac-Velocity-Rough-H1-v0,1000,avg_success,45473792.0,0.0
1913,FlashSAC,Isaac-Velocity-Rough-H1-v0,1000,avg_success,50000896.0,0.0
1914,FlashSAC,Isaac-Velocity-Rough-H1-v0,2000,avg_return,0.0,-4.893218417569315
1915,FlashSAC,Isaac-Velocity-Rough-H1-v0,2000,avg_return,5496832.0,8.534936649415954
1916,FlashSAC,Isaac-Velocity-Rough-H1-v0,2000,avg_return,10493952.0,12.75003100311379
1917,FlashSAC,Isaac-Velocity-Rough-H1-v0,2000,avg_return,15491072.0,16.21561026734016
1918,FlashSAC,Isaac-Velocity-Rough-H1-v0,2000,avg_return,20488192.0,21.573557981905605
1919,FlashSAC,Isaac-Velocity-Rough-H1-v0,2000,avg_return,25485312.0,24.388681406729592
1920,FlashSAC,Isaac-Velocity-Rough-H1-v0,2000,avg_return,30482432.0,25.070470439978745
1921,FlashSAC,Isaac-Velocity-Rough-H1-v0,2000,avg_return,35479552.0,24.52311243954569
1922,FlashSAC,Isaac-Velocity-Rough-H1-v0,2000,avg_return,40476672.0,26.680933539917987
1923,FlashSAC,Isaac-Velocity-Rough-H1-v0,2000,avg_return,45473792.0,26.7988358431673
1924,FlashSAC,Isaac-Velocity-Rough-H1-v0,2000,avg_return,50000896.0,26.99203683613476
1925,FlashSAC,Isaac-Velocity-Rough-H1-v0,2000,avg_success,0.0,0.0
1926,FlashSAC,Isaac-Velocity-Rough-H1-v0,2000,avg_success,5496832.0,0.0
1927,FlashSAC,Isaac-Velocity-Rough-H1-v0,2000,avg_success,10493952.0,0.0
1928,FlashSAC,Isaac-Velocity-Rough-H1-v0,2000,avg_success,15491072.0,0.0
1929,FlashSAC,Isaac-Velocity-Rough-H1-v0,2000,avg_success,20488192.0,0.0
1930,FlashSAC,Isaac-Velocity-Rough-H1-v0,2000,avg_success,25485312.0,0.0
1931,FlashSAC,Isaac-Velocity-Rough-H1-v0,2000,avg_success,30482432.0,0.0
1932,FlashSAC,Isaac-Velocity-Rough-H1-v0,2000,avg_success,35479552.0,0.0
1933,FlashSAC,Isaac-Velocity-Rough-H1-v0,2000,avg_success,40476672.0,0.0
1934,FlashSAC,Isaac-Velocity-Rough-H1-v0,2000,avg_success,45473792.0,0.0
1935,FlashSAC,Isaac-Velocity-Rough-H1-v0,2000,avg_success,50000896.0,0.0
1936,FlashSAC,Isaac-Velocity-Rough-H1-v0,3000,avg_return,0.0,-5.018116103642427
1937,FlashSAC,Isaac-Velocity-Rough-H1-v0,3000,avg_return,5496832.0,7.427721507250876
1938,FlashSAC,Isaac-Velocity-Rough-H1-v0,3000,avg_return,10493952.0,13.563988248566917
1939,FlashSAC,Isaac-Velocity-Rough-H1-v0,3000,avg_return,15491072.0,18.61841709591559
1940,FlashSAC,Isaac-Velocity-Rough-H1-v0,3000,avg_return,20488192.0,23.43152643736409
1941,FlashSAC,Isaac-Velocity-Rough-H1-v0,3000,avg_return,25485312.0,25.345884988223983
1942,FlashSAC,Isaac-Velocity-Rough-H1-v0,3000,avg_return,30482432.0,25.98529186539909
1943,FlashSAC,Isaac-Velocity-Rough-H1-v0,3000,avg_return,35479552.0,26.411590648980223
1944,FlashSAC,Isaac-Velocity-Rough-H1-v0,3000,avg_return,40476672.0,25.853923234220133
1945,FlashSAC,Isaac-Velocity-Rough-H1-v0,3000,avg_return,45473792.0,27.092289941611845
1946,FlashSAC,Isaac-Velocity-Rough-H1-v0,3000,avg_return,50000896.0,28.2071281465552
1947,FlashSAC,Isaac-Velocity-Rough-H1-v0,3000,avg_success,0.0,0.0
1948,FlashSAC,Isaac-Velocity-Rough-H1-v0,3000,avg_success,5496832.0,0.0
1949,FlashSAC,Isaac-Velocity-Rough-H1-v0,3000,avg_success,10493952.0,0.0
1950,FlashSAC,Isaac-Velocity-Rough-H1-v0,3000,avg_success,15491072.0,0.0
1951,FlashSAC,Isaac-Velocity-Rough-H1-v0,3000,avg_success,20488192.0,0.0
1952,FlashSAC,Isaac-Velocity-Rough-H1-v0,3000,avg_success,25485312.0,0.0
1953,FlashSAC,Isaac-Velocity-Rough-H1-v0,3000,avg_success,30482432.0,0.0
1954,FlashSAC,Isaac-Velocity-Rough-H1-v0,3000,avg_success,35479552.0,0.0
1955,FlashSAC,Isaac-Velocity-Rough-H1-v0,3000,avg_success,40476672.0,0.0
1956,FlashSAC,Isaac-Velocity-Rough-H1-v0,3000,avg_success,45473792.0,0.0
1957,FlashSAC,Isaac-Velocity-Rough-H1-v0,3000,avg_success,50000896.0,0.0
1958,FlashSAC,Isaac-Velocity-Rough-H1-v0,4000,avg_return,0.0,-4.999457121563985
1959,FlashSAC,Isaac-Velocity-Rough-H1-v0,4000,avg_return,5496832.0,8.097835694679304
1960,FlashSAC,Isaac-Velocity-Rough-H1-v0,4000,avg_return,10493952.0,11.402901824719995
1961,FlashSAC,Isaac-Velocity-Rough-H1-v0,4000,avg_return,15491072.0,17.065161780611227
1962,FlashSAC,Isaac-Velocity-Rough-H1-v0,4000,avg_return,20488192.0,21.445004686186827
1963,FlashSAC,Isaac-Velocity-Rough-H1-v0,4000,avg_return,25485312.0,21.6733474130396
1964,FlashSAC,Isaac-Velocity-Rough-H1-v0,4000,avg_return,30482432.0,23.63028549512065
1965,FlashSAC,Isaac-Velocity-Rough-H1-v0,4000,avg_return,35479552.0,26.17050532756244
1966,FlashSAC,Isaac-Velocity-Rough-H1-v0,4000,avg_return,40476672.0,26.343050079105232
1967,FlashSAC,Isaac-Velocity-Rough-H1-v0,4000,avg_return,45473792.0,26.25774846366045
1968,FlashSAC,Isaac-Velocity-Rough-H1-v0,4000,avg_return,50000896.0,27.482979263877816
1969,FlashSAC,Isaac-Velocity-Rough-H1-v0,4000,avg_success,0.0,0.0
1970,FlashSAC,Isaac-Velocity-Rough-H1-v0,4000,avg_success,5496832.0,0.0
1971,FlashSAC,Isaac-Velocity-Rough-H1-v0,4000,avg_success,10493952.0,0.0
1972,FlashSAC,Isaac-Velocity-Rough-H1-v0,4000,avg_success,15491072.0,0.0
1973,FlashSAC,Isaac-Velocity-Rough-H1-v0,4000,avg_success,20488192.0,0.0
1974,FlashSAC,Isaac-Velocity-Rough-H1-v0,4000,avg_success,25485312.0,0.0
1975,FlashSAC,Isaac-Velocity-Rough-H1-v0,4000,avg_success,30482432.0,0.0
1976,FlashSAC,Isaac-Velocity-Rough-H1-v0,4000,avg_success,35479552.0,0.0
1977,FlashSAC,Isaac-Velocity-Rough-H1-v0,4000,avg_success,40476672.0,0.0
1978,FlashSAC,Isaac-Velocity-Rough-H1-v0,4000,avg_success,45473792.0,0.0
1979,FlashSAC,Isaac-Velocity-Rough-H1-v0,4000,avg_success,50000896.0,0.0
1980,FlashSAC,LiftPegUpright-v1,0,avg_return,0.0,9.425138875544071
1981,FlashSAC,LiftPegUpright-v1,0,avg_return,5496832.0,36.66959810137749
1982,FlashSAC,LiftPegUpright-v1,0,avg_return,10493952.0,43.16690508157015
1983,FlashSAC,LiftPegUpright-v1,0,avg_return,15491072.0,43.38475385159254
1984,FlashSAC,LiftPegUpright-v1,0,avg_return,20488192.0,43.78439436346292
1985,FlashSAC,LiftPegUpright-v1,0,avg_return,25485312.0,43.913999090790746
1986,FlashSAC,LiftPegUpright-v1,0,avg_return,30482432.0,44.11429265797138
1987,FlashSAC,LiftPegUpright-v1,0,avg_return,35479552.0,44.09257022738457
1988,FlashSAC,LiftPegUpright-v1,0,avg_return,40476672.0,44.11536661565304
1989,FlashSAC,LiftPegUpright-v1,0,avg_return,45473792.0,44.212233486175535
1990,FlashSAC,LiftPegUpright-v1,0,avg_return,50000896.0,43.82627062708139
1991,FlashSAC,LiftPegUpright-v1,0,avg_success,0.0,0.0
1992,FlashSAC,LiftPegUpright-v1,0,avg_success,5496832.0,0.76
1993,FlashSAC,LiftPegUpright-v1,0,avg_success,10493952.0,1.0
1994,FlashSAC,LiftPegUpright-v1,0,avg_success,15491072.0,1.0
1995,FlashSAC,LiftPegUpright-v1,0,avg_success,20488192.0,1.0
1996,FlashSAC,LiftPegUpright-v1,0,avg_success,25485312.0,1.0
1997,FlashSAC,LiftPegUpright-v1,0,avg_success,30482432.0,1.0
1998,FlashSAC,LiftPegUpright-v1,0,avg_success,35479552.0,1.0
1999,FlashSAC,LiftPegUpright-v1,0,avg_success,40476672.0,1.0
2000,FlashSAC,LiftPegUpright-v1,0,avg_success,45473792.0,1.0
2001,FlashSAC,LiftPegUpright-v1,0,avg_success,50000896.0,1.0
2002,FlashSAC,LiftPegUpright-v1,1000,avg_return,0.0,9.486179333627224
2003,FlashSAC,LiftPegUpright-v1,1000,avg_return,5496832.0,30.7508523568511
2004,FlashSAC,LiftPegUpright-v1,1000,avg_return,10493952.0,43.18706472784281
2005,FlashSAC,LiftPegUpright-v1,1000,avg_return,15491072.0,43.39079361617565
2006,FlashSAC,LiftPegUpright-v1,1000,avg_return,20488192.0,43.71573785334826
2007,FlashSAC,LiftPegUpright-v1,1000,avg_return,25485312.0,43.96345918476582
2008,FlashSAC,LiftPegUpright-v1,1000,avg_return,30482432.0,44.04545065015554
2009,FlashSAC,LiftPegUpright-v1,1000,avg_return,35479552.0,43.45603263616562
2010,FlashSAC,LiftPegUpright-v1,1000,avg_return,40476672.0,43.70807714641094
2011,FlashSAC,LiftPegUpright-v1,1000,avg_return,45473792.0,44.29341513007879
2012,FlashSAC,LiftPegUpright-v1,1000,avg_return,50000896.0,44.10237115308642
2013,FlashSAC,LiftPegUpright-v1,1000,avg_success,0.0,0.0
2014,FlashSAC,LiftPegUpright-v1,1000,avg_success,5496832.0,0.0
2015,FlashSAC,LiftPegUpright-v1,1000,avg_success,10493952.0,1.0
2016,FlashSAC,LiftPegUpright-v1,1000,avg_success,15491072.0,1.0
2017,FlashSAC,LiftPegUpright-v1,1000,avg_success,20488192.0,1.0
2018,FlashSAC,LiftPegUpright-v1,1000,avg_success,25485312.0,1.0
2019,FlashSAC,LiftPegUpright-v1,1000,avg_success,30482432.0,1.0
2020,FlashSAC,LiftPegUpright-v1,1000,avg_success,35479552.0,1.0
2021,FlashSAC,LiftPegUpright-v1,1000,avg_success,40476672.0,1.0
2022,FlashSAC,LiftPegUpright-v1,1000,avg_success,45473792.0,1.0
2023,FlashSAC,LiftPegUpright-v1,1000,avg_success,50000896.0,1.0
2024,FlashSAC,LiftPegUpright-v1,2000,avg_return,0.0,9.686241294145583
2025,FlashSAC,LiftPegUpright-v1,2000,avg_return,5496832.0,28.772642472088336
2026,FlashSAC,LiftPegUpright-v1,2000,avg_return,10493952.0,43.01213576972484
2027,FlashSAC,LiftPegUpright-v1,2000,avg_return,15491072.0,43.50818235933781
2028,FlashSAC,LiftPegUpright-v1,2000,avg_return,20488192.0,43.69253012984992
2029,FlashSAC,LiftPegUpright-v1,2000,avg_return,25485312.0,43.380919967591765
2030,FlashSAC,LiftPegUpright-v1,2000,avg_return,30482432.0,43.54878967791796
2031,FlashSAC,LiftPegUpright-v1,2000,avg_return,35479552.0,44.19090716898441
2032,FlashSAC,LiftPegUpright-v1,2000,avg_return,40476672.0,44.16018208295107
2033,FlashSAC,LiftPegUpright-v1,2000,avg_return,45473792.0,44.20552607625723
2034,FlashSAC,LiftPegUpright-v1,2000,avg_return,50000896.0,44.125330216735605
2035,FlashSAC,LiftPegUpright-v1,2000,avg_success,0.0,0.02
2036,FlashSAC,LiftPegUpright-v1,2000,avg_success,5496832.0,0.0
2037,FlashSAC,LiftPegUpright-v1,2000,avg_success,10493952.0,1.0
2038,FlashSAC,LiftPegUpright-v1,2000,avg_success,15491072.0,1.0
2039,FlashSAC,LiftPegUpright-v1,2000,avg_success,20488192.0,1.0
2040,FlashSAC,LiftPegUpright-v1,2000,avg_success,25485312.0,1.0
2041,FlashSAC,LiftPegUpright-v1,2000,avg_success,30482432.0,1.0
2042,FlashSAC,LiftPegUpright-v1,2000,avg_success,35479552.0,1.0
2043,FlashSAC,LiftPegUpright-v1,2000,avg_success,40476672.0,1.0
2044,FlashSAC,LiftPegUpright-v1,2000,avg_success,45473792.0,1.0
2045,FlashSAC,LiftPegUpright-v1,2000,avg_success,50000896.0,1.0
2046,FlashSAC,LiftPegUpright-v1,3000,avg_return,0.0,10.318494721353057
2047,FlashSAC,LiftPegUpright-v1,3000,avg_return,5496832.0,30.42273755520582
2048,FlashSAC,LiftPegUpright-v1,3000,avg_return,10493952.0,43.063831053078175
2049,FlashSAC,LiftPegUpright-v1,3000,avg_return,15491072.0,40.95020436614752
2050,FlashSAC,LiftPegUpright-v1,3000,avg_return,20488192.0,43.57245145082474
2051,FlashSAC,LiftPegUpright-v1,3000,avg_return,25485312.0,43.87818119376898
2052,FlashSAC,LiftPegUpright-v1,3000,avg_return,30482432.0,43.92924276351928
2053,FlashSAC,LiftPegUpright-v1,3000,avg_return,35479552.0,44.13107420742512
2054,FlashSAC,LiftPegUpright-v1,3000,avg_return,40476672.0,44.23237324774265
2055,FlashSAC,LiftPegUpright-v1,3000,avg_return,45473792.0,44.15780779600144
2056,FlashSAC,LiftPegUpright-v1,3000,avg_return,50000896.0,43.92266902595758
2057,FlashSAC,LiftPegUpright-v1,3000,avg_success,0.0,0.0
2058,FlashSAC,LiftPegUpright-v1,3000,avg_success,5496832.0,0.0
2059,FlashSAC,LiftPegUpright-v1,3000,avg_success,10493952.0,1.0
2060,FlashSAC,LiftPegUpright-v1,3000,avg_success,15491072.0,0.98
2061,FlashSAC,LiftPegUpright-v1,3000,avg_success,20488192.0,1.0
2062,FlashSAC,LiftPegUpright-v1,3000,avg_success,25485312.0,1.0
2063,FlashSAC,LiftPegUpright-v1,3000,avg_success,30482432.0,1.0
2064,FlashSAC,LiftPegUpright-v1,3000,avg_success,35479552.0,1.0
2065,FlashSAC,LiftPegUpright-v1,3000,avg_success,40476672.0,1.0
2066,FlashSAC,LiftPegUpright-v1,3000,avg_success,45473792.0,1.0
2067,FlashSAC,LiftPegUpright-v1,3000,avg_success,50000896.0,0.99
2068,FlashSAC,LiftPegUpright-v1,4000,avg_return,0.0,9.3806838619709
2069,FlashSAC,LiftPegUpright-v1,4000,avg_return,5496832.0,41.31727549642324
2070,FlashSAC,LiftPegUpright-v1,4000,avg_return,10493952.0,43.25201422154903
2071,FlashSAC,LiftPegUpright-v1,4000,avg_return,15491072.0,42.7631788828969
2072,FlashSAC,LiftPegUpright-v1,4000,avg_return,20488192.0,43.61634750008583
2073,FlashSAC,LiftPegUpright-v1,4000,avg_return,25485312.0,44.04994746476412
2074,FlashSAC,LiftPegUpright-v1,4000,avg_return,30482432.0,44.19742675125599
2075,FlashSAC,LiftPegUpright-v1,4000,avg_return,35479552.0,44.12124004453421
2076,FlashSAC,LiftPegUpright-v1,4000,avg_return,40476672.0,44.025134848356245
2077,FlashSAC,LiftPegUpright-v1,4000,avg_return,45473792.0,44.40972273498774
2078,FlashSAC,LiftPegUpright-v1,4000,avg_return,50000896.0,43.92964808553457
2079,FlashSAC,LiftPegUpright-v1,4000,avg_success,0.0,0.0
2080,FlashSAC,LiftPegUpright-v1,4000,avg_success,5496832.0,1.0
2081,FlashSAC,LiftPegUpright-v1,4000,avg_success,10493952.0,1.0
2082,FlashSAC,LiftPegUpright-v1,4000,avg_success,15491072.0,1.0
2083,FlashSAC,LiftPegUpright-v1,4000,avg_success,20488192.0,1.0
2084,FlashSAC,LiftPegUpright-v1,4000,avg_success,25485312.0,1.0
2085,FlashSAC,LiftPegUpright-v1,4000,avg_success,30482432.0,1.0
2086,FlashSAC,LiftPegUpright-v1,4000,avg_success,35479552.0,1.0
2087,FlashSAC,LiftPegUpright-v1,4000,avg_success,40476672.0,1.0
2088,FlashSAC,LiftPegUpright-v1,4000,avg_success,45473792.0,1.0
2089,FlashSAC,LiftPegUpright-v1,4000,avg_success,50000896.0,1.0
2090,FlashSAC,Mjlab-Lift-Cube-Yam,1,avg_return,0.0,-0.2727
2091,FlashSAC,Mjlab-Lift-Cube-Yam,1,avg_return,2499584.0,17.7533
2092,FlashSAC,Mjlab-Lift-Cube-Yam,1,avg_return,4999168.0,19.0309
2093,FlashSAC,Mjlab-Lift-Cube-Yam,1,avg_return,7498752.0,20.738
2094,FlashSAC,Mjlab-Lift-Cube-Yam,1,avg_return,9998336.0,21.1533
2095,FlashSAC,Mjlab-Lift-Cube-Yam,1,avg_return,12497920.0,21.5363
2096,FlashSAC,Mjlab-Lift-Cube-Yam,1,avg_return,14997504.0,20.9932
2097,FlashSAC,Mjlab-Lift-Cube-Yam,1,avg_return,17497088.0,21.1453
2098,FlashSAC,Mjlab-Lift-Cube-Yam,1,avg_return,19996672.0,20.9562
2099,FlashSAC,Mjlab-Lift-Cube-Yam,1,avg_return,22496256.0,20.7742
2100,FlashSAC,Mjlab-Lift-Cube-Yam,1,avg_return,24995840.0,20.9631
2101,FlashSAC,Mjlab-Lift-Cube-Yam,1,avg_return,27495424.0,20.4455
2102,FlashSAC,Mjlab-Lift-Cube-Yam,1,avg_return,29995008.0,20.8953
2103,FlashSAC,Mjlab-Lift-Cube-Yam,1,avg_return,32494592.0,20.438
2104,FlashSAC,Mjlab-Lift-Cube-Yam,1,avg_return,34994176.0,19.8621
2105,FlashSAC,Mjlab-Lift-Cube-Yam,1,avg_return,37493760.0,20.5564
2106,FlashSAC,Mjlab-Lift-Cube-Yam,1,avg_return,39993344.0,19.8035
2107,FlashSAC,Mjlab-Lift-Cube-Yam,1,avg_return,42492928.0,20.7895
2108,FlashSAC,Mjlab-Lift-Cube-Yam,1,avg_return,44992512.0,20.3521
2109,FlashSAC,Mjlab-Lift-Cube-Yam,1,avg_return,47492096.0,20.0407
2110,FlashSAC,Mjlab-Lift-Cube-Yam,1,avg_return,49991680.0,20.2749
2111,FlashSAC,Mjlab-Lift-Cube-Yam,1,avg_return,50000896.0,20.6311
2112,FlashSAC,Mjlab-Lift-Cube-Yam,1,avg_success,0.0,0.0
2113,FlashSAC,Mjlab-Lift-Cube-Yam,1,avg_success,2499584.0,0.0
2114,FlashSAC,Mjlab-Lift-Cube-Yam,1,avg_success,4999168.0,0.0
2115,FlashSAC,Mjlab-Lift-Cube-Yam,1,avg_success,7498752.0,0.0
2116,FlashSAC,Mjlab-Lift-Cube-Yam,1,avg_success,9998336.0,0.0
2117,FlashSAC,Mjlab-Lift-Cube-Yam,1,avg_success,12497920.0,0.0
2118,FlashSAC,Mjlab-Lift-Cube-Yam,1,avg_success,14997504.0,0.0
2119,FlashSAC,Mjlab-Lift-Cube-Yam,1,avg_success,17497088.0,0.0
2120,FlashSAC,Mjlab-Lift-Cube-Yam,1,avg_success,19996672.0,0.0
2121,FlashSAC,Mjlab-Lift-Cube-Yam,1,avg_success,22496256.0,0.0
2122,FlashSAC,Mjlab-Lift-Cube-Yam,1,avg_success,24995840.0,0.0
2123,FlashSAC,Mjlab-Lift-Cube-Yam,1,avg_success,27495424.0,0.0
2124,FlashSAC,Mjlab-Lift-Cube-Yam,1,avg_success,29995008.0,0.0
2125,FlashSAC,Mjlab-Lift-Cube-Yam,1,avg_success,32494592.0,0.0
2126,FlashSAC,Mjlab-Lift-Cube-Yam,1,avg_success,34994176.0,0.0
2127,FlashSAC,Mjlab-Lift-Cube-Yam,1,avg_success,37493760.0,0.0
2128,FlashSAC,Mjlab-Lift-Cube-Yam,1,avg_success,39993344.0,0.0
2129,FlashSAC,Mjlab-Lift-Cube-Yam,1,avg_success,42492928.0,0.0
2130,FlashSAC,Mjlab-Lift-Cube-Yam,1,avg_success,44992512.0,0.0
2131,FlashSAC,Mjlab-Lift-Cube-Yam,1,avg_success,47492096.0,0.0
2132,FlashSAC,Mjlab-Lift-Cube-Yam,1,avg_success,49991680.0,0.0
2133,FlashSAC,Mjlab-Lift-Cube-Yam,1,avg_success,50000896.0,0.0
2134,FlashSAC,Mjlab-Lift-Cube-Yam,2,avg_return,0.0,-26.7696
2135,FlashSAC,Mjlab-Lift-Cube-Yam,2,avg_return,2499584.0,17.5275
2136,FlashSAC,Mjlab-Lift-Cube-Yam,2,avg_return,4999168.0,19.2519
2137,FlashSAC,Mjlab-Lift-Cube-Yam,2,avg_return,7498752.0,20.9197
2138,FlashSAC,Mjlab-Lift-Cube-Yam,2,avg_return,9998336.0,21.4354
2139,FlashSAC,Mjlab-Lift-Cube-Yam,2,avg_return,12497920.0,21.1335
2140,FlashSAC,Mjlab-Lift-Cube-Yam,2,avg_return,14997504.0,21.8971
2141,FlashSAC,Mjlab-Lift-Cube-Yam,2,avg_return,17497088.0,21.0216
2142,FlashSAC,Mjlab-Lift-Cube-Yam,2,avg_return,19996672.0,20.3443
2143,FlashSAC,Mjlab-Lift-Cube-Yam,2,avg_return,22496256.0,21.4562
2144,FlashSAC,Mjlab-Lift-Cube-Yam,2,avg_return,24995840.0,20.8239
2145,FlashSAC,Mjlab-Lift-Cube-Yam,2,avg_return,27495424.0,20.7713
2146,FlashSAC,Mjlab-Lift-Cube-Yam,2,avg_return,29995008.0,20.7358
2147,FlashSAC,Mjlab-Lift-Cube-Yam,2,avg_return,32494592.0,19.6886
2148,FlashSAC,Mjlab-Lift-Cube-Yam,2,avg_return,34994176.0,19.7602
2149,FlashSAC,Mjlab-Lift-Cube-Yam,2,avg_return,37493760.0,19.8206
2150,FlashSAC,Mjlab-Lift-Cube-Yam,2,avg_return,39993344.0,20.2097
2151,FlashSAC,Mjlab-Lift-Cube-Yam,2,avg_return,42492928.0,20.2657
2152,FlashSAC,Mjlab-Lift-Cube-Yam,2,avg_return,44992512.0,20.8367
2153,FlashSAC,Mjlab-Lift-Cube-Yam,2,avg_return,47492096.0,20.1684
2154,FlashSAC,Mjlab-Lift-Cube-Yam,2,avg_return,49991680.0,19.6818
2155,FlashSAC,Mjlab-Lift-Cube-Yam,2,avg_return,50000896.0,19.6395
2156,FlashSAC,Mjlab-Lift-Cube-Yam,2,avg_success,0.0,0.0
2157,FlashSAC,Mjlab-Lift-Cube-Yam,2,avg_success,2499584.0,0.0
2158,FlashSAC,Mjlab-Lift-Cube-Yam,2,avg_success,4999168.0,0.0
2159,FlashSAC,Mjlab-Lift-Cube-Yam,2,avg_success,7498752.0,0.0
2160,FlashSAC,Mjlab-Lift-Cube-Yam,2,avg_success,9998336.0,0.0
2161,FlashSAC,Mjlab-Lift-Cube-Yam,2,avg_success,12497920.0,0.0
2162,FlashSAC,Mjlab-Lift-Cube-Yam,2,avg_success,14997504.0,0.0
2163,FlashSAC,Mjlab-Lift-Cube-Yam,2,avg_success,17497088.0,0.0
2164,FlashSAC,Mjlab-Lift-Cube-Yam,2,avg_success,19996672.0,0.0
2165,FlashSAC,Mjlab-Lift-Cube-Yam,2,avg_success,22496256.0,0.0
2166,FlashSAC,Mjlab-Lift-Cube-Yam,2,avg_success,24995840.0,0.0
2167,FlashSAC,Mjlab-Lift-Cube-Yam,2,avg_success,27495424.0,0.0
2168,FlashSAC,Mjlab-Lift-Cube-Yam,2,avg_success,29995008.0,0.0
2169,FlashSAC,Mjlab-Lift-Cube-Yam,2,avg_success,32494592.0,0.0
2170,FlashSAC,Mjlab-Lift-Cube-Yam,2,avg_success,34994176.0,0.0
2171,FlashSAC,Mjlab-Lift-Cube-Yam,2,avg_success,37493760.0,0.0
2172,FlashSAC,Mjlab-Lift-Cube-Yam,2,avg_success,39993344.0,0.0
2173,FlashSAC,Mjlab-Lift-Cube-Yam,2,avg_success,42492928.0,0.0
2174,FlashSAC,Mjlab-Lift-Cube-Yam,2,avg_success,44992512.0,0.0
2175,FlashSAC,Mjlab-Lift-Cube-Yam,2,avg_success,47492096.0,0.0
2176,FlashSAC,Mjlab-Lift-Cube-Yam,2,avg_success,49991680.0,0.0
2177,FlashSAC,Mjlab-Lift-Cube-Yam,2,avg_success,50000896.0,0.0
2178,FlashSAC,Mjlab-Lift-Cube-Yam,3,avg_return,0.0,-38.6869
2179,FlashSAC,Mjlab-Lift-Cube-Yam,3,avg_return,2499584.0,18.9343
2180,FlashSAC,Mjlab-Lift-Cube-Yam,3,avg_return,4999168.0,18.583
2181,FlashSAC,Mjlab-Lift-Cube-Yam,3,avg_return,7498752.0,20.025
2182,FlashSAC,Mjlab-Lift-Cube-Yam,3,avg_return,9998336.0,21.0602
2183,FlashSAC,Mjlab-Lift-Cube-Yam,3,avg_return,12497920.0,21.2615
2184,FlashSAC,Mjlab-Lift-Cube-Yam,3,avg_return,14997504.0,21.5067
2185,FlashSAC,Mjlab-Lift-Cube-Yam,3,avg_return,17497088.0,21.5465
2186,FlashSAC,Mjlab-Lift-Cube-Yam,3,avg_return,19996672.0,21.162
2187,FlashSAC,Mjlab-Lift-Cube-Yam,3,avg_return,22496256.0,21.1423
2188,FlashSAC,Mjlab-Lift-Cube-Yam,3,avg_return,24995840.0,20.9518
2189,FlashSAC,Mjlab-Lift-Cube-Yam,3,avg_return,27495424.0,21.2387
2190,FlashSAC,Mjlab-Lift-Cube-Yam,3,avg_return,29995008.0,20.2337
2191,FlashSAC,Mjlab-Lift-Cube-Yam,3,avg_return,32494592.0,20.5004
2192,FlashSAC,Mjlab-Lift-Cube-Yam,3,avg_return,34994176.0,20.4308
2193,FlashSAC,Mjlab-Lift-Cube-Yam,3,avg_return,37493760.0,19.7911
2194,FlashSAC,Mjlab-Lift-Cube-Yam,3,avg_return,39993344.0,19.9451
2195,FlashSAC,Mjlab-Lift-Cube-Yam,3,avg_return,42492928.0,21.136
2196,FlashSAC,Mjlab-Lift-Cube-Yam,3,avg_return,44992512.0,20.552
2197,FlashSAC,Mjlab-Lift-Cube-Yam,3,avg_return,47492096.0,19.9699
2198,FlashSAC,Mjlab-Lift-Cube-Yam,3,avg_return,49991680.0,19.8934
2199,FlashSAC,Mjlab-Lift-Cube-Yam,3,avg_return,50000896.0,20.4561
2200,FlashSAC,Mjlab-Lift-Cube-Yam,3,avg_success,0.0,0.0
2201,FlashSAC,Mjlab-Lift-Cube-Yam,3,avg_success,2499584.0,0.0
2202,FlashSAC,Mjlab-Lift-Cube-Yam,3,avg_success,4999168.0,0.0
2203,FlashSAC,Mjlab-Lift-Cube-Yam,3,avg_success,7498752.0,0.0
2204,FlashSAC,Mjlab-Lift-Cube-Yam,3,avg_success,9998336.0,0.0
2205,FlashSAC,Mjlab-Lift-Cube-Yam,3,avg_success,12497920.0,0.0
2206,FlashSAC,Mjlab-Lift-Cube-Yam,3,avg_success,14997504.0,0.0
2207,FlashSAC,Mjlab-Lift-Cube-Yam,3,avg_success,17497088.0,0.0
2208,FlashSAC,Mjlab-Lift-Cube-Yam,3,avg_success,19996672.0,0.0
2209,FlashSAC,Mjlab-Lift-Cube-Yam,3,avg_success,22496256.0,0.0
2210,FlashSAC,Mjlab-Lift-Cube-Yam,3,avg_success,24995840.0,0.0
2211,FlashSAC,Mjlab-Lift-Cube-Yam,3,avg_success,27495424.0,0.0
2212,FlashSAC,Mjlab-Lift-Cube-Yam,3,avg_success,29995008.0,0.0
2213,FlashSAC,Mjlab-Lift-Cube-Yam,3,avg_success,32494592.0,0.0
2214,FlashSAC,Mjlab-Lift-Cube-Yam,3,avg_success,34994176.0,0.0
2215,FlashSAC,Mjlab-Lift-Cube-Yam,3,avg_success,37493760.0,0.0
2216,FlashSAC,Mjlab-Lift-Cube-Yam,3,avg_success,39993344.0,0.0
2217,FlashSAC,Mjlab-Lift-Cube-Yam,3,avg_success,42492928.0,0.0
2218,FlashSAC,Mjlab-Lift-Cube-Yam,3,avg_success,44992512.0,0.0
2219,FlashSAC,Mjlab-Lift-Cube-Yam,3,avg_success,47492096.0,0.0
2220,FlashSAC,Mjlab-Lift-Cube-Yam,3,avg_success,49991680.0,0.0
2221,FlashSAC,Mjlab-Lift-Cube-Yam,3,avg_success,50000896.0,0.0
2222,FlashSAC,Mjlab-Lift-Cube-Yam,4,avg_return,0.0,-32.4178
2223,FlashSAC,Mjlab-Lift-Cube-Yam,4,avg_return,2499584.0,18.0441
2224,FlashSAC,Mjlab-Lift-Cube-Yam,4,avg_return,4999168.0,19.6865
2225,FlashSAC,Mjlab-Lift-Cube-Yam,4,avg_return,7498752.0,19.7063
2226,FlashSAC,Mjlab-Lift-Cube-Yam,4,avg_return,9998336.0,21.1771
2227,FlashSAC,Mjlab-Lift-Cube-Yam,4,avg_return,12497920.0,21.2956
2228,FlashSAC,Mjlab-Lift-Cube-Yam,4,avg_return,14997504.0,21.2666
2229,FlashSAC,Mjlab-Lift-Cube-Yam,4,avg_return,17497088.0,21.5545
2230,FlashSAC,Mjlab-Lift-Cube-Yam,4,avg_return,19996672.0,20.5152
2231,FlashSAC,Mjlab-Lift-Cube-Yam,4,avg_return,22496256.0,20.6036
2232,FlashSAC,Mjlab-Lift-Cube-Yam,4,avg_return,24995840.0,20.804
2233,FlashSAC,Mjlab-Lift-Cube-Yam,4,avg_return,27495424.0,21.0605
2234,FlashSAC,Mjlab-Lift-Cube-Yam,4,avg_return,29995008.0,20.2998
2235,FlashSAC,Mjlab-Lift-Cube-Yam,4,avg_return,32494592.0,19.9195
2236,FlashSAC,Mjlab-Lift-Cube-Yam,4,avg_return,34994176.0,18.7896
2237,FlashSAC,Mjlab-Lift-Cube-Yam,4,avg_return,37493760.0,20.2648
2238,FlashSAC,Mjlab-Lift-Cube-Yam,4,avg_return,39993344.0,19.865
2239,FlashSAC,Mjlab-Lift-Cube-Yam,4,avg_return,42492928.0,19.819
2240,FlashSAC,Mjlab-Lift-Cube-Yam,4,avg_return,44992512.0,20.2907
2241,FlashSAC,Mjlab-Lift-Cube-Yam,4,avg_return,47492096.0,20.0984
2242,FlashSAC,Mjlab-Lift-Cube-Yam,4,avg_return,49991680.0,20.8371
2243,FlashSAC,Mjlab-Lift-Cube-Yam,4,avg_return,50000896.0,20.7407
2244,FlashSAC,Mjlab-Lift-Cube-Yam,4,avg_success,0.0,0.0
2245,FlashSAC,Mjlab-Lift-Cube-Yam,4,avg_success,2499584.0,0.0
2246,FlashSAC,Mjlab-Lift-Cube-Yam,4,avg_success,4999168.0,0.0
2247,FlashSAC,Mjlab-Lift-Cube-Yam,4,avg_success,7498752.0,0.0
2248,FlashSAC,Mjlab-Lift-Cube-Yam,4,avg_success,9998336.0,0.0
2249,FlashSAC,Mjlab-Lift-Cube-Yam,4,avg_success,12497920.0,0.0
2250,FlashSAC,Mjlab-Lift-Cube-Yam,4,avg_success,14997504.0,0.0
2251,FlashSAC,Mjlab-Lift-Cube-Yam,4,avg_success,17497088.0,0.0
2252,FlashSAC,Mjlab-Lift-Cube-Yam,4,avg_success,19996672.0,0.0
2253,FlashSAC,Mjlab-Lift-Cube-Yam,4,avg_success,22496256.0,0.0
2254,FlashSAC,Mjlab-Lift-Cube-Yam,4,avg_success,24995840.0,0.0
2255,FlashSAC,Mjlab-Lift-Cube-Yam,4,avg_success,27495424.0,0.0
2256,FlashSAC,Mjlab-Lift-Cube-Yam,4,avg_success,29995008.0,0.0
2257,FlashSAC,Mjlab-Lift-Cube-Yam,4,avg_success,32494592.0,0.0
2258,FlashSAC,Mjlab-Lift-Cube-Yam,4,avg_success,34994176.0,0.0
2259,FlashSAC,Mjlab-Lift-Cube-Yam,4,avg_success,37493760.0,0.0
2260,FlashSAC,Mjlab-Lift-Cube-Yam,4,avg_success,39993344.0,0.0
2261,FlashSAC,Mjlab-Lift-Cube-Yam,4,avg_success,42492928.0,0.0
2262,FlashSAC,Mjlab-Lift-Cube-Yam,4,avg_success,44992512.0,0.0
2263,FlashSAC,Mjlab-Lift-Cube-Yam,4,avg_success,47492096.0,0.0
2264,FlashSAC,Mjlab-Lift-Cube-Yam,4,avg_success,49991680.0,0.0
2265,FlashSAC,Mjlab-Lift-Cube-Yam,4,avg_success,50000896.0,0.0
2266,FlashSAC,Mjlab-Lift-Cube-Yam,5,avg_return,0.0,7.0798
2267,FlashSAC,Mjlab-Lift-Cube-Yam,5,avg_return,2499584.0,17.9889
2268,FlashSAC,Mjlab-Lift-Cube-Yam,5,avg_return,4999168.0,19.1698
2269,FlashSAC,Mjlab-Lift-Cube-Yam,5,avg_return,7498752.0,20.7004
2270,FlashSAC,Mjlab-Lift-Cube-Yam,5,avg_return,9998336.0,21.0285
2271,FlashSAC,Mjlab-Lift-Cube-Yam,5,avg_return,12497920.0,21.3342
2272,FlashSAC,Mjlab-Lift-Cube-Yam,5,avg_return,14997504.0,20.9395
2273,FlashSAC,Mjlab-Lift-Cube-Yam,5,avg_return,17497088.0,20.5716
2274,FlashSAC,Mjlab-Lift-Cube-Yam,5,avg_return,19996672.0,20.7596
2275,FlashSAC,Mjlab-Lift-Cube-Yam,5,avg_return,22496256.0,21.2545
2276,FlashSAC,Mjlab-Lift-Cube-Yam,5,avg_return,24995840.0,20.4247
2277,FlashSAC,Mjlab-Lift-Cube-Yam,5,avg_return,27495424.0,20.2826
2278,FlashSAC,Mjlab-Lift-Cube-Yam,5,avg_return,29995008.0,20.5772
2279,FlashSAC,Mjlab-Lift-Cube-Yam,5,avg_return,32494592.0,20.1162
2280,FlashSAC,Mjlab-Lift-Cube-Yam,5,avg_return,34994176.0,19.9406
2281,FlashSAC,Mjlab-Lift-Cube-Yam,5,avg_return,37493760.0,18.1023
2282,FlashSAC,Mjlab-Lift-Cube-Yam,5,avg_return,39993344.0,20.2519
2283,FlashSAC,Mjlab-Lift-Cube-Yam,5,avg_return,42492928.0,20.0854
2284,FlashSAC,Mjlab-Lift-Cube-Yam,5,avg_return,44992512.0,20.3619
2285,FlashSAC,Mjlab-Lift-Cube-Yam,5,avg_return,47492096.0,20.0995
2286,FlashSAC,Mjlab-Lift-Cube-Yam,5,avg_return,49991680.0,20.0437
2287,FlashSAC,Mjlab-Lift-Cube-Yam,5,avg_return,50000896.0,20.2731
2288,FlashSAC,Mjlab-Lift-Cube-Yam,5,avg_success,0.0,0.0
2289,FlashSAC,Mjlab-Lift-Cube-Yam,5,avg_success,2499584.0,0.0
2290,FlashSAC,Mjlab-Lift-Cube-Yam,5,avg_success,4999168.0,0.0
2291,FlashSAC,Mjlab-Lift-Cube-Yam,5,avg_success,7498752.0,0.0
2292,FlashSAC,Mjlab-Lift-Cube-Yam,5,avg_success,9998336.0,0.0
2293,FlashSAC,Mjlab-Lift-Cube-Yam,5,avg_success,12497920.0,0.0
2294,FlashSAC,Mjlab-Lift-Cube-Yam,5,avg_success,14997504.0,0.0
2295,FlashSAC,Mjlab-Lift-Cube-Yam,5,avg_success,17497088.0,0.0
2296,FlashSAC,Mjlab-Lift-Cube-Yam,5,avg_success,19996672.0,0.0
2297,FlashSAC,Mjlab-Lift-Cube-Yam,5,avg_success,22496256.0,0.0
2298,FlashSAC,Mjlab-Lift-Cube-Yam,5,avg_success,24995840.0,0.0
2299,FlashSAC,Mjlab-Lift-Cube-Yam,5,avg_success,27495424.0,0.0
2300,FlashSAC,Mjlab-Lift-Cube-Yam,5,avg_success,29995008.0,0.0
2301,FlashSAC,Mjlab-Lift-Cube-Yam,5,avg_success,32494592.0,0.0
2302,FlashSAC,Mjlab-Lift-Cube-Yam,5,avg_success,34994176.0,0.0
2303,FlashSAC,Mjlab-Lift-Cube-Yam,5,avg_success,37493760.0,0.0
2304,FlashSAC,Mjlab-Lift-Cube-Yam,5,avg_success,39993344.0,0.0
2305,FlashSAC,Mjlab-Lift-Cube-Yam,5,avg_success,42492928.0,0.0
2306,FlashSAC,Mjlab-Lift-Cube-Yam,5,avg_success,44992512.0,0.0
2307,FlashSAC,Mjlab-Lift-Cube-Yam,5,avg_success,47492096.0,0.0
2308,FlashSAC,Mjlab-Lift-Cube-Yam,5,avg_success,49991680.0,0.0
2309,FlashSAC,Mjlab-Lift-Cube-Yam,5,avg_success,50000896.0,0.0
2310,FlashSAC,Mjlab-Lift-Cube-Yam-Depth,1,avg_return,0.0,-17.0808
2311,FlashSAC,Mjlab-Lift-Cube-Yam-Depth,1,avg_return,2499584.0,15.3601
2312,FlashSAC,Mjlab-Lift-Cube-Yam-Depth,1,avg_return,4999168.0,13.9032
2313,FlashSAC,Mjlab-Lift-Cube-Yam-Depth,1,avg_return,7498752.0,15.8869
2314,FlashSAC,Mjlab-Lift-Cube-Yam-Depth,1,avg_return,9998336.0,16.1986
2315,FlashSAC,Mjlab-Lift-Cube-Yam-Depth,1,avg_return,12497920.0,16.2005
2316,FlashSAC,Mjlab-Lift-Cube-Yam-Depth,1,avg_return,14997504.0,16.1109
2317,FlashSAC,Mjlab-Lift-Cube-Yam-Depth,1,avg_return,17497088.0,16.3809
2318,FlashSAC,Mjlab-Lift-Cube-Yam-Depth,1,avg_return,19996672.0,15.5027
2319,FlashSAC,Mjlab-Lift-Cube-Yam-Depth,1,avg_return,22496256.0,16.1389
2320,FlashSAC,Mjlab-Lift-Cube-Yam-Depth,1,avg_return,24995840.0,15.6019
2321,FlashSAC,Mjlab-Lift-Cube-Yam-Depth,1,avg_return,27495424.0,16.0746
2322,FlashSAC,Mjlab-Lift-Cube-Yam-Depth,1,avg_return,29995008.0,15.548
2323,FlashSAC,Mjlab-Lift-Cube-Yam-Depth,1,avg_return,32494592.0,15.9623
2324,FlashSAC,Mjlab-Lift-Cube-Yam-Depth,1,avg_return,34994176.0,15.7014
2325,FlashSAC,Mjlab-Lift-Cube-Yam-Depth,1,avg_return,37493760.0,15.3041
2326,FlashSAC,Mjlab-Lift-Cube-Yam-Depth,1,avg_return,39993344.0,15.8683
2327,FlashSAC,Mjlab-Lift-Cube-Yam-Depth,1,avg_return,42492928.0,15.9233
2328,FlashSAC,Mjlab-Lift-Cube-Yam-Depth,1,avg_return,44992512.0,16.2625
2329,FlashSAC,Mjlab-Lift-Cube-Yam-Depth,1,avg_return,47492096.0,15.5909
2330,FlashSAC,Mjlab-Lift-Cube-Yam-Depth,1,avg_return,49991680.0,16.2228
2331,FlashSAC,Mjlab-Lift-Cube-Yam-Depth,1,avg_return,50000896.0,15.0183
2332,FlashSAC,Mjlab-Lift-Cube-Yam-Depth,1,avg_success,0.0,0.0
2333,FlashSAC,Mjlab-Lift-Cube-Yam-Depth,1,avg_success,2499584.0,0.0
2334,FlashSAC,Mjlab-Lift-Cube-Yam-Depth,1,avg_success,4999168.0,0.0
2335,FlashSAC,Mjlab-Lift-Cube-Yam-Depth,1,avg_success,7498752.0,0.0
2336,FlashSAC,Mjlab-Lift-Cube-Yam-Depth,1,avg_success,9998336.0,0.0
2337,FlashSAC,Mjlab-Lift-Cube-Yam-Depth,1,avg_success,12497920.0,0.0
2338,FlashSAC,Mjlab-Lift-Cube-Yam-Depth,1,avg_success,14997504.0,0.0
2339,FlashSAC,Mjlab-Lift-Cube-Yam-Depth,1,avg_success,17497088.0,0.0
2340,FlashSAC,Mjlab-Lift-Cube-Yam-Depth,1,avg_success,19996672.0,0.0
2341,FlashSAC,Mjlab-Lift-Cube-Yam-Depth,1,avg_success,22496256.0,0.0
2342,FlashSAC,Mjlab-Lift-Cube-Yam-Depth,1,avg_success,24995840.0,0.0
2343,FlashSAC,Mjlab-Lift-Cube-Yam-Depth,1,avg_success,27495424.0,0.0
2344,FlashSAC,Mjlab-Lift-Cube-Yam-Depth,1,avg_success,29995008.0,0.0
2345,FlashSAC,Mjlab-Lift-Cube-Yam-Depth,1,avg_success,32494592.0,0.0
2346,FlashSAC,Mjlab-Lift-Cube-Yam-Depth,1,avg_success,34994176.0,0.0
2347,FlashSAC,Mjlab-Lift-Cube-Yam-Depth,1,avg_success,37493760.0,0.0
2348,FlashSAC,Mjlab-Lift-Cube-Yam-Depth,1,avg_success,39993344.0,0.0
2349,FlashSAC,Mjlab-Lift-Cube-Yam-Depth,1,avg_success,42492928.0,0.0
2350,FlashSAC,Mjlab-Lift-Cube-Yam-Depth,1,avg_success,44992512.0,0.0
2351,FlashSAC,Mjlab-Lift-Cube-Yam-Depth,1,avg_success,47492096.0,0.0
2352,FlashSAC,Mjlab-Lift-Cube-Yam-Depth,1,avg_success,49991680.0,0.0
2353,FlashSAC,Mjlab-Lift-Cube-Yam-Depth,1,avg_success,50000896.0,0.0
2354,FlashSAC,Mjlab-Lift-Cube-Yam-Depth,2,avg_return,0.0,-24.4306
2355,FlashSAC,Mjlab-Lift-Cube-Yam-Depth,2,avg_return,2499584.0,13.1718
2356,FlashSAC,Mjlab-Lift-Cube-Yam-Depth,2,avg_return,4999168.0,14.0153
2357,FlashSAC,Mjlab-Lift-Cube-Yam-Depth,2,avg_return,7498752.0,15.6116
2358,FlashSAC,Mjlab-Lift-Cube-Yam-Depth,2,avg_return,9998336.0,15.4189
2359,FlashSAC,Mjlab-Lift-Cube-Yam-Depth,2,avg_return,12497920.0,17.1229
2360,FlashSAC,Mjlab-Lift-Cube-Yam-Depth,2,avg_return,14997504.0,15.6326
2361,FlashSAC,Mjlab-Lift-Cube-Yam-Depth,2,avg_return,17497088.0,15.727
2362,FlashSAC,Mjlab-Lift-Cube-Yam-Depth,2,avg_return,19996672.0,15.443
2363,FlashSAC,Mjlab-Lift-Cube-Yam-Depth,2,avg_return,22496256.0,16.3745
2364,FlashSAC,Mjlab-Lift-Cube-Yam-Depth,2,avg_return,24995840.0,15.4309
2365,FlashSAC,Mjlab-Lift-Cube-Yam-Depth,2,avg_return,27495424.0,16.3167
2366,FlashSAC,Mjlab-Lift-Cube-Yam-Depth,2,avg_return,29995008.0,15.0098
2367,FlashSAC,Mjlab-Lift-Cube-Yam-Depth,2,avg_return,32494592.0,16.2007
2368,FlashSAC,Mjlab-Lift-Cube-Yam-Depth,2,avg_return,34994176.0,15.445
2369,FlashSAC,Mjlab-Lift-Cube-Yam-Depth,2,avg_return,37493760.0,15.4671
2370,FlashSAC,Mjlab-Lift-Cube-Yam-Depth,2,avg_return,39993344.0,16.0971
2371,FlashSAC,Mjlab-Lift-Cube-Yam-Depth,2,avg_return,42492928.0,15.3887
2372,FlashSAC,Mjlab-Lift-Cube-Yam-Depth,2,avg_return,44992512.0,15.2804
2373,FlashSAC,Mjlab-Lift-Cube-Yam-Depth,2,avg_return,47492096.0,16.2599
2374,FlashSAC,Mjlab-Lift-Cube-Yam-Depth,2,avg_return,49991680.0,14.8444
2375,FlashSAC,Mjlab-Lift-Cube-Yam-Depth,2,avg_return,50000896.0,15.9399
2376,FlashSAC,Mjlab-Lift-Cube-Yam-Depth,2,avg_success,0.0,0.0
2377,FlashSAC,Mjlab-Lift-Cube-Yam-Depth,2,avg_success,2499584.0,0.0
2378,FlashSAC,Mjlab-Lift-Cube-Yam-Depth,2,avg_success,4999168.0,0.0
2379,FlashSAC,Mjlab-Lift-Cube-Yam-Depth,2,avg_success,7498752.0,0.0
2380,FlashSAC,Mjlab-Lift-Cube-Yam-Depth,2,avg_success,9998336.0,0.0
2381,FlashSAC,Mjlab-Lift-Cube-Yam-Depth,2,avg_success,12497920.0,0.0
2382,FlashSAC,Mjlab-Lift-Cube-Yam-Depth,2,avg_success,14997504.0,0.0
2383,FlashSAC,Mjlab-Lift-Cube-Yam-Depth,2,avg_success,17497088.0,0.0
2384,FlashSAC,Mjlab-Lift-Cube-Yam-Depth,2,avg_success,19996672.0,0.0
2385,FlashSAC,Mjlab-Lift-Cube-Yam-Depth,2,avg_success,22496256.0,0.0
2386,FlashSAC,Mjlab-Lift-Cube-Yam-Depth,2,avg_success,24995840.0,0.0
2387,FlashSAC,Mjlab-Lift-Cube-Yam-Depth,2,avg_success,27495424.0,0.0
2388,FlashSAC,Mjlab-Lift-Cube-Yam-Depth,2,avg_success,29995008.0,0.0
2389,FlashSAC,Mjlab-Lift-Cube-Yam-Depth,2,avg_success,32494592.0,0.0
2390,FlashSAC,Mjlab-Lift-Cube-Yam-Depth,2,avg_success,34994176.0,0.0
2391,FlashSAC,Mjlab-Lift-Cube-Yam-Depth,2,avg_success,37493760.0,0.0
2392,FlashSAC,Mjlab-Lift-Cube-Yam-Depth,2,avg_success,39993344.0,0.0
2393,FlashSAC,Mjlab-Lift-Cube-Yam-Depth,2,avg_success,42492928.0,0.0
2394,FlashSAC,Mjlab-Lift-Cube-Yam-Depth,2,avg_success,44992512.0,0.0
2395,FlashSAC,Mjlab-Lift-Cube-Yam-Depth,2,avg_success,47492096.0,0.0
2396,FlashSAC,Mjlab-Lift-Cube-Yam-Depth,2,avg_success,49991680.0,0.0
2397,FlashSAC,Mjlab-Lift-Cube-Yam-Depth,2,avg_success,50000896.0,0.0
2398,FlashSAC,Mjlab-Lift-Cube-Yam-Depth,3,avg_return,0.0,-8.2397
2399,FlashSAC,Mjlab-Lift-Cube-Yam-Depth,3,avg_return,2499584.0,14.0886
2400,FlashSAC,Mjlab-Lift-Cube-Yam-Depth,3,avg_return,4999168.0,14.8796
2401,FlashSAC,Mjlab-Lift-Cube-Yam-Depth,3,avg_return,7498752.0,15.8695
2402,FlashSAC,Mjlab-Lift-Cube-Yam-Depth,3,avg_return,9998336.0,15.6951
2403,FlashSAC,Mjlab-Lift-Cube-Yam-Depth,3,avg_return,12497920.0,15.8579
2404,FlashSAC,Mjlab-Lift-Cube-Yam-Depth,3,avg_return,14997504.0,15.5526
2405,FlashSAC,Mjlab-Lift-Cube-Yam-Depth,3,avg_return,17497088.0,16.241
2406,FlashSAC,Mjlab-Lift-Cube-Yam-Depth,3,avg_return,19996672.0,16.1744
2407,FlashSAC,Mjlab-Lift-Cube-Yam-Depth,3,avg_return,22496256.0,16.2358
2408,FlashSAC,Mjlab-Lift-Cube-Yam-Depth,3,avg_return,24995840.0,16.2056
2409,FlashSAC,Mjlab-Lift-Cube-Yam-Depth,3,avg_return,27495424.0,16.1589
2410,FlashSAC,Mjlab-Lift-Cube-Yam-Depth,3,avg_return,29995008.0,15.3956
2411,FlashSAC,Mjlab-Lift-Cube-Yam-Depth,3,avg_return,32494592.0,16.1869
2412,FlashSAC,Mjlab-Lift-Cube-Yam-Depth,3,avg_return,34994176.0,15.2671
2413,FlashSAC,Mjlab-Lift-Cube-Yam-Depth,3,avg_return,37493760.0,16.5202
2414,FlashSAC,Mjlab-Lift-Cube-Yam-Depth,3,avg_return,39993344.0,16.0466
2415,FlashSAC,Mjlab-Lift-Cube-Yam-Depth,3,avg_return,42492928.0,15.4569
2416,FlashSAC,Mjlab-Lift-Cube-Yam-Depth,3,avg_return,44992512.0,14.7954
2417,FlashSAC,Mjlab-Lift-Cube-Yam-Depth,3,avg_return,47492096.0,15.7513
2418,FlashSAC,Mjlab-Lift-Cube-Yam-Depth,3,avg_return,49991680.0,16.0335
2419,FlashSAC,Mjlab-Lift-Cube-Yam-Depth,3,avg_return,50000896.0,15.1362
2420,FlashSAC,Mjlab-Lift-Cube-Yam-Depth,3,avg_success,0.0,0.0
2421,FlashSAC,Mjlab-Lift-Cube-Yam-Depth,3,avg_success,2499584.0,0.0
2422,FlashSAC,Mjlab-Lift-Cube-Yam-Depth,3,avg_success,4999168.0,0.0
2423,FlashSAC,Mjlab-Lift-Cube-Yam-Depth,3,avg_success,7498752.0,0.0
2424,FlashSAC,Mjlab-Lift-Cube-Yam-Depth,3,avg_success,9998336.0,0.0
2425,FlashSAC,Mjlab-Lift-Cube-Yam-Depth,3,avg_success,12497920.0,0.0
2426,FlashSAC,Mjlab-Lift-Cube-Yam-Depth,3,avg_success,14997504.0,0.0
2427,FlashSAC,Mjlab-Lift-Cube-Yam-Depth,3,avg_success,17497088.0,0.0
2428,FlashSAC,Mjlab-Lift-Cube-Yam-Depth,3,avg_success,19996672.0,0.0
2429,FlashSAC,Mjlab-Lift-Cube-Yam-Depth,3,avg_success,22496256.0,0.0
2430,FlashSAC,Mjlab-Lift-Cube-Yam-Depth,3,avg_success,24995840.0,0.0
2431,FlashSAC,Mjlab-Lift-Cube-Yam-Depth,3,avg_success,27495424.0,0.0
2432,FlashSAC,Mjlab-Lift-Cube-Yam-Depth,3,avg_success,29995008.0,0.0
2433,FlashSAC,Mjlab-Lift-Cube-Yam-Depth,3,avg_success,32494592.0,0.0
2434,FlashSAC,Mjlab-Lift-Cube-Yam-Depth,3,avg_success,34994176.0,0.0
2435,FlashSAC,Mjlab-Lift-Cube-Yam-Depth,3,avg_success,37493760.0,0.0
2436,FlashSAC,Mjlab-Lift-Cube-Yam-Depth,3,avg_success,39993344.0,0.0
2437,FlashSAC,Mjlab-Lift-Cube-Yam-Depth,3,avg_success,42492928.0,0.0
2438,FlashSAC,Mjlab-Lift-Cube-Yam-Depth,3,avg_success,44992512.0,0.0
2439,FlashSAC,Mjlab-Lift-Cube-Yam-Depth,3,avg_success,47492096.0,0.0
2440,FlashSAC,Mjlab-Lift-Cube-Yam-Depth,3,avg_success,49991680.0,0.0
2441,FlashSAC,Mjlab-Lift-Cube-Yam-Depth,3,avg_success,50000896.0,0.0
2442,FlashSAC,Mjlab-Lift-Cube-Yam-Depth,4,avg_return,0.0,-32.3234
2443,FlashSAC,Mjlab-Lift-Cube-Yam-Depth,4,avg_return,2499584.0,14.481
2444,FlashSAC,Mjlab-Lift-Cube-Yam-Depth,4,avg_return,4999168.0,15.682
2445,FlashSAC,Mjlab-Lift-Cube-Yam-Depth,4,avg_return,7498752.0,15.2246
2446,FlashSAC,Mjlab-Lift-Cube-Yam-Depth,4,avg_return,9998336.0,16.2649
2447,FlashSAC,Mjlab-Lift-Cube-Yam-Depth,4,avg_return,12497920.0,16.5198
2448,FlashSAC,Mjlab-Lift-Cube-Yam-Depth,4,avg_return,14997504.0,16.6083
2449,FlashSAC,Mjlab-Lift-Cube-Yam-Depth,4,avg_return,17497088.0,16.1353
2450,FlashSAC,Mjlab-Lift-Cube-Yam-Depth,4,avg_return,19996672.0,16.049
2451,FlashSAC,Mjlab-Lift-Cube-Yam-Depth,4,avg_return,22496256.0,15.5675
2452,FlashSAC,Mjlab-Lift-Cube-Yam-Depth,4,avg_return,24995840.0,15.9028
2453,FlashSAC,Mjlab-Lift-Cube-Yam-Depth,4,avg_return,27495424.0,16.3867
2454,FlashSAC,Mjlab-Lift-Cube-Yam-Depth,4,avg_return,29995008.0,15.9296
2455,FlashSAC,Mjlab-Lift-Cube-Yam-Depth,4,avg_return,32494592.0,16.3845
2456,FlashSAC,Mjlab-Lift-Cube-Yam-Depth,4,avg_return,34994176.0,14.8507
2457,FlashSAC,Mjlab-Lift-Cube-Yam-Depth,4,avg_return,37493760.0,16.2619
2458,FlashSAC,Mjlab-Lift-Cube-Yam-Depth,4,avg_return,39993344.0,16.4702
2459,FlashSAC,Mjlab-Lift-Cube-Yam-Depth,4,avg_return,42492928.0,15.5424
2460,FlashSAC,Mjlab-Lift-Cube-Yam-Depth,4,avg_return,44992512.0,15.5428
2461,FlashSAC,Mjlab-Lift-Cube-Yam-Depth,4,avg_return,47492096.0,15.9726
2462,FlashSAC,Mjlab-Lift-Cube-Yam-Depth,4,avg_return,49991680.0,16.1379
2463,FlashSAC,Mjlab-Lift-Cube-Yam-Depth,4,avg_return,50000896.0,15.969
2464,FlashSAC,Mjlab-Lift-Cube-Yam-Depth,4,avg_success,0.0,0.0
2465,FlashSAC,Mjlab-Lift-Cube-Yam-Depth,4,avg_success,2499584.0,0.0
2466,FlashSAC,Mjlab-Lift-Cube-Yam-Depth,4,avg_success,4999168.0,0.0
2467,FlashSAC,Mjlab-Lift-Cube-Yam-Depth,4,avg_success,7498752.0,0.0
2468,FlashSAC,Mjlab-Lift-Cube-Yam-Depth,4,avg_success,9998336.0,0.0
2469,FlashSAC,Mjlab-Lift-Cube-Yam-Depth,4,avg_success,12497920.0,0.0
2470,FlashSAC,Mjlab-Lift-Cube-Yam-Depth,4,avg_success,14997504.0,0.0
2471,FlashSAC,Mjlab-Lift-Cube-Yam-Depth,4,avg_success,17497088.0,0.0
2472,FlashSAC,Mjlab-Lift-Cube-Yam-Depth,4,avg_success,19996672.0,0.0
2473,FlashSAC,Mjlab-Lift-Cube-Yam-Depth,4,avg_success,22496256.0,0.0
2474,FlashSAC,Mjlab-Lift-Cube-Yam-Depth,4,avg_success,24995840.0,0.0
2475,FlashSAC,Mjlab-Lift-Cube-Yam-Depth,4,avg_success,27495424.0,0.0
2476,FlashSAC,Mjlab-Lift-Cube-Yam-Depth,4,avg_success,29995008.0,0.0
2477,FlashSAC,Mjlab-Lift-Cube-Yam-Depth,4,avg_success,32494592.0,0.0
2478,FlashSAC,Mjlab-Lift-Cube-Yam-Depth,4,avg_success,34994176.0,0.0
2479,FlashSAC,Mjlab-Lift-Cube-Yam-Depth,4,avg_success,37493760.0,0.0
2480,FlashSAC,Mjlab-Lift-Cube-Yam-Depth,4,avg_success,39993344.0,0.0
2481,FlashSAC,Mjlab-Lift-Cube-Yam-Depth,4,avg_success,42492928.0,0.0
2482,FlashSAC,Mjlab-Lift-Cube-Yam-Depth,4,avg_success,44992512.0,0.0
2483,FlashSAC,Mjlab-Lift-Cube-Yam-Depth,4,avg_success,47492096.0,0.0
2484,FlashSAC,Mjlab-Lift-Cube-Yam-Depth,4,avg_success,49991680.0,0.0
2485,FlashSAC,Mjlab-Lift-Cube-Yam-Depth,4,avg_success,50000896.0,0.0
2486,FlashSAC,Mjlab-Lift-Cube-Yam-Depth,5,avg_return,0.0,10.5823
2487,FlashSAC,Mjlab-Lift-Cube-Yam-Depth,5,avg_return,2499584.0,13.3991
2488,FlashSAC,Mjlab-Lift-Cube-Yam-Depth,5,avg_return,4999168.0,15.6192
2489,FlashSAC,Mjlab-Lift-Cube-Yam-Depth,5,avg_return,7498752.0,16.3393
2490,FlashSAC,Mjlab-Lift-Cube-Yam-Depth,5,avg_return,9998336.0,14.9598
2491,FlashSAC,Mjlab-Lift-Cube-Yam-Depth,5,avg_return,12497920.0,16.7503
2492,FlashSAC,Mjlab-Lift-Cube-Yam-Depth,5,avg_return,14997504.0,14.9132
2493,FlashSAC,Mjlab-Lift-Cube-Yam-Depth,5,avg_return,17497088.0,15.2457
2494,FlashSAC,Mjlab-Lift-Cube-Yam-Depth,5,avg_return,19996672.0,16.6771
2495,FlashSAC,Mjlab-Lift-Cube-Yam-Depth,5,avg_return,22496256.0,15.7269
2496,FlashSAC,Mjlab-Lift-Cube-Yam-Depth,5,avg_return,24995840.0,16.6274
2497,FlashSAC,Mjlab-Lift-Cube-Yam-Depth,5,avg_return,27495424.0,16.4509
2498,FlashSAC,Mjlab-Lift-Cube-Yam-Depth,5,avg_return,29995008.0,15.4102
2499,FlashSAC,Mjlab-Lift-Cube-Yam-Depth,5,avg_return,32494592.0,16.6345
2500,FlashSAC,Mjlab-Lift-Cube-Yam-Depth,5,avg_return,34994176.0,14.8589
2501,FlashSAC,Mjlab-Lift-Cube-Yam-Depth,5,avg_return,37493760.0,16.0402
2502,FlashSAC,Mjlab-Lift-Cube-Yam-Depth,5,avg_return,39993344.0,16.1653
2503,FlashSAC,Mjlab-Lift-Cube-Yam-Depth,5,avg_return,42492928.0,16.0907
2504,FlashSAC,Mjlab-Lift-Cube-Yam-Depth,5,avg_return,44992512.0,15.3898
2505,FlashSAC,Mjlab-Lift-Cube-Yam-Depth,5,avg_return,47492096.0,16.475
2506,FlashSAC,Mjlab-Lift-Cube-Yam-Depth,5,avg_return,49991680.0,16.0439
2507,FlashSAC,Mjlab-Lift-Cube-Yam-Depth,5,avg_return,50000896.0,14.6832
2508,FlashSAC,Mjlab-Lift-Cube-Yam-Depth,5,avg_success,0.0,0.0
2509,FlashSAC,Mjlab-Lift-Cube-Yam-Depth,5,avg_success,2499584.0,0.0
2510,FlashSAC,Mjlab-Lift-Cube-Yam-Depth,5,avg_success,4999168.0,0.0
2511,FlashSAC,Mjlab-Lift-Cube-Yam-Depth,5,avg_success,7498752.0,0.0
2512,FlashSAC,Mjlab-Lift-Cube-Yam-Depth,5,avg_success,9998336.0,0.0
2513,FlashSAC,Mjlab-Lift-Cube-Yam-Depth,5,avg_success,12497920.0,0.0
2514,FlashSAC,Mjlab-Lift-Cube-Yam-Depth,5,avg_success,14997504.0,0.0
2515,FlashSAC,Mjlab-Lift-Cube-Yam-Depth,5,avg_success,17497088.0,0.0
2516,FlashSAC,Mjlab-Lift-Cube-Yam-Depth,5,avg_success,19996672.0,0.0
2517,FlashSAC,Mjlab-Lift-Cube-Yam-Depth,5,avg_success,22496256.0,0.0
2518,FlashSAC,Mjlab-Lift-Cube-Yam-Depth,5,avg_success,24995840.0,0.0
2519,FlashSAC,Mjlab-Lift-Cube-Yam-Depth,5,avg_success,27495424.0,0.0
2520,FlashSAC,Mjlab-Lift-Cube-Yam-Depth,5,avg_success,29995008.0,0.0
2521,FlashSAC,Mjlab-Lift-Cube-Yam-Depth,5,avg_success,32494592.0,0.0
2522,FlashSAC,Mjlab-Lift-Cube-Yam-Depth,5,avg_success,34994176.0,0.0
2523,FlashSAC,Mjlab-Lift-Cube-Yam-Depth,5,avg_success,37493760.0,0.0
2524,FlashSAC,Mjlab-Lift-Cube-Yam-Depth,5,avg_success,39993344.0,0.0
2525,FlashSAC,Mjlab-Lift-Cube-Yam-Depth,5,avg_success,42492928.0,0.0
2526,FlashSAC,Mjlab-Lift-Cube-Yam-Depth,5,avg_success,44992512.0,0.0
2527,FlashSAC,Mjlab-Lift-Cube-Yam-Depth,5,avg_success,47492096.0,0.0
2528,FlashSAC,Mjlab-Lift-Cube-Yam-Depth,5,avg_success,49991680.0,0.0
2529,FlashSAC,Mjlab-Lift-Cube-Yam-Depth,5,avg_success,50000896.0,0.0
2530,FlashSAC,Mjlab-Lift-Cube-Yam-Rgb,1,avg_return,0.0,-16.7087
2531,FlashSAC,Mjlab-Lift-Cube-Yam-Rgb,1,avg_return,2499584.0,14.6799
2532,FlashSAC,Mjlab-Lift-Cube-Yam-Rgb,1,avg_return,4999168.0,14.488
2533,FlashSAC,Mjlab-Lift-Cube-Yam-Rgb,1,avg_return,7498752.0,15.8415
2534,FlashSAC,Mjlab-Lift-Cube-Yam-Rgb,1,avg_return,9998336.0,15.5008
2535,FlashSAC,Mjlab-Lift-Cube-Yam-Rgb,1,avg_return,12497920.0,16.6669
2536,FlashSAC,Mjlab-Lift-Cube-Yam-Rgb,1,avg_return,14997504.0,16.1518
2537,FlashSAC,Mjlab-Lift-Cube-Yam-Rgb,1,avg_return,17497088.0,16.2598
2538,FlashSAC,Mjlab-Lift-Cube-Yam-Rgb,1,avg_return,19996672.0,15.4293
2539,FlashSAC,Mjlab-Lift-Cube-Yam-Rgb,1,avg_return,22496256.0,16.4822
2540,FlashSAC,Mjlab-Lift-Cube-Yam-Rgb,1,avg_return,24995840.0,16.599
2541,FlashSAC,Mjlab-Lift-Cube-Yam-Rgb,1,avg_return,27495424.0,15.5956
2542,FlashSAC,Mjlab-Lift-Cube-Yam-Rgb,1,avg_return,29995008.0,15.5782
2543,FlashSAC,Mjlab-Lift-Cube-Yam-Rgb,1,avg_return,32494592.0,15.9766
2544,FlashSAC,Mjlab-Lift-Cube-Yam-Rgb,1,avg_return,34994176.0,15.1242
2545,FlashSAC,Mjlab-Lift-Cube-Yam-Rgb,1,avg_return,37493760.0,15.7112
2546,FlashSAC,Mjlab-Lift-Cube-Yam-Rgb,1,avg_return,39993344.0,16.4605
2547,FlashSAC,Mjlab-Lift-Cube-Yam-Rgb,1,avg_return,42492928.0,14.6823
2548,FlashSAC,Mjlab-Lift-Cube-Yam-Rgb,1,avg_return,44992512.0,15.2561
2549,FlashSAC,Mjlab-Lift-Cube-Yam-Rgb,1,avg_return,47492096.0,15.6929
2550,FlashSAC,Mjlab-Lift-Cube-Yam-Rgb,1,avg_return,49991680.0,15.8093
2551,FlashSAC,Mjlab-Lift-Cube-Yam-Rgb,1,avg_return,50000896.0,15.706
2552,FlashSAC,Mjlab-Lift-Cube-Yam-Rgb,1,avg_success,0.0,0.0
2553,FlashSAC,Mjlab-Lift-Cube-Yam-Rgb,1,avg_success,2499584.0,0.0
2554,FlashSAC,Mjlab-Lift-Cube-Yam-Rgb,1,avg_success,4999168.0,0.0
2555,FlashSAC,Mjlab-Lift-Cube-Yam-Rgb,1,avg_success,7498752.0,0.0
2556,FlashSAC,Mjlab-Lift-Cube-Yam-Rgb,1,avg_success,9998336.0,0.0
2557,FlashSAC,Mjlab-Lift-Cube-Yam-Rgb,1,avg_success,12497920.0,0.0
2558,FlashSAC,Mjlab-Lift-Cube-Yam-Rgb,1,avg_success,14997504.0,0.0
2559,FlashSAC,Mjlab-Lift-Cube-Yam-Rgb,1,avg_success,17497088.0,0.0
2560,FlashSAC,Mjlab-Lift-Cube-Yam-Rgb,1,avg_success,19996672.0,0.0
2561,FlashSAC,Mjlab-Lift-Cube-Yam-Rgb,1,avg_success,22496256.0,0.0
2562,FlashSAC,Mjlab-Lift-Cube-Yam-Rgb,1,avg_success,24995840.0,0.0
2563,FlashSAC,Mjlab-Lift-Cube-Yam-Rgb,1,avg_success,27495424.0,0.0
2564,FlashSAC,Mjlab-Lift-Cube-Yam-Rgb,1,avg_success,29995008.0,0.0
2565,FlashSAC,Mjlab-Lift-Cube-Yam-Rgb,1,avg_success,32494592.0,0.0
2566,FlashSAC,Mjlab-Lift-Cube-Yam-Rgb,1,avg_success,34994176.0,0.0
2567,FlashSAC,Mjlab-Lift-Cube-Yam-Rgb,1,avg_success,37493760.0,0.0
2568,FlashSAC,Mjlab-Lift-Cube-Yam-Rgb,1,avg_success,39993344.0,0.0
2569,FlashSAC,Mjlab-Lift-Cube-Yam-Rgb,1,avg_success,42492928.0,0.0
2570,FlashSAC,Mjlab-Lift-Cube-Yam-Rgb,1,avg_success,44992512.0,0.0
2571,FlashSAC,Mjlab-Lift-Cube-Yam-Rgb,1,avg_success,47492096.0,0.0
2572,FlashSAC,Mjlab-Lift-Cube-Yam-Rgb,1,avg_success,49991680.0,0.0
2573,FlashSAC,Mjlab-Lift-Cube-Yam-Rgb,1,avg_success,50000896.0,0.0
2574,FlashSAC,Mjlab-Lift-Cube-Yam-Rgb,2,avg_return,0.0,-24.3892
2575,FlashSAC,Mjlab-Lift-Cube-Yam-Rgb,2,avg_return,2499584.0,12.3545
2576,FlashSAC,Mjlab-Lift-Cube-Yam-Rgb,2,avg_return,4999168.0,15.4562
2577,FlashSAC,Mjlab-Lift-Cube-Yam-Rgb,2,avg_return,7498752.0,15.5071
2578,FlashSAC,Mjlab-Lift-Cube-Yam-Rgb,2,avg_return,9998336.0,16.0549
2579,FlashSAC,Mjlab-Lift-Cube-Yam-Rgb,2,avg_return,12497920.0,16.6709
2580,FlashSAC,Mjlab-Lift-Cube-Yam-Rgb,2,avg_return,14997504.0,16.218
2581,FlashSAC,Mjlab-Lift-Cube-Yam-Rgb,2,avg_return,17497088.0,16.0833
2582,FlashSAC,Mjlab-Lift-Cube-Yam-Rgb,2,avg_return,19996672.0,15.2791
2583,FlashSAC,Mjlab-Lift-Cube-Yam-Rgb,2,avg_return,22496256.0,16.5084
2584,FlashSAC,Mjlab-Lift-Cube-Yam-Rgb,2,avg_return,24995840.0,15.9449
2585,FlashSAC,Mjlab-Lift-Cube-Yam-Rgb,2,avg_return,27495424.0,15.6018
2586,FlashSAC,Mjlab-Lift-Cube-Yam-Rgb,2,avg_return,29995008.0,15.2896
2587,FlashSAC,Mjlab-Lift-Cube-Yam-Rgb,2,avg_return,32494592.0,15.6926
2588,FlashSAC,Mjlab-Lift-Cube-Yam-Rgb,2,avg_return,34994176.0,15.2653
2589,FlashSAC,Mjlab-Lift-Cube-Yam-Rgb,2,avg_return,37493760.0,15.3036
2590,FlashSAC,Mjlab-Lift-Cube-Yam-Rgb,2,avg_return,39993344.0,15.0567
2591,FlashSAC,Mjlab-Lift-Cube-Yam-Rgb,2,avg_return,42492928.0,15.4585
2592,FlashSAC,Mjlab-Lift-Cube-Yam-Rgb,2,avg_return,44992512.0,16.316
2593,FlashSAC,Mjlab-Lift-Cube-Yam-Rgb,2,avg_return,47492096.0,15.556
2594,FlashSAC,Mjlab-Lift-Cube-Yam-Rgb,2,avg_return,49991680.0,15.3476
2595,FlashSAC,Mjlab-Lift-Cube-Yam-Rgb,2,avg_return,50000896.0,15.4331
2596,FlashSAC,Mjlab-Lift-Cube-Yam-Rgb,2,avg_success,0.0,0.0
2597,FlashSAC,Mjlab-Lift-Cube-Yam-Rgb,2,avg_success,2499584.0,0.0
2598,FlashSAC,Mjlab-Lift-Cube-Yam-Rgb,2,avg_success,4999168.0,0.0
2599,FlashSAC,Mjlab-Lift-Cube-Yam-Rgb,2,avg_success,7498752.0,0.0
2600,FlashSAC,Mjlab-Lift-Cube-Yam-Rgb,2,avg_success,9998336.0,0.0
2601,FlashSAC,Mjlab-Lift-Cube-Yam-Rgb,2,avg_success,12497920.0,0.0
2602,FlashSAC,Mjlab-Lift-Cube-Yam-Rgb,2,avg_success,14997504.0,0.0
2603,FlashSAC,Mjlab-Lift-Cube-Yam-Rgb,2,avg_success,17497088.0,0.0
2604,FlashSAC,Mjlab-Lift-Cube-Yam-Rgb,2,avg_success,19996672.0,0.0
2605,FlashSAC,Mjlab-Lift-Cube-Yam-Rgb,2,avg_success,22496256.0,0.0
2606,FlashSAC,Mjlab-Lift-Cube-Yam-Rgb,2,avg_success,24995840.0,0.0
2607,FlashSAC,Mjlab-Lift-Cube-Yam-Rgb,2,avg_success,27495424.0,0.0
2608,FlashSAC,Mjlab-Lift-Cube-Yam-Rgb,2,avg_success,29995008.0,0.0
2609,FlashSAC,Mjlab-Lift-Cube-Yam-Rgb,2,avg_success,32494592.0,0.0
2610,FlashSAC,Mjlab-Lift-Cube-Yam-Rgb,2,avg_success,34994176.0,0.0
2611,FlashSAC,Mjlab-Lift-Cube-Yam-Rgb,2,avg_success,37493760.0,0.0
2612,FlashSAC,Mjlab-Lift-Cube-Yam-Rgb,2,avg_success,39993344.0,0.0
2613,FlashSAC,Mjlab-Lift-Cube-Yam-Rgb,2,avg_success,42492928.0,0.0
2614,FlashSAC,Mjlab-Lift-Cube-Yam-Rgb,2,avg_success,44992512.0,0.0
2615,FlashSAC,Mjlab-Lift-Cube-Yam-Rgb,2,avg_success,47492096.0,0.0
2616,FlashSAC,Mjlab-Lift-Cube-Yam-Rgb,2,avg_success,49991680.0,0.0
2617,FlashSAC,Mjlab-Lift-Cube-Yam-Rgb,2,avg_success,50000896.0,0.0
2618,FlashSAC,Mjlab-Lift-Cube-Yam-Rgb,3,avg_return,0.0,-8.2663
2619,FlashSAC,Mjlab-Lift-Cube-Yam-Rgb,3,avg_return,2499584.0,14.7967
2620,FlashSAC,Mjlab-Lift-Cube-Yam-Rgb,3,avg_return,4999168.0,14.4891
2621,FlashSAC,Mjlab-Lift-Cube-Yam-Rgb,3,avg_return,7498752.0,16.4698
2622,FlashSAC,Mjlab-Lift-Cube-Yam-Rgb,3,avg_return,9998336.0,16.7837
2623,FlashSAC,Mjlab-Lift-Cube-Yam-Rgb,3,avg_return,12497920.0,15.9419
2624,FlashSAC,Mjlab-Lift-Cube-Yam-Rgb,3,avg_return,14997504.0,15.74
2625,FlashSAC,Mjlab-Lift-Cube-Yam-Rgb,3,avg_return,17497088.0,15.9376
2626,FlashSAC,Mjlab-Lift-Cube-Yam-Rgb,3,avg_return,19996672.0,16.0574
2627,FlashSAC,Mjlab-Lift-Cube-Yam-Rgb,3,avg_return,22496256.0,15.7188
2628,FlashSAC,Mjlab-Lift-Cube-Yam-Rgb,3,avg_return,24995840.0,16.4196
2629,FlashSAC,Mjlab-Lift-Cube-Yam-Rgb,3,avg_return,27495424.0,16.0863
2630,FlashSAC,Mjlab-Lift-Cube-Yam-Rgb,3,avg_return,29995008.0,15.5887
2631,FlashSAC,Mjlab-Lift-Cube-Yam-Rgb,3,avg_return,32494592.0,15.0028
2632,FlashSAC,Mjlab-Lift-Cube-Yam-Rgb,3,avg_return,34994176.0,16.0591
2633,FlashSAC,Mjlab-Lift-Cube-Yam-Rgb,3,avg_return,37493760.0,16.2476
2634,FlashSAC,Mjlab-Lift-Cube-Yam-Rgb,3,avg_return,39993344.0,15.9129
2635,FlashSAC,Mjlab-Lift-Cube-Yam-Rgb,3,avg_return,42492928.0,15.9447
2636,FlashSAC,Mjlab-Lift-Cube-Yam-Rgb,3,avg_return,44992512.0,15.6857
2637,FlashSAC,Mjlab-Lift-Cube-Yam-Rgb,3,avg_return,47492096.0,15.5367
2638,FlashSAC,Mjlab-Lift-Cube-Yam-Rgb,3,avg_return,49991680.0,16.0222
2639,FlashSAC,Mjlab-Lift-Cube-Yam-Rgb,3,avg_return,50000896.0,15.3545
2640,FlashSAC,Mjlab-Lift-Cube-Yam-Rgb,3,avg_success,0.0,0.0
2641,FlashSAC,Mjlab-Lift-Cube-Yam-Rgb,3,avg_success,2499584.0,0.0
2642,FlashSAC,Mjlab-Lift-Cube-Yam-Rgb,3,avg_success,4999168.0,0.0
2643,FlashSAC,Mjlab-Lift-Cube-Yam-Rgb,3,avg_success,7498752.0,0.0
2644,FlashSAC,Mjlab-Lift-Cube-Yam-Rgb,3,avg_success,9998336.0,0.0
2645,FlashSAC,Mjlab-Lift-Cube-Yam-Rgb,3,avg_success,12497920.0,0.0
2646,FlashSAC,Mjlab-Lift-Cube-Yam-Rgb,3,avg_success,14997504.0,0.0
2647,FlashSAC,Mjlab-Lift-Cube-Yam-Rgb,3,avg_success,17497088.0,0.0
2648,FlashSAC,Mjlab-Lift-Cube-Yam-Rgb,3,avg_success,19996672.0,0.0
2649,FlashSAC,Mjlab-Lift-Cube-Yam-Rgb,3,avg_success,22496256.0,0.0
2650,FlashSAC,Mjlab-Lift-Cube-Yam-Rgb,3,avg_success,24995840.0,0.0
2651,FlashSAC,Mjlab-Lift-Cube-Yam-Rgb,3,avg_success,27495424.0,0.0
2652,FlashSAC,Mjlab-Lift-Cube-Yam-Rgb,3,avg_success,29995008.0,0.0
2653,FlashSAC,Mjlab-Lift-Cube-Yam-Rgb,3,avg_success,32494592.0,0.0
2654,FlashSAC,Mjlab-Lift-Cube-Yam-Rgb,3,avg_success,34994176.0,0.0
2655,FlashSAC,Mjlab-Lift-Cube-Yam-Rgb,3,avg_success,37493760.0,0.0
2656,FlashSAC,Mjlab-Lift-Cube-Yam-Rgb,3,avg_success,39993344.0,0.0
2657,FlashSAC,Mjlab-Lift-Cube-Yam-Rgb,3,avg_success,42492928.0,0.0
2658,FlashSAC,Mjlab-Lift-Cube-Yam-Rgb,3,avg_success,44992512.0,0.0
2659,FlashSAC,Mjlab-Lift-Cube-Yam-Rgb,3,avg_success,47492096.0,0.0
2660,FlashSAC,Mjlab-Lift-Cube-Yam-Rgb,3,avg_success,49991680.0,0.0
2661,FlashSAC,Mjlab-Lift-Cube-Yam-Rgb,3,avg_success,50000896.0,0.0
2662,FlashSAC,Mjlab-Lift-Cube-Yam-Rgb,4,avg_return,0.0,-31.9342
2663,FlashSAC,Mjlab-Lift-Cube-Yam-Rgb,4,avg_return,2499584.0,13.8479
2664,FlashSAC,Mjlab-Lift-Cube-Yam-Rgb,4,avg_return,4999168.0,16.0518
2665,FlashSAC,Mjlab-Lift-Cube-Yam-Rgb,4,avg_return,7498752.0,14.7223
2666,FlashSAC,Mjlab-Lift-Cube-Yam-Rgb,4,avg_return,9998336.0,15.2822
2667,FlashSAC,Mjlab-Lift-Cube-Yam-Rgb,4,avg_return,12497920.0,15.2667
2668,FlashSAC,Mjlab-Lift-Cube-Yam-Rgb,4,avg_return,14997504.0,15.9407
2669,FlashSAC,Mjlab-Lift-Cube-Yam-Rgb,4,avg_return,17497088.0,16.658
2670,FlashSAC,Mjlab-Lift-Cube-Yam-Rgb,4,avg_return,19996672.0,16.5462
2671,FlashSAC,Mjlab-Lift-Cube-Yam-Rgb,4,avg_return,22496256.0,16.1846
2672,FlashSAC,Mjlab-Lift-Cube-Yam-Rgb,4,avg_return,24995840.0,15.8508
2673,FlashSAC,Mjlab-Lift-Cube-Yam-Rgb,4,avg_return,27495424.0,16.4458
2674,FlashSAC,Mjlab-Lift-Cube-Yam-Rgb,4,avg_return,29995008.0,16.0752
2675,FlashSAC,Mjlab-Lift-Cube-Yam-Rgb,4,avg_return,32494592.0,15.0192
2676,FlashSAC,Mjlab-Lift-Cube-Yam-Rgb,4,avg_return,34994176.0,15.3778
2677,FlashSAC,Mjlab-Lift-Cube-Yam-Rgb,4,avg_return,37493760.0,15.2408
2678,FlashSAC,Mjlab-Lift-Cube-Yam-Rgb,4,avg_return,39993344.0,15.9929
2679,FlashSAC,Mjlab-Lift-Cube-Yam-Rgb,4,avg_return,42492928.0,4.7019
2680,FlashSAC,Mjlab-Lift-Cube-Yam-Rgb,4,avg_return,44992512.0,16.6913
2681,FlashSAC,Mjlab-Lift-Cube-Yam-Rgb,4,avg_return,47492096.0,15.3589
2682,FlashSAC,Mjlab-Lift-Cube-Yam-Rgb,4,avg_return,49991680.0,16.5451
2683,FlashSAC,Mjlab-Lift-Cube-Yam-Rgb,4,avg_return,50000896.0,14.5505
2684,FlashSAC,Mjlab-Lift-Cube-Yam-Rgb,4,avg_success,0.0,0.0
2685,FlashSAC,Mjlab-Lift-Cube-Yam-Rgb,4,avg_success,2499584.0,0.0
2686,FlashSAC,Mjlab-Lift-Cube-Yam-Rgb,4,avg_success,4999168.0,0.0
2687,FlashSAC,Mjlab-Lift-Cube-Yam-Rgb,4,avg_success,7498752.0,0.0
2688,FlashSAC,Mjlab-Lift-Cube-Yam-Rgb,4,avg_success,9998336.0,0.0
2689,FlashSAC,Mjlab-Lift-Cube-Yam-Rgb,4,avg_success,12497920.0,0.0
2690,FlashSAC,Mjlab-Lift-Cube-Yam-Rgb,4,avg_success,14997504.0,0.0
2691,FlashSAC,Mjlab-Lift-Cube-Yam-Rgb,4,avg_success,17497088.0,0.0
2692,FlashSAC,Mjlab-Lift-Cube-Yam-Rgb,4,avg_success,19996672.0,0.0
2693,FlashSAC,Mjlab-Lift-Cube-Yam-Rgb,4,avg_success,22496256.0,0.0
2694,FlashSAC,Mjlab-Lift-Cube-Yam-Rgb,4,avg_success,24995840.0,0.0
2695,FlashSAC,Mjlab-Lift-Cube-Yam-Rgb,4,avg_success,27495424.0,0.0
2696,FlashSAC,Mjlab-Lift-Cube-Yam-Rgb,4,avg_success,29995008.0,0.0
2697,FlashSAC,Mjlab-Lift-Cube-Yam-Rgb,4,avg_success,32494592.0,0.0
2698,FlashSAC,Mjlab-Lift-Cube-Yam-Rgb,4,avg_success,34994176.0,0.0
2699,FlashSAC,Mjlab-Lift-Cube-Yam-Rgb,4,avg_success,37493760.0,0.0
2700,FlashSAC,Mjlab-Lift-Cube-Yam-Rgb,4,avg_success,39993344.0,0.0
2701,FlashSAC,Mjlab-Lift-Cube-Yam-Rgb,4,avg_success,42492928.0,0.0
2702,FlashSAC,Mjlab-Lift-Cube-Yam-Rgb,4,avg_success,44992512.0,0.0
2703,FlashSAC,Mjlab-Lift-Cube-Yam-Rgb,4,avg_success,47492096.0,0.0
2704,FlashSAC,Mjlab-Lift-Cube-Yam-Rgb,4,avg_success,49991680.0,0.0
2705,FlashSAC,Mjlab-Lift-Cube-Yam-Rgb,4,avg_success,50000896.0,0.0
2706,FlashSAC,Mjlab-Lift-Cube-Yam-Rgb,5,avg_return,0.0,10.215
2707,FlashSAC,Mjlab-Lift-Cube-Yam-Rgb,5,avg_return,2499584.0,14.3003
2708,FlashSAC,Mjlab-Lift-Cube-Yam-Rgb,5,avg_return,4999168.0,14.3021
2709,FlashSAC,Mjlab-Lift-Cube-Yam-Rgb,5,avg_return,7498752.0,15.0569
2710,FlashSAC,Mjlab-Lift-Cube-Yam-Rgb,5,avg_return,9998336.0,16.3271
2711,FlashSAC,Mjlab-Lift-Cube-Yam-Rgb,5,avg_return,12497920.0,16.3011
2712,FlashSAC,Mjlab-Lift-Cube-Yam-Rgb,5,avg_return,14997504.0,15.7076
2713,FlashSAC,Mjlab-Lift-Cube-Yam-Rgb,5,avg_return,17497088.0,16.6801
2714,FlashSAC,Mjlab-Lift-Cube-Yam-Rgb,5,avg_return,19996672.0,16.279
2715,FlashSAC,Mjlab-Lift-Cube-Yam-Rgb,5,avg_return,22496256.0,15.9429
2716,FlashSAC,Mjlab-Lift-Cube-Yam-Rgb,5,avg_return,24995840.0,16.5019
2717,FlashSAC,Mjlab-Lift-Cube-Yam-Rgb,5,avg_return,27495424.0,15.6653
2718,FlashSAC,Mjlab-Lift-Cube-Yam-Rgb,5,avg_return,29995008.0,16.0454
2719,FlashSAC,Mjlab-Lift-Cube-Yam-Rgb,5,avg_return,32494592.0,16.2695
2720,FlashSAC,Mjlab-Lift-Cube-Yam-Rgb,5,avg_return,34994176.0,15.5346
2721,FlashSAC,Mjlab-Lift-Cube-Yam-Rgb,5,avg_return,37493760.0,15.3141
2722,FlashSAC,Mjlab-Lift-Cube-Yam-Rgb,5,avg_return,39993344.0,16.1941
2723,FlashSAC,Mjlab-Lift-Cube-Yam-Rgb,5,avg_return,42492928.0,15.0895
2724,FlashSAC,Mjlab-Lift-Cube-Yam-Rgb,5,avg_return,44992512.0,16.026
2725,FlashSAC,Mjlab-Lift-Cube-Yam-Rgb,5,avg_return,47492096.0,16.3138
2726,FlashSAC,Mjlab-Lift-Cube-Yam-Rgb,5,avg_return,49991680.0,16.0491
2727,FlashSAC,Mjlab-Lift-Cube-Yam-Rgb,5,avg_return,50000896.0,16.2007
2728,FlashSAC,Mjlab-Lift-Cube-Yam-Rgb,5,avg_success,0.0,0.0
2729,FlashSAC,Mjlab-Lift-Cube-Yam-Rgb,5,avg_success,2499584.0,0.0
2730,FlashSAC,Mjlab-Lift-Cube-Yam-Rgb,5,avg_success,4999168.0,0.0
2731,FlashSAC,Mjlab-Lift-Cube-Yam-Rgb,5,avg_success,7498752.0,0.0
2732,FlashSAC,Mjlab-Lift-Cube-Yam-Rgb,5,avg_success,9998336.0,0.0
2733,FlashSAC,Mjlab-Lift-Cube-Yam-Rgb,5,avg_success,12497920.0,0.0
2734,FlashSAC,Mjlab-Lift-Cube-Yam-Rgb,5,avg_success,14997504.0,0.0
2735,FlashSAC,Mjlab-Lift-Cube-Yam-Rgb,5,avg_success,17497088.0,0.0
2736,FlashSAC,Mjlab-Lift-Cube-Yam-Rgb,5,avg_success,19996672.0,0.0
2737,FlashSAC,Mjlab-Lift-Cube-Yam-Rgb,5,avg_success,22496256.0,0.0
2738,FlashSAC,Mjlab-Lift-Cube-Yam-Rgb,5,avg_success,24995840.0,0.0
2739,FlashSAC,Mjlab-Lift-Cube-Yam-Rgb,5,avg_success,27495424.0,0.0
2740,FlashSAC,Mjlab-Lift-Cube-Yam-Rgb,5,avg_success,29995008.0,0.0
2741,FlashSAC,Mjlab-Lift-Cube-Yam-Rgb,5,avg_success,32494592.0,0.0
2742,FlashSAC,Mjlab-Lift-Cube-Yam-Rgb,5,avg_success,34994176.0,0.0
2743,FlashSAC,Mjlab-Lift-Cube-Yam-Rgb,5,avg_success,37493760.0,0.0
2744,FlashSAC,Mjlab-Lift-Cube-Yam-Rgb,5,avg_success,39993344.0,0.0
2745,FlashSAC,Mjlab-Lift-Cube-Yam-Rgb,5,avg_success,42492928.0,0.0
2746,FlashSAC,Mjlab-Lift-Cube-Yam-Rgb,5,avg_success,44992512.0,0.0
2747,FlashSAC,Mjlab-Lift-Cube-Yam-Rgb,5,avg_success,47492096.0,0.0
2748,FlashSAC,Mjlab-Lift-Cube-Yam-Rgb,5,avg_success,49991680.0,0.0
2749,FlashSAC,Mjlab-Lift-Cube-Yam-Rgb,5,avg_success,50000896.0,0.0
2750,FlashSAC,Mjlab-Multi-Cube-Seg-Yam,1,avg_return,0.0,-16.8463
2751,FlashSAC,Mjlab-Multi-Cube-Seg-Yam,1,avg_return,2499584.0,16.3772
2752,FlashSAC,Mjlab-Multi-Cube-Seg-Yam,1,avg_return,4999168.0,16.2637
2753,FlashSAC,Mjlab-Multi-Cube-Seg-Yam,1,avg_return,7498752.0,18.1382
2754,FlashSAC,Mjlab-Multi-Cube-Seg-Yam,1,avg_return,9998336.0,18.0672
2755,FlashSAC,Mjlab-Multi-Cube-Seg-Yam,1,avg_return,12497920.0,18.302
2756,FlashSAC,Mjlab-Multi-Cube-Seg-Yam,1,avg_return,14997504.0,18.4448
2757,FlashSAC,Mjlab-Multi-Cube-Seg-Yam,1,avg_return,17497088.0,17.7754
2758,FlashSAC,Mjlab-Multi-Cube-Seg-Yam,1,avg_return,19996672.0,17.5166
2759,FlashSAC,Mjlab-Multi-Cube-Seg-Yam,1,avg_return,22496256.0,17.9939
2760,FlashSAC,Mjlab-Multi-Cube-Seg-Yam,1,avg_return,24995840.0,18.3773
2761,FlashSAC,Mjlab-Multi-Cube-Seg-Yam,1,avg_return,27495424.0,18.2521
2762,FlashSAC,Mjlab-Multi-Cube-Seg-Yam,1,avg_return,29995008.0,17.4639
2763,FlashSAC,Mjlab-Multi-Cube-Seg-Yam,1,avg_return,32494592.0,17.7428
2764,FlashSAC,Mjlab-Multi-Cube-Seg-Yam,1,avg_return,34994176.0,17.654
2765,FlashSAC,Mjlab-Multi-Cube-Seg-Yam,1,avg_return,37493760.0,17.2094
2766,FlashSAC,Mjlab-Multi-Cube-Seg-Yam,1,avg_return,39993344.0,16.9613
2767,FlashSAC,Mjlab-Multi-Cube-Seg-Yam,1,avg_return,42492928.0,17.7578
2768,FlashSAC,Mjlab-Multi-Cube-Seg-Yam,1,avg_return,44992512.0,17.1297
2769,FlashSAC,Mjlab-Multi-Cube-Seg-Yam,1,avg_return,47492096.0,17.7479
2770,FlashSAC,Mjlab-Multi-Cube-Seg-Yam,1,avg_return,49991680.0,17.9912
2771,FlashSAC,Mjlab-Multi-Cube-Seg-Yam,1,avg_return,50000896.0,17.8129
2772,FlashSAC,Mjlab-Multi-Cube-Seg-Yam,1,avg_success,0.0,0.0
2773,FlashSAC,Mjlab-Multi-Cube-Seg-Yam,1,avg_success,2499584.0,0.0
2774,FlashSAC,Mjlab-Multi-Cube-Seg-Yam,1,avg_success,4999168.0,0.0
2775,FlashSAC,Mjlab-Multi-Cube-Seg-Yam,1,avg_success,7498752.0,0.0
2776,FlashSAC,Mjlab-Multi-Cube-Seg-Yam,1,avg_success,9998336.0,0.0
2777,FlashSAC,Mjlab-Multi-Cube-Seg-Yam,1,avg_success,12497920.0,0.0
2778,FlashSAC,Mjlab-Multi-Cube-Seg-Yam,1,avg_success,14997504.0,0.0
2779,FlashSAC,Mjlab-Multi-Cube-Seg-Yam,1,avg_success,17497088.0,0.0
2780,FlashSAC,Mjlab-Multi-Cube-Seg-Yam,1,avg_success,19996672.0,0.0
2781,FlashSAC,Mjlab-Multi-Cube-Seg-Yam,1,avg_success,22496256.0,0.0
2782,FlashSAC,Mjlab-Multi-Cube-Seg-Yam,1,avg_success,24995840.0,0.0
2783,FlashSAC,Mjlab-Multi-Cube-Seg-Yam,1,avg_success,27495424.0,0.0
2784,FlashSAC,Mjlab-Multi-Cube-Seg-Yam,1,avg_success,29995008.0,0.0
2785,FlashSAC,Mjlab-Multi-Cube-Seg-Yam,1,avg_success,32494592.0,0.0
2786,FlashSAC,Mjlab-Multi-Cube-Seg-Yam,1,avg_success,34994176.0,0.0
2787,FlashSAC,Mjlab-Multi-Cube-Seg-Yam,1,avg_success,37493760.0,0.0
2788,FlashSAC,Mjlab-Multi-Cube-Seg-Yam,1,avg_success,39993344.0,0.0
2789,FlashSAC,Mjlab-Multi-Cube-Seg-Yam,1,avg_success,42492928.0,0.0
2790,FlashSAC,Mjlab-Multi-Cube-Seg-Yam,1,avg_success,44992512.0,0.0
2791,FlashSAC,Mjlab-Multi-Cube-Seg-Yam,1,avg_success,47492096.0,0.0
2792,FlashSAC,Mjlab-Multi-Cube-Seg-Yam,1,avg_success,49991680.0,0.0
2793,FlashSAC,Mjlab-Multi-Cube-Seg-Yam,1,avg_success,50000896.0,0.0
2794,FlashSAC,Mjlab-Multi-Cube-Seg-Yam,2,avg_return,0.0,-22.6869
2795,FlashSAC,Mjlab-Multi-Cube-Seg-Yam,2,avg_return,2499584.0,15.2262
2796,FlashSAC,Mjlab-Multi-Cube-Seg-Yam,2,avg_return,4999168.0,16.4756
2797,FlashSAC,Mjlab-Multi-Cube-Seg-Yam,2,avg_return,7498752.0,17.1504
2798,FlashSAC,Mjlab-Multi-Cube-Seg-Yam,2,avg_return,9998336.0,17.4439
2799,FlashSAC,Mjlab-Multi-Cube-Seg-Yam,2,avg_return,12497920.0,18.3372
2800,FlashSAC,Mjlab-Multi-Cube-Seg-Yam,2,avg_return,14997504.0,17.8529
2801,FlashSAC,Mjlab-Multi-Cube-Seg-Yam,2,avg_return,17497088.0,17.8522
2802,FlashSAC,Mjlab-Multi-Cube-Seg-Yam,2,avg_return,19996672.0,18.2436
2803,FlashSAC,Mjlab-Multi-Cube-Seg-Yam,2,avg_return,22496256.0,17.9675
2804,FlashSAC,Mjlab-Multi-Cube-Seg-Yam,2,avg_return,24995840.0,18.3499
2805,FlashSAC,Mjlab-Multi-Cube-Seg-Yam,2,avg_return,27495424.0,17.9917
2806,FlashSAC,Mjlab-Multi-Cube-Seg-Yam,2,avg_return,29995008.0,18.2783
2807,FlashSAC,Mjlab-Multi-Cube-Seg-Yam,2,avg_return,32494592.0,17.8789
2808,FlashSAC,Mjlab-Multi-Cube-Seg-Yam,2,avg_return,34994176.0,16.9125
2809,FlashSAC,Mjlab-Multi-Cube-Seg-Yam,2,avg_return,37493760.0,17.4435
2810,FlashSAC,Mjlab-Multi-Cube-Seg-Yam,2,avg_return,39993344.0,17.8893
2811,FlashSAC,Mjlab-Multi-Cube-Seg-Yam,2,avg_return,42492928.0,16.9999
2812,FlashSAC,Mjlab-Multi-Cube-Seg-Yam,2,avg_return,44992512.0,18.0518
2813,FlashSAC,Mjlab-Multi-Cube-Seg-Yam,2,avg_return,47492096.0,16.9401
2814,FlashSAC,Mjlab-Multi-Cube-Seg-Yam,2,avg_return,49991680.0,17.4469
2815,FlashSAC,Mjlab-Multi-Cube-Seg-Yam,2,avg_return,50000896.0,17.6224
2816,FlashSAC,Mjlab-Multi-Cube-Seg-Yam,2,avg_success,0.0,0.0
2817,FlashSAC,Mjlab-Multi-Cube-Seg-Yam,2,avg_success,2499584.0,0.0
2818,FlashSAC,Mjlab-Multi-Cube-Seg-Yam,2,avg_success,4999168.0,0.0
2819,FlashSAC,Mjlab-Multi-Cube-Seg-Yam,2,avg_success,7498752.0,0.0
2820,FlashSAC,Mjlab-Multi-Cube-Seg-Yam,2,avg_success,9998336.0,0.0
2821,FlashSAC,Mjlab-Multi-Cube-Seg-Yam,2,avg_success,12497920.0,0.0
2822,FlashSAC,Mjlab-Multi-Cube-Seg-Yam,2,avg_success,14997504.0,0.0
2823,FlashSAC,Mjlab-Multi-Cube-Seg-Yam,2,avg_success,17497088.0,0.0
2824,FlashSAC,Mjlab-Multi-Cube-Seg-Yam,2,avg_success,19996672.0,0.0
2825,FlashSAC,Mjlab-Multi-Cube-Seg-Yam,2,avg_success,22496256.0,0.0
2826,FlashSAC,Mjlab-Multi-Cube-Seg-Yam,2,avg_success,24995840.0,0.0
2827,FlashSAC,Mjlab-Multi-Cube-Seg-Yam,2,avg_success,27495424.0,0.0
2828,FlashSAC,Mjlab-Multi-Cube-Seg-Yam,2,avg_success,29995008.0,0.0
2829,FlashSAC,Mjlab-Multi-Cube-Seg-Yam,2,avg_success,32494592.0,0.0
2830,FlashSAC,Mjlab-Multi-Cube-Seg-Yam,2,avg_success,34994176.0,0.0
2831,FlashSAC,Mjlab-Multi-Cube-Seg-Yam,2,avg_success,37493760.0,0.0
2832,FlashSAC,Mjlab-Multi-Cube-Seg-Yam,2,avg_success,39993344.0,0.0
2833,FlashSAC,Mjlab-Multi-Cube-Seg-Yam,2,avg_success,42492928.0,0.0
2834,FlashSAC,Mjlab-Multi-Cube-Seg-Yam,2,avg_success,44992512.0,0.0
2835,FlashSAC,Mjlab-Multi-Cube-Seg-Yam,2,avg_success,47492096.0,0.0
2836,FlashSAC,Mjlab-Multi-Cube-Seg-Yam,2,avg_success,49991680.0,0.0
2837,FlashSAC,Mjlab-Multi-Cube-Seg-Yam,2,avg_success,50000896.0,0.0
2838,FlashSAC,Mjlab-Multi-Cube-Seg-Yam,3,avg_return,0.0,-7.8327
2839,FlashSAC,Mjlab-Multi-Cube-Seg-Yam,3,avg_return,2499584.0,15.9769
2840,FlashSAC,Mjlab-Multi-Cube-Seg-Yam,3,avg_return,4999168.0,16.6962
2841,FlashSAC,Mjlab-Multi-Cube-Seg-Yam,3,avg_return,7498752.0,18.4427
2842,FlashSAC,Mjlab-Multi-Cube-Seg-Yam,3,avg_return,9998336.0,18.3285
2843,FlashSAC,Mjlab-Multi-Cube-Seg-Yam,3,avg_return,12497920.0,18.7211
2844,FlashSAC,Mjlab-Multi-Cube-Seg-Yam,3,avg_return,14997504.0,18.3934
2845,FlashSAC,Mjlab-Multi-Cube-Seg-Yam,3,avg_return,17497088.0,17.9194
2846,FlashSAC,Mjlab-Multi-Cube-Seg-Yam,3,avg_return,19996672.0,17.9643
2847,FlashSAC,Mjlab-Multi-Cube-Seg-Yam,3,avg_return,22496256.0,17.1716
2848,FlashSAC,Mjlab-Multi-Cube-Seg-Yam,3,avg_return,24995840.0,17.953
2849,FlashSAC,Mjlab-Multi-Cube-Seg-Yam,3,avg_return,27495424.0,18.0549
2850,FlashSAC,Mjlab-Multi-Cube-Seg-Yam,3,avg_return,29995008.0,17.6374
2851,FlashSAC,Mjlab-Multi-Cube-Seg-Yam,3,avg_return,32494592.0,18.0519
2852,FlashSAC,Mjlab-Multi-Cube-Seg-Yam,3,avg_return,34994176.0,17.6203
2853,FlashSAC,Mjlab-Multi-Cube-Seg-Yam,3,avg_return,37493760.0,17.2517
2854,FlashSAC,Mjlab-Multi-Cube-Seg-Yam,3,avg_return,39993344.0,17.7087
2855,FlashSAC,Mjlab-Multi-Cube-Seg-Yam,3,avg_return,42492928.0,17.5984
2856,FlashSAC,Mjlab-Multi-Cube-Seg-Yam,3,avg_return,44992512.0,17.7281
2857,FlashSAC,Mjlab-Multi-Cube-Seg-Yam,3,avg_return,47492096.0,17.8159
2858,FlashSAC,Mjlab-Multi-Cube-Seg-Yam,3,avg_return,49991680.0,17.7338
2859,FlashSAC,Mjlab-Multi-Cube-Seg-Yam,3,avg_return,50000896.0,18.0738
2860,FlashSAC,Mjlab-Multi-Cube-Seg-Yam,3,avg_success,0.0,0.0
2861,FlashSAC,Mjlab-Multi-Cube-Seg-Yam,3,avg_success,2499584.0,0.0
2862,FlashSAC,Mjlab-Multi-Cube-Seg-Yam,3,avg_success,4999168.0,0.0
2863,FlashSAC,Mjlab-Multi-Cube-Seg-Yam,3,avg_success,7498752.0,0.0
2864,FlashSAC,Mjlab-Multi-Cube-Seg-Yam,3,avg_success,9998336.0,0.0
2865,FlashSAC,Mjlab-Multi-Cube-Seg-Yam,3,avg_success,12497920.0,0.0
2866,FlashSAC,Mjlab-Multi-Cube-Seg-Yam,3,avg_success,14997504.0,0.0
2867,FlashSAC,Mjlab-Multi-Cube-Seg-Yam,3,avg_success,17497088.0,0.0
2868,FlashSAC,Mjlab-Multi-Cube-Seg-Yam,3,avg_success,19996672.0,0.0
2869,FlashSAC,Mjlab-Multi-Cube-Seg-Yam,3,avg_success,22496256.0,0.0
2870,FlashSAC,Mjlab-Multi-Cube-Seg-Yam,3,avg_success,24995840.0,0.0
2871,FlashSAC,Mjlab-Multi-Cube-Seg-Yam,3,avg_success,27495424.0,0.0
2872,FlashSAC,Mjlab-Multi-Cube-Seg-Yam,3,avg_success,29995008.0,0.0
2873,FlashSAC,Mjlab-Multi-Cube-Seg-Yam,3,avg_success,32494592.0,0.0
2874,FlashSAC,Mjlab-Multi-Cube-Seg-Yam,3,avg_success,34994176.0,0.0
2875,FlashSAC,Mjlab-Multi-Cube-Seg-Yam,3,avg_success,37493760.0,0.0
2876,FlashSAC,Mjlab-Multi-Cube-Seg-Yam,3,avg_success,39993344.0,0.0
2877,FlashSAC,Mjlab-Multi-Cube-Seg-Yam,3,avg_success,42492928.0,0.0
2878,FlashSAC,Mjlab-Multi-Cube-Seg-Yam,3,avg_success,44992512.0,0.0
2879,FlashSAC,Mjlab-Multi-Cube-Seg-Yam,3,avg_success,47492096.0,0.0
2880,FlashSAC,Mjlab-Multi-Cube-Seg-Yam,3,avg_success,49991680.0,0.0
2881,FlashSAC,Mjlab-Multi-Cube-Seg-Yam,3,avg_success,50000896.0,0.0
2882,FlashSAC,Mjlab-Multi-Cube-Seg-Yam,4,avg_return,0.0,-30.9469
2883,FlashSAC,Mjlab-Multi-Cube-Seg-Yam,4,avg_return,2499584.0,15.6863
2884,FlashSAC,Mjlab-Multi-Cube-Seg-Yam,4,avg_return,4999168.0,16.6454
2885,FlashSAC,Mjlab-Multi-Cube-Seg-Yam,4,avg_return,7498752.0,17.9451
2886,FlashSAC,Mjlab-Multi-Cube-Seg-Yam,4,avg_return,9998336.0,17.6958
2887,FlashSAC,Mjlab-Multi-Cube-Seg-Yam,4,avg_return,12497920.0,18.1592
2888,FlashSAC,Mjlab-Multi-Cube-Seg-Yam,4,avg_return,14997504.0,17.9178
2889,FlashSAC,Mjlab-Multi-Cube-Seg-Yam,4,avg_return,17497088.0,17.4723
2890,FlashSAC,Mjlab-Multi-Cube-Seg-Yam,4,avg_return,19996672.0,17.2917
2891,FlashSAC,Mjlab-Multi-Cube-Seg-Yam,4,avg_return,22496256.0,16.0225
2892,FlashSAC,Mjlab-Multi-Cube-Seg-Yam,4,avg_return,24995840.0,17.9277
2893,FlashSAC,Mjlab-Multi-Cube-Seg-Yam,4,avg_return,27495424.0,17.1364
2894,FlashSAC,Mjlab-Multi-Cube-Seg-Yam,4,avg_return,29995008.0,17.6029
2895,FlashSAC,Mjlab-Multi-Cube-Seg-Yam,4,avg_return,32494592.0,16.5124
2896,FlashSAC,Mjlab-Multi-Cube-Seg-Yam,4,avg_return,34994176.0,18.3955
2897,FlashSAC,Mjlab-Multi-Cube-Seg-Yam,4,avg_return,37493760.0,16.8363
2898,FlashSAC,Mjlab-Multi-Cube-Seg-Yam,4,avg_return,39993344.0,18.163
2899,FlashSAC,Mjlab-Multi-Cube-Seg-Yam,4,avg_return,42492928.0,16.9456
2900,FlashSAC,Mjlab-Multi-Cube-Seg-Yam,4,avg_return,44992512.0,17.2054
2901,FlashSAC,Mjlab-Multi-Cube-Seg-Yam,4,avg_return,47492096.0,17.4987
2902,FlashSAC,Mjlab-Multi-Cube-Seg-Yam,4,avg_return,49991680.0,17.056
2903,FlashSAC,Mjlab-Multi-Cube-Seg-Yam,4,avg_return,50000896.0,17.9257
2904,FlashSAC,Mjlab-Multi-Cube-Seg-Yam,4,avg_success,0.0,0.0
2905,FlashSAC,Mjlab-Multi-Cube-Seg-Yam,4,avg_success,2499584.0,0.0
2906,FlashSAC,Mjlab-Multi-Cube-Seg-Yam,4,avg_success,4999168.0,0.0
2907,FlashSAC,Mjlab-Multi-Cube-Seg-Yam,4,avg_success,7498752.0,0.0
2908,FlashSAC,Mjlab-Multi-Cube-Seg-Yam,4,avg_success,9998336.0,0.0
2909,FlashSAC,Mjlab-Multi-Cube-Seg-Yam,4,avg_success,12497920.0,0.0
2910,FlashSAC,Mjlab-Multi-Cube-Seg-Yam,4,avg_success,14997504.0,0.0
2911,FlashSAC,Mjlab-Multi-Cube-Seg-Yam,4,avg_success,17497088.0,0.0
2912,FlashSAC,Mjlab-Multi-Cube-Seg-Yam,4,avg_success,19996672.0,0.0
2913,FlashSAC,Mjlab-Multi-Cube-Seg-Yam,4,avg_success,22496256.0,0.0
2914,FlashSAC,Mjlab-Multi-Cube-Seg-Yam,4,avg_success,24995840.0,0.0
2915,FlashSAC,Mjlab-Multi-Cube-Seg-Yam,4,avg_success,27495424.0,0.0
2916,FlashSAC,Mjlab-Multi-Cube-Seg-Yam,4,avg_success,29995008.0,0.0
2917,FlashSAC,Mjlab-Multi-Cube-Seg-Yam,4,avg_success,32494592.0,0.0
2918,FlashSAC,Mjlab-Multi-Cube-Seg-Yam,4,avg_success,34994176.0,0.0
2919,FlashSAC,Mjlab-Multi-Cube-Seg-Yam,4,avg_success,37493760.0,0.0
2920,FlashSAC,Mjlab-Multi-Cube-Seg-Yam,4,avg_success,39993344.0,0.0
2921,FlashSAC,Mjlab-Multi-Cube-Seg-Yam,4,avg_success,42492928.0,0.0
2922,FlashSAC,Mjlab-Multi-Cube-Seg-Yam,4,avg_success,44992512.0,0.0
2923,FlashSAC,Mjlab-Multi-Cube-Seg-Yam,4,avg_success,47492096.0,0.0
2924,FlashSAC,Mjlab-Multi-Cube-Seg-Yam,4,avg_success,49991680.0,0.0
2925,FlashSAC,Mjlab-Multi-Cube-Seg-Yam,4,avg_success,50000896.0,0.0
2926,FlashSAC,Mjlab-Multi-Cube-Seg-Yam,5,avg_return,0.0,11.8857
2927,FlashSAC,Mjlab-Multi-Cube-Seg-Yam,5,avg_return,2499584.0,15.2911
2928,FlashSAC,Mjlab-Multi-Cube-Seg-Yam,5,avg_return,4999168.0,16.872
2929,FlashSAC,Mjlab-Multi-Cube-Seg-Yam,5,avg_return,7498752.0,18.0297
2930,FlashSAC,Mjlab-Multi-Cube-Seg-Yam,5,avg_return,9998336.0,18.2405
2931,FlashSAC,Mjlab-Multi-Cube-Seg-Yam,5,avg_return,12497920.0,18.5986
2932,FlashSAC,Mjlab-Multi-Cube-Seg-Yam,5,avg_return,14997504.0,17.8435
2933,FlashSAC,Mjlab-Multi-Cube-Seg-Yam,5,avg_return,17497088.0,18.7893
2934,FlashSAC,Mjlab-Multi-Cube-Seg-Yam,5,avg_return,19996672.0,17.8566
2935,FlashSAC,Mjlab-Multi-Cube-Seg-Yam,5,avg_return,22496256.0,17.886
2936,FlashSAC,Mjlab-Multi-Cube-Seg-Yam,5,avg_return,24995840.0,17.9655
2937,FlashSAC,Mjlab-Multi-Cube-Seg-Yam,5,avg_return,27495424.0,18.1572
2938,FlashSAC,Mjlab-Multi-Cube-Seg-Yam,5,avg_return,29995008.0,18.4038
2939,FlashSAC,Mjlab-Multi-Cube-Seg-Yam,5,avg_return,32494592.0,17.9591
2940,FlashSAC,Mjlab-Multi-Cube-Seg-Yam,5,avg_return,34994176.0,16.5578
2941,FlashSAC,Mjlab-Multi-Cube-Seg-Yam,5,avg_return,37493760.0,17.563
2942,FlashSAC,Mjlab-Multi-Cube-Seg-Yam,5,avg_return,39993344.0,17.0533
2943,FlashSAC,Mjlab-Multi-Cube-Seg-Yam,5,avg_return,42492928.0,17.6622
2944,FlashSAC,Mjlab-Multi-Cube-Seg-Yam,5,avg_return,44992512.0,18.1511
2945,FlashSAC,Mjlab-Multi-Cube-Seg-Yam,5,avg_return,47492096.0,17.7301
2946,FlashSAC,Mjlab-Multi-Cube-Seg-Yam,5,avg_return,49991680.0,17.6817
2947,FlashSAC,Mjlab-Multi-Cube-Seg-Yam,5,avg_return,50000896.0,18.008
2948,FlashSAC,Mjlab-Multi-Cube-Seg-Yam,5,avg_success,0.0,0.0
2949,FlashSAC,Mjlab-Multi-Cube-Seg-Yam,5,avg_success,2499584.0,0.0
2950,FlashSAC,Mjlab-Multi-Cube-Seg-Yam,5,avg_success,4999168.0,0.0
2951,FlashSAC,Mjlab-Multi-Cube-Seg-Yam,5,avg_success,7498752.0,0.0
2952,FlashSAC,Mjlab-Multi-Cube-Seg-Yam,5,avg_success,9998336.0,0.0
2953,FlashSAC,Mjlab-Multi-Cube-Seg-Yam,5,avg_success,12497920.0,0.0
2954,FlashSAC,Mjlab-Multi-Cube-Seg-Yam,5,avg_success,14997504.0,0.0
2955,FlashSAC,Mjlab-Multi-Cube-Seg-Yam,5,avg_success,17497088.0,0.0
2956,FlashSAC,Mjlab-Multi-Cube-Seg-Yam,5,avg_success,19996672.0,0.0
2957,FlashSAC,Mjlab-Multi-Cube-Seg-Yam,5,avg_success,22496256.0,0.0
2958,FlashSAC,Mjlab-Multi-Cube-Seg-Yam,5,avg_success,24995840.0,0.0
2959,FlashSAC,Mjlab-Multi-Cube-Seg-Yam,5,avg_success,27495424.0,0.0
2960,FlashSAC,Mjlab-Multi-Cube-Seg-Yam,5,avg_success,29995008.0,0.0
2961,FlashSAC,Mjlab-Multi-Cube-Seg-Yam,5,avg_success,32494592.0,0.0
2962,FlashSAC,Mjlab-Multi-Cube-Seg-Yam,5,avg_success,34994176.0,0.0
2963,FlashSAC,Mjlab-Multi-Cube-Seg-Yam,5,avg_success,37493760.0,0.0
2964,FlashSAC,Mjlab-Multi-Cube-Seg-Yam,5,avg_success,39993344.0,0.0
2965,FlashSAC,Mjlab-Multi-Cube-Seg-Yam,5,avg_success,42492928.0,0.0
2966,FlashSAC,Mjlab-Multi-Cube-Seg-Yam,5,avg_success,44992512.0,0.0
2967,FlashSAC,Mjlab-Multi-Cube-Seg-Yam,5,avg_success,47492096.0,0.0
2968,FlashSAC,Mjlab-Multi-Cube-Seg-Yam,5,avg_success,49991680.0,0.0
2969,FlashSAC,Mjlab-Multi-Cube-Seg-Yam,5,avg_success,50000896.0,0.0
2970,FlashSAC,Mjlab-Velocity-Flat-Unitree-G1,1,avg_return,0.0,-2.1704
2971,FlashSAC,Mjlab-Velocity-Flat-Unitree-G1,1,avg_return,2499584.0,5.4202
2972,FlashSAC,Mjlab-Velocity-Flat-Unitree-G1,1,avg_return,4999168.0,13.3914
2973,FlashSAC,Mjlab-Velocity-Flat-Unitree-G1,1,avg_return,7498752.0,17.1251
2974,FlashSAC,Mjlab-Velocity-Flat-Unitree-G1,1,avg_return,9998336.0,13.0103
2975,FlashSAC,Mjlab-Velocity-Flat-Unitree-G1,1,avg_return,12497920.0,9.3132
2976,FlashSAC,Mjlab-Velocity-Flat-Unitree-G1,1,avg_return,14997504.0,20.2357
2977,FlashSAC,Mjlab-Velocity-Flat-Unitree-G1,1,avg_return,17497088.0,22.8652
2978,FlashSAC,Mjlab-Velocity-Flat-Unitree-G1,1,avg_return,19996672.0,46.9765
2979,FlashSAC,Mjlab-Velocity-Flat-Unitree-G1,1,avg_return,22496256.0,56.6495
2980,FlashSAC,Mjlab-Velocity-Flat-Unitree-G1,1,avg_return,24995840.0,69.2832
2981,FlashSAC,Mjlab-Velocity-Flat-Unitree-G1,1,avg_return,27495424.0,72.1622
2982,FlashSAC,Mjlab-Velocity-Flat-Unitree-G1,1,avg_return,29995008.0,75.9914
2983,FlashSAC,Mjlab-Velocity-Flat-Unitree-G1,1,avg_return,32494592.0,78.8716
2984,FlashSAC,Mjlab-Velocity-Flat-Unitree-G1,1,avg_return,34994176.0,80.8635
2985,FlashSAC,Mjlab-Velocity-Flat-Unitree-G1,1,avg_return,37493760.0,83.3763
2986,FlashSAC,Mjlab-Velocity-Flat-Unitree-G1,1,avg_return,39993344.0,84.6379
2987,FlashSAC,Mjlab-Velocity-Flat-Unitree-G1,1,avg_return,42492928.0,85.7754
2988,FlashSAC,Mjlab-Velocity-Flat-Unitree-G1,1,avg_return,44992512.0,89.3154
2989,FlashSAC,Mjlab-Velocity-Flat-Unitree-G1,1,avg_return,47492096.0,90.4715
2990,FlashSAC,Mjlab-Velocity-Flat-Unitree-G1,1,avg_return,49991680.0,92.2503
2991,FlashSAC,Mjlab-Velocity-Flat-Unitree-G1,1,avg_return,50000896.0,90.9394
2992,FlashSAC,Mjlab-Velocity-Flat-Unitree-G1,1,avg_success,0.0,0.0
2993,FlashSAC,Mjlab-Velocity-Flat-Unitree-G1,1,avg_success,2499584.0,0.0
2994,FlashSAC,Mjlab-Velocity-Flat-Unitree-G1,1,avg_success,4999168.0,0.0
2995,FlashSAC,Mjlab-Velocity-Flat-Unitree-G1,1,avg_success,7498752.0,0.0
2996,FlashSAC,Mjlab-Velocity-Flat-Unitree-G1,1,avg_success,9998336.0,0.0
2997,FlashSAC,Mjlab-Velocity-Flat-Unitree-G1,1,avg_success,12497920.0,0.0
2998,FlashSAC,Mjlab-Velocity-Flat-Unitree-G1,1,avg_success,14997504.0,0.0
2999,FlashSAC,Mjlab-Velocity-Flat-Unitree-G1,1,avg_success,17497088.0,0.0
3000,FlashSAC,Mjlab-Velocity-Flat-Unitree-G1,1,avg_success,19996672.0,0.0
3001,FlashSAC,Mjlab-Velocity-Flat-Unitree-G1,1,avg_success,22496256.0,0.0
3002,FlashSAC,Mjlab-Velocity-Flat-Unitree-G1,1,avg_success,24995840.0,0.0
3003,FlashSAC,Mjlab-Velocity-Flat-Unitree-G1,1,avg_success,27495424.0,0.0
3004,FlashSAC,Mjlab-Velocity-Flat-Unitree-G1,1,avg_success,29995008.0,0.0
3005,FlashSAC,Mjlab-Velocity-Flat-Unitree-G1,1,avg_success,32494592.0,0.0
3006,FlashSAC,Mjlab-Velocity-Flat-Unitree-G1,1,avg_success,34994176.0,0.0
3007,FlashSAC,Mjlab-Velocity-Flat-Unitree-G1,1,avg_success,37493760.0,0.0
3008,FlashSAC,Mjlab-Velocity-Flat-Unitree-G1,1,avg_success,39993344.0,0.0
3009,FlashSAC,Mjlab-Velocity-Flat-Unitree-G1,1,avg_success,42492928.0,0.0
3010,FlashSAC,Mjlab-Velocity-Flat-Unitree-G1,1,avg_success,44992512.0,0.0
3011,FlashSAC,Mjlab-Velocity-Flat-Unitree-G1,1,avg_success,47492096.0,0.0
3012,FlashSAC,Mjlab-Velocity-Flat-Unitree-G1,1,avg_success,49991680.0,0.0
3013,FlashSAC,Mjlab-Velocity-Flat-Unitree-G1,1,avg_success,50000896.0,0.0
3014,FlashSAC,Mjlab-Velocity-Flat-Unitree-G1,2,avg_return,0.0,-2.5631
3015,FlashSAC,Mjlab-Velocity-Flat-Unitree-G1,2,avg_return,2499584.0,6.8584
3016,FlashSAC,Mjlab-Velocity-Flat-Unitree-G1,2,avg_return,4999168.0,17.0816
3017,FlashSAC,Mjlab-Velocity-Flat-Unitree-G1,2,avg_return,7498752.0,17.232
3018,FlashSAC,Mjlab-Velocity-Flat-Unitree-G1,2,avg_return,9998336.0,14.295
3019,FlashSAC,Mjlab-Velocity-Flat-Unitree-G1,2,avg_return,12497920.0,11.5408
3020,FlashSAC,Mjlab-Velocity-Flat-Unitree-G1,2,avg_return,14997504.0,17.1662
3021,FlashSAC,Mjlab-Velocity-Flat-Unitree-G1,2,avg_return,17497088.0,32.5243
3022,FlashSAC,Mjlab-Velocity-Flat-Unitree-G1,2,avg_return,19996672.0,47.887
3023,FlashSAC,Mjlab-Velocity-Flat-Unitree-G1,2,avg_return,22496256.0,60.961
3024,FlashSAC,Mjlab-Velocity-Flat-Unitree-G1,2,avg_return,24995840.0,65.6749
3025,FlashSAC,Mjlab-Velocity-Flat-Unitree-G1,2,avg_return,27495424.0,73.4073
3026,FlashSAC,Mjlab-Velocity-Flat-Unitree-G1,2,avg_return,29995008.0,74.5307
3027,FlashSAC,Mjlab-Velocity-Flat-Unitree-G1,2,avg_return,32494592.0,76.4149
3028,FlashSAC,Mjlab-Velocity-Flat-Unitree-G1,2,avg_return,34994176.0,81.1781
3029,FlashSAC,Mjlab-Velocity-Flat-Unitree-G1,2,avg_return,37493760.0,82.4229
3030,FlashSAC,Mjlab-Velocity-Flat-Unitree-G1,2,avg_return,39993344.0,83.6538
3031,FlashSAC,Mjlab-Velocity-Flat-Unitree-G1,2,avg_return,42492928.0,85.0471
3032,FlashSAC,Mjlab-Velocity-Flat-Unitree-G1,2,avg_return,44992512.0,89.2278
3033,FlashSAC,Mjlab-Velocity-Flat-Unitree-G1,2,avg_return,47492096.0,88.8828
3034,FlashSAC,Mjlab-Velocity-Flat-Unitree-G1,2,avg_return,49991680.0,90.1127
3035,FlashSAC,Mjlab-Velocity-Flat-Unitree-G1,2,avg_return,50000896.0,90.3071
3036,FlashSAC,Mjlab-Velocity-Flat-Unitree-G1,2,avg_success,0.0,0.0
3037,FlashSAC,Mjlab-Velocity-Flat-Unitree-G1,2,avg_success,2499584.0,0.0
3038,FlashSAC,Mjlab-Velocity-Flat-Unitree-G1,2,avg_success,4999168.0,0.0
3039,FlashSAC,Mjlab-Velocity-Flat-Unitree-G1,2,avg_success,7498752.0,0.0
3040,FlashSAC,Mjlab-Velocity-Flat-Unitree-G1,2,avg_success,9998336.0,0.0
3041,FlashSAC,Mjlab-Velocity-Flat-Unitree-G1,2,avg_success,12497920.0,0.0
3042,FlashSAC,Mjlab-Velocity-Flat-Unitree-G1,2,avg_success,14997504.0,0.0
3043,FlashSAC,Mjlab-Velocity-Flat-Unitree-G1,2,avg_success,17497088.0,0.0
3044,FlashSAC,Mjlab-Velocity-Flat-Unitree-G1,2,avg_success,19996672.0,0.0
3045,FlashSAC,Mjlab-Velocity-Flat-Unitree-G1,2,avg_success,22496256.0,0.0
3046,FlashSAC,Mjlab-Velocity-Flat-Unitree-G1,2,avg_success,24995840.0,0.0
3047,FlashSAC,Mjlab-Velocity-Flat-Unitree-G1,2,avg_success,27495424.0,0.0
3048,FlashSAC,Mjlab-Velocity-Flat-Unitree-G1,2,avg_success,29995008.0,0.0
3049,FlashSAC,Mjlab-Velocity-Flat-Unitree-G1,2,avg_success,32494592.0,0.0
3050,FlashSAC,Mjlab-Velocity-Flat-Unitree-G1,2,avg_success,34994176.0,0.0
3051,FlashSAC,Mjlab-Velocity-Flat-Unitree-G1,2,avg_success,37493760.0,0.0
3052,FlashSAC,Mjlab-Velocity-Flat-Unitree-G1,2,avg_success,39993344.0,0.0
3053,FlashSAC,Mjlab-Velocity-Flat-Unitree-G1,2,avg_success,42492928.0,0.0
3054,FlashSAC,Mjlab-Velocity-Flat-Unitree-G1,2,avg_success,44992512.0,0.0
3055,FlashSAC,Mjlab-Velocity-Flat-Unitree-G1,2,avg_success,47492096.0,0.0
3056,FlashSAC,Mjlab-Velocity-Flat-Unitree-G1,2,avg_success,49991680.0,0.0
3057,FlashSAC,Mjlab-Velocity-Flat-Unitree-G1,2,avg_success,50000896.0,0.0
3058,FlashSAC,Mjlab-Velocity-Flat-Unitree-G1,3,avg_return,0.0,-2.9008
3059,FlashSAC,Mjlab-Velocity-Flat-Unitree-G1,3,avg_return,2499584.0,5.1045
3060,FlashSAC,Mjlab-Velocity-Flat-Unitree-G1,3,avg_return,4999168.0,15.1627
3061,FlashSAC,Mjlab-Velocity-Flat-Unitree-G1,3,avg_return,7498752.0,13.0518
3062,FlashSAC,Mjlab-Velocity-Flat-Unitree-G1,3,avg_return,9998336.0,10.7806
3063,FlashSAC,Mjlab-Velocity-Flat-Unitree-G1,3,avg_return,12497920.0,6.9578
3064,FlashSAC,Mjlab-Velocity-Flat-Unitree-G1,3,avg_return,14997504.0,11.7069
3065,FlashSAC,Mjlab-Velocity-Flat-Unitree-G1,3,avg_return,17497088.0,25.8379
3066,FlashSAC,Mjlab-Velocity-Flat-Unitree-G1,3,avg_return,19996672.0,42.0361
3067,FlashSAC,Mjlab-Velocity-Flat-Unitree-G1,3,avg_return,22496256.0,50.2212
3068,FlashSAC,Mjlab-Velocity-Flat-Unitree-G1,3,avg_return,24995840.0,57.4394
3069,FlashSAC,Mjlab-Velocity-Flat-Unitree-G1,3,avg_return,27495424.0,63.0026
3070,FlashSAC,Mjlab-Velocity-Flat-Unitree-G1,3,avg_return,29995008.0,71.7676
3071,FlashSAC,Mjlab-Velocity-Flat-Unitree-G1,3,avg_return,32494592.0,77.5091
3072,FlashSAC,Mjlab-Velocity-Flat-Unitree-G1,3,avg_return,34994176.0,78.7059
3073,FlashSAC,Mjlab-Velocity-Flat-Unitree-G1,3,avg_return,37493760.0,80.8685
3074,FlashSAC,Mjlab-Velocity-Flat-Unitree-G1,3,avg_return,39993344.0,82.1286
3075,FlashSAC,Mjlab-Velocity-Flat-Unitree-G1,3,avg_return,42492928.0,85.9368
3076,FlashSAC,Mjlab-Velocity-Flat-Unitree-G1,3,avg_return,44992512.0,86.9421
3077,FlashSAC,Mjlab-Velocity-Flat-Unitree-G1,3,avg_return,47492096.0,89.0349
3078,FlashSAC,Mjlab-Velocity-Flat-Unitree-G1,3,avg_return,49991680.0,91.4852
3079,FlashSAC,Mjlab-Velocity-Flat-Unitree-G1,3,avg_return,50000896.0,91.1655
3080,FlashSAC,Mjlab-Velocity-Flat-Unitree-G1,3,avg_success,0.0,0.0
3081,FlashSAC,Mjlab-Velocity-Flat-Unitree-G1,3,avg_success,2499584.0,0.0
3082,FlashSAC,Mjlab-Velocity-Flat-Unitree-G1,3,avg_success,4999168.0,0.0
3083,FlashSAC,Mjlab-Velocity-Flat-Unitree-G1,3,avg_success,7498752.0,0.0
3084,FlashSAC,Mjlab-Velocity-Flat-Unitree-G1,3,avg_success,9998336.0,0.0
3085,FlashSAC,Mjlab-Velocity-Flat-Unitree-G1,3,avg_success,12497920.0,0.0
3086,FlashSAC,Mjlab-Velocity-Flat-Unitree-G1,3,avg_success,14997504.0,0.0
3087,FlashSAC,Mjlab-Velocity-Flat-Unitree-G1,3,avg_success,17497088.0,0.0
3088,FlashSAC,Mjlab-Velocity-Flat-Unitree-G1,3,avg_success,19996672.0,0.0
3089,FlashSAC,Mjlab-Velocity-Flat-Unitree-G1,3,avg_success,22496256.0,0.0
3090,FlashSAC,Mjlab-Velocity-Flat-Unitree-G1,3,avg_success,24995840.0,0.0
3091,FlashSAC,Mjlab-Velocity-Flat-Unitree-G1,3,avg_success,27495424.0,0.0
3092,FlashSAC,Mjlab-Velocity-Flat-Unitree-G1,3,avg_success,29995008.0,0.0
3093,FlashSAC,Mjlab-Velocity-Flat-Unitree-G1,3,avg_success,32494592.0,0.0
3094,FlashSAC,Mjlab-Velocity-Flat-Unitree-G1,3,avg_success,34994176.0,0.0
3095,FlashSAC,Mjlab-Velocity-Flat-Unitree-G1,3,avg_success,37493760.0,0.0
3096,FlashSAC,Mjlab-Velocity-Flat-Unitree-G1,3,avg_success,39993344.0,0.0
3097,FlashSAC,Mjlab-Velocity-Flat-Unitree-G1,3,avg_success,42492928.0,0.0
3098,FlashSAC,Mjlab-Velocity-Flat-Unitree-G1,3,avg_success,44992512.0,0.0
3099,FlashSAC,Mjlab-Velocity-Flat-Unitree-G1,3,avg_success,47492096.0,0.0
3100,FlashSAC,Mjlab-Velocity-Flat-Unitree-G1,3,avg_success,49991680.0,0.0
3101,FlashSAC,Mjlab-Velocity-Flat-Unitree-G1,3,avg_success,50000896.0,0.0
3102,FlashSAC,Mjlab-Velocity-Flat-Unitree-G1,4,avg_return,0.0,-2.504
3103,FlashSAC,Mjlab-Velocity-Flat-Unitree-G1,4,avg_return,2499584.0,6.0258
3104,FlashSAC,Mjlab-Velocity-Flat-Unitree-G1,4,avg_return,4999168.0,20.3731
3105,FlashSAC,Mjlab-Velocity-Flat-Unitree-G1,4,avg_return,7498752.0,17.4397
3106,FlashSAC,Mjlab-Velocity-Flat-Unitree-G1,4,avg_return,9998336.0,11.1878
3107,FlashSAC,Mjlab-Velocity-Flat-Unitree-G1,4,avg_return,12497920.0,11.0785
3108,FlashSAC,Mjlab-Velocity-Flat-Unitree-G1,4,avg_return,14997504.0,13.9759
3109,FlashSAC,Mjlab-Velocity-Flat-Unitree-G1,4,avg_return,17497088.0,23.785
3110,FlashSAC,Mjlab-Velocity-Flat-Unitree-G1,4,avg_return,19996672.0,40.6229
3111,FlashSAC,Mjlab-Velocity-Flat-Unitree-G1,4,avg_return,22496256.0,55.1353
3112,FlashSAC,Mjlab-Velocity-Flat-Unitree-G1,4,avg_return,24995840.0,64.1166
3113,FlashSAC,Mjlab-Velocity-Flat-Unitree-G1,4,avg_return,27495424.0,74.0292
3114,FlashSAC,Mjlab-Velocity-Flat-Unitree-G1,4,avg_return,29995008.0,76.0487
3115,FlashSAC,Mjlab-Velocity-Flat-Unitree-G1,4,avg_return,32494592.0,77.2229
3116,FlashSAC,Mjlab-Velocity-Flat-Unitree-G1,4,avg_return,34994176.0,76.7223
3117,FlashSAC,Mjlab-Velocity-Flat-Unitree-G1,4,avg_return,37493760.0,82.8815
3118,FlashSAC,Mjlab-Velocity-Flat-Unitree-G1,4,avg_return,39993344.0,81.6357
3119,FlashSAC,Mjlab-Velocity-Flat-Unitree-G1,4,avg_return,42492928.0,85.9037
3120,FlashSAC,Mjlab-Velocity-Flat-Unitree-G1,4,avg_return,44992512.0,88.6561
3121,FlashSAC,Mjlab-Velocity-Flat-Unitree-G1,4,avg_return,47492096.0,88.2215
3122,FlashSAC,Mjlab-Velocity-Flat-Unitree-G1,4,avg_return,49991680.0,87.7839
3123,FlashSAC,Mjlab-Velocity-Flat-Unitree-G1,4,avg_return,50000896.0,87.253
3124,FlashSAC,Mjlab-Velocity-Flat-Unitree-G1,4,avg_success,0.0,0.0
3125,FlashSAC,Mjlab-Velocity-Flat-Unitree-G1,4,avg_success,2499584.0,0.0
3126,FlashSAC,Mjlab-Velocity-Flat-Unitree-G1,4,avg_success,4999168.0,0.0
3127,FlashSAC,Mjlab-Velocity-Flat-Unitree-G1,4,avg_success,7498752.0,0.0
3128,FlashSAC,Mjlab-Velocity-Flat-Unitree-G1,4,avg_success,9998336.0,0.0
3129,FlashSAC,Mjlab-Velocity-Flat-Unitree-G1,4,avg_success,12497920.0,0.0
3130,FlashSAC,Mjlab-Velocity-Flat-Unitree-G1,4,avg_success,14997504.0,0.0
3131,FlashSAC,Mjlab-Velocity-Flat-Unitree-G1,4,avg_success,17497088.0,0.0
3132,FlashSAC,Mjlab-Velocity-Flat-Unitree-G1,4,avg_success,19996672.0,0.0
3133,FlashSAC,Mjlab-Velocity-Flat-Unitree-G1,4,avg_success,22496256.0,0.0
3134,FlashSAC,Mjlab-Velocity-Flat-Unitree-G1,4,avg_success,24995840.0,0.0
3135,FlashSAC,Mjlab-Velocity-Flat-Unitree-G1,4,avg_success,27495424.0,0.0
3136,FlashSAC,Mjlab-Velocity-Flat-Unitree-G1,4,avg_success,29995008.0,0.0
3137,FlashSAC,Mjlab-Velocity-Flat-Unitree-G1,4,avg_success,32494592.0,0.0
3138,FlashSAC,Mjlab-Velocity-Flat-Unitree-G1,4,avg_success,34994176.0,0.0
3139,FlashSAC,Mjlab-Velocity-Flat-Unitree-G1,4,avg_success,37493760.0,0.0
3140,FlashSAC,Mjlab-Velocity-Flat-Unitree-G1,4,avg_success,39993344.0,0.0
3141,FlashSAC,Mjlab-Velocity-Flat-Unitree-G1,4,avg_success,42492928.0,0.0
3142,FlashSAC,Mjlab-Velocity-Flat-Unitree-G1,4,avg_success,44992512.0,0.0
3143,FlashSAC,Mjlab-Velocity-Flat-Unitree-G1,4,avg_success,47492096.0,0.0
3144,FlashSAC,Mjlab-Velocity-Flat-Unitree-G1,4,avg_success,49991680.0,0.0
3145,FlashSAC,Mjlab-Velocity-Flat-Unitree-G1,4,avg_success,50000896.0,0.0
3146,FlashSAC,Mjlab-Velocity-Flat-Unitree-G1,5,avg_return,0.0,-2.7311
3147,FlashSAC,Mjlab-Velocity-Flat-Unitree-G1,5,avg_return,2499584.0,5.7508
3148,FlashSAC,Mjlab-Velocity-Flat-Unitree-G1,5,avg_return,4999168.0,17.4896
3149,FlashSAC,Mjlab-Velocity-Flat-Unitree-G1,5,avg_return,7498752.0,18.0338
3150,FlashSAC,Mjlab-Velocity-Flat-Unitree-G1,5,avg_return,9998336.0,11.935
3151,FlashSAC,Mjlab-Velocity-Flat-Unitree-G1,5,avg_return,12497920.0,10.3727
3152,FlashSAC,Mjlab-Velocity-Flat-Unitree-G1,5,avg_return,14997504.0,12.711
3153,FlashSAC,Mjlab-Velocity-Flat-Unitree-G1,5,avg_return,17497088.0,31.0477
3154,FlashSAC,Mjlab-Velocity-Flat-Unitree-G1,5,avg_return,19996672.0,38.893
3155,FlashSAC,Mjlab-Velocity-Flat-Unitree-G1,5,avg_return,22496256.0,45.8508
3156,FlashSAC,Mjlab-Velocity-Flat-Unitree-G1,5,avg_return,24995840.0,69.6102
3157,FlashSAC,Mjlab-Velocity-Flat-Unitree-G1,5,avg_return,27495424.0,72.5092
3158,FlashSAC,Mjlab-Velocity-Flat-Unitree-G1,5,avg_return,29995008.0,75.759
3159,FlashSAC,Mjlab-Velocity-Flat-Unitree-G1,5,avg_return,32494592.0,78.3099
3160,FlashSAC,Mjlab-Velocity-Flat-Unitree-G1,5,avg_return,34994176.0,79.978
3161,FlashSAC,Mjlab-Velocity-Flat-Unitree-G1,5,avg_return,37493760.0,83.5956
3162,FlashSAC,Mjlab-Velocity-Flat-Unitree-G1,5,avg_return,39993344.0,85.1097
3163,FlashSAC,Mjlab-Velocity-Flat-Unitree-G1,5,avg_return,42492928.0,86.3613
3164,FlashSAC,Mjlab-Velocity-Flat-Unitree-G1,5,avg_return,44992512.0,87.9778
3165,FlashSAC,Mjlab-Velocity-Flat-Unitree-G1,5,avg_return,47492096.0,90.152
3166,FlashSAC,Mjlab-Velocity-Flat-Unitree-G1,5,avg_return,49991680.0,91.227
3167,FlashSAC,Mjlab-Velocity-Flat-Unitree-G1,5,avg_return,50000896.0,90.8913
3168,FlashSAC,Mjlab-Velocity-Flat-Unitree-G1,5,avg_success,0.0,0.0
3169,FlashSAC,Mjlab-Velocity-Flat-Unitree-G1,5,avg_success,2499584.0,0.0
3170,FlashSAC,Mjlab-Velocity-Flat-Unitree-G1,5,avg_success,4999168.0,0.0
3171,FlashSAC,Mjlab-Velocity-Flat-Unitree-G1,5,avg_success,7498752.0,0.0
3172,FlashSAC,Mjlab-Velocity-Flat-Unitree-G1,5,avg_success,9998336.0,0.0
3173,FlashSAC,Mjlab-Velocity-Flat-Unitree-G1,5,avg_success,12497920.0,0.0
3174,FlashSAC,Mjlab-Velocity-Flat-Unitree-G1,5,avg_success,14997504.0,0.0
3175,FlashSAC,Mjlab-Velocity-Flat-Unitree-G1,5,avg_success,17497088.0,0.0
3176,FlashSAC,Mjlab-Velocity-Flat-Unitree-G1,5,avg_success,19996672.0,0.0
3177,FlashSAC,Mjlab-Velocity-Flat-Unitree-G1,5,avg_success,22496256.0,0.0
3178,FlashSAC,Mjlab-Velocity-Flat-Unitree-G1,5,avg_success,24995840.0,0.0
3179,FlashSAC,Mjlab-Velocity-Flat-Unitree-G1,5,avg_success,27495424.0,0.0
3180,FlashSAC,Mjlab-Velocity-Flat-Unitree-G1,5,avg_success,29995008.0,0.0
3181,FlashSAC,Mjlab-Velocity-Flat-Unitree-G1,5,avg_success,32494592.0,0.0
3182,FlashSAC,Mjlab-Velocity-Flat-Unitree-G1,5,avg_success,34994176.0,0.0
3183,FlashSAC,Mjlab-Velocity-Flat-Unitree-G1,5,avg_success,37493760.0,0.0
3184,FlashSAC,Mjlab-Velocity-Flat-Unitree-G1,5,avg_success,39993344.0,0.0
3185,FlashSAC,Mjlab-Velocity-Flat-Unitree-G1,5,avg_success,42492928.0,0.0
3186,FlashSAC,Mjlab-Velocity-Flat-Unitree-G1,5,avg_success,44992512.0,0.0
3187,FlashSAC,Mjlab-Velocity-Flat-Unitree-G1,5,avg_success,47492096.0,0.0
3188,FlashSAC,Mjlab-Velocity-Flat-Unitree-G1,5,avg_success,49991680.0,0.0
3189,FlashSAC,Mjlab-Velocity-Flat-Unitree-G1,5,avg_success,50000896.0,0.0
3190,FlashSAC,Mjlab-Velocity-Flat-Unitree-Go1,1,avg_return,0.0,12.5297
3191,FlashSAC,Mjlab-Velocity-Flat-Unitree-Go1,1,avg_return,2499584.0,75.2745
3192,FlashSAC,Mjlab-Velocity-Flat-Unitree-Go1,1,avg_return,4999168.0,75.2613
3193,FlashSAC,Mjlab-Velocity-Flat-Unitree-Go1,1,avg_return,7498752.0,73.687
3194,FlashSAC,Mjlab-Velocity-Flat-Unitree-Go1,1,avg_return,9998336.0,78.0298
3195,FlashSAC,Mjlab-Velocity-Flat-Unitree-Go1,1,avg_return,12497920.0,82.063
3196,FlashSAC,Mjlab-Velocity-Flat-Unitree-Go1,1,avg_return,14997504.0,81.4146
3197,FlashSAC,Mjlab-Velocity-Flat-Unitree-Go1,1,avg_return,17497088.0,86.1405
3198,FlashSAC,Mjlab-Velocity-Flat-Unitree-Go1,1,avg_return,19996672.0,86.0518
3199,FlashSAC,Mjlab-Velocity-Flat-Unitree-Go1,1,avg_return,22496256.0,87.1568
3200,FlashSAC,Mjlab-Velocity-Flat-Unitree-Go1,1,avg_return,24995840.0,86.8623
3201,FlashSAC,Mjlab-Velocity-Flat-Unitree-Go1,1,avg_return,27495424.0,86.8339
3202,FlashSAC,Mjlab-Velocity-Flat-Unitree-Go1,1,avg_return,29995008.0,88.4959
3203,FlashSAC,Mjlab-Velocity-Flat-Unitree-Go1,1,avg_return,32494592.0,87.8258
3204,FlashSAC,Mjlab-Velocity-Flat-Unitree-Go1,1,avg_return,34994176.0,89.4297
3205,FlashSAC,Mjlab-Velocity-Flat-Unitree-Go1,1,avg_return,37493760.0,93.0179
3206,FlashSAC,Mjlab-Velocity-Flat-Unitree-Go1,1,avg_return,39993344.0,89.1339
3207,FlashSAC,Mjlab-Velocity-Flat-Unitree-Go1,1,avg_return,42492928.0,91.5089
3208,FlashSAC,Mjlab-Velocity-Flat-Unitree-Go1,1,avg_return,44992512.0,95.2566
3209,FlashSAC,Mjlab-Velocity-Flat-Unitree-Go1,1,avg_return,47492096.0,98.8613
3210,FlashSAC,Mjlab-Velocity-Flat-Unitree-Go1,1,avg_return,49991680.0,99.1709
3211,FlashSAC,Mjlab-Velocity-Flat-Unitree-Go1,1,avg_return,50000896.0,98.9784
3212,FlashSAC,Mjlab-Velocity-Flat-Unitree-Go1,1,avg_success,0.0,0.0
3213,FlashSAC,Mjlab-Velocity-Flat-Unitree-Go1,1,avg_success,2499584.0,0.0
3214,FlashSAC,Mjlab-Velocity-Flat-Unitree-Go1,1,avg_success,4999168.0,0.0
3215,FlashSAC,Mjlab-Velocity-Flat-Unitree-Go1,1,avg_success,7498752.0,0.0
3216,FlashSAC,Mjlab-Velocity-Flat-Unitree-Go1,1,avg_success,9998336.0,0.0
3217,FlashSAC,Mjlab-Velocity-Flat-Unitree-Go1,1,avg_success,12497920.0,0.0
3218,FlashSAC,Mjlab-Velocity-Flat-Unitree-Go1,1,avg_success,14997504.0,0.0
3219,FlashSAC,Mjlab-Velocity-Flat-Unitree-Go1,1,avg_success,17497088.0,0.0
3220,FlashSAC,Mjlab-Velocity-Flat-Unitree-Go1,1,avg_success,19996672.0,0.0
3221,FlashSAC,Mjlab-Velocity-Flat-Unitree-Go1,1,avg_success,22496256.0,0.0
3222,FlashSAC,Mjlab-Velocity-Flat-Unitree-Go1,1,avg_success,24995840.0,0.0
3223,FlashSAC,Mjlab-Velocity-Flat-Unitree-Go1,1,avg_success,27495424.0,0.0
3224,FlashSAC,Mjlab-Velocity-Flat-Unitree-Go1,1,avg_success,29995008.0,0.0
3225,FlashSAC,Mjlab-Velocity-Flat-Unitree-Go1,1,avg_success,32494592.0,0.0
3226,FlashSAC,Mjlab-Velocity-Flat-Unitree-Go1,1,avg_success,34994176.0,0.0
3227,FlashSAC,Mjlab-Velocity-Flat-Unitree-Go1,1,avg_success,37493760.0,0.0
3228,FlashSAC,Mjlab-Velocity-Flat-Unitree-Go1,1,avg_success,39993344.0,0.0
3229,FlashSAC,Mjlab-Velocity-Flat-Unitree-Go1,1,avg_success,42492928.0,0.0
3230,FlashSAC,Mjlab-Velocity-Flat-Unitree-Go1,1,avg_success,44992512.0,0.0
3231,FlashSAC,Mjlab-Velocity-Flat-Unitree-Go1,1,avg_success,47492096.0,0.0
3232,FlashSAC,Mjlab-Velocity-Flat-Unitree-Go1,1,avg_success,49991680.0,0.0
3233,FlashSAC,Mjlab-Velocity-Flat-Unitree-Go1,1,avg_success,50000896.0,0.0
3234,FlashSAC,Mjlab-Velocity-Flat-Unitree-Go1,2,avg_return,0.0,4.9339
3235,FlashSAC,Mjlab-Velocity-Flat-Unitree-Go1,2,avg_return,2499584.0,77.8799
3236,FlashSAC,Mjlab-Velocity-Flat-Unitree-Go1,2,avg_return,4999168.0,81.5768
3237,FlashSAC,Mjlab-Velocity-Flat-Unitree-Go1,2,avg_return,7498752.0,79.411
3238,FlashSAC,Mjlab-Velocity-Flat-Unitree-Go1,2,avg_return,9998336.0,80.8995
3239,FlashSAC,Mjlab-Velocity-Flat-Unitree-Go1,2,avg_return,12497920.0,80.6843
3240,FlashSAC,Mjlab-Velocity-Flat-Unitree-Go1,2,avg_return,14997504.0,81.455
3241,FlashSAC,Mjlab-Velocity-Flat-Unitree-Go1,2,avg_return,17497088.0,84.9904
3242,FlashSAC,Mjlab-Velocity-Flat-Unitree-Go1,2,avg_return,19996672.0,87.029
3243,FlashSAC,Mjlab-Velocity-Flat-Unitree-Go1,2,avg_return,22496256.0,86.5265
3244,FlashSAC,Mjlab-Velocity-Flat-Unitree-Go1,2,avg_return,24995840.0,87.6566
3245,FlashSAC,Mjlab-Velocity-Flat-Unitree-Go1,2,avg_return,27495424.0,91.9204
3246,FlashSAC,Mjlab-Velocity-Flat-Unitree-Go1,2,avg_return,29995008.0,90.8673
3247,FlashSAC,Mjlab-Velocity-Flat-Unitree-Go1,2,avg_return,32494592.0,93.0692
3248,FlashSAC,Mjlab-Velocity-Flat-Unitree-Go1,2,avg_return,34994176.0,93.7399
3249,FlashSAC,Mjlab-Velocity-Flat-Unitree-Go1,2,avg_return,37493760.0,95.4017
3250,FlashSAC,Mjlab-Velocity-Flat-Unitree-Go1,2,avg_return,39993344.0,96.1866
3251,FlashSAC,Mjlab-Velocity-Flat-Unitree-Go1,2,avg_return,42492928.0,99.0621
3252,FlashSAC,Mjlab-Velocity-Flat-Unitree-Go1,2,avg_return,44992512.0,98.8397
3253,FlashSAC,Mjlab-Velocity-Flat-Unitree-Go1,2,avg_return,47492096.0,99.7248
3254,FlashSAC,Mjlab-Velocity-Flat-Unitree-Go1,2,avg_return,49991680.0,98.9254
3255,FlashSAC,Mjlab-Velocity-Flat-Unitree-Go1,2,avg_return,50000896.0,98.674
3256,FlashSAC,Mjlab-Velocity-Flat-Unitree-Go1,2,avg_success,0.0,0.0
3257,FlashSAC,Mjlab-Velocity-Flat-Unitree-Go1,2,avg_success,2499584.0,0.0
3258,FlashSAC,Mjlab-Velocity-Flat-Unitree-Go1,2,avg_success,4999168.0,0.0
3259,FlashSAC,Mjlab-Velocity-Flat-Unitree-Go1,2,avg_success,7498752.0,0.0
3260,FlashSAC,Mjlab-Velocity-Flat-Unitree-Go1,2,avg_success,9998336.0,0.0
3261,FlashSAC,Mjlab-Velocity-Flat-Unitree-Go1,2,avg_success,12497920.0,0.0
3262,FlashSAC,Mjlab-Velocity-Flat-Unitree-Go1,2,avg_success,14997504.0,0.0
3263,FlashSAC,Mjlab-Velocity-Flat-Unitree-Go1,2,avg_success,17497088.0,0.0
3264,FlashSAC,Mjlab-Velocity-Flat-Unitree-Go1,2,avg_success,19996672.0,0.0
3265,FlashSAC,Mjlab-Velocity-Flat-Unitree-Go1,2,avg_success,22496256.0,0.0
3266,FlashSAC,Mjlab-Velocity-Flat-Unitree-Go1,2,avg_success,24995840.0,0.0
3267,FlashSAC,Mjlab-Velocity-Flat-Unitree-Go1,2,avg_success,27495424.0,0.0
3268,FlashSAC,Mjlab-Velocity-Flat-Unitree-Go1,2,avg_success,29995008.0,0.0
3269,FlashSAC,Mjlab-Velocity-Flat-Unitree-Go1,2,avg_success,32494592.0,0.0
3270,FlashSAC,Mjlab-Velocity-Flat-Unitree-Go1,2,avg_success,34994176.0,0.0
3271,FlashSAC,Mjlab-Velocity-Flat-Unitree-Go1,2,avg_success,37493760.0,0.0
3272,FlashSAC,Mjlab-Velocity-Flat-Unitree-Go1,2,avg_success,39993344.0,0.0
3273,FlashSAC,Mjlab-Velocity-Flat-Unitree-Go1,2,avg_success,42492928.0,0.0
3274,FlashSAC,Mjlab-Velocity-Flat-Unitree-Go1,2,avg_success,44992512.0,0.0
3275,FlashSAC,Mjlab-Velocity-Flat-Unitree-Go1,2,avg_success,47492096.0,0.0
3276,FlashSAC,Mjlab-Velocity-Flat-Unitree-Go1,2,avg_success,49991680.0,0.0
3277,FlashSAC,Mjlab-Velocity-Flat-Unitree-Go1,2,avg_success,50000896.0,0.0
3278,FlashSAC,Mjlab-Velocity-Flat-Unitree-Go1,3,avg_return,0.0,4.7771
3279,FlashSAC,Mjlab-Velocity-Flat-Unitree-Go1,3,avg_return,2499584.0,76.9647
3280,FlashSAC,Mjlab-Velocity-Flat-Unitree-Go1,3,avg_return,4999168.0,78.6421
3281,FlashSAC,Mjlab-Velocity-Flat-Unitree-Go1,3,avg_return,7498752.0,79.8947
3282,FlashSAC,Mjlab-Velocity-Flat-Unitree-Go1,3,avg_return,9998336.0,76.5707
3283,FlashSAC,Mjlab-Velocity-Flat-Unitree-Go1,3,avg_return,12497920.0,82.0003
3284,FlashSAC,Mjlab-Velocity-Flat-Unitree-Go1,3,avg_return,14997504.0,77.4267
3285,FlashSAC,Mjlab-Velocity-Flat-Unitree-Go1,3,avg_return,17497088.0,85.2209
3286,FlashSAC,Mjlab-Velocity-Flat-Unitree-Go1,3,avg_return,19996672.0,86.4306
3287,FlashSAC,Mjlab-Velocity-Flat-Unitree-Go1,3,avg_return,22496256.0,86.1452
3288,FlashSAC,Mjlab-Velocity-Flat-Unitree-Go1,3,avg_return,24995840.0,86.586
3289,FlashSAC,Mjlab-Velocity-Flat-Unitree-Go1,3,avg_return,27495424.0,88.9388
3290,FlashSAC,Mjlab-Velocity-Flat-Unitree-Go1,3,avg_return,29995008.0,91.0118
3291,FlashSAC,Mjlab-Velocity-Flat-Unitree-Go1,3,avg_return,32494592.0,90.2509
3292,FlashSAC,Mjlab-Velocity-Flat-Unitree-Go1,3,avg_return,34994176.0,94.6816
3293,FlashSAC,Mjlab-Velocity-Flat-Unitree-Go1,3,avg_return,37493760.0,95.268
3294,FlashSAC,Mjlab-Velocity-Flat-Unitree-Go1,3,avg_return,39993344.0,96.7242
3295,FlashSAC,Mjlab-Velocity-Flat-Unitree-Go1,3,avg_return,42492928.0,97.6733
3296,FlashSAC,Mjlab-Velocity-Flat-Unitree-Go1,3,avg_return,44992512.0,97.7691
3297,FlashSAC,Mjlab-Velocity-Flat-Unitree-Go1,3,avg_return,47492096.0,99.6885
3298,FlashSAC,Mjlab-Velocity-Flat-Unitree-Go1,3,avg_return,49991680.0,100.1906
3299,FlashSAC,Mjlab-Velocity-Flat-Unitree-Go1,3,avg_return,50000896.0,99.1596
3300,FlashSAC,Mjlab-Velocity-Flat-Unitree-Go1,3,avg_success,0.0,0.0
3301,FlashSAC,Mjlab-Velocity-Flat-Unitree-Go1,3,avg_success,2499584.0,0.0
3302,FlashSAC,Mjlab-Velocity-Flat-Unitree-Go1,3,avg_success,4999168.0,0.0
3303,FlashSAC,Mjlab-Velocity-Flat-Unitree-Go1,3,avg_success,7498752.0,0.0
3304,FlashSAC,Mjlab-Velocity-Flat-Unitree-Go1,3,avg_success,9998336.0,0.0
3305,FlashSAC,Mjlab-Velocity-Flat-Unitree-Go1,3,avg_success,12497920.0,0.0
3306,FlashSAC,Mjlab-Velocity-Flat-Unitree-Go1,3,avg_success,14997504.0,0.0
3307,FlashSAC,Mjlab-Velocity-Flat-Unitree-Go1,3,avg_success,17497088.0,0.0
3308,FlashSAC,Mjlab-Velocity-Flat-Unitree-Go1,3,avg_success,19996672.0,0.0
3309,FlashSAC,Mjlab-Velocity-Flat-Unitree-Go1,3,avg_success,22496256.0,0.0
3310,FlashSAC,Mjlab-Velocity-Flat-Unitree-Go1,3,avg_success,24995840.0,0.0
3311,FlashSAC,Mjlab-Velocity-Flat-Unitree-Go1,3,avg_success,27495424.0,0.0
3312,FlashSAC,Mjlab-Velocity-Flat-Unitree-Go1,3,avg_success,29995008.0,0.0
3313,FlashSAC,Mjlab-Velocity-Flat-Unitree-Go1,3,avg_success,32494592.0,0.0
3314,FlashSAC,Mjlab-Velocity-Flat-Unitree-Go1,3,avg_success,34994176.0,0.0
3315,FlashSAC,Mjlab-Velocity-Flat-Unitree-Go1,3,avg_success,37493760.0,0.0
3316,FlashSAC,Mjlab-Velocity-Flat-Unitree-Go1,3,avg_success,39993344.0,0.0
3317,FlashSAC,Mjlab-Velocity-Flat-Unitree-Go1,3,avg_success,42492928.0,0.0
3318,FlashSAC,Mjlab-Velocity-Flat-Unitree-Go1,3,avg_success,44992512.0,0.0
3319,FlashSAC,Mjlab-Velocity-Flat-Unitree-Go1,3,avg_success,47492096.0,0.0
3320,FlashSAC,Mjlab-Velocity-Flat-Unitree-Go1,3,avg_success,49991680.0,0.0
3321,FlashSAC,Mjlab-Velocity-Flat-Unitree-Go1,3,avg_success,50000896.0,0.0
3322,FlashSAC,Mjlab-Velocity-Flat-Unitree-Go1,4,avg_return,0.0,3.287
3323,FlashSAC,Mjlab-Velocity-Flat-Unitree-Go1,4,avg_return,2499584.0,73.9701
3324,FlashSAC,Mjlab-Velocity-Flat-Unitree-Go1,4,avg_return,4999168.0,77.046
3325,FlashSAC,Mjlab-Velocity-Flat-Unitree-Go1,4,avg_return,7498752.0,81.6788
3326,FlashSAC,Mjlab-Velocity-Flat-Unitree-Go1,4,avg_return,9998336.0,78.1525
3327,FlashSAC,Mjlab-Velocity-Flat-Unitree-Go1,4,avg_return,12497920.0,82.3363
3328,FlashSAC,Mjlab-Velocity-Flat-Unitree-Go1,4,avg_return,14997504.0,85.5637
3329,FlashSAC,Mjlab-Velocity-Flat-Unitree-Go1,4,avg_return,17497088.0,83.1865
3330,FlashSAC,Mjlab-Velocity-Flat-Unitree-Go1,4,avg_return,19996672.0,85.1551
3331,FlashSAC,Mjlab-Velocity-Flat-Unitree-Go1,4,avg_return,22496256.0,86.7443
3332,FlashSAC,Mjlab-Velocity-Flat-Unitree-Go1,4,avg_return,24995840.0,86.081
3333,FlashSAC,Mjlab-Velocity-Flat-Unitree-Go1,4,avg_return,27495424.0,87.8821
3334,FlashSAC,Mjlab-Velocity-Flat-Unitree-Go1,4,avg_return,29995008.0,88.729
3335,FlashSAC,Mjlab-Velocity-Flat-Unitree-Go1,4,avg_return,32494592.0,92.6488
3336,FlashSAC,Mjlab-Velocity-Flat-Unitree-Go1,4,avg_return,34994176.0,92.8778
3337,FlashSAC,Mjlab-Velocity-Flat-Unitree-Go1,4,avg_return,37493760.0,95.0824
3338,FlashSAC,Mjlab-Velocity-Flat-Unitree-Go1,4,avg_return,39993344.0,94.6518
3339,FlashSAC,Mjlab-Velocity-Flat-Unitree-Go1,4,avg_return,42492928.0,93.6248
3340,FlashSAC,Mjlab-Velocity-Flat-Unitree-Go1,4,avg_return,44992512.0,96.195
3341,FlashSAC,Mjlab-Velocity-Flat-Unitree-Go1,4,avg_return,47492096.0,98.3178
3342,FlashSAC,Mjlab-Velocity-Flat-Unitree-Go1,4,avg_return,49991680.0,98.2725
3343,FlashSAC,Mjlab-Velocity-Flat-Unitree-Go1,4,avg_return,50000896.0,98.8813
3344,FlashSAC,Mjlab-Velocity-Flat-Unitree-Go1,4,avg_success,0.0,0.0
3345,FlashSAC,Mjlab-Velocity-Flat-Unitree-Go1,4,avg_success,2499584.0,0.0
3346,FlashSAC,Mjlab-Velocity-Flat-Unitree-Go1,4,avg_success,4999168.0,0.0
3347,FlashSAC,Mjlab-Velocity-Flat-Unitree-Go1,4,avg_success,7498752.0,0.0
3348,FlashSAC,Mjlab-Velocity-Flat-Unitree-Go1,4,avg_success,9998336.0,0.0
3349,FlashSAC,Mjlab-Velocity-Flat-Unitree-Go1,4,avg_success,12497920.0,0.0
3350,FlashSAC,Mjlab-Velocity-Flat-Unitree-Go1,4,avg_success,14997504.0,0.0
3351,FlashSAC,Mjlab-Velocity-Flat-Unitree-Go1,4,avg_success,17497088.0,0.0
3352,FlashSAC,Mjlab-Velocity-Flat-Unitree-Go1,4,avg_success,19996672.0,0.0
3353,FlashSAC,Mjlab-Velocity-Flat-Unitree-Go1,4,avg_success,22496256.0,0.0
3354,FlashSAC,Mjlab-Velocity-Flat-Unitree-Go1,4,avg_success,24995840.0,0.0
3355,FlashSAC,Mjlab-Velocity-Flat-Unitree-Go1,4,avg_success,27495424.0,0.0
3356,FlashSAC,Mjlab-Velocity-Flat-Unitree-Go1,4,avg_success,29995008.0,0.0
3357,FlashSAC,Mjlab-Velocity-Flat-Unitree-Go1,4,avg_success,32494592.0,0.0
3358,FlashSAC,Mjlab-Velocity-Flat-Unitree-Go1,4,avg_success,34994176.0,0.0
3359,FlashSAC,Mjlab-Velocity-Flat-Unitree-Go1,4,avg_success,37493760.0,0.0
3360,FlashSAC,Mjlab-Velocity-Flat-Unitree-Go1,4,avg_success,39993344.0,0.0
3361,FlashSAC,Mjlab-Velocity-Flat-Unitree-Go1,4,avg_success,42492928.0,0.0
3362,FlashSAC,Mjlab-Velocity-Flat-Unitree-Go1,4,avg_success,44992512.0,0.0
3363,FlashSAC,Mjlab-Velocity-Flat-Unitree-Go1,4,avg_success,47492096.0,0.0
3364,FlashSAC,Mjlab-Velocity-Flat-Unitree-Go1,4,avg_success,49991680.0,0.0
3365,FlashSAC,Mjlab-Velocity-Flat-Unitree-Go1,4,avg_success,50000896.0,0.0
3366,FlashSAC,Mjlab-Velocity-Flat-Unitree-Go1,5,avg_return,0.0,2.2462
3367,FlashSAC,Mjlab-Velocity-Flat-Unitree-Go1,5,avg_return,2499584.0,72.5916
3368,FlashSAC,Mjlab-Velocity-Flat-Unitree-Go1,5,avg_return,4999168.0,76.8422
3369,FlashSAC,Mjlab-Velocity-Flat-Unitree-Go1,5,avg_return,7498752.0,80.6854
3370,FlashSAC,Mjlab-Velocity-Flat-Unitree-Go1,5,avg_return,9998336.0,81.4004
3371,FlashSAC,Mjlab-Velocity-Flat-Unitree-Go1,5,avg_return,12497920.0,81.095
3372,FlashSAC,Mjlab-Velocity-Flat-Unitree-Go1,5,avg_return,14997504.0,80.9006
3373,FlashSAC,Mjlab-Velocity-Flat-Unitree-Go1,5,avg_return,17497088.0,84.0544
3374,FlashSAC,Mjlab-Velocity-Flat-Unitree-Go1,5,avg_return,19996672.0,84.3129
3375,FlashSAC,Mjlab-Velocity-Flat-Unitree-Go1,5,avg_return,22496256.0,87.5121
3376,FlashSAC,Mjlab-Velocity-Flat-Unitree-Go1,5,avg_return,24995840.0,86.6355
3377,FlashSAC,Mjlab-Velocity-Flat-Unitree-Go1,5,avg_return,27495424.0,88.3167
3378,FlashSAC,Mjlab-Velocity-Flat-Unitree-Go1,5,avg_return,29995008.0,88.4124
3379,FlashSAC,Mjlab-Velocity-Flat-Unitree-Go1,5,avg_return,32494592.0,91.2489
3380,FlashSAC,Mjlab-Velocity-Flat-Unitree-Go1,5,avg_return,34994176.0,91.8868
3381,FlashSAC,Mjlab-Velocity-Flat-Unitree-Go1,5,avg_return,37493760.0,94.9055
3382,FlashSAC,Mjlab-Velocity-Flat-Unitree-Go1,5,avg_return,39993344.0,96.4783
3383,FlashSAC,Mjlab-Velocity-Flat-Unitree-Go1,5,avg_return,42492928.0,95.6652
3384,FlashSAC,Mjlab-Velocity-Flat-Unitree-Go1,5,avg_return,44992512.0,96.9077
3385,FlashSAC,Mjlab-Velocity-Flat-Unitree-Go1,5,avg_return,47492096.0,97.1279
3386,FlashSAC,Mjlab-Velocity-Flat-Unitree-Go1,5,avg_return,49991680.0,97.9124
3387,FlashSAC,Mjlab-Velocity-Flat-Unitree-Go1,5,avg_return,50000896.0,98.5691
3388,FlashSAC,Mjlab-Velocity-Flat-Unitree-Go1,5,avg_success,0.0,0.0
3389,FlashSAC,Mjlab-Velocity-Flat-Unitree-Go1,5,avg_success,2499584.0,0.0
3390,FlashSAC,Mjlab-Velocity-Flat-Unitree-Go1,5,avg_success,4999168.0,0.0
3391,FlashSAC,Mjlab-Velocity-Flat-Unitree-Go1,5,avg_success,7498752.0,0.0
3392,FlashSAC,Mjlab-Velocity-Flat-Unitree-Go1,5,avg_success,9998336.0,0.0
3393,FlashSAC,Mjlab-Velocity-Flat-Unitree-Go1,5,avg_success,12497920.0,0.0
3394,FlashSAC,Mjlab-Velocity-Flat-Unitree-Go1,5,avg_success,14997504.0,0.0
3395,FlashSAC,Mjlab-Velocity-Flat-Unitree-Go1,5,avg_success,17497088.0,0.0
3396,FlashSAC,Mjlab-Velocity-Flat-Unitree-Go1,5,avg_success,19996672.0,0.0
3397,FlashSAC,Mjlab-Velocity-Flat-Unitree-Go1,5,avg_success,22496256.0,0.0
3398,FlashSAC,Mjlab-Velocity-Flat-Unitree-Go1,5,avg_success,24995840.0,0.0
3399,FlashSAC,Mjlab-Velocity-Flat-Unitree-Go1,5,avg_success,27495424.0,0.0
3400,FlashSAC,Mjlab-Velocity-Flat-Unitree-Go1,5,avg_success,29995008.0,0.0
3401,FlashSAC,Mjlab-Velocity-Flat-Unitree-Go1,5,avg_success,32494592.0,0.0
3402,FlashSAC,Mjlab-Velocity-Flat-Unitree-Go1,5,avg_success,34994176.0,0.0
3403,FlashSAC,Mjlab-Velocity-Flat-Unitree-Go1,5,avg_success,37493760.0,0.0
3404,FlashSAC,Mjlab-Velocity-Flat-Unitree-Go1,5,avg_success,39993344.0,0.0
3405,FlashSAC,Mjlab-Velocity-Flat-Unitree-Go1,5,avg_success,42492928.0,0.0
3406,FlashSAC,Mjlab-Velocity-Flat-Unitree-Go1,5,avg_success,44992512.0,0.0
3407,FlashSAC,Mjlab-Velocity-Flat-Unitree-Go1,5,avg_success,47492096.0,0.0
3408,FlashSAC,Mjlab-Velocity-Flat-Unitree-Go1,5,avg_success,49991680.0,0.0
3409,FlashSAC,Mjlab-Velocity-Flat-Unitree-Go1,5,avg_success,50000896.0,0.0
3410,FlashSAC,Mjlab-Velocity-Rough-Unitree-G1,1,avg_return,0.0,-2.1754
3411,FlashSAC,Mjlab-Velocity-Rough-Unitree-G1,1,avg_return,2499584.0,4.1969
3412,FlashSAC,Mjlab-Velocity-Rough-Unitree-G1,1,avg_return,4999168.0,16.39
3413,FlashSAC,Mjlab-Velocity-Rough-Unitree-G1,1,avg_return,7498752.0,16.0659
3414,FlashSAC,Mjlab-Velocity-Rough-Unitree-G1,1,avg_return,9998336.0,11.7842
3415,FlashSAC,Mjlab-Velocity-Rough-Unitree-G1,1,avg_return,12497920.0,11.0975
3416,FlashSAC,Mjlab-Velocity-Rough-Unitree-G1,1,avg_return,14997504.0,12.9037
3417,FlashSAC,Mjlab-Velocity-Rough-Unitree-G1,1,avg_return,17497088.0,23.9962
3418,FlashSAC,Mjlab-Velocity-Rough-Unitree-G1,1,avg_return,19996672.0,30.7008
3419,FlashSAC,Mjlab-Velocity-Rough-Unitree-G1,1,avg_return,22496256.0,31.7304
3420,FlashSAC,Mjlab-Velocity-Rough-Unitree-G1,1,avg_return,24995840.0,37.6246
3421,FlashSAC,Mjlab-Velocity-Rough-Unitree-G1,1,avg_return,27495424.0,54.3126
3422,FlashSAC,Mjlab-Velocity-Rough-Unitree-G1,1,avg_return,29995008.0,54.8069
3423,FlashSAC,Mjlab-Velocity-Rough-Unitree-G1,1,avg_return,32494592.0,55.0506
3424,FlashSAC,Mjlab-Velocity-Rough-Unitree-G1,1,avg_return,34994176.0,57.4172
3425,FlashSAC,Mjlab-Velocity-Rough-Unitree-G1,1,avg_return,37493760.0,54.9857
3426,FlashSAC,Mjlab-Velocity-Rough-Unitree-G1,1,avg_return,39993344.0,57.3187
3427,FlashSAC,Mjlab-Velocity-Rough-Unitree-G1,1,avg_return,42492928.0,63.0695
3428,FlashSAC,Mjlab-Velocity-Rough-Unitree-G1,1,avg_return,44992512.0,68.7462
3429,FlashSAC,Mjlab-Velocity-Rough-Unitree-G1,1,avg_return,47492096.0,50.0831
3430,FlashSAC,Mjlab-Velocity-Rough-Unitree-G1,1,avg_return,49991680.0,65.0217
3431,FlashSAC,Mjlab-Velocity-Rough-Unitree-G1,1,avg_return,50000896.0,66.9114
3432,FlashSAC,Mjlab-Velocity-Rough-Unitree-G1,1,avg_success,0.0,0.0
3433,FlashSAC,Mjlab-Velocity-Rough-Unitree-G1,1,avg_success,2499584.0,0.0
3434,FlashSAC,Mjlab-Velocity-Rough-Unitree-G1,1,avg_success,4999168.0,0.0
3435,FlashSAC,Mjlab-Velocity-Rough-Unitree-G1,1,avg_success,7498752.0,0.0
3436,FlashSAC,Mjlab-Velocity-Rough-Unitree-G1,1,avg_success,9998336.0,0.0
3437,FlashSAC,Mjlab-Velocity-Rough-Unitree-G1,1,avg_success,12497920.0,0.0
3438,FlashSAC,Mjlab-Velocity-Rough-Unitree-G1,1,avg_success,14997504.0,0.0
3439,FlashSAC,Mjlab-Velocity-Rough-Unitree-G1,1,avg_success,17497088.0,0.0
3440,FlashSAC,Mjlab-Velocity-Rough-Unitree-G1,1,avg_success,19996672.0,0.0
3441,FlashSAC,Mjlab-Velocity-Rough-Unitree-G1,1,avg_success,22496256.0,0.0
3442,FlashSAC,Mjlab-Velocity-Rough-Unitree-G1,1,avg_success,24995840.0,0.0
3443,FlashSAC,Mjlab-Velocity-Rough-Unitree-G1,1,avg_success,27495424.0,0.0
3444,FlashSAC,Mjlab-Velocity-Rough-Unitree-G1,1,avg_success,29995008.0,0.0
3445,FlashSAC,Mjlab-Velocity-Rough-Unitree-G1,1,avg_success,32494592.0,0.0
3446,FlashSAC,Mjlab-Velocity-Rough-Unitree-G1,1,avg_success,34994176.0,0.0
3447,FlashSAC,Mjlab-Velocity-Rough-Unitree-G1,1,avg_success,37493760.0,0.0
3448,FlashSAC,Mjlab-Velocity-Rough-Unitree-G1,1,avg_success,39993344.0,0.0
3449,FlashSAC,Mjlab-Velocity-Rough-Unitree-G1,1,avg_success,42492928.0,0.0
3450,FlashSAC,Mjlab-Velocity-Rough-Unitree-G1,1,avg_success,44992512.0,0.0
3451,FlashSAC,Mjlab-Velocity-Rough-Unitree-G1,1,avg_success,47492096.0,0.0
3452,FlashSAC,Mjlab-Velocity-Rough-Unitree-G1,1,avg_success,49991680.0,0.0
3453,FlashSAC,Mjlab-Velocity-Rough-Unitree-G1,1,avg_success,50000896.0,0.0
3454,FlashSAC,Mjlab-Velocity-Rough-Unitree-G1,2,avg_return,0.0,-2.6642
3455,FlashSAC,Mjlab-Velocity-Rough-Unitree-G1,2,avg_return,2499584.0,3.9672
3456,FlashSAC,Mjlab-Velocity-Rough-Unitree-G1,2,avg_return,4999168.0,11.4746
3457,FlashSAC,Mjlab-Velocity-Rough-Unitree-G1,2,avg_return,7498752.0,18.4357
3458,FlashSAC,Mjlab-Velocity-Rough-Unitree-G1,2,avg_return,9998336.0,13.6433
3459,FlashSAC,Mjlab-Velocity-Rough-Unitree-G1,2,avg_return,12497920.0,13.2448
3460,FlashSAC,Mjlab-Velocity-Rough-Unitree-G1,2,avg_return,14997504.0,13.5804
3461,FlashSAC,Mjlab-Velocity-Rough-Unitree-G1,2,avg_return,17497088.0,13.2418
3462,FlashSAC,Mjlab-Velocity-Rough-Unitree-G1,2,avg_return,19996672.0,31.8512
3463,FlashSAC,Mjlab-Velocity-Rough-Unitree-G1,2,avg_return,22496256.0,40.7372
3464,FlashSAC,Mjlab-Velocity-Rough-Unitree-G1,2,avg_return,24995840.0,45.2438
3465,FlashSAC,Mjlab-Velocity-Rough-Unitree-G1,2,avg_return,27495424.0,51.3841
3466,FlashSAC,Mjlab-Velocity-Rough-Unitree-G1,2,avg_return,29995008.0,44.9087
3467,FlashSAC,Mjlab-Velocity-Rough-Unitree-G1,2,avg_return,32494592.0,47.5242
3468,FlashSAC,Mjlab-Velocity-Rough-Unitree-G1,2,avg_return,34994176.0,46.0793
3469,FlashSAC,Mjlab-Velocity-Rough-Unitree-G1,2,avg_return,37493760.0,57.1331
3470,FlashSAC,Mjlab-Velocity-Rough-Unitree-G1,2,avg_return,39993344.0,55.2202
3471,FlashSAC,Mjlab-Velocity-Rough-Unitree-G1,2,avg_return,42492928.0,60.4161
3472,FlashSAC,Mjlab-Velocity-Rough-Unitree-G1,2,avg_return,44992512.0,69.0035
3473,FlashSAC,Mjlab-Velocity-Rough-Unitree-G1,2,avg_return,47492096.0,67.9272
3474,FlashSAC,Mjlab-Velocity-Rough-Unitree-G1,2,avg_return,49991680.0,77.2129
3475,FlashSAC,Mjlab-Velocity-Rough-Unitree-G1,2,avg_return,50000896.0,69.5794
3476,FlashSAC,Mjlab-Velocity-Rough-Unitree-G1,2,avg_success,0.0,0.0
3477,FlashSAC,Mjlab-Velocity-Rough-Unitree-G1,2,avg_success,2499584.0,0.0
3478,FlashSAC,Mjlab-Velocity-Rough-Unitree-G1,2,avg_success,4999168.0,0.0
3479,FlashSAC,Mjlab-Velocity-Rough-Unitree-G1,2,avg_success,7498752.0,0.0
3480,FlashSAC,Mjlab-Velocity-Rough-Unitree-G1,2,avg_success,9998336.0,0.0
3481,FlashSAC,Mjlab-Velocity-Rough-Unitree-G1,2,avg_success,12497920.0,0.0
3482,FlashSAC,Mjlab-Velocity-Rough-Unitree-G1,2,avg_success,14997504.0,0.0
3483,FlashSAC,Mjlab-Velocity-Rough-Unitree-G1,2,avg_success,17497088.0,0.0
3484,FlashSAC,Mjlab-Velocity-Rough-Unitree-G1,2,avg_success,19996672.0,0.0
3485,FlashSAC,Mjlab-Velocity-Rough-Unitree-G1,2,avg_success,22496256.0,0.0
3486,FlashSAC,Mjlab-Velocity-Rough-Unitree-G1,2,avg_success,24995840.0,0.0
3487,FlashSAC,Mjlab-Velocity-Rough-Unitree-G1,2,avg_success,27495424.0,0.0
3488,FlashSAC,Mjlab-Velocity-Rough-Unitree-G1,2,avg_success,29995008.0,0.0
3489,FlashSAC,Mjlab-Velocity-Rough-Unitree-G1,2,avg_success,32494592.0,0.0
3490,FlashSAC,Mjlab-Velocity-Rough-Unitree-G1,2,avg_success,34994176.0,0.0
3491,FlashSAC,Mjlab-Velocity-Rough-Unitree-G1,2,avg_success,37493760.0,0.0
3492,FlashSAC,Mjlab-Velocity-Rough-Unitree-G1,2,avg_success,39993344.0,0.0
3493,FlashSAC,Mjlab-Velocity-Rough-Unitree-G1,2,avg_success,42492928.0,0.0
3494,FlashSAC,Mjlab-Velocity-Rough-Unitree-G1,2,avg_success,44992512.0,0.0
3495,FlashSAC,Mjlab-Velocity-Rough-Unitree-G1,2,avg_success,47492096.0,0.0
3496,FlashSAC,Mjlab-Velocity-Rough-Unitree-G1,2,avg_success,49991680.0,0.0
3497,FlashSAC,Mjlab-Velocity-Rough-Unitree-G1,2,avg_success,50000896.0,0.0
3498,FlashSAC,Mjlab-Velocity-Rough-Unitree-G1,3,avg_return,0.0,-4.723
3499,FlashSAC,Mjlab-Velocity-Rough-Unitree-G1,3,avg_return,2499584.0,4.048
3500,FlashSAC,Mjlab-Velocity-Rough-Unitree-G1,3,avg_return,4999168.0,10.6109
3501,FlashSAC,Mjlab-Velocity-Rough-Unitree-G1,3,avg_return,7498752.0,16.7052
3502,FlashSAC,Mjlab-Velocity-Rough-Unitree-G1,3,avg_return,9998336.0,13.057
3503,FlashSAC,Mjlab-Velocity-Rough-Unitree-G1,3,avg_return,12497920.0,9.1101
3504,FlashSAC,Mjlab-Velocity-Rough-Unitree-G1,3,avg_return,14997504.0,9.1291
3505,FlashSAC,Mjlab-Velocity-Rough-Unitree-G1,3,avg_return,17497088.0,15.0559
3506,FlashSAC,Mjlab-Velocity-Rough-Unitree-G1,3,avg_return,19996672.0,22.1593
3507,FlashSAC,Mjlab-Velocity-Rough-Unitree-G1,3,avg_return,22496256.0,34.2579
3508,FlashSAC,Mjlab-Velocity-Rough-Unitree-G1,3,avg_return,24995840.0,40.6451
3509,FlashSAC,Mjlab-Velocity-Rough-Unitree-G1,3,avg_return,27495424.0,46.6524
3510,FlashSAC,Mjlab-Velocity-Rough-Unitree-G1,3,avg_return,29995008.0,61.7914
3511,FlashSAC,Mjlab-Velocity-Rough-Unitree-G1,3,avg_return,32494592.0,32.7451
3512,FlashSAC,Mjlab-Velocity-Rough-Unitree-G1,3,avg_return,34994176.0,54.6072
3513,FlashSAC,Mjlab-Velocity-Rough-Unitree-G1,3,avg_return,37493760.0,54.6679
3514,FlashSAC,Mjlab-Velocity-Rough-Unitree-G1,3,avg_return,39993344.0,57.3046
3515,FlashSAC,Mjlab-Velocity-Rough-Unitree-G1,3,avg_return,42492928.0,50.1016
3516,FlashSAC,Mjlab-Velocity-Rough-Unitree-G1,3,avg_return,44992512.0,50.7304
3517,FlashSAC,Mjlab-Velocity-Rough-Unitree-G1,3,avg_return,47492096.0,64.5135
3518,FlashSAC,Mjlab-Velocity-Rough-Unitree-G1,3,avg_return,49991680.0,64.902
3519,FlashSAC,Mjlab-Velocity-Rough-Unitree-G1,3,avg_return,50000896.0,64.6539
3520,FlashSAC,Mjlab-Velocity-Rough-Unitree-G1,3,avg_success,0.0,0.0
3521,FlashSAC,Mjlab-Velocity-Rough-Unitree-G1,3,avg_success,2499584.0,0.0
3522,FlashSAC,Mjlab-Velocity-Rough-Unitree-G1,3,avg_success,4999168.0,0.0
3523,FlashSAC,Mjlab-Velocity-Rough-Unitree-G1,3,avg_success,7498752.0,0.0
3524,FlashSAC,Mjlab-Velocity-Rough-Unitree-G1,3,avg_success,9998336.0,0.0
3525,FlashSAC,Mjlab-Velocity-Rough-Unitree-G1,3,avg_success,12497920.0,0.0
3526,FlashSAC,Mjlab-Velocity-Rough-Unitree-G1,3,avg_success,14997504.0,0.0
3527,FlashSAC,Mjlab-Velocity-Rough-Unitree-G1,3,avg_success,17497088.0,0.0
3528,FlashSAC,Mjlab-Velocity-Rough-Unitree-G1,3,avg_success,19996672.0,0.0
3529,FlashSAC,Mjlab-Velocity-Rough-Unitree-G1,3,avg_success,22496256.0,0.0
3530,FlashSAC,Mjlab-Velocity-Rough-Unitree-G1,3,avg_success,24995840.0,0.0
3531,FlashSAC,Mjlab-Velocity-Rough-Unitree-G1,3,avg_success,27495424.0,0.0
3532,FlashSAC,Mjlab-Velocity-Rough-Unitree-G1,3,avg_success,29995008.0,0.0
3533,FlashSAC,Mjlab-Velocity-Rough-Unitree-G1,3,avg_success,32494592.0,0.0
3534,FlashSAC,Mjlab-Velocity-Rough-Unitree-G1,3,avg_success,34994176.0,0.0
3535,FlashSAC,Mjlab-Velocity-Rough-Unitree-G1,3,avg_success,37493760.0,0.0
3536,FlashSAC,Mjlab-Velocity-Rough-Unitree-G1,3,avg_success,39993344.0,0.0
3537,FlashSAC,Mjlab-Velocity-Rough-Unitree-G1,3,avg_success,42492928.0,0.0
3538,FlashSAC,Mjlab-Velocity-Rough-Unitree-G1,3,avg_success,44992512.0,0.0
3539,FlashSAC,Mjlab-Velocity-Rough-Unitree-G1,3,avg_success,47492096.0,0.0
3540,FlashSAC,Mjlab-Velocity-Rough-Unitree-G1,3,avg_success,49991680.0,0.0
3541,FlashSAC,Mjlab-Velocity-Rough-Unitree-G1,3,avg_success,50000896.0,0.0
3542,FlashSAC,Mjlab-Velocity-Rough-Unitree-G1,4,avg_return,0.0,-2.3825
3543,FlashSAC,Mjlab-Velocity-Rough-Unitree-G1,4,avg_return,2499584.0,4.8059
3544,FlashSAC,Mjlab-Velocity-Rough-Unitree-G1,4,avg_return,4999168.0,10.7721
3545,FlashSAC,Mjlab-Velocity-Rough-Unitree-G1,4,avg_return,7498752.0,14.0477
3546,FlashSAC,Mjlab-Velocity-Rough-Unitree-G1,4,avg_return,9998336.0,14.3635
3547,FlashSAC,Mjlab-Velocity-Rough-Unitree-G1,4,avg_return,12497920.0,13.2727
3548,FlashSAC,Mjlab-Velocity-Rough-Unitree-G1,4,avg_return,14997504.0,14.3869
3549,FlashSAC,Mjlab-Velocity-Rough-Unitree-G1,4,avg_return,17497088.0,23.3564
3550,FlashSAC,Mjlab-Velocity-Rough-Unitree-G1,4,avg_return,19996672.0,33.8241
3551,FlashSAC,Mjlab-Velocity-Rough-Unitree-G1,4,avg_return,22496256.0,46.7411
3552,FlashSAC,Mjlab-Velocity-Rough-Unitree-G1,4,avg_return,24995840.0,56.0536
3553,FlashSAC,Mjlab-Velocity-Rough-Unitree-G1,4,avg_return,27495424.0,50.2329
3554,FlashSAC,Mjlab-Velocity-Rough-Unitree-G1,4,avg_return,29995008.0,40.128
3555,FlashSAC,Mjlab-Velocity-Rough-Unitree-G1,4,avg_return,32494592.0,54.5523
3556,FlashSAC,Mjlab-Velocity-Rough-Unitree-G1,4,avg_return,34994176.0,57.1463
3557,FlashSAC,Mjlab-Velocity-Rough-Unitree-G1,4,avg_return,37493760.0,63.3127
3558,FlashSAC,Mjlab-Velocity-Rough-Unitree-G1,4,avg_return,39993344.0,61.0906
3559,FlashSAC,Mjlab-Velocity-Rough-Unitree-G1,4,avg_return,42492928.0,63.0218
3560,FlashSAC,Mjlab-Velocity-Rough-Unitree-G1,4,avg_return,44992512.0,63.7963
3561,FlashSAC,Mjlab-Velocity-Rough-Unitree-G1,4,avg_return,47492096.0,61.4431
3562,FlashSAC,Mjlab-Velocity-Rough-Unitree-G1,4,avg_return,49991680.0,67.0836
3563,FlashSAC,Mjlab-Velocity-Rough-Unitree-G1,4,avg_return,50000896.0,67.2289
3564,FlashSAC,Mjlab-Velocity-Rough-Unitree-G1,4,avg_success,0.0,0.0
3565,FlashSAC,Mjlab-Velocity-Rough-Unitree-G1,4,avg_success,2499584.0,0.0
3566,FlashSAC,Mjlab-Velocity-Rough-Unitree-G1,4,avg_success,4999168.0,0.0
3567,FlashSAC,Mjlab-Velocity-Rough-Unitree-G1,4,avg_success,7498752.0,0.0
3568,FlashSAC,Mjlab-Velocity-Rough-Unitree-G1,4,avg_success,9998336.0,0.0
3569,FlashSAC,Mjlab-Velocity-Rough-Unitree-G1,4,avg_success,12497920.0,0.0
3570,FlashSAC,Mjlab-Velocity-Rough-Unitree-G1,4,avg_success,14997504.0,0.0
3571,FlashSAC,Mjlab-Velocity-Rough-Unitree-G1,4,avg_success,17497088.0,0.0
3572,FlashSAC,Mjlab-Velocity-Rough-Unitree-G1,4,avg_success,19996672.0,0.0
3573,FlashSAC,Mjlab-Velocity-Rough-Unitree-G1,4,avg_success,22496256.0,0.0
3574,FlashSAC,Mjlab-Velocity-Rough-Unitree-G1,4,avg_success,24995840.0,0.0
3575,FlashSAC,Mjlab-Velocity-Rough-Unitree-G1,4,avg_success,27495424.0,0.0
3576,FlashSAC,Mjlab-Velocity-Rough-Unitree-G1,4,avg_success,29995008.0,0.0
3577,FlashSAC,Mjlab-Velocity-Rough-Unitree-G1,4,avg_success,32494592.0,0.0
3578,FlashSAC,Mjlab-Velocity-Rough-Unitree-G1,4,avg_success,34994176.0,0.0
3579,FlashSAC,Mjlab-Velocity-Rough-Unitree-G1,4,avg_success,37493760.0,0.0
3580,FlashSAC,Mjlab-Velocity-Rough-Unitree-G1,4,avg_success,39993344.0,0.0
3581,FlashSAC,Mjlab-Velocity-Rough-Unitree-G1,4,avg_success,42492928.0,0.0
3582,FlashSAC,Mjlab-Velocity-Rough-Unitree-G1,4,avg_success,44992512.0,0.0
3583,FlashSAC,Mjlab-Velocity-Rough-Unitree-G1,4,avg_success,47492096.0,0.0
3584,FlashSAC,Mjlab-Velocity-Rough-Unitree-G1,4,avg_success,49991680.0,0.0
3585,FlashSAC,Mjlab-Velocity-Rough-Unitree-G1,4,avg_success,50000896.0,0.0
3586,FlashSAC,Mjlab-Velocity-Rough-Unitree-G1,5,avg_return,0.0,-3.0023
3587,FlashSAC,Mjlab-Velocity-Rough-Unitree-G1,5,avg_return,2499584.0,4.894
3588,FlashSAC,Mjlab-Velocity-Rough-Unitree-G1,5,avg_return,4999168.0,13.326
3589,FlashSAC,Mjlab-Velocity-Rough-Unitree-G1,5,avg_return,7498752.0,12.0113
3590,FlashSAC,Mjlab-Velocity-Rough-Unitree-G1,5,avg_return,9998336.0,14.4026
3591,FlashSAC,Mjlab-Velocity-Rough-Unitree-G1,5,avg_return,12497920.0,8.7059
3592,FlashSAC,Mjlab-Velocity-Rough-Unitree-G1,5,avg_return,14997504.0,16.0242
3593,FlashSAC,Mjlab-Velocity-Rough-Unitree-G1,5,avg_return,17497088.0,21.9172
3594,FlashSAC,Mjlab-Velocity-Rough-Unitree-G1,5,avg_return,19996672.0,17.4896
3595,FlashSAC,Mjlab-Velocity-Rough-Unitree-G1,5,avg_return,22496256.0,40.8296
3596,FlashSAC,Mjlab-Velocity-Rough-Unitree-G1,5,avg_return,24995840.0,49.4824
3597,FlashSAC,Mjlab-Velocity-Rough-Unitree-G1,5,avg_return,27495424.0,41.5088
3598,FlashSAC,Mjlab-Velocity-Rough-Unitree-G1,5,avg_return,29995008.0,58.1122
3599,FlashSAC,Mjlab-Velocity-Rough-Unitree-G1,5,avg_return,32494592.0,48.2903
3600,FlashSAC,Mjlab-Velocity-Rough-Unitree-G1,5,avg_return,34994176.0,47.8173
3601,FlashSAC,Mjlab-Velocity-Rough-Unitree-G1,5,avg_return,37493760.0,53.2615
3602,FlashSAC,Mjlab-Velocity-Rough-Unitree-G1,5,avg_return,39993344.0,55.8696
3603,FlashSAC,Mjlab-Velocity-Rough-Unitree-G1,5,avg_return,42492928.0,58.1275
3604,FlashSAC,Mjlab-Velocity-Rough-Unitree-G1,5,avg_return,44992512.0,62.0061
3605,FlashSAC,Mjlab-Velocity-Rough-Unitree-G1,5,avg_return,47492096.0,64.4186
3606,FlashSAC,Mjlab-Velocity-Rough-Unitree-G1,5,avg_return,49991680.0,68.5325
3607,FlashSAC,Mjlab-Velocity-Rough-Unitree-G1,5,avg_return,50000896.0,69.0294
3608,FlashSAC,Mjlab-Velocity-Rough-Unitree-G1,5,avg_success,0.0,0.0
3609,FlashSAC,Mjlab-Velocity-Rough-Unitree-G1,5,avg_success,2499584.0,0.0
3610,FlashSAC,Mjlab-Velocity-Rough-Unitree-G1,5,avg_success,4999168.0,0.0
3611,FlashSAC,Mjlab-Velocity-Rough-Unitree-G1,5,avg_success,7498752.0,0.0
3612,FlashSAC,Mjlab-Velocity-Rough-Unitree-G1,5,avg_success,9998336.0,0.0
3613,FlashSAC,Mjlab-Velocity-Rough-Unitree-G1,5,avg_success,12497920.0,0.0
3614,FlashSAC,Mjlab-Velocity-Rough-Unitree-G1,5,avg_success,14997504.0,0.0
3615,FlashSAC,Mjlab-Velocity-Rough-Unitree-G1,5,avg_success,17497088.0,0.0
3616,FlashSAC,Mjlab-Velocity-Rough-Unitree-G1,5,avg_success,19996672.0,0.0
3617,FlashSAC,Mjlab-Velocity-Rough-Unitree-G1,5,avg_success,22496256.0,0.0
3618,FlashSAC,Mjlab-Velocity-Rough-Unitree-G1,5,avg_success,24995840.0,0.0
3619,FlashSAC,Mjlab-Velocity-Rough-Unitree-G1,5,avg_success,27495424.0,0.0
3620,FlashSAC,Mjlab-Velocity-Rough-Unitree-G1,5,avg_success,29995008.0,0.0
3621,FlashSAC,Mjlab-Velocity-Rough-Unitree-G1,5,avg_success,32494592.0,0.0
3622,FlashSAC,Mjlab-Velocity-Rough-Unitree-G1,5,avg_success,34994176.0,0.0
3623,FlashSAC,Mjlab-Velocity-Rough-Unitree-G1,5,avg_success,37493760.0,0.0
3624,FlashSAC,Mjlab-Velocity-Rough-Unitree-G1,5,avg_success,39993344.0,0.0
3625,FlashSAC,Mjlab-Velocity-Rough-Unitree-G1,5,avg_success,42492928.0,0.0
3626,FlashSAC,Mjlab-Velocity-Rough-Unitree-G1,5,avg_success,44992512.0,0.0
3627,FlashSAC,Mjlab-Velocity-Rough-Unitree-G1,5,avg_success,47492096.0,0.0
3628,FlashSAC,Mjlab-Velocity-Rough-Unitree-G1,5,avg_success,49991680.0,0.0
3629,FlashSAC,Mjlab-Velocity-Rough-Unitree-G1,5,avg_success,50000896.0,0.0
3630,FlashSAC,Mjlab-Velocity-Rough-Unitree-Go1,1,avg_return,0.0,1.5135
3631,FlashSAC,Mjlab-Velocity-Rough-Unitree-Go1,1,avg_return,2499584.0,78.0026
3632,FlashSAC,Mjlab-Velocity-Rough-Unitree-Go1,1,avg_return,4999168.0,80.6315
3633,FlashSAC,Mjlab-Velocity-Rough-Unitree-Go1,1,avg_return,7498752.0,76.817
3634,FlashSAC,Mjlab-Velocity-Rough-Unitree-Go1,1,avg_return,9998336.0,72.3347
3635,FlashSAC,Mjlab-Velocity-Rough-Unitree-Go1,1,avg_return,12497920.0,70.3807
3636,FlashSAC,Mjlab-Velocity-Rough-Unitree-Go1,1,avg_return,14997504.0,77.9393
3637,FlashSAC,Mjlab-Velocity-Rough-Unitree-Go1,1,avg_return,17497088.0,82.1794
3638,FlashSAC,Mjlab-Velocity-Rough-Unitree-Go1,1,avg_return,19996672.0,86.8735
3639,FlashSAC,Mjlab-Velocity-Rough-Unitree-Go1,1,avg_return,22496256.0,84.0119
3640,FlashSAC,Mjlab-Velocity-Rough-Unitree-Go1,1,avg_return,24995840.0,84.8453
3641,FlashSAC,Mjlab-Velocity-Rough-Unitree-Go1,1,avg_return,27495424.0,84.5354
3642,FlashSAC,Mjlab-Velocity-Rough-Unitree-Go1,1,avg_return,29995008.0,86.3103
3643,FlashSAC,Mjlab-Velocity-Rough-Unitree-Go1,1,avg_return,32494592.0,88.0274
3644,FlashSAC,Mjlab-Velocity-Rough-Unitree-Go1,1,avg_return,34994176.0,88.8634
3645,FlashSAC,Mjlab-Velocity-Rough-Unitree-Go1,1,avg_return,37493760.0,86.5287
3646,FlashSAC,Mjlab-Velocity-Rough-Unitree-Go1,1,avg_return,39993344.0,89.7037
3647,FlashSAC,Mjlab-Velocity-Rough-Unitree-Go1,1,avg_return,42492928.0,91.2707
3648,FlashSAC,Mjlab-Velocity-Rough-Unitree-Go1,1,avg_return,44992512.0,92.1427
3649,FlashSAC,Mjlab-Velocity-Rough-Unitree-Go1,1,avg_return,47492096.0,89.9707
3650,FlashSAC,Mjlab-Velocity-Rough-Unitree-Go1,1,avg_return,49991680.0,94.7071
3651,FlashSAC,Mjlab-Velocity-Rough-Unitree-Go1,1,avg_return,50000896.0,94.1845
3652,FlashSAC,Mjlab-Velocity-Rough-Unitree-Go1,1,avg_success,0.0,0.0
3653,FlashSAC,Mjlab-Velocity-Rough-Unitree-Go1,1,avg_success,2499584.0,0.0
3654,FlashSAC,Mjlab-Velocity-Rough-Unitree-Go1,1,avg_success,4999168.0,0.0
3655,FlashSAC,Mjlab-Velocity-Rough-Unitree-Go1,1,avg_success,7498752.0,0.0
3656,FlashSAC,Mjlab-Velocity-Rough-Unitree-Go1,1,avg_success,9998336.0,0.0
3657,FlashSAC,Mjlab-Velocity-Rough-Unitree-Go1,1,avg_success,12497920.0,0.0
3658,FlashSAC,Mjlab-Velocity-Rough-Unitree-Go1,1,avg_success,14997504.0,0.0
3659,FlashSAC,Mjlab-Velocity-Rough-Unitree-Go1,1,avg_success,17497088.0,0.0
3660,FlashSAC,Mjlab-Velocity-Rough-Unitree-Go1,1,avg_success,19996672.0,0.0
3661,FlashSAC,Mjlab-Velocity-Rough-Unitree-Go1,1,avg_success,22496256.0,0.0
3662,FlashSAC,Mjlab-Velocity-Rough-Unitree-Go1,1,avg_success,24995840.0,0.0
3663,FlashSAC,Mjlab-Velocity-Rough-Unitree-Go1,1,avg_success,27495424.0,0.0
3664,FlashSAC,Mjlab-Velocity-Rough-Unitree-Go1,1,avg_success,29995008.0,0.0
3665,FlashSAC,Mjlab-Velocity-Rough-Unitree-Go1,1,avg_success,32494592.0,0.0
3666,FlashSAC,Mjlab-Velocity-Rough-Unitree-Go1,1,avg_success,34994176.0,0.0
3667,FlashSAC,Mjlab-Velocity-Rough-Unitree-Go1,1,avg_success,37493760.0,0.0
3668,FlashSAC,Mjlab-Velocity-Rough-Unitree-Go1,1,avg_success,39993344.0,0.0
3669,FlashSAC,Mjlab-Velocity-Rough-Unitree-Go1,1,avg_success,42492928.0,0.0
3670,FlashSAC,Mjlab-Velocity-Rough-Unitree-Go1,1,avg_success,44992512.0,0.0
3671,FlashSAC,Mjlab-Velocity-Rough-Unitree-Go1,1,avg_success,47492096.0,0.0
3672,FlashSAC,Mjlab-Velocity-Rough-Unitree-Go1,1,avg_success,49991680.0,0.0
3673,FlashSAC,Mjlab-Velocity-Rough-Unitree-Go1,1,avg_success,50000896.0,0.0
3674,FlashSAC,Mjlab-Velocity-Rough-Unitree-Go1,2,avg_return,0.0,22.5027
3675,FlashSAC,Mjlab-Velocity-Rough-Unitree-Go1,2,avg_return,2499584.0,75.4155
3676,FlashSAC,Mjlab-Velocity-Rough-Unitree-Go1,2,avg_return,4999168.0,79.4641
3677,FlashSAC,Mjlab-Velocity-Rough-Unitree-Go1,2,avg_return,7498752.0,80.4026
3678,FlashSAC,Mjlab-Velocity-Rough-Unitree-Go1,2,avg_return,9998336.0,79.1665
3679,FlashSAC,Mjlab-Velocity-Rough-Unitree-Go1,2,avg_return,12497920.0,75.6958
3680,FlashSAC,Mjlab-Velocity-Rough-Unitree-Go1,2,avg_return,14997504.0,76.9643
3681,FlashSAC,Mjlab-Velocity-Rough-Unitree-Go1,2,avg_return,17497088.0,81.5374
3682,FlashSAC,Mjlab-Velocity-Rough-Unitree-Go1,2,avg_return,19996672.0,85.2516
3683,FlashSAC,Mjlab-Velocity-Rough-Unitree-Go1,2,avg_return,22496256.0,86.8301
3684,FlashSAC,Mjlab-Velocity-Rough-Unitree-Go1,2,avg_return,24995840.0,84.437
3685,FlashSAC,Mjlab-Velocity-Rough-Unitree-Go1,2,avg_return,27495424.0,84.917
3686,FlashSAC,Mjlab-Velocity-Rough-Unitree-Go1,2,avg_return,29995008.0,85.4259
3687,FlashSAC,Mjlab-Velocity-Rough-Unitree-Go1,2,avg_return,32494592.0,85.9328
3688,FlashSAC,Mjlab-Velocity-Rough-Unitree-Go1,2,avg_return,34994176.0,86.6892
3689,FlashSAC,Mjlab-Velocity-Rough-Unitree-Go1,2,avg_return,37493760.0,89.831
3690,FlashSAC,Mjlab-Velocity-Rough-Unitree-Go1,2,avg_return,39993344.0,88.0624
3691,FlashSAC,Mjlab-Velocity-Rough-Unitree-Go1,2,avg_return,42492928.0,88.8243
3692,FlashSAC,Mjlab-Velocity-Rough-Unitree-Go1,2,avg_return,44992512.0,89.9672
3693,FlashSAC,Mjlab-Velocity-Rough-Unitree-Go1,2,avg_return,47492096.0,88.8209
3694,FlashSAC,Mjlab-Velocity-Rough-Unitree-Go1,2,avg_return,49991680.0,91.0354
3695,FlashSAC,Mjlab-Velocity-Rough-Unitree-Go1,2,avg_return,50000896.0,90.2721
3696,FlashSAC,Mjlab-Velocity-Rough-Unitree-Go1,2,avg_success,0.0,0.0
3697,FlashSAC,Mjlab-Velocity-Rough-Unitree-Go1,2,avg_success,2499584.0,0.0
3698,FlashSAC,Mjlab-Velocity-Rough-Unitree-Go1,2,avg_success,4999168.0,0.0
3699,FlashSAC,Mjlab-Velocity-Rough-Unitree-Go1,2,avg_success,7498752.0,0.0
3700,FlashSAC,Mjlab-Velocity-Rough-Unitree-Go1,2,avg_success,9998336.0,0.0
3701,FlashSAC,Mjlab-Velocity-Rough-Unitree-Go1,2,avg_success,12497920.0,0.0
3702,FlashSAC,Mjlab-Velocity-Rough-Unitree-Go1,2,avg_success,14997504.0,0.0
3703,FlashSAC,Mjlab-Velocity-Rough-Unitree-Go1,2,avg_success,17497088.0,0.0
3704,FlashSAC,Mjlab-Velocity-Rough-Unitree-Go1,2,avg_success,19996672.0,0.0
3705,FlashSAC,Mjlab-Velocity-Rough-Unitree-Go1,2,avg_success,22496256.0,0.0
3706,FlashSAC,Mjlab-Velocity-Rough-Unitree-Go1,2,avg_success,24995840.0,0.0
3707,FlashSAC,Mjlab-Velocity-Rough-Unitree-Go1,2,avg_success,27495424.0,0.0
3708,FlashSAC,Mjlab-Velocity-Rough-Unitree-Go1,2,avg_success,29995008.0,0.0
3709,FlashSAC,Mjlab-Velocity-Rough-Unitree-Go1,2,avg_success,32494592.0,0.0
3710,FlashSAC,Mjlab-Velocity-Rough-Unitree-Go1,2,avg_success,34994176.0,0.0
3711,FlashSAC,Mjlab-Velocity-Rough-Unitree-Go1,2,avg_success,37493760.0,0.0
3712,FlashSAC,Mjlab-Velocity-Rough-Unitree-Go1,2,avg_success,39993344.0,0.0
3713,FlashSAC,Mjlab-Velocity-Rough-Unitree-Go1,2,avg_success,42492928.0,0.0
3714,FlashSAC,Mjlab-Velocity-Rough-Unitree-Go1,2,avg_success,44992512.0,0.0
3715,FlashSAC,Mjlab-Velocity-Rough-Unitree-Go1,2,avg_success,47492096.0,0.0
3716,FlashSAC,Mjlab-Velocity-Rough-Unitree-Go1,2,avg_success,49991680.0,0.0
3717,FlashSAC,Mjlab-Velocity-Rough-Unitree-Go1,2,avg_success,50000896.0,0.0
3718,FlashSAC,Mjlab-Velocity-Rough-Unitree-Go1,3,avg_return,0.0,1.9411
3719,FlashSAC,Mjlab-Velocity-Rough-Unitree-Go1,3,avg_return,2499584.0,77.6466
3720,FlashSAC,Mjlab-Velocity-Rough-Unitree-Go1,3,avg_return,4999168.0,80.413
3721,FlashSAC,Mjlab-Velocity-Rough-Unitree-Go1,3,avg_return,7498752.0,78.1238
3722,FlashSAC,Mjlab-Velocity-Rough-Unitree-Go1,3,avg_return,9998336.0,72.9248
3723,FlashSAC,Mjlab-Velocity-Rough-Unitree-Go1,3,avg_return,12497920.0,83.6986
3724,FlashSAC,Mjlab-Velocity-Rough-Unitree-Go1,3,avg_return,14997504.0,82.6756
3725,FlashSAC,Mjlab-Velocity-Rough-Unitree-Go1,3,avg_return,17497088.0,82.426
3726,FlashSAC,Mjlab-Velocity-Rough-Unitree-Go1,3,avg_return,19996672.0,82.1661
3727,FlashSAC,Mjlab-Velocity-Rough-Unitree-Go1,3,avg_return,22496256.0,83.2571
3728,FlashSAC,Mjlab-Velocity-Rough-Unitree-Go1,3,avg_return,24995840.0,84.0055
3729,FlashSAC,Mjlab-Velocity-Rough-Unitree-Go1,3,avg_return,27495424.0,86.0249
3730,FlashSAC,Mjlab-Velocity-Rough-Unitree-Go1,3,avg_return,29995008.0,84.4636
3731,FlashSAC,Mjlab-Velocity-Rough-Unitree-Go1,3,avg_return,32494592.0,85.3821
3732,FlashSAC,Mjlab-Velocity-Rough-Unitree-Go1,3,avg_return,34994176.0,86.8412
3733,FlashSAC,Mjlab-Velocity-Rough-Unitree-Go1,3,avg_return,37493760.0,89.193
3734,FlashSAC,Mjlab-Velocity-Rough-Unitree-Go1,3,avg_return,39993344.0,90.6974
3735,FlashSAC,Mjlab-Velocity-Rough-Unitree-Go1,3,avg_return,42492928.0,88.1661
3736,FlashSAC,Mjlab-Velocity-Rough-Unitree-Go1,3,avg_return,44992512.0,89.4325
3737,FlashSAC,Mjlab-Velocity-Rough-Unitree-Go1,3,avg_return,47492096.0,89.1405
3738,FlashSAC,Mjlab-Velocity-Rough-Unitree-Go1,3,avg_return,49991680.0,90.0987
3739,FlashSAC,Mjlab-Velocity-Rough-Unitree-Go1,3,avg_return,50000896.0,91.5004
3740,FlashSAC,Mjlab-Velocity-Rough-Unitree-Go1,3,avg_success,0.0,0.0
3741,FlashSAC,Mjlab-Velocity-Rough-Unitree-Go1,3,avg_success,2499584.0,0.0
3742,FlashSAC,Mjlab-Velocity-Rough-Unitree-Go1,3,avg_success,4999168.0,0.0
3743,FlashSAC,Mjlab-Velocity-Rough-Unitree-Go1,3,avg_success,7498752.0,0.0
3744,FlashSAC,Mjlab-Velocity-Rough-Unitree-Go1,3,avg_success,9998336.0,0.0
3745,FlashSAC,Mjlab-Velocity-Rough-Unitree-Go1,3,avg_success,12497920.0,0.0
3746,FlashSAC,Mjlab-Velocity-Rough-Unitree-Go1,3,avg_success,14997504.0,0.0
3747,FlashSAC,Mjlab-Velocity-Rough-Unitree-Go1,3,avg_success,17497088.0,0.0
3748,FlashSAC,Mjlab-Velocity-Rough-Unitree-Go1,3,avg_success,19996672.0,0.0
3749,FlashSAC,Mjlab-Velocity-Rough-Unitree-Go1,3,avg_success,22496256.0,0.0
3750,FlashSAC,Mjlab-Velocity-Rough-Unitree-Go1,3,avg_success,24995840.0,0.0
3751,FlashSAC,Mjlab-Velocity-Rough-Unitree-Go1,3,avg_success,27495424.0,0.0
3752,FlashSAC,Mjlab-Velocity-Rough-Unitree-Go1,3,avg_success,29995008.0,0.0
3753,FlashSAC,Mjlab-Velocity-Rough-Unitree-Go1,3,avg_success,32494592.0,0.0
3754,FlashSAC,Mjlab-Velocity-Rough-Unitree-Go1,3,avg_success,34994176.0,0.0
3755,FlashSAC,Mjlab-Velocity-Rough-Unitree-Go1,3,avg_success,37493760.0,0.0
3756,FlashSAC,Mjlab-Velocity-Rough-Unitree-Go1,3,avg_success,39993344.0,0.0
3757,FlashSAC,Mjlab-Velocity-Rough-Unitree-Go1,3,avg_success,42492928.0,0.0
3758,FlashSAC,Mjlab-Velocity-Rough-Unitree-Go1,3,avg_success,44992512.0,0.0
3759,FlashSAC,Mjlab-Velocity-Rough-Unitree-Go1,3,avg_success,47492096.0,0.0
3760,FlashSAC,Mjlab-Velocity-Rough-Unitree-Go1,3,avg_success,49991680.0,0.0
3761,FlashSAC,Mjlab-Velocity-Rough-Unitree-Go1,3,avg_success,50000896.0,0.0
3762,FlashSAC,Mjlab-Velocity-Rough-Unitree-Go1,4,avg_return,0.0,17.3573
3763,FlashSAC,Mjlab-Velocity-Rough-Unitree-Go1,4,avg_return,2499584.0,77.9531
3764,FlashSAC,Mjlab-Velocity-Rough-Unitree-Go1,4,avg_return,4999168.0,79.6554
3765,FlashSAC,Mjlab-Velocity-Rough-Unitree-Go1,4,avg_return,7498752.0,80.8243
3766,FlashSAC,Mjlab-Velocity-Rough-Unitree-Go1,4,avg_return,9998336.0,77.2508
3767,FlashSAC,Mjlab-Velocity-Rough-Unitree-Go1,4,avg_return,12497920.0,74.5056
3768,FlashSAC,Mjlab-Velocity-Rough-Unitree-Go1,4,avg_return,14997504.0,75.0165
3769,FlashSAC,Mjlab-Velocity-Rough-Unitree-Go1,4,avg_return,17497088.0,80.4364
3770,FlashSAC,Mjlab-Velocity-Rough-Unitree-Go1,4,avg_return,19996672.0,85.1007
3771,FlashSAC,Mjlab-Velocity-Rough-Unitree-Go1,4,avg_return,22496256.0,82.6508
3772,FlashSAC,Mjlab-Velocity-Rough-Unitree-Go1,4,avg_return,24995840.0,84.0163
3773,FlashSAC,Mjlab-Velocity-Rough-Unitree-Go1,4,avg_return,27495424.0,86.1762
3774,FlashSAC,Mjlab-Velocity-Rough-Unitree-Go1,4,avg_return,29995008.0,85.839
3775,FlashSAC,Mjlab-Velocity-Rough-Unitree-Go1,4,avg_return,32494592.0,86.4417
3776,FlashSAC,Mjlab-Velocity-Rough-Unitree-Go1,4,avg_return,34994176.0,86.608
3777,FlashSAC,Mjlab-Velocity-Rough-Unitree-Go1,4,avg_return,37493760.0,87.6344
3778,FlashSAC,Mjlab-Velocity-Rough-Unitree-Go1,4,avg_return,39993344.0,89.9667
3779,FlashSAC,Mjlab-Velocity-Rough-Unitree-Go1,4,avg_return,42492928.0,89.537
3780,FlashSAC,Mjlab-Velocity-Rough-Unitree-Go1,4,avg_return,44992512.0,91.8002
3781,FlashSAC,Mjlab-Velocity-Rough-Unitree-Go1,4,avg_return,47492096.0,91.5487
3782,FlashSAC,Mjlab-Velocity-Rough-Unitree-Go1,4,avg_return,49991680.0,91.6283
3783,FlashSAC,Mjlab-Velocity-Rough-Unitree-Go1,4,avg_return,50000896.0,90.5166
3784,FlashSAC,Mjlab-Velocity-Rough-Unitree-Go1,4,avg_success,0.0,0.0
3785,FlashSAC,Mjlab-Velocity-Rough-Unitree-Go1,4,avg_success,2499584.0,0.0
3786,FlashSAC,Mjlab-Velocity-Rough-Unitree-Go1,4,avg_success,4999168.0,0.0
3787,FlashSAC,Mjlab-Velocity-Rough-Unitree-Go1,4,avg_success,7498752.0,0.0
3788,FlashSAC,Mjlab-Velocity-Rough-Unitree-Go1,4,avg_success,9998336.0,0.0
3789,FlashSAC,Mjlab-Velocity-Rough-Unitree-Go1,4,avg_success,12497920.0,0.0
3790,FlashSAC,Mjlab-Velocity-Rough-Unitree-Go1,4,avg_success,14997504.0,0.0
3791,FlashSAC,Mjlab-Velocity-Rough-Unitree-Go1,4,avg_success,17497088.0,0.0
3792,FlashSAC,Mjlab-Velocity-Rough-Unitree-Go1,4,avg_success,19996672.0,0.0
3793,FlashSAC,Mjlab-Velocity-Rough-Unitree-Go1,4,avg_success,22496256.0,0.0
3794,FlashSAC,Mjlab-Velocity-Rough-Unitree-Go1,4,avg_success,24995840.0,0.0
3795,FlashSAC,Mjlab-Velocity-Rough-Unitree-Go1,4,avg_success,27495424.0,0.0
3796,FlashSAC,Mjlab-Velocity-Rough-Unitree-Go1,4,avg_success,29995008.0,0.0
3797,FlashSAC,Mjlab-Velocity-Rough-Unitree-Go1,4,avg_success,32494592.0,0.0
3798,FlashSAC,Mjlab-Velocity-Rough-Unitree-Go1,4,avg_success,34994176.0,0.0
3799,FlashSAC,Mjlab-Velocity-Rough-Unitree-Go1,4,avg_success,37493760.0,0.0
3800,FlashSAC,Mjlab-Velocity-Rough-Unitree-Go1,4,avg_success,39993344.0,0.0
3801,FlashSAC,Mjlab-Velocity-Rough-Unitree-Go1,4,avg_success,42492928.0,0.0
3802,FlashSAC,Mjlab-Velocity-Rough-Unitree-Go1,4,avg_success,44992512.0,0.0
3803,FlashSAC,Mjlab-Velocity-Rough-Unitree-Go1,4,avg_success,47492096.0,0.0
3804,FlashSAC,Mjlab-Velocity-Rough-Unitree-Go1,4,avg_success,49991680.0,0.0
3805,FlashSAC,Mjlab-Velocity-Rough-Unitree-Go1,4,avg_success,50000896.0,0.0
3806,FlashSAC,Mjlab-Velocity-Rough-Unitree-Go1,5,avg_return,0.0,2.0377
3807,FlashSAC,Mjlab-Velocity-Rough-Unitree-Go1,5,avg_return,2499584.0,76.2639
3808,FlashSAC,Mjlab-Velocity-Rough-Unitree-Go1,5,avg_return,4999168.0,79.883
3809,FlashSAC,Mjlab-Velocity-Rough-Unitree-Go1,5,avg_return,7498752.0,81.1713
3810,FlashSAC,Mjlab-Velocity-Rough-Unitree-Go1,5,avg_return,9998336.0,76.0571
3811,FlashSAC,Mjlab-Velocity-Rough-Unitree-Go1,5,avg_return,12497920.0,81.6395
3812,FlashSAC,Mjlab-Velocity-Rough-Unitree-Go1,5,avg_return,14997504.0,79.9525
3813,FlashSAC,Mjlab-Velocity-Rough-Unitree-Go1,5,avg_return,17497088.0,82.7709
3814,FlashSAC,Mjlab-Velocity-Rough-Unitree-Go1,5,avg_return,19996672.0,82.2811
3815,FlashSAC,Mjlab-Velocity-Rough-Unitree-Go1,5,avg_return,22496256.0,86.2987
3816,FlashSAC,Mjlab-Velocity-Rough-Unitree-Go1,5,avg_return,24995840.0,84.4218
3817,FlashSAC,Mjlab-Velocity-Rough-Unitree-Go1,5,avg_return,27495424.0,85.3083
3818,FlashSAC,Mjlab-Velocity-Rough-Unitree-Go1,5,avg_return,29995008.0,86.485
3819,FlashSAC,Mjlab-Velocity-Rough-Unitree-Go1,5,avg_return,32494592.0,87.8302
3820,FlashSAC,Mjlab-Velocity-Rough-Unitree-Go1,5,avg_return,34994176.0,88.9372
3821,FlashSAC,Mjlab-Velocity-Rough-Unitree-Go1,5,avg_return,37493760.0,92.2667
3822,FlashSAC,Mjlab-Velocity-Rough-Unitree-Go1,5,avg_return,39993344.0,91.1448
3823,FlashSAC,Mjlab-Velocity-Rough-Unitree-Go1,5,avg_return,42492928.0,90.2246
3824,FlashSAC,Mjlab-Velocity-Rough-Unitree-Go1,5,avg_return,44992512.0,91.4169
3825,FlashSAC,Mjlab-Velocity-Rough-Unitree-Go1,5,avg_return,47492096.0,91.0208
3826,FlashSAC,Mjlab-Velocity-Rough-Unitree-Go1,5,avg_return,49991680.0,91.6226
3827,FlashSAC,Mjlab-Velocity-Rough-Unitree-Go1,5,avg_return,50000896.0,92.6064
3828,FlashSAC,Mjlab-Velocity-Rough-Unitree-Go1,5,avg_success,0.0,0.0
3829,FlashSAC,Mjlab-Velocity-Rough-Unitree-Go1,5,avg_success,2499584.0,0.0
3830,FlashSAC,Mjlab-Velocity-Rough-Unitree-Go1,5,avg_success,4999168.0,0.0
3831,FlashSAC,Mjlab-Velocity-Rough-Unitree-Go1,5,avg_success,7498752.0,0.0
3832,FlashSAC,Mjlab-Velocity-Rough-Unitree-Go1,5,avg_success,9998336.0,0.0
3833,FlashSAC,Mjlab-Velocity-Rough-Unitree-Go1,5,avg_success,12497920.0,0.0
3834,FlashSAC,Mjlab-Velocity-Rough-Unitree-Go1,5,avg_success,14997504.0,0.0
3835,FlashSAC,Mjlab-Velocity-Rough-Unitree-Go1,5,avg_success,17497088.0,0.0
3836,FlashSAC,Mjlab-Velocity-Rough-Unitree-Go1,5,avg_success,19996672.0,0.0
3837,FlashSAC,Mjlab-Velocity-Rough-Unitree-Go1,5,avg_success,22496256.0,0.0
3838,FlashSAC,Mjlab-Velocity-Rough-Unitree-Go1,5,avg_success,24995840.0,0.0
3839,FlashSAC,Mjlab-Velocity-Rough-Unitree-Go1,5,avg_success,27495424.0,0.0
3840,FlashSAC,Mjlab-Velocity-Rough-Unitree-Go1,5,avg_success,29995008.0,0.0
3841,FlashSAC,Mjlab-Velocity-Rough-Unitree-Go1,5,avg_success,32494592.0,0.0
3842,FlashSAC,Mjlab-Velocity-Rough-Unitree-Go1,5,avg_success,34994176.0,0.0
3843,FlashSAC,Mjlab-Velocity-Rough-Unitree-Go1,5,avg_success,37493760.0,0.0
3844,FlashSAC,Mjlab-Velocity-Rough-Unitree-Go1,5,avg_success,39993344.0,0.0
3845,FlashSAC,Mjlab-Velocity-Rough-Unitree-Go1,5,avg_success,42492928.0,0.0
3846,FlashSAC,Mjlab-Velocity-Rough-Unitree-Go1,5,avg_success,44992512.0,0.0
3847,FlashSAC,Mjlab-Velocity-Rough-Unitree-Go1,5,avg_success,47492096.0,0.0
3848,FlashSAC,Mjlab-Velocity-Rough-Unitree-Go1,5,avg_success,49991680.0,0.0
3849,FlashSAC,Mjlab-Velocity-Rough-Unitree-Go1,5,avg_success,50000896.0,0.0
3850,FlashSAC,PegInsertionSide-v1,0,avg_return,0.0,0.1084383306030508
3851,FlashSAC,PegInsertionSide-v1,0,avg_return,5496832.0,57.61314430870116
3852,FlashSAC,PegInsertionSide-v1,0,avg_return,10493952.0,75.46343081504106
3853,FlashSAC,PegInsertionSide-v1,0,avg_return,15491072.0,84.92463299423456
3854,FlashSAC,PegInsertionSide-v1,0,avg_return,20488192.0,85.4463511055149
3855,FlashSAC,PegInsertionSide-v1,0,avg_return,25485312.0,86.61294987514616
3856,FlashSAC,PegInsertionSide-v1,0,avg_return,30482432.0,86.36840271251276
3857,FlashSAC,PegInsertionSide-v1,0,avg_return,35479552.0,83.12143787095323
3858,FlashSAC,PegInsertionSide-v1,0,avg_return,40476672.0,83.6603227475658
3859,FlashSAC,PegInsertionSide-v1,0,avg_return,45473792.0,85.56455971572548
3860,FlashSAC,PegInsertionSide-v1,0,avg_return,50000896.0,87.52476409470663
3861,FlashSAC,PegInsertionSide-v1,0,avg_success,0.0,0.0
3862,FlashSAC,PegInsertionSide-v1,0,avg_success,5496832.0,0.0
3863,FlashSAC,PegInsertionSide-v1,0,avg_success,10493952.0,0.56
3864,FlashSAC,PegInsertionSide-v1,0,avg_success,15491072.0,0.9
3865,FlashSAC,PegInsertionSide-v1,0,avg_success,20488192.0,0.92
3866,FlashSAC,PegInsertionSide-v1,0,avg_success,25485312.0,0.98
3867,FlashSAC,PegInsertionSide-v1,0,avg_success,30482432.0,1.0
3868,FlashSAC,PegInsertionSide-v1,0,avg_success,35479552.0,0.94
3869,FlashSAC,PegInsertionSide-v1,0,avg_success,40476672.0,0.92
3870,FlashSAC,PegInsertionSide-v1,0,avg_success,45473792.0,0.92
3871,FlashSAC,PegInsertionSide-v1,0,avg_success,50000896.0,1.0
3872,FlashSAC,PegInsertionSide-v1,1000,avg_return,0.0,3.386623560617445
3873,FlashSAC,PegInsertionSide-v1,1000,avg_return,5496832.0,49.364459826629606
3874,FlashSAC,PegInsertionSide-v1,1000,avg_return,10493952.0,65.87505685843527
3875,FlashSAC,PegInsertionSide-v1,1000,avg_return,15491072.0,73.23643427748233
3876,FlashSAC,PegInsertionSide-v1,1000,avg_return,20488192.0,81.32086973812432
3877,FlashSAC,PegInsertionSide-v1,1000,avg_return,25485312.0,83.21085524249821
3878,FlashSAC,PegInsertionSide-v1,1000,avg_return,30482432.0,83.32753363614901
3879,FlashSAC,PegInsertionSide-v1,1000,avg_return,35479552.0,80.60224749824032
3880,FlashSAC,PegInsertionSide-v1,1000,avg_return,40476672.0,86.19158058729023
3881,FlashSAC,PegInsertionSide-v1,1000,avg_return,45473792.0,86.4397333759442
3882,FlashSAC,PegInsertionSide-v1,1000,avg_return,50000896.0,86.80623488805257
3883,FlashSAC,PegInsertionSide-v1,1000,avg_success,0.0,0.0
3884,FlashSAC,PegInsertionSide-v1,1000,avg_success,5496832.0,0.0
3885,FlashSAC,PegInsertionSide-v1,1000,avg_success,10493952.0,0.18
3886,FlashSAC,PegInsertionSide-v1,1000,avg_success,15491072.0,0.36
3887,FlashSAC,PegInsertionSide-v1,1000,avg_success,20488192.0,0.66
3888,FlashSAC,PegInsertionSide-v1,1000,avg_success,25485312.0,0.76
3889,FlashSAC,PegInsertionSide-v1,1000,avg_success,30482432.0,0.78
3890,FlashSAC,PegInsertionSide-v1,1000,avg_success,35479552.0,0.72
3891,FlashSAC,PegInsertionSide-v1,1000,avg_success,40476672.0,0.96
3892,FlashSAC,PegInsertionSide-v1,1000,avg_success,45473792.0,0.96
3893,FlashSAC,PegInsertionSide-v1,1000,avg_success,50000896.0,0.97
3894,FlashSAC,PegInsertionSide-v1,2000,avg_return,0.0,1.1645487138033377
3895,FlashSAC,PegInsertionSide-v1,2000,avg_return,5496832.0,55.36532664125785
3896,FlashSAC,PegInsertionSide-v1,2000,avg_return,10493952.0,71.54380036165938
3897,FlashSAC,PegInsertionSide-v1,2000,avg_return,15491072.0,82.54332332903519
3898,FlashSAC,PegInsertionSide-v1,2000,avg_return,20488192.0,84.24618596218527
3899,FlashSAC,PegInsertionSide-v1,2000,avg_return,25485312.0,83.03692230982706
3900,FlashSAC,PegInsertionSide-v1,2000,avg_return,30482432.0,85.946481401138
3901,FlashSAC,PegInsertionSide-v1,2000,avg_return,35479552.0,84.32323154659942
3902,FlashSAC,PegInsertionSide-v1,2000,avg_return,40476672.0,86.41160118108616
3903,FlashSAC,PegInsertionSide-v1,2000,avg_return,45473792.0,85.16415975023061
3904,FlashSAC,PegInsertionSide-v1,2000,avg_return,50000896.0,85.32072975609452
3905,FlashSAC,PegInsertionSide-v1,2000,avg_success,0.0,0.0
3906,FlashSAC,PegInsertionSide-v1,2000,avg_success,5496832.0,0.0
3907,FlashSAC,PegInsertionSide-v1,2000,avg_success,10493952.0,0.48
3908,FlashSAC,PegInsertionSide-v1,2000,avg_success,15491072.0,0.86
3909,FlashSAC,PegInsertionSide-v1,2000,avg_success,20488192.0,0.82
3910,FlashSAC,PegInsertionSide-v1,2000,avg_success,25485312.0,0.82
3911,FlashSAC,PegInsertionSide-v1,2000,avg_success,30482432.0,0.98
3912,FlashSAC,PegInsertionSide-v1,2000,avg_success,35479552.0,0.88
3913,FlashSAC,PegInsertionSide-v1,2000,avg_success,40476672.0,1.0
3914,FlashSAC,PegInsertionSide-v1,2000,avg_success,45473792.0,0.9
3915,FlashSAC,PegInsertionSide-v1,2000,avg_success,50000896.0,0.94
3916,FlashSAC,PegInsertionSide-v1,3000,avg_return,0.0,0.2662832797480428
3917,FlashSAC,PegInsertionSide-v1,3000,avg_return,5496832.0,54.2420836401917
3918,FlashSAC,PegInsertionSide-v1,3000,avg_return,10493952.0,74.32945497227833
3919,FlashSAC,PegInsertionSide-v1,3000,avg_return,15491072.0,84.49345179527998
3920,FlashSAC,PegInsertionSide-v1,3000,avg_return,20488192.0,83.33948721077293
3921,FlashSAC,PegInsertionSide-v1,3000,avg_return,25485312.0,86.16737648051232
3922,FlashSAC,PegInsertionSide-v1,3000,avg_return,30482432.0,86.52840980241075
3923,FlashSAC,PegInsertionSide-v1,3000,avg_return,35479552.0,86.36320057788863
3924,FlashSAC,PegInsertionSide-v1,3000,avg_return,40476672.0,84.98540208147838
3925,FlashSAC,PegInsertionSide-v1,3000,avg_return,45473792.0,85.60040177235379
3926,FlashSAC,PegInsertionSide-v1,3000,avg_return,50000896.0,86.80086056371219
3927,FlashSAC,PegInsertionSide-v1,3000,avg_success,0.0,0.0
3928,FlashSAC,PegInsertionSide-v1,3000,avg_success,5496832.0,0.0
3929,FlashSAC,PegInsertionSide-v1,3000,avg_success,10493952.0,0.46
3930,FlashSAC,PegInsertionSide-v1,3000,avg_success,15491072.0,0.86
3931,FlashSAC,PegInsertionSide-v1,3000,avg_success,20488192.0,0.8
3932,FlashSAC,PegInsertionSide-v1,3000,avg_success,25485312.0,0.94
3933,FlashSAC,PegInsertionSide-v1,3000,avg_success,30482432.0,1.0
3934,FlashSAC,PegInsertionSide-v1,3000,avg_success,35479552.0,0.98
3935,FlashSAC,PegInsertionSide-v1,3000,avg_success,40476672.0,0.9
3936,FlashSAC,PegInsertionSide-v1,3000,avg_success,45473792.0,0.96
3937,FlashSAC,PegInsertionSide-v1,3000,avg_success,50000896.0,0.99
3938,FlashSAC,PegInsertionSide-v1,4000,avg_return,0.0,2.5482221390763096
3939,FlashSAC,PegInsertionSide-v1,4000,avg_return,5496832.0,62.75307105341926
3940,FlashSAC,PegInsertionSide-v1,4000,avg_return,10493952.0,74.73378501778468
3941,FlashSAC,PegInsertionSide-v1,4000,avg_return,15491072.0,84.20935410736129
3942,FlashSAC,PegInsertionSide-v1,4000,avg_return,20488192.0,84.12194734202698
3943,FlashSAC,PegInsertionSide-v1,4000,avg_return,25485312.0,85.6757127292268
3944,FlashSAC,PegInsertionSide-v1,4000,avg_return,30482432.0,85.56273561548441
3945,FlashSAC,PegInsertionSide-v1,4000,avg_return,35479552.0,85.73949751406909
3946,FlashSAC,PegInsertionSide-v1,4000,avg_return,40476672.0,86.07676126848907
3947,FlashSAC,PegInsertionSide-v1,4000,avg_return,45473792.0,85.9729757954739
3948,FlashSAC,PegInsertionSide-v1,4000,avg_return,50000896.0,85.49412558486685
3949,FlashSAC,PegInsertionSide-v1,4000,avg_success,0.0,0.0
3950,FlashSAC,PegInsertionSide-v1,4000,avg_success,5496832.0,0.0
3951,FlashSAC,PegInsertionSide-v1,4000,avg_success,10493952.0,0.52
3952,FlashSAC,PegInsertionSide-v1,4000,avg_success,15491072.0,0.9
3953,FlashSAC,PegInsertionSide-v1,4000,avg_success,20488192.0,0.78
3954,FlashSAC,PegInsertionSide-v1,4000,avg_success,25485312.0,0.9
3955,FlashSAC,PegInsertionSide-v1,4000,avg_success,30482432.0,0.92
3956,FlashSAC,PegInsertionSide-v1,4000,avg_success,35479552.0,0.96
3957,FlashSAC,PegInsertionSide-v1,4000,avg_success,40476672.0,0.94
3958,FlashSAC,PegInsertionSide-v1,4000,avg_success,45473792.0,0.96
3959,FlashSAC,PegInsertionSide-v1,4000,avg_success,50000896.0,0.92
3960,FlashSAC,PickSingleYCB-v1,0,avg_return,0.0,0.0524493572957152
3961,FlashSAC,PickSingleYCB-v1,0,avg_return,5496832.0,15.635972565282136
3962,FlashSAC,PickSingleYCB-v1,0,avg_return,10493952.0,19.56781671755016
3963,FlashSAC,PickSingleYCB-v1,0,avg_return,15491072.0,17.314252338018267
3964,FlashSAC,PickSingleYCB-v1,0,avg_return,20488192.0,17.152267044764013
3965,FlashSAC,PickSingleYCB-v1,0,avg_return,25485312.0,22.371251404173677
3966,FlashSAC,PickSingleYCB-v1,0,avg_return,30482432.0,17.822823162619024
3967,FlashSAC,PickSingleYCB-v1,0,avg_return,35479552.0,15.0961195226945
3968,FlashSAC,PickSingleYCB-v1,0,avg_return,40476672.0,12.937562789842486
3969,FlashSAC,PickSingleYCB-v1,0,avg_return,45473792.0,21.8261308019422
3970,FlashSAC,PickSingleYCB-v1,0,avg_return,50000896.0,20.367674408806486
3971,FlashSAC,PickSingleYCB-v1,0,avg_success,0.0,0.0
3972,FlashSAC,PickSingleYCB-v1,0,avg_success,5496832.0,0.36
3973,FlashSAC,PickSingleYCB-v1,0,avg_success,10493952.0,0.56
3974,FlashSAC,PickSingleYCB-v1,0,avg_success,15491072.0,0.54
3975,FlashSAC,PickSingleYCB-v1,0,avg_success,20488192.0,0.66
3976,FlashSAC,PickSingleYCB-v1,0,avg_success,25485312.0,0.7
3977,FlashSAC,PickSingleYCB-v1,0,avg_success,30482432.0,0.56
3978,FlashSAC,PickSingleYCB-v1,0,avg_success,35479552.0,0.56
3979,FlashSAC,PickSingleYCB-v1,0,avg_success,40476672.0,0.3
3980,FlashSAC,PickSingleYCB-v1,0,avg_success,45473792.0,0.74
3981,FlashSAC,PickSingleYCB-v1,0,avg_success,50000896.0,0.6599999999999999
3982,FlashSAC,PickSingleYCB-v1,1000,avg_return,0.0,0.7893949591319722
3983,FlashSAC,PickSingleYCB-v1,1000,avg_return,5496832.0,14.610017889551818
3984,FlashSAC,PickSingleYCB-v1,1000,avg_return,10493952.0,19.79488297533244
3985,FlashSAC,PickSingleYCB-v1,1000,avg_return,15491072.0,18.944837569276583
3986,FlashSAC,PickSingleYCB-v1,1000,avg_return,20488192.0,18.622414428777997
3987,FlashSAC,PickSingleYCB-v1,1000,avg_return,25485312.0,22.320653868671503
3988,FlashSAC,PickSingleYCB-v1,1000,avg_return,30482432.0,20.88684554165229
3989,FlashSAC,PickSingleYCB-v1,1000,avg_return,35479552.0,22.08393901120024
3990,FlashSAC,PickSingleYCB-v1,1000,avg_return,40476672.0,21.29750606635585
3991,FlashSAC,PickSingleYCB-v1,1000,avg_return,45473792.0,25.050952910017223
3992,FlashSAC,PickSingleYCB-v1,1000,avg_return,50000896.0,20.182460948703813
3993,FlashSAC,PickSingleYCB-v1,1000,avg_success,0.0,0.0
3994,FlashSAC,PickSingleYCB-v1,1000,avg_success,5496832.0,0.26
3995,FlashSAC,PickSingleYCB-v1,1000,avg_success,10493952.0,0.64
3996,FlashSAC,PickSingleYCB-v1,1000,avg_success,15491072.0,0.58
3997,FlashSAC,PickSingleYCB-v1,1000,avg_success,20488192.0,0.64
3998,FlashSAC,PickSingleYCB-v1,1000,avg_success,25485312.0,0.74
3999,FlashSAC,PickSingleYCB-v1,1000,avg_success,30482432.0,0.62
4000,FlashSAC,PickSingleYCB-v1,1000,avg_success,35479552.0,0.72
4001,FlashSAC,PickSingleYCB-v1,1000,avg_success,40476672.0,0.7
4002,FlashSAC,PickSingleYCB-v1,1000,avg_success,45473792.0,0.84
4003,FlashSAC,PickSingleYCB-v1,1000,avg_success,50000896.0,0.6499999999999999
4004,FlashSAC,PickSingleYCB-v1,2000,avg_return,0.0,0.1433460578787344
4005,FlashSAC,PickSingleYCB-v1,2000,avg_return,5496832.0,19.20970855332911
4006,FlashSAC,PickSingleYCB-v1,2000,avg_return,10493952.0,21.406538312509657
4007,FlashSAC,PickSingleYCB-v1,2000,avg_return,15491072.0,21.683783884458244
4008,FlashSAC,PickSingleYCB-v1,2000,avg_return,20488192.0,22.885395507104693
4009,FlashSAC,PickSingleYCB-v1,2000,avg_return,25485312.0,19.215860830266028
4010,FlashSAC,PickSingleYCB-v1,2000,avg_return,30482432.0,20.88461058270186
4011,FlashSAC,PickSingleYCB-v1,2000,avg_return,35479552.0,24.686757094245404
4012,FlashSAC,PickSingleYCB-v1,2000,avg_return,40476672.0,24.64160821782425
4013,FlashSAC,PickSingleYCB-v1,2000,avg_return,45473792.0,22.74365708667785
4014,FlashSAC,PickSingleYCB-v1,2000,avg_return,50000896.0,14.289430695874616
4015,FlashSAC,PickSingleYCB-v1,2000,avg_success,0.0,0.0
4016,FlashSAC,PickSingleYCB-v1,2000,avg_success,5496832.0,0.64
4017,FlashSAC,PickSingleYCB-v1,2000,avg_success,10493952.0,0.7
4018,FlashSAC,PickSingleYCB-v1,2000,avg_success,15491072.0,0.68
4019,FlashSAC,PickSingleYCB-v1,2000,avg_success,20488192.0,0.84
4020,FlashSAC,PickSingleYCB-v1,2000,avg_success,25485312.0,0.62
4021,FlashSAC,PickSingleYCB-v1,2000,avg_success,30482432.0,0.66
4022,FlashSAC,PickSingleYCB-v1,2000,avg_success,35479552.0,0.82
4023,FlashSAC,PickSingleYCB-v1,2000,avg_success,40476672.0,0.8
4024,FlashSAC,PickSingleYCB-v1,2000,avg_success,45473792.0,0.82
4025,FlashSAC,PickSingleYCB-v1,2000,avg_success,50000896.0,0.49
4026,FlashSAC,PickSingleYCB-v1,3000,avg_return,0.0,0.0433147688942503
4027,FlashSAC,PickSingleYCB-v1,3000,avg_return,5496832.0,13.566228620428593
4028,FlashSAC,PickSingleYCB-v1,3000,avg_return,10493952.0,19.01035490561277
4029,FlashSAC,PickSingleYCB-v1,3000,avg_return,15491072.0,18.059333813581617
4030,FlashSAC,PickSingleYCB-v1,3000,avg_return,20488192.0,22.750413356721403
4031,FlashSAC,PickSingleYCB-v1,3000,avg_return,25485312.0,17.706940684039147
4032,FlashSAC,PickSingleYCB-v1,3000,avg_return,30482432.0,14.678640667200089
4033,FlashSAC,PickSingleYCB-v1,3000,avg_return,35479552.0,25.6766311936453
4034,FlashSAC,PickSingleYCB-v1,3000,avg_return,40476672.0,23.32756702590734
4035,FlashSAC,PickSingleYCB-v1,3000,avg_return,45473792.0,18.263268990516664
4036,FlashSAC,PickSingleYCB-v1,3000,avg_return,50000896.0,22.25301645725965
4037,FlashSAC,PickSingleYCB-v1,3000,avg_success,0.0,0.0
4038,FlashSAC,PickSingleYCB-v1,3000,avg_success,5496832.0,0.16
4039,FlashSAC,PickSingleYCB-v1,3000,avg_success,10493952.0,0.6
4040,FlashSAC,PickSingleYCB-v1,3000,avg_success,15491072.0,0.6
4041,FlashSAC,PickSingleYCB-v1,3000,avg_success,20488192.0,0.76
4042,FlashSAC,PickSingleYCB-v1,3000,avg_success,25485312.0,0.5
4043,FlashSAC,PickSingleYCB-v1,3000,avg_success,30482432.0,0.36
4044,FlashSAC,PickSingleYCB-v1,3000,avg_success,35479552.0,0.84
4045,FlashSAC,PickSingleYCB-v1,3000,avg_success,40476672.0,0.78
4046,FlashSAC,PickSingleYCB-v1,3000,avg_success,45473792.0,0.6
4047,FlashSAC,PickSingleYCB-v1,3000,avg_success,50000896.0,0.72
4048,FlashSAC,PickSingleYCB-v1,4000,avg_return,0.0,0.061113928672329
4049,FlashSAC,PickSingleYCB-v1,4000,avg_return,5496832.0,17.989621799914165
4050,FlashSAC,PickSingleYCB-v1,4000,avg_return,10493952.0,17.317308440469205
4051,FlashSAC,PickSingleYCB-v1,4000,avg_return,15491072.0,21.05742267500609
4052,FlashSAC,PickSingleYCB-v1,4000,avg_return,20488192.0,16.569204861856996
4053,FlashSAC,PickSingleYCB-v1,4000,avg_return,25485312.0,19.42557699361816
4054,FlashSAC,PickSingleYCB-v1,4000,avg_return,30482432.0,23.784446684289723
4055,FlashSAC,PickSingleYCB-v1,4000,avg_return,35479552.0,21.86041446197778
4056,FlashSAC,PickSingleYCB-v1,4000,avg_return,40476672.0,11.500615782365204
4057,FlashSAC,PickSingleYCB-v1,4000,avg_return,45473792.0,9.185587186757475
4058,FlashSAC,PickSingleYCB-v1,4000,avg_return,50000896.0,22.254188159545883
4059,FlashSAC,PickSingleYCB-v1,4000,avg_success,0.0,0.0
4060,FlashSAC,PickSingleYCB-v1,4000,avg_success,5496832.0,0.56
4061,FlashSAC,PickSingleYCB-v1,4000,avg_success,10493952.0,0.52
4062,FlashSAC,PickSingleYCB-v1,4000,avg_success,15491072.0,0.66
4063,FlashSAC,PickSingleYCB-v1,4000,avg_success,20488192.0,0.44
4064,FlashSAC,PickSingleYCB-v1,4000,avg_success,25485312.0,0.68
4065,FlashSAC,PickSingleYCB-v1,4000,avg_success,30482432.0,0.74
4066,FlashSAC,PickSingleYCB-v1,4000,avg_success,35479552.0,0.72
4067,FlashSAC,PickSingleYCB-v1,4000,avg_success,40476672.0,0.36
4068,FlashSAC,PickSingleYCB-v1,4000,avg_success,45473792.0,0.18
4069,FlashSAC,PickSingleYCB-v1,4000,avg_success,50000896.0,0.75
4070,FlashSAC,PokeCube-v1,0,avg_return,0.0,0.5668082401948049
4071,FlashSAC,PokeCube-v1,0,avg_return,5496832.0,31.703043932393197
4072,FlashSAC,PokeCube-v1,0,avg_return,10493952.0,32.39542468324304
4073,FlashSAC,PokeCube-v1,0,avg_return,15491072.0,38.241050666570665
4074,FlashSAC,PokeCube-v1,0,avg_return,20488192.0,41.33148269034922
4075,FlashSAC,PokeCube-v1,0,avg_return,25485312.0,41.0182712341845
4076,FlashSAC,PokeCube-v1,0,avg_return,30482432.0,39.84699504122138
4077,FlashSAC,PokeCube-v1,0,avg_return,35479552.0,41.23979170463979
4078,FlashSAC,PokeCube-v1,0,avg_return,40476672.0,41.07676820889115
4079,FlashSAC,PokeCube-v1,0,avg_return,45473792.0,41.00976983048022
4080,FlashSAC,PokeCube-v1,0,avg_return,50000896.0,40.91138902340085
4081,FlashSAC,PokeCube-v1,0,avg_success,0.0,0.0
4082,FlashSAC,PokeCube-v1,0,avg_success,5496832.0,0.42
4083,FlashSAC,PokeCube-v1,0,avg_success,10493952.0,0.0
4084,FlashSAC,PokeCube-v1,0,avg_success,15491072.0,0.72
4085,FlashSAC,PokeCube-v1,0,avg_success,20488192.0,1.0
4086,FlashSAC,PokeCube-v1,0,avg_success,25485312.0,1.0
4087,FlashSAC,PokeCube-v1,0,avg_success,30482432.0,0.94
4088,FlashSAC,PokeCube-v1,0,avg_success,35479552.0,0.98
4089,FlashSAC,PokeCube-v1,0,avg_success,40476672.0,0.98
4090,FlashSAC,PokeCube-v1,0,avg_success,45473792.0,0.98
4091,FlashSAC,PokeCube-v1,0,avg_success,50000896.0,0.99
4092,FlashSAC,PokeCube-v1,1000,avg_return,0.0,1.5519736004038711
4093,FlashSAC,PokeCube-v1,1000,avg_return,5496832.0,32.16812944561243
4094,FlashSAC,PokeCube-v1,1000,avg_return,10493952.0,32.661972017362714
4095,FlashSAC,PokeCube-v1,1000,avg_return,15491072.0,33.20484161153436
4096,FlashSAC,PokeCube-v1,1000,avg_return,20488192.0,33.10912242919207
4097,FlashSAC,PokeCube-v1,1000,avg_return,25485312.0,32.63526052355766
4098,FlashSAC,PokeCube-v1,1000,avg_return,30482432.0,32.4351617218554
4099,FlashSAC,PokeCube-v1,1000,avg_return,35479552.0,32.98667280562222
4100,FlashSAC,PokeCube-v1,1000,avg_return,40476672.0,32.89846566058695
4101,FlashSAC,PokeCube-v1,1000,avg_return,45473792.0,32.68548963807523
4102,FlashSAC,PokeCube-v1,1000,avg_return,50000896.0,32.84167155839503
4103,FlashSAC,PokeCube-v1,1000,avg_success,0.0,0.0
4104,FlashSAC,PokeCube-v1,1000,avg_success,5496832.0,0.0
4105,FlashSAC,PokeCube-v1,1000,avg_success,10493952.0,0.0
4106,FlashSAC,PokeCube-v1,1000,avg_success,15491072.0,0.0
4107,FlashSAC,PokeCube-v1,1000,avg_success,20488192.0,0.0
4108,FlashSAC,PokeCube-v1,1000,avg_success,25485312.0,0.0
4109,FlashSAC,PokeCube-v1,1000,avg_success,30482432.0,0.0
4110,FlashSAC,PokeCube-v1,1000,avg_success,35479552.0,0.0
4111,FlashSAC,PokeCube-v1,1000,avg_success,40476672.0,0.0
4112,FlashSAC,PokeCube-v1,1000,avg_success,45473792.0,0.0
4113,FlashSAC,PokeCube-v1,1000,avg_success,50000896.0,0.0
4114,FlashSAC,PokeCube-v1,2000,avg_return,0.0,0.1712113874973295
4115,FlashSAC,PokeCube-v1,2000,avg_return,5496832.0,27.948657397255303
4116,FlashSAC,PokeCube-v1,2000,avg_return,10493952.0,32.43002412706613
4117,FlashSAC,PokeCube-v1,2000,avg_return,15491072.0,32.76788375101984
4118,FlashSAC,PokeCube-v1,2000,avg_return,20488192.0,32.72698085620999
4119,FlashSAC,PokeCube-v1,2000,avg_return,25485312.0,32.83491207271814
4120,FlashSAC,PokeCube-v1,2000,avg_return,30482432.0,32.8957273131609
4121,FlashSAC,PokeCube-v1,2000,avg_return,35479552.0,33.046077283471824
4122,FlashSAC,PokeCube-v1,2000,avg_return,40476672.0,32.798302192613484
4123,FlashSAC,PokeCube-v1,2000,avg_return,45473792.0,32.78192527599633
4124,FlashSAC,PokeCube-v1,2000,avg_return,50000896.0,32.96997552793473
4125,FlashSAC,PokeCube-v1,2000,avg_success,0.0,0.0
4126,FlashSAC,PokeCube-v1,2000,avg_success,5496832.0,0.0
4127,FlashSAC,PokeCube-v1,2000,avg_success,10493952.0,0.0
4128,FlashSAC,PokeCube-v1,2000,avg_success,15491072.0,0.0
4129,FlashSAC,PokeCube-v1,2000,avg_success,20488192.0,0.0
4130,FlashSAC,PokeCube-v1,2000,avg_success,25485312.0,0.0
4131,FlashSAC,PokeCube-v1,2000,avg_success,30482432.0,0.0
4132,FlashSAC,PokeCube-v1,2000,avg_success,35479552.0,0.0
4133,FlashSAC,PokeCube-v1,2000,avg_success,40476672.0,0.0
4134,FlashSAC,PokeCube-v1,2000,avg_success,45473792.0,0.0
4135,FlashSAC,PokeCube-v1,2000,avg_success,50000896.0,0.0
4136,FlashSAC,PokeCube-v1,3000,avg_return,0.0,1.0088511881505835
4137,FlashSAC,PokeCube-v1,3000,avg_return,5496832.0,26.26399333417416
4138,FlashSAC,PokeCube-v1,3000,avg_return,10493952.0,32.851478712558745
4139,FlashSAC,PokeCube-v1,3000,avg_return,15491072.0,32.89977858111262
4140,FlashSAC,PokeCube-v1,3000,avg_return,20488192.0,32.8842143933475
4141,FlashSAC,PokeCube-v1,3000,avg_return,25485312.0,32.91089348033071
4142,FlashSAC,PokeCube-v1,3000,avg_return,30482432.0,32.795877689793706
4143,FlashSAC,PokeCube-v1,3000,avg_return,35479552.0,32.829247518107294
4144,FlashSAC,PokeCube-v1,3000,avg_return,40476672.0,32.86543991304934
4145,FlashSAC,PokeCube-v1,3000,avg_return,45473792.0,32.86953118763864
4146,FlashSAC,PokeCube-v1,3000,avg_return,50000896.0,32.60485618397593
4147,FlashSAC,PokeCube-v1,3000,avg_success,0.0,0.0
4148,FlashSAC,PokeCube-v1,3000,avg_success,5496832.0,0.0
4149,FlashSAC,PokeCube-v1,3000,avg_success,10493952.0,0.0
4150,FlashSAC,PokeCube-v1,3000,avg_success,15491072.0,0.0
4151,FlashSAC,PokeCube-v1,3000,avg_success,20488192.0,0.0
4152,FlashSAC,PokeCube-v1,3000,avg_success,25485312.0,0.0
4153,FlashSAC,PokeCube-v1,3000,avg_success,30482432.0,0.0
4154,FlashSAC,PokeCube-v1,3000,avg_success,35479552.0,0.0
4155,FlashSAC,PokeCube-v1,3000,avg_success,40476672.0,0.0
4156,FlashSAC,PokeCube-v1,3000,avg_success,45473792.0,0.0
4157,FlashSAC,PokeCube-v1,3000,avg_success,50000896.0,0.0
4158,FlashSAC,PokeCube-v1,4000,avg_return,0.0,0.5993880005984101
4159,FlashSAC,PokeCube-v1,4000,avg_return,5496832.0,29.043039387390017
4160,FlashSAC,PokeCube-v1,4000,avg_return,10493952.0,32.66566013582051
4161,FlashSAC,PokeCube-v1,4000,avg_return,15491072.0,32.90582408905029
4162,FlashSAC,PokeCube-v1,4000,avg_return,20488192.0,32.41409280523658
4163,FlashSAC,PokeCube-v1,4000,avg_return,25485312.0,33.12284587219357
4164,FlashSAC,PokeCube-v1,4000,avg_return,30482432.0,32.6017763864994
4165,FlashSAC,PokeCube-v1,4000,avg_return,35479552.0,33.00074898928404
4166,FlashSAC,PokeCube-v1,4000,avg_return,40476672.0,33.122248524352905
4167,FlashSAC,PokeCube-v1,4000,avg_return,45473792.0,33.266754699423906
4168,FlashSAC,PokeCube-v1,4000,avg_return,50000896.0,32.76167849808931
4169,FlashSAC,PokeCube-v1,4000,avg_success,0.0,0.0
4170,FlashSAC,PokeCube-v1,4000,avg_success,5496832.0,0.0
4171,FlashSAC,PokeCube-v1,4000,avg_success,10493952.0,0.0
4172,FlashSAC,PokeCube-v1,4000,avg_success,15491072.0,0.0
4173,FlashSAC,PokeCube-v1,4000,avg_success,20488192.0,0.0
4174,FlashSAC,PokeCube-v1,4000,avg_success,25485312.0,0.0
4175,FlashSAC,PokeCube-v1,4000,avg_success,30482432.0,0.0
4176,FlashSAC,PokeCube-v1,4000,avg_success,35479552.0,0.0
4177,FlashSAC,PokeCube-v1,4000,avg_success,40476672.0,0.0
4178,FlashSAC,PokeCube-v1,4000,avg_success,45473792.0,0.0
4179,FlashSAC,PokeCube-v1,4000,avg_success,50000896.0,0.0
4180,FlashSAC,PullCube-v1,0,avg_return,0.0,0.3968548168770235
4181,FlashSAC,PullCube-v1,0,avg_return,5496832.0,41.38723869085312
4182,FlashSAC,PullCube-v1,0,avg_return,10493952.0,42.3044639569521
4183,FlashSAC,PullCube-v1,0,avg_return,15491072.0,42.54984059378505
4184,FlashSAC,PullCube-v1,0,avg_return,20488192.0,42.936068899035455
4185,FlashSAC,PullCube-v1,0,avg_return,25485312.0,42.88386245429516
4186,FlashSAC,PullCube-v1,0,avg_return,30482432.0,42.48502547323704
4187,FlashSAC,PullCube-v1,0,avg_return,35479552.0,42.77437300398946
4188,FlashSAC,PullCube-v1,0,avg_return,40476672.0,41.93031784057617
4189,FlashSAC,PullCube-v1,0,avg_return,45473792.0,42.70374992132187
4190,FlashSAC,PullCube-v1,0,avg_return,50000896.0,42.96033780127764
4191,FlashSAC,PullCube-v1,0,avg_success,0.0,0.0
4192,FlashSAC,PullCube-v1,0,avg_success,5496832.0,1.0
4193,FlashSAC,PullCube-v1,0,avg_success,10493952.0,1.0
4194,FlashSAC,PullCube-v1,0,avg_success,15491072.0,1.0
4195,FlashSAC,PullCube-v1,0,avg_success,20488192.0,1.0
4196,FlashSAC,PullCube-v1,0,avg_success,25485312.0,1.0
4197,FlashSAC,PullCube-v1,0,avg_success,30482432.0,1.0
4198,FlashSAC,PullCube-v1,0,avg_success,35479552.0,1.0
4199,FlashSAC,PullCube-v1,0,avg_success,40476672.0,1.0
4200,FlashSAC,PullCube-v1,0,avg_success,45473792.0,1.0
4201,FlashSAC,PullCube-v1,0,avg_success,50000896.0,1.0
4202,FlashSAC,PullCube-v1,1000,avg_return,0.0,0.6232540345810185
4203,FlashSAC,PullCube-v1,1000,avg_return,5496832.0,39.85617281123996
4204,FlashSAC,PullCube-v1,1000,avg_return,10493952.0,42.65543926998973
4205,FlashSAC,PullCube-v1,1000,avg_return,15491072.0,40.86647077962756
4206,FlashSAC,PullCube-v1,1000,avg_return,20488192.0,42.2305285795033
4207,FlashSAC,PullCube-v1,1000,avg_return,25485312.0,41.61453348793089
4208,FlashSAC,PullCube-v1,1000,avg_return,30482432.0,42.07815014595166
4209,FlashSAC,PullCube-v1,1000,avg_return,35479552.0,42.58255986258388
4210,FlashSAC,PullCube-v1,1000,avg_return,40476672.0,42.04315607152879
4211,FlashSAC,PullCube-v1,1000,avg_return,45473792.0,43.08580695256591
4212,FlashSAC,PullCube-v1,1000,avg_return,50000896.0,42.76133863560855
4213,FlashSAC,PullCube-v1,1000,avg_success,0.0,0.0
4214,FlashSAC,PullCube-v1,1000,avg_success,5496832.0,0.98
4215,FlashSAC,PullCube-v1,1000,avg_success,10493952.0,1.0
4216,FlashSAC,PullCube-v1,1000,avg_success,15491072.0,1.0
4217,FlashSAC,PullCube-v1,1000,avg_success,20488192.0,1.0
4218,FlashSAC,PullCube-v1,1000,avg_success,25485312.0,1.0
4219,FlashSAC,PullCube-v1,1000,avg_success,30482432.0,1.0
4220,FlashSAC,PullCube-v1,1000,avg_success,35479552.0,1.0
4221,FlashSAC,PullCube-v1,1000,avg_success,40476672.0,1.0
4222,FlashSAC,PullCube-v1,1000,avg_success,45473792.0,1.0
4223,FlashSAC,PullCube-v1,1000,avg_success,50000896.0,1.0
4224,FlashSAC,PullCube-v1,2000,avg_return,0.0,0.4721086087655158
4225,FlashSAC,PullCube-v1,2000,avg_return,5496832.0,41.35148510500789
4226,FlashSAC,PullCube-v1,2000,avg_return,10493952.0,41.85802068740129
4227,FlashSAC,PullCube-v1,2000,avg_return,15491072.0,41.67850165797121
4228,FlashSAC,PullCube-v1,2000,avg_return,20488192.0,42.1229940712452
4229,FlashSAC,PullCube-v1,2000,avg_return,25485312.0,42.75390299722552
4230,FlashSAC,PullCube-v1,2000,avg_return,30482432.0,42.43629334613681
4231,FlashSAC,PullCube-v1,2000,avg_return,35479552.0,42.75204604551196
4232,FlashSAC,PullCube-v1,2000,avg_return,40476672.0,42.52228768095374
4233,FlashSAC,PullCube-v1,2000,avg_return,45473792.0,42.89470501080155
4234,FlashSAC,PullCube-v1,2000,avg_return,50000896.0,42.88775790274143
4235,FlashSAC,PullCube-v1,2000,avg_success,0.0,0.0
4236,FlashSAC,PullCube-v1,2000,avg_success,5496832.0,1.0
4237,FlashSAC,PullCube-v1,2000,avg_success,10493952.0,1.0
4238,FlashSAC,PullCube-v1,2000,avg_success,15491072.0,1.0
4239,FlashSAC,PullCube-v1,2000,avg_success,20488192.0,1.0
4240,FlashSAC,PullCube-v1,2000,avg_success,25485312.0,1.0
4241,FlashSAC,PullCube-v1,2000,avg_success,30482432.0,1.0
4242,FlashSAC,PullCube-v1,2000,avg_success,35479552.0,1.0
4243,FlashSAC,PullCube-v1,2000,avg_success,40476672.0,1.0
4244,FlashSAC,PullCube-v1,2000,avg_success,45473792.0,1.0
4245,FlashSAC,PullCube-v1,2000,avg_success,50000896.0,1.0
4246,FlashSAC,PullCube-v1,3000,avg_return,0.0,0.9204317192952568
4247,FlashSAC,PullCube-v1,3000,avg_return,5496832.0,42.13254584565759
4248,FlashSAC,PullCube-v1,3000,avg_return,10493952.0,42.48795485258103
4249,FlashSAC,PullCube-v1,3000,avg_return,15491072.0,42.26779759809375
4250,FlashSAC,PullCube-v1,3000,avg_return,20488192.0,42.574963396787645
4251,FlashSAC,PullCube-v1,3000,avg_return,25485312.0,42.43132742106914
4252,FlashSAC,PullCube-v1,3000,avg_return,30482432.0,42.68584672033787
4253,FlashSAC,PullCube-v1,3000,avg_return,35479552.0,41.95296951759607
4254,FlashSAC,PullCube-v1,3000,avg_return,40476672.0,42.9579348474741
4255,FlashSAC,PullCube-v1,3000,avg_return,45473792.0,42.63573288738728
4256,FlashSAC,PullCube-v1,3000,avg_return,50000896.0,43.0113035428524
4257,FlashSAC,PullCube-v1,3000,avg_success,0.0,0.0
4258,FlashSAC,PullCube-v1,3000,avg_success,5496832.0,1.0
4259,FlashSAC,PullCube-v1,3000,avg_success,10493952.0,1.0
4260,FlashSAC,PullCube-v1,3000,avg_success,15491072.0,1.0
4261,FlashSAC,PullCube-v1,3000,avg_success,20488192.0,1.0
4262,FlashSAC,PullCube-v1,3000,avg_success,25485312.0,1.0
4263,FlashSAC,PullCube-v1,3000,avg_success,30482432.0,1.0
4264,FlashSAC,PullCube-v1,3000,avg_success,35479552.0,1.0
4265,FlashSAC,PullCube-v1,3000,avg_success,40476672.0,1.0
4266,FlashSAC,PullCube-v1,3000,avg_success,45473792.0,1.0
4267,FlashSAC,PullCube-v1,3000,avg_success,50000896.0,1.0
4268,FlashSAC,PullCube-v1,4000,avg_return,0.0,2.525957736868877
4269,FlashSAC,PullCube-v1,4000,avg_return,5496832.0,41.98156877085567
4270,FlashSAC,PullCube-v1,4000,avg_return,10493952.0,40.60962323397398
4271,FlashSAC,PullCube-v1,4000,avg_return,15491072.0,42.68631763756275
4272,FlashSAC,PullCube-v1,4000,avg_return,20488192.0,41.3054679517448
4273,FlashSAC,PullCube-v1,4000,avg_return,25485312.0,42.84583413273096
4274,FlashSAC,PullCube-v1,4000,avg_return,30482432.0,43.45543969959021
4275,FlashSAC,PullCube-v1,4000,avg_return,35479552.0,42.94083776086569
4276,FlashSAC,PullCube-v1,4000,avg_return,40476672.0,42.87229758918286
4277,FlashSAC,PullCube-v1,4000,avg_return,45473792.0,42.8620184057951
4278,FlashSAC,PullCube-v1,4000,avg_return,50000896.0,42.58432902295142
4279,FlashSAC,PullCube-v1,4000,avg_success,0.0,0.0
4280,FlashSAC,PullCube-v1,4000,avg_success,5496832.0,1.0
4281,FlashSAC,PullCube-v1,4000,avg_success,10493952.0,1.0
4282,FlashSAC,PullCube-v1,4000,avg_success,15491072.0,1.0
4283,FlashSAC,PullCube-v1,4000,avg_success,20488192.0,1.0
4284,FlashSAC,PullCube-v1,4000,avg_success,25485312.0,1.0
4285,FlashSAC,PullCube-v1,4000,avg_success,30482432.0,1.0
4286,FlashSAC,PullCube-v1,4000,avg_success,35479552.0,1.0
4287,FlashSAC,PullCube-v1,4000,avg_success,40476672.0,1.0
4288,FlashSAC,PullCube-v1,4000,avg_success,45473792.0,1.0
4289,FlashSAC,PullCube-v1,4000,avg_success,50000896.0,1.0
4290,FlashSAC,RollBall-v1,0,avg_return,0.0,0.1395494651966146
4291,FlashSAC,RollBall-v1,0,avg_return,5496832.0,7.771556708216667
4292,FlashSAC,RollBall-v1,0,avg_return,10493952.0,24.395466448161752
4293,FlashSAC,RollBall-v1,0,avg_return,15491072.0,24.63444097781554
4294,FlashSAC,RollBall-v1,0,avg_return,20488192.0,24.496551142763348
4295,FlashSAC,RollBall-v1,0,avg_return,25485312.0,25.211628737412397
4296,FlashSAC,RollBall-v1,0,avg_return,30482432.0,25.45336763283238
4297,FlashSAC,RollBall-v1,0,avg_return,35479552.0,24.932540557794272
4298,FlashSAC,RollBall-v1,0,avg_return,40476672.0,25.087966599781065
4299,FlashSAC,RollBall-v1,0,avg_return,45473792.0,24.839632411659004
4300,FlashSAC,RollBall-v1,0,avg_return,50000896.0,24.83227588897571
4301,FlashSAC,RollBall-v1,0,avg_success,0.0,0.0
4302,FlashSAC,RollBall-v1,0,avg_success,5496832.0,0.0
4303,FlashSAC,RollBall-v1,0,avg_success,10493952.0,0.48
4304,FlashSAC,RollBall-v1,0,avg_success,15491072.0,0.64
4305,FlashSAC,RollBall-v1,0,avg_success,20488192.0,0.72
4306,FlashSAC,RollBall-v1,0,avg_success,25485312.0,0.76
4307,FlashSAC,RollBall-v1,0,avg_success,30482432.0,0.76
4308,FlashSAC,RollBall-v1,0,avg_success,35479552.0,0.86
4309,FlashSAC,RollBall-v1,0,avg_success,40476672.0,0.78
4310,FlashSAC,RollBall-v1,0,avg_success,45473792.0,0.9
4311,FlashSAC,RollBall-v1,0,avg_success,50000896.0,0.94
4312,FlashSAC,RollBall-v1,1000,avg_return,0.0,0.2405473948398139
4313,FlashSAC,RollBall-v1,1000,avg_return,5496832.0,22.631755242794757
4314,FlashSAC,RollBall-v1,1000,avg_return,10493952.0,25.09641062185168
4315,FlashSAC,RollBall-v1,1000,avg_return,15491072.0,23.269923226971567
4316,FlashSAC,RollBall-v1,1000,avg_return,20488192.0,22.35550286972004
4317,FlashSAC,RollBall-v1,1000,avg_return,25485312.0,24.806747480835767
4318,FlashSAC,RollBall-v1,1000,avg_return,30482432.0,24.211423349730037
4319,FlashSAC,RollBall-v1,1000,avg_return,35479552.0,24.321758754774454
4320,FlashSAC,RollBall-v1,1000,avg_return,40476672.0,23.16011101188566
4321,FlashSAC,RollBall-v1,1000,avg_return,45473792.0,23.766783094767806
4322,FlashSAC,RollBall-v1,1000,avg_return,50000896.0,23.538938626778453
4323,FlashSAC,RollBall-v1,1000,avg_success,0.0,0.0
4324,FlashSAC,RollBall-v1,1000,avg_success,5496832.0,0.12
4325,FlashSAC,RollBall-v1,1000,avg_success,10493952.0,0.44
4326,FlashSAC,RollBall-v1,1000,avg_success,15491072.0,0.7
4327,FlashSAC,RollBall-v1,1000,avg_success,20488192.0,0.72
4328,FlashSAC,RollBall-v1,1000,avg_success,25485312.0,0.68
4329,FlashSAC,RollBall-v1,1000,avg_success,30482432.0,0.84
4330,FlashSAC,RollBall-v1,1000,avg_success,35479552.0,0.94
4331,FlashSAC,RollBall-v1,1000,avg_success,40476672.0,0.94
4332,FlashSAC,RollBall-v1,1000,avg_success,45473792.0,0.98
4333,FlashSAC,RollBall-v1,1000,avg_success,50000896.0,0.89
4334,FlashSAC,RollBall-v1,2000,avg_return,0.0,0.1699461995018646
4335,FlashSAC,RollBall-v1,2000,avg_return,5496832.0,12.811615226697176
4336,FlashSAC,RollBall-v1,2000,avg_return,10493952.0,23.58753665709868
4337,FlashSAC,RollBall-v1,2000,avg_return,15491072.0,22.761706858643564
4338,FlashSAC,RollBall-v1,2000,avg_return,20488192.0,25.42673232086003
4339,FlashSAC,RollBall-v1,2000,avg_return,25485312.0,24.58546963751316
4340,FlashSAC,RollBall-v1,2000,avg_return,30482432.0,24.06456162301397
4341,FlashSAC,RollBall-v1,2000,avg_return,35479552.0,24.60678116004914
4342,FlashSAC,RollBall-v1,2000,avg_return,40476672.0,25.329843407478183
4343,FlashSAC,RollBall-v1,2000,avg_return,45473792.0,24.9098206757508
4344,FlashSAC,RollBall-v1,2000,avg_return,50000896.0,23.876504731053863
4345,FlashSAC,RollBall-v1,2000,avg_success,0.0,0.0
4346,FlashSAC,RollBall-v1,2000,avg_success,5496832.0,0.02
4347,FlashSAC,RollBall-v1,2000,avg_success,10493952.0,0.46
4348,FlashSAC,RollBall-v1,2000,avg_success,15491072.0,0.58
4349,FlashSAC,RollBall-v1,2000,avg_success,20488192.0,0.84
4350,FlashSAC,RollBall-v1,2000,avg_success,25485312.0,0.8
4351,FlashSAC,RollBall-v1,2000,avg_success,30482432.0,0.84
4352,FlashSAC,RollBall-v1,2000,avg_success,35479552.0,0.82
4353,FlashSAC,RollBall-v1,2000,avg_success,40476672.0,0.96
4354,FlashSAC,RollBall-v1,2000,avg_success,45473792.0,0.98
4355,FlashSAC,RollBall-v1,2000,avg_success,50000896.0,0.8999999999999999
4356,FlashSAC,RollBall-v1,3000,avg_return,0.0,0.4735720199067145
4357,FlashSAC,RollBall-v1,3000,avg_return,5496832.0,14.581197184808552
4358,FlashSAC,RollBall-v1,3000,avg_return,10493952.0,23.2457858598516
4359,FlashSAC,RollBall-v1,3000,avg_return,15491072.0,23.247531744158085
4360,FlashSAC,RollBall-v1,3000,avg_return,20488192.0,24.22839318333193
4361,FlashSAC,RollBall-v1,3000,avg_return,25485312.0,24.151077535711227
4362,FlashSAC,RollBall-v1,3000,avg_return,30482432.0,24.567217271383853
4363,FlashSAC,RollBall-v1,3000,avg_return,35479552.0,25.157121405806397
4364,FlashSAC,RollBall-v1,3000,avg_return,40476672.0,24.34309824605719
4365,FlashSAC,RollBall-v1,3000,avg_return,45473792.0,25.349677889924497
4366,FlashSAC,RollBall-v1,3000,avg_return,50000896.0,24.609564296761526
4367,FlashSAC,RollBall-v1,3000,avg_success,0.0,0.0
4368,FlashSAC,RollBall-v1,3000,avg_success,5496832.0,0.0
4369,FlashSAC,RollBall-v1,3000,avg_success,10493952.0,0.42
4370,FlashSAC,RollBall-v1,3000,avg_success,15491072.0,0.6
4371,FlashSAC,RollBall-v1,3000,avg_success,20488192.0,0.6
4372,FlashSAC,RollBall-v1,3000,avg_success,25485312.0,0.88
4373,FlashSAC,RollBall-v1,3000,avg_success,30482432.0,0.82
4374,FlashSAC,RollBall-v1,3000,avg_success,35479552.0,0.88
4375,FlashSAC,RollBall-v1,3000,avg_success,40476672.0,0.9
4376,FlashSAC,RollBall-v1,3000,avg_success,45473792.0,0.96
4377,FlashSAC,RollBall-v1,3000,avg_success,50000896.0,0.93
4378,FlashSAC,RollBall-v1,4000,avg_return,0.0,0.1753616796355345
4379,FlashSAC,RollBall-v1,4000,avg_return,5496832.0,15.872135190684348
4380,FlashSAC,RollBall-v1,4000,avg_return,10493952.0,23.640789365060627
4381,FlashSAC,RollBall-v1,4000,avg_return,15491072.0,23.151735443200323
4382,FlashSAC,RollBall-v1,4000,avg_return,20488192.0,24.07993140403001
4383,FlashSAC,RollBall-v1,4000,avg_return,25485312.0,24.216161792557685
4384,FlashSAC,RollBall-v1,4000,avg_return,30482432.0,24.047217481784628
4385,FlashSAC,RollBall-v1,4000,avg_return,35479552.0,24.70853093020618
4386,FlashSAC,RollBall-v1,4000,avg_return,40476672.0,23.366822257041797
4387,FlashSAC,RollBall-v1,4000,avg_return,45473792.0,24.12651790767908
4388,FlashSAC,RollBall-v1,4000,avg_return,50000896.0,24.385791332852094
4389,FlashSAC,RollBall-v1,4000,avg_success,0.0,0.0
4390,FlashSAC,RollBall-v1,4000,avg_success,5496832.0,0.06
4391,FlashSAC,RollBall-v1,4000,avg_success,10493952.0,0.5
4392,FlashSAC,RollBall-v1,4000,avg_success,15491072.0,0.64
4393,FlashSAC,RollBall-v1,4000,avg_success,20488192.0,0.68
4394,FlashSAC,RollBall-v1,4000,avg_success,25485312.0,0.66
4395,FlashSAC,RollBall-v1,4000,avg_success,30482432.0,0.74
4396,FlashSAC,RollBall-v1,4000,avg_success,35479552.0,0.88
4397,FlashSAC,RollBall-v1,4000,avg_success,40476672.0,0.72
4398,FlashSAC,RollBall-v1,4000,avg_success,45473792.0,0.94
4399,FlashSAC,RollBall-v1,4000,avg_success,50000896.0,0.94
4400,FlashSAC,T1JoystickFlatTerrain,0,avg_return,0.0,0.0193182132811853
4401,FlashSAC,T1JoystickFlatTerrain,0,avg_return,5496832.0,2.8702868938122994
4402,FlashSAC,T1JoystickFlatTerrain,0,avg_return,10493952.0,25.190486945093145
4403,FlashSAC,T1JoystickFlatTerrain,0,avg_return,15491072.0,28.17947274741542
4404,FlashSAC,T1JoystickFlatTerrain,0,avg_return,20488192.0,34.94637464494823
4405,FlashSAC,T1JoystickFlatTerrain,0,avg_return,25485312.0,34.998735506153146
4406,FlashSAC,T1JoystickFlatTerrain,0,avg_return,30482432.0,37.42164181427652
4407,FlashSAC,T1JoystickFlatTerrain,0,avg_return,35479552.0,39.04213862321849
4408,FlashSAC,T1JoystickFlatTerrain,0,avg_return,40476672.0,39.88672509010648
4409,FlashSAC,T1JoystickFlatTerrain,0,avg_return,45473792.0,38.00377773530716
4410,FlashSAC,T1JoystickFlatTerrain,0,avg_return,50000896.0,38.451671762826265
4411,FlashSAC,T1JoystickFlatTerrain,0,avg_success,0.0,0.0
4412,FlashSAC,T1JoystickFlatTerrain,0,avg_success,5496832.0,0.0
4413,FlashSAC,T1JoystickFlatTerrain,0,avg_success,10493952.0,0.0
4414,FlashSAC,T1JoystickFlatTerrain,0,avg_success,15491072.0,0.0
4415,FlashSAC,T1JoystickFlatTerrain,0,avg_success,20488192.0,0.0
4416,FlashSAC,T1JoystickFlatTerrain,0,avg_success,25485312.0,0.0
4417,FlashSAC,T1JoystickFlatTerrain,0,avg_success,30482432.0,0.0
4418,FlashSAC,T1JoystickFlatTerrain,0,avg_success,35479552.0,0.0
4419,FlashSAC,T1JoystickFlatTerrain,0,avg_success,40476672.0,0.0
4420,FlashSAC,T1JoystickFlatTerrain,0,avg_success,45473792.0,0.0
4421,FlashSAC,T1JoystickFlatTerrain,0,avg_success,50000896.0,0.0
4422,FlashSAC,T1JoystickFlatTerrain,1000,avg_return,0.0,0.0118636263316147
4423,FlashSAC,T1JoystickFlatTerrain,1000,avg_return,5496832.0,6.035721688257945
4424,FlashSAC,T1JoystickFlatTerrain,1000,avg_return,10493952.0,25.712592324335628
4425,FlashSAC,T1JoystickFlatTerrain,1000,avg_return,15491072.0,31.08344561599772
4426,FlashSAC,T1JoystickFlatTerrain,1000,avg_return,20488192.0,32.70912733153724
4427,FlashSAC,T1JoystickFlatTerrain,1000,avg_return,25485312.0,35.20387321870541
4428,FlashSAC,T1JoystickFlatTerrain,1000,avg_return,30482432.0,36.37149507032154
4429,FlashSAC,T1JoystickFlatTerrain,1000,avg_return,35479552.0,37.45337316087363
4430,FlashSAC,T1JoystickFlatTerrain,1000,avg_return,40476672.0,36.11075811206596
4431,FlashSAC,T1JoystickFlatTerrain,1000,avg_return,45473792.0,36.18483659332036
4432,FlashSAC,T1JoystickFlatTerrain,1000,avg_return,50000896.0,38.01866219054708
4433,FlashSAC,T1JoystickFlatTerrain,1000,avg_success,0.0,0.0
4434,FlashSAC,T1JoystickFlatTerrain,1000,avg_success,5496832.0,0.0
4435,FlashSAC,T1JoystickFlatTerrain,1000,avg_success,10493952.0,0.0
4436,FlashSAC,T1JoystickFlatTerrain,1000,avg_success,15491072.0,0.0
4437,FlashSAC,T1JoystickFlatTerrain,1000,avg_success,20488192.0,0.0
4438,FlashSAC,T1JoystickFlatTerrain,1000,avg_success,25485312.0,0.0
4439,FlashSAC,T1JoystickFlatTerrain,1000,avg_success,30482432.0,0.0
4440,FlashSAC,T1JoystickFlatTerrain,1000,avg_success,35479552.0,0.0
4441,FlashSAC,T1JoystickFlatTerrain,1000,avg_success,40476672.0,0.0
4442,FlashSAC,T1JoystickFlatTerrain,1000,avg_success,45473792.0,0.0
4443,FlashSAC,T1JoystickFlatTerrain,1000,avg_success,50000896.0,0.0
4444,FlashSAC,T1JoystickFlatTerrain,2000,avg_return,0.0,0.0126420195332025
4445,FlashSAC,T1JoystickFlatTerrain,2000,avg_return,5496832.0,9.125132917329756
4446,FlashSAC,T1JoystickFlatTerrain,2000,avg_return,10493952.0,24.498778545072057
4447,FlashSAC,T1JoystickFlatTerrain,2000,avg_return,15491072.0,31.31759238775296
4448,FlashSAC,T1JoystickFlatTerrain,2000,avg_return,20488192.0,33.31438509852276
4449,FlashSAC,T1JoystickFlatTerrain,2000,avg_return,25485312.0,38.2175510658932
4450,FlashSAC,T1JoystickFlatTerrain,2000,avg_return,30482432.0,36.76327306726018
4451,FlashSAC,T1JoystickFlatTerrain,2000,avg_return,35479552.0,38.05612383700267
4452,FlashSAC,T1JoystickFlatTerrain,2000,avg_return,40476672.0,39.58416842808597
4453,FlashSAC,T1JoystickFlatTerrain,2000,avg_return,45473792.0,39.07768618454807
4454,FlashSAC,T1JoystickFlatTerrain,2000,avg_return,50000896.0,39.25879499950825
4455,FlashSAC,T1JoystickFlatTerrain,2000,avg_success,0.0,0.0
4456,FlashSAC,T1JoystickFlatTerrain,2000,avg_success,5496832.0,0.0
4457,FlashSAC,T1JoystickFlatTerrain,2000,avg_success,10493952.0,0.0
4458,FlashSAC,T1JoystickFlatTerrain,2000,avg_success,15491072.0,0.0
4459,FlashSAC,T1JoystickFlatTerrain,2000,avg_success,20488192.0,0.0
4460,FlashSAC,T1JoystickFlatTerrain,2000,avg_success,25485312.0,0.0
4461,FlashSAC,T1JoystickFlatTerrain,2000,avg_success,30482432.0,0.0
4462,FlashSAC,T1JoystickFlatTerrain,2000,avg_success,35479552.0,0.0
4463,FlashSAC,T1JoystickFlatTerrain,2000,avg_success,40476672.0,0.0
4464,FlashSAC,T1JoystickFlatTerrain,2000,avg_success,45473792.0,0.0
4465,FlashSAC,T1JoystickFlatTerrain,2000,avg_success,50000896.0,0.0
4466,FlashSAC,T1JoystickFlatTerrain,3000,avg_return,0.0,0.0152527195379661
4467,FlashSAC,T1JoystickFlatTerrain,3000,avg_return,5496832.0,5.254625331183706
4468,FlashSAC,T1JoystickFlatTerrain,3000,avg_return,10493952.0,23.456039620679874
4469,FlashSAC,T1JoystickFlatTerrain,3000,avg_return,15491072.0,29.077589091830887
4470,FlashSAC,T1JoystickFlatTerrain,3000,avg_return,20488192.0,33.2995140873373
4471,FlashSAC,T1JoystickFlatTerrain,3000,avg_return,25485312.0,36.01470440757228
4472,FlashSAC,T1JoystickFlatTerrain,3000,avg_return,30482432.0,38.05339113135473
4473,FlashSAC,T1JoystickFlatTerrain,3000,avg_return,35479552.0,39.05742550706288
4474,FlashSAC,T1JoystickFlatTerrain,3000,avg_return,40476672.0,39.68993875886576
4475,FlashSAC,T1JoystickFlatTerrain,3000,avg_return,45473792.0,40.40961459607992
4476,FlashSAC,T1JoystickFlatTerrain,3000,avg_return,50000896.0,38.2725409584865
4477,FlashSAC,T1JoystickFlatTerrain,3000,avg_success,0.0,0.0
4478,FlashSAC,T1JoystickFlatTerrain,3000,avg_success,5496832.0,0.0
4479,FlashSAC,T1JoystickFlatTerrain,3000,avg_success,10493952.0,0.0
4480,FlashSAC,T1JoystickFlatTerrain,3000,avg_success,15491072.0,0.0
4481,FlashSAC,T1JoystickFlatTerrain,3000,avg_success,20488192.0,0.0
4482,FlashSAC,T1JoystickFlatTerrain,3000,avg_success,25485312.0,0.0
4483,FlashSAC,T1JoystickFlatTerrain,3000,avg_success,30482432.0,0.0
4484,FlashSAC,T1JoystickFlatTerrain,3000,avg_success,35479552.0,0.0
4485,FlashSAC,T1JoystickFlatTerrain,3000,avg_success,40476672.0,0.0
4486,FlashSAC,T1JoystickFlatTerrain,3000,avg_success,45473792.0,0.0
4487,FlashSAC,T1JoystickFlatTerrain,3000,avg_success,50000896.0,0.0
4488,FlashSAC,T1JoystickFlatTerrain,4000,avg_return,0.0,0.034212189943355
4489,FlashSAC,T1JoystickFlatTerrain,4000,avg_return,5496832.0,8.486263839782769
4490,FlashSAC,T1JoystickFlatTerrain,4000,avg_return,10493952.0,25.034030244838288
4491,FlashSAC,T1JoystickFlatTerrain,4000,avg_return,15491072.0,29.130145802369807
4492,FlashSAC,T1JoystickFlatTerrain,4000,avg_return,20488192.0,32.36093955489592
4493,FlashSAC,T1JoystickFlatTerrain,4000,avg_return,25485312.0,36.46728652123129
4494,FlashSAC,T1JoystickFlatTerrain,4000,avg_return,30482432.0,36.70426685134873
4495,FlashSAC,T1JoystickFlatTerrain,4000,avg_return,35479552.0,37.36546449093439
4496,FlashSAC,T1JoystickFlatTerrain,4000,avg_return,40476672.0,39.661349216190686
4497,FlashSAC,T1JoystickFlatTerrain,4000,avg_return,45473792.0,36.49281336901142
4498,FlashSAC,T1JoystickFlatTerrain,4000,avg_return,50000896.0,38.54318408832696
4499,FlashSAC,T1JoystickFlatTerrain,4000,avg_success,0.0,0.0
4500,FlashSAC,T1JoystickFlatTerrain,4000,avg_success,5496832.0,0.0
4501,FlashSAC,T1JoystickFlatTerrain,4000,avg_success,10493952.0,0.0
4502,FlashSAC,T1JoystickFlatTerrain,4000,avg_success,15491072.0,0.0
4503,FlashSAC,T1JoystickFlatTerrain,4000,avg_success,20488192.0,0.0
4504,FlashSAC,T1JoystickFlatTerrain,4000,avg_success,25485312.0,0.0
4505,FlashSAC,T1JoystickFlatTerrain,4000,avg_success,30482432.0,0.0
4506,FlashSAC,T1JoystickFlatTerrain,4000,avg_success,35479552.0,0.0
4507,FlashSAC,T1JoystickFlatTerrain,4000,avg_success,40476672.0,0.0
4508,FlashSAC,T1JoystickFlatTerrain,4000,avg_success,45473792.0,0.0
4509,FlashSAC,T1JoystickFlatTerrain,4000,avg_success,50000896.0,0.0
4510,FlashSAC,T1JoystickRoughTerrain,0,avg_return,0.0,0.0216769321891479
4511,FlashSAC,T1JoystickRoughTerrain,0,avg_return,5496832.0,4.7407085074123465
4512,FlashSAC,T1JoystickRoughTerrain,0,avg_return,10493952.0,19.065014272965563
4513,FlashSAC,T1JoystickRoughTerrain,0,avg_return,15491072.0,25.22301165237892
4514,FlashSAC,T1JoystickRoughTerrain,0,avg_return,20488192.0,28.909043563007145
4515,FlashSAC,T1JoystickRoughTerrain,0,avg_return,25485312.0,28.687096503240173
4516,FlashSAC,T1JoystickRoughTerrain,0,avg_return,30482432.0,30.078293072826344
4517,FlashSAC,T1JoystickRoughTerrain,0,avg_return,35479552.0,33.30043535692967
4518,FlashSAC,T1JoystickRoughTerrain,0,avg_return,40476672.0,34.33310469539119
4519,FlashSAC,T1JoystickRoughTerrain,0,avg_return,45473792.0,35.531004872222546
4520,FlashSAC,T1JoystickRoughTerrain,0,avg_return,50000896.0,35.01588404712233
4521,FlashSAC,T1JoystickRoughTerrain,0,avg_success,0.0,0.0
4522,FlashSAC,T1JoystickRoughTerrain,0,avg_success,5496832.0,0.0
4523,FlashSAC,T1JoystickRoughTerrain,0,avg_success,10493952.0,0.0
4524,FlashSAC,T1JoystickRoughTerrain,0,avg_success,15491072.0,0.0
4525,FlashSAC,T1JoystickRoughTerrain,0,avg_success,20488192.0,0.0
4526,FlashSAC,T1JoystickRoughTerrain,0,avg_success,25485312.0,0.0
4527,FlashSAC,T1JoystickRoughTerrain,0,avg_success,30482432.0,0.0
4528,FlashSAC,T1JoystickRoughTerrain,0,avg_success,35479552.0,0.0
4529,FlashSAC,T1JoystickRoughTerrain,0,avg_success,40476672.0,0.0
4530,FlashSAC,T1JoystickRoughTerrain,0,avg_success,45473792.0,0.0
4531,FlashSAC,T1JoystickRoughTerrain,0,avg_success,50000896.0,0.0
4532,FlashSAC,T1JoystickRoughTerrain,1000,avg_return,0.0,0.0119734809763031
4533,FlashSAC,T1JoystickRoughTerrain,1000,avg_return,5496832.0,5.419498944571169
4534,FlashSAC,T1JoystickRoughTerrain,1000,avg_return,10493952.0,21.47813271843028
4535,FlashSAC,T1JoystickRoughTerrain,1000,avg_return,15491072.0,29.76327010379697
4536,FlashSAC,T1JoystickRoughTerrain,1000,avg_return,20488192.0,28.403223137730965
4537,FlashSAC,T1JoystickRoughTerrain,1000,avg_return,25485312.0,31.806569506554226
4538,FlashSAC,T1JoystickRoughTerrain,1000,avg_return,30482432.0,31.034759104547994
4539,FlashSAC,T1JoystickRoughTerrain,1000,avg_return,35479552.0,28.33024635442241
4540,FlashSAC,T1JoystickRoughTerrain,1000,avg_return,40476672.0,30.457494755813386
4541,FlashSAC,T1JoystickRoughTerrain,1000,avg_return,45473792.0,35.36948810185946
4542,FlashSAC,T1JoystickRoughTerrain,1000,avg_return,50000896.0,34.76393170764422
4543,FlashSAC,T1JoystickRoughTerrain,1000,avg_success,0.0,0.0
4544,FlashSAC,T1JoystickRoughTerrain,1000,avg_success,5496832.0,0.0
4545,FlashSAC,T1JoystickRoughTerrain,1000,avg_success,10493952.0,0.0
4546,FlashSAC,T1JoystickRoughTerrain,1000,avg_success,15491072.0,0.0
4547,FlashSAC,T1JoystickRoughTerrain,1000,avg_success,20488192.0,0.0
4548,FlashSAC,T1JoystickRoughTerrain,1000,avg_success,25485312.0,0.0
4549,FlashSAC,T1JoystickRoughTerrain,1000,avg_success,30482432.0,0.0
4550,FlashSAC,T1JoystickRoughTerrain,1000,avg_success,35479552.0,0.0
4551,FlashSAC,T1JoystickRoughTerrain,1000,avg_success,40476672.0,0.0
4552,FlashSAC,T1JoystickRoughTerrain,1000,avg_success,45473792.0,0.0
4553,FlashSAC,T1JoystickRoughTerrain,1000,avg_success,50000896.0,0.0
4554,FlashSAC,T1JoystickRoughTerrain,2000,avg_return,0.0,0.014682469148247
4555,FlashSAC,T1JoystickRoughTerrain,2000,avg_return,5496832.0,4.657142329130938
4556,FlashSAC,T1JoystickRoughTerrain,2000,avg_return,10493952.0,20.04619740389866
4557,FlashSAC,T1JoystickRoughTerrain,2000,avg_return,15491072.0,29.881037024634715
4558,FlashSAC,T1JoystickRoughTerrain,2000,avg_return,20488192.0,29.64759392231921
4559,FlashSAC,T1JoystickRoughTerrain,2000,avg_return,25485312.0,32.90556580514589
4560,FlashSAC,T1JoystickRoughTerrain,2000,avg_return,30482432.0,28.385991298448644
4561,FlashSAC,T1JoystickRoughTerrain,2000,avg_return,35479552.0,32.626981300015466
4562,FlashSAC,T1JoystickRoughTerrain,2000,avg_return,40476672.0,28.13023160764176
4563,FlashSAC,T1JoystickRoughTerrain,2000,avg_return,45473792.0,35.748816931635666
4564,FlashSAC,T1JoystickRoughTerrain,2000,avg_return,50000896.0,33.71331719714753
4565,FlashSAC,T1JoystickRoughTerrain,2000,avg_success,0.0,0.0
4566,FlashSAC,T1JoystickRoughTerrain,2000,avg_success,5496832.0,0.0
4567,FlashSAC,T1JoystickRoughTerrain,2000,avg_success,10493952.0,0.0
4568,FlashSAC,T1JoystickRoughTerrain,2000,avg_success,15491072.0,0.0
4569,FlashSAC,T1JoystickRoughTerrain,2000,avg_success,20488192.0,0.0
4570,FlashSAC,T1JoystickRoughTerrain,2000,avg_success,25485312.0,0.0
4571,FlashSAC,T1JoystickRoughTerrain,2000,avg_success,30482432.0,0.0
4572,FlashSAC,T1JoystickRoughTerrain,2000,avg_success,35479552.0,0.0
4573,FlashSAC,T1JoystickRoughTerrain,2000,avg_success,40476672.0,0.0
4574,FlashSAC,T1JoystickRoughTerrain,2000,avg_success,45473792.0,0.0
4575,FlashSAC,T1JoystickRoughTerrain,2000,avg_success,50000896.0,0.0
4576,FlashSAC,T1JoystickRoughTerrain,3000,avg_return,0.0,0.0142831999942427
4577,FlashSAC,T1JoystickRoughTerrain,3000,avg_return,5496832.0,3.982960046694589
4578,FlashSAC,T1JoystickRoughTerrain,3000,avg_return,10493952.0,21.247793703293866
4579,FlashSAC,T1JoystickRoughTerrain,3000,avg_return,15491072.0,26.169470220093498
4580,FlashSAC,T1JoystickRoughTerrain,3000,avg_return,20488192.0,31.38290316769795
4581,FlashSAC,T1JoystickRoughTerrain,3000,avg_return,25485312.0,30.10367050433197
4582,FlashSAC,T1JoystickRoughTerrain,3000,avg_return,30482432.0,28.92551214257357
4583,FlashSAC,T1JoystickRoughTerrain,3000,avg_return,35479552.0,30.96092906428501
4584,FlashSAC,T1JoystickRoughTerrain,3000,avg_return,40476672.0,32.03655254961719
4585,FlashSAC,T1JoystickRoughTerrain,3000,avg_return,45473792.0,33.22122122857283
4586,FlashSAC,T1JoystickRoughTerrain,3000,avg_return,50000896.0,35.28932954214277
4587,FlashSAC,T1JoystickRoughTerrain,3000,avg_success,0.0,0.0
4588,FlashSAC,T1JoystickRoughTerrain,3000,avg_success,5496832.0,0.0
4589,FlashSAC,T1JoystickRoughTerrain,3000,avg_success,10493952.0,0.0
4590,FlashSAC,T1JoystickRoughTerrain,3000,avg_success,15491072.0,0.0
4591,FlashSAC,T1JoystickRoughTerrain,3000,avg_success,20488192.0,0.0
4592,FlashSAC,T1JoystickRoughTerrain,3000,avg_success,25485312.0,0.0
4593,FlashSAC,T1JoystickRoughTerrain,3000,avg_success,30482432.0,0.0
4594,FlashSAC,T1JoystickRoughTerrain,3000,avg_success,35479552.0,0.0
4595,FlashSAC,T1JoystickRoughTerrain,3000,avg_success,40476672.0,0.0
4596,FlashSAC,T1JoystickRoughTerrain,3000,avg_success,45473792.0,0.0
4597,FlashSAC,T1JoystickRoughTerrain,3000,avg_success,50000896.0,0.0
4598,FlashSAC,T1JoystickRoughTerrain,4000,avg_return,0.0,0.0281783967835872
4599,FlashSAC,T1JoystickRoughTerrain,4000,avg_return,5496832.0,4.317695543925511
4600,FlashSAC,T1JoystickRoughTerrain,4000,avg_return,10493952.0,22.772660007078848
4601,FlashSAC,T1JoystickRoughTerrain,4000,avg_return,15491072.0,25.372484132084065
4602,FlashSAC,T1JoystickRoughTerrain,4000,avg_return,20488192.0,29.27186063430097
4603,FlashSAC,T1JoystickRoughTerrain,4000,avg_return,25485312.0,29.255024193637077
4604,FlashSAC,T1JoystickRoughTerrain,4000,avg_return,30482432.0,25.502724872512843
4605,FlashSAC,T1JoystickRoughTerrain,4000,avg_return,35479552.0,32.19604134235546
4606,FlashSAC,T1JoystickRoughTerrain,4000,avg_return,40476672.0,30.87545042052749
4607,FlashSAC,T1JoystickRoughTerrain,4000,avg_return,45473792.0,34.410846322889775
4608,FlashSAC,T1JoystickRoughTerrain,4000,avg_return,50000896.0,34.02758656782659
4609,FlashSAC,T1JoystickRoughTerrain,4000,avg_success,0.0,0.0
4610,FlashSAC,T1JoystickRoughTerrain,4000,avg_success,5496832.0,0.0
4611,FlashSAC,T1JoystickRoughTerrain,4000,avg_success,10493952.0,0.0
4612,FlashSAC,T1JoystickRoughTerrain,4000,avg_success,15491072.0,0.0
4613,FlashSAC,T1JoystickRoughTerrain,4000,avg_success,20488192.0,0.0
4614,FlashSAC,T1JoystickRoughTerrain,4000,avg_success,25485312.0,0.0
4615,FlashSAC,T1JoystickRoughTerrain,4000,avg_success,30482432.0,0.0
4616,FlashSAC,T1JoystickRoughTerrain,4000,avg_success,35479552.0,0.0
4617,FlashSAC,T1JoystickRoughTerrain,4000,avg_success,40476672.0,0.0
4618,FlashSAC,T1JoystickRoughTerrain,4000,avg_success,45473792.0,0.0
4619,FlashSAC,T1JoystickRoughTerrain,4000,avg_success,50000896.0,0.0
4620,FlashSAC,UnitreeG1PlaceAppleInBowl-v1,0,avg_return,0.0,0.7926090517495763
4621,FlashSAC,UnitreeG1PlaceAppleInBowl-v1,0,avg_return,5496832.0,18.72542148604989
4622,FlashSAC,UnitreeG1PlaceAppleInBowl-v1,0,avg_return,10493952.0,18.292229457142675
4623,FlashSAC,UnitreeG1PlaceAppleInBowl-v1,0,avg_return,15491072.0,15.355030517197902
4624,FlashSAC,UnitreeG1PlaceAppleInBowl-v1,0,avg_return,20488192.0,18.27712311427265
4625,FlashSAC,UnitreeG1PlaceAppleInBowl-v1,0,avg_return,25485312.0,55.10311218011784
4626,FlashSAC,UnitreeG1PlaceAppleInBowl-v1,0,avg_return,30482432.0,82.37463727239519
4627,FlashSAC,UnitreeG1PlaceAppleInBowl-v1,0,avg_return,35479552.0,82.0608437262103
4628,FlashSAC,UnitreeG1PlaceAppleInBowl-v1,0,avg_return,40476672.0,20.884804513899645
4629,FlashSAC,UnitreeG1PlaceAppleInBowl-v1,0,avg_return,45473792.0,74.29594202606677
4630,FlashSAC,UnitreeG1PlaceAppleInBowl-v1,0,avg_return,50000896.0,67.88793563245258
4631,FlashSAC,UnitreeG1PlaceAppleInBowl-v1,0,avg_success,0.0,0.0
4632,FlashSAC,UnitreeG1PlaceAppleInBowl-v1,0,avg_success,5496832.0,0.0
4633,FlashSAC,UnitreeG1PlaceAppleInBowl-v1,0,avg_success,10493952.0,0.0
4634,FlashSAC,UnitreeG1PlaceAppleInBowl-v1,0,avg_success,15491072.0,0.0
4635,FlashSAC,UnitreeG1PlaceAppleInBowl-v1,0,avg_success,20488192.0,0.0
4636,FlashSAC,UnitreeG1PlaceAppleInBowl-v1,0,avg_success,25485312.0,0.72
4637,FlashSAC,UnitreeG1PlaceAppleInBowl-v1,0,avg_success,30482432.0,1.0
4638,FlashSAC,UnitreeG1PlaceAppleInBowl-v1,0,avg_success,35479552.0,1.0
4639,FlashSAC,UnitreeG1PlaceAppleInBowl-v1,0,avg_success,40476672.0,0.26
4640,FlashSAC,UnitreeG1PlaceAppleInBowl-v1,0,avg_success,45473792.0,0.92
4641,FlashSAC,UnitreeG1PlaceAppleInBowl-v1,0,avg_success,50000896.0,0.85
4642,FlashSAC,UnitreeG1PlaceAppleInBowl-v1,1000,avg_return,0.0,1.4998574046730488
4643,FlashSAC,UnitreeG1PlaceAppleInBowl-v1,1000,avg_return,5496832.0,18.573102422058582
4644,FlashSAC,UnitreeG1PlaceAppleInBowl-v1,1000,avg_return,10493952.0,10.553156443896368
4645,FlashSAC,UnitreeG1PlaceAppleInBowl-v1,1000,avg_return,15491072.0,18.666275384053588
4646,FlashSAC,UnitreeG1PlaceAppleInBowl-v1,1000,avg_return,20488192.0,19.03355985194445
4647,FlashSAC,UnitreeG1PlaceAppleInBowl-v1,1000,avg_return,25485312.0,18.13549738566789
4648,FlashSAC,UnitreeG1PlaceAppleInBowl-v1,1000,avg_return,30482432.0,15.04498940018087
4649,FlashSAC,UnitreeG1PlaceAppleInBowl-v1,1000,avg_return,35479552.0,7.727796850723044
4650,FlashSAC,UnitreeG1PlaceAppleInBowl-v1,1000,avg_return,40476672.0,36.66004771924579
4651,FlashSAC,UnitreeG1PlaceAppleInBowl-v1,1000,avg_return,45473792.0,82.55597360308515
4652,FlashSAC,UnitreeG1PlaceAppleInBowl-v1,1000,avg_return,50000896.0,82.31857500195677
4653,FlashSAC,UnitreeG1PlaceAppleInBowl-v1,1000,avg_success,0.0,0.0
4654,FlashSAC,UnitreeG1PlaceAppleInBowl-v1,1000,avg_success,5496832.0,0.0
4655,FlashSAC,UnitreeG1PlaceAppleInBowl-v1,1000,avg_success,10493952.0,0.0
4656,FlashSAC,UnitreeG1PlaceAppleInBowl-v1,1000,avg_success,15491072.0,0.0
4657,FlashSAC,UnitreeG1PlaceAppleInBowl-v1,1000,avg_success,20488192.0,0.0
4658,FlashSAC,UnitreeG1PlaceAppleInBowl-v1,1000,avg_success,25485312.0,0.0
4659,FlashSAC,UnitreeG1PlaceAppleInBowl-v1,1000,avg_success,30482432.0,0.0
4660,FlashSAC,UnitreeG1PlaceAppleInBowl-v1,1000,avg_success,35479552.0,0.08
4661,FlashSAC,UnitreeG1PlaceAppleInBowl-v1,1000,avg_success,40476672.0,0.5
4662,FlashSAC,UnitreeG1PlaceAppleInBowl-v1,1000,avg_success,45473792.0,1.0
4663,FlashSAC,UnitreeG1PlaceAppleInBowl-v1,1000,avg_success,50000896.0,1.0
4664,FlashSAC,UnitreeG1PlaceAppleInBowl-v1,2000,avg_return,0.0,1.7393714158316615
4665,FlashSAC,UnitreeG1PlaceAppleInBowl-v1,2000,avg_return,5496832.0,18.674291017279028
4666,FlashSAC,UnitreeG1PlaceAppleInBowl-v1,2000,avg_return,10493952.0,15.96244225997095
4667,FlashSAC,UnitreeG1PlaceAppleInBowl-v1,2000,avg_return,15491072.0,18.401839181631804
4668,FlashSAC,UnitreeG1PlaceAppleInBowl-v1,2000,avg_return,20488192.0,16.48463904439865
4669,FlashSAC,UnitreeG1PlaceAppleInBowl-v1,2000,avg_return,25485312.0,18.912583093753227
4670,FlashSAC,UnitreeG1PlaceAppleInBowl-v1,2000,avg_return,30482432.0,78.59434257953427
4671,FlashSAC,UnitreeG1PlaceAppleInBowl-v1,2000,avg_return,35479552.0,82.43296767714433
4672,FlashSAC,UnitreeG1PlaceAppleInBowl-v1,2000,avg_return,40476672.0,1.1456614611054543
4673,FlashSAC,UnitreeG1PlaceAppleInBowl-v1,2000,avg_return,45473792.0,7.547267131843696
4674,FlashSAC,UnitreeG1PlaceAppleInBowl-v1,2000,avg_return,50000896.0,70.36860611697077
4675,FlashSAC,UnitreeG1PlaceAppleInBowl-v1,2000,avg_success,0.0,0.0
4676,FlashSAC,UnitreeG1PlaceAppleInBowl-v1,2000,avg_success,5496832.0,0.0
4677,FlashSAC,UnitreeG1PlaceAppleInBowl-v1,2000,avg_success,10493952.0,0.0
4678,FlashSAC,UnitreeG1PlaceAppleInBowl-v1,2000,avg_success,15491072.0,0.0
4679,FlashSAC,UnitreeG1PlaceAppleInBowl-v1,2000,avg_success,20488192.0,0.02
4680,FlashSAC,UnitreeG1PlaceAppleInBowl-v1,2000,avg_success,25485312.0,0.2
4681,FlashSAC,UnitreeG1PlaceAppleInBowl-v1,2000,avg_success,30482432.0,0.98
4682,FlashSAC,UnitreeG1PlaceAppleInBowl-v1,2000,avg_success,35479552.0,1.0
4683,FlashSAC,UnitreeG1PlaceAppleInBowl-v1,2000,avg_success,40476672.0,0.0
4684,FlashSAC,UnitreeG1PlaceAppleInBowl-v1,2000,avg_success,45473792.0,0.02
4685,FlashSAC,UnitreeG1PlaceAppleInBowl-v1,2000,avg_success,50000896.0,0.87
4686,FlashSAC,UnitreeG1PlaceAppleInBowl-v1,3000,avg_return,0.0,1.6090387464592275
4687,FlashSAC,UnitreeG1PlaceAppleInBowl-v1,3000,avg_return,5496832.0,10.034865764853071
4688,FlashSAC,UnitreeG1PlaceAppleInBowl-v1,3000,avg_return,10493952.0,18.451541030332447
4689,FlashSAC,UnitreeG1PlaceAppleInBowl-v1,3000,avg_return,15491072.0,15.818405960807286
4690,FlashSAC,UnitreeG1PlaceAppleInBowl-v1,3000,avg_return,20488192.0,12.75733179923979
4691,FlashSAC,UnitreeG1PlaceAppleInBowl-v1,3000,avg_return,25485312.0,61.33863386248686
4692,FlashSAC,UnitreeG1PlaceAppleInBowl-v1,3000,avg_return,30482432.0,75.38100094557274
4693,FlashSAC,UnitreeG1PlaceAppleInBowl-v1,3000,avg_return,35479552.0,74.14799122045892
4694,FlashSAC,UnitreeG1PlaceAppleInBowl-v1,3000,avg_return,40476672.0,81.40556326983497
4695,FlashSAC,UnitreeG1PlaceAppleInBowl-v1,3000,avg_return,45473792.0,75.48781206348289
4696,FlashSAC,UnitreeG1PlaceAppleInBowl-v1,3000,avg_return,50000896.0,72.50171497276048
4697,FlashSAC,UnitreeG1PlaceAppleInBowl-v1,3000,avg_success,0.0,0.0
4698,FlashSAC,UnitreeG1PlaceAppleInBowl-v1,3000,avg_success,5496832.0,0.0
4699,FlashSAC,UnitreeG1PlaceAppleInBowl-v1,3000,avg_success,10493952.0,0.0
4700,FlashSAC,UnitreeG1PlaceAppleInBowl-v1,3000,avg_success,15491072.0,0.0
4701,FlashSAC,UnitreeG1PlaceAppleInBowl-v1,3000,avg_success,20488192.0,0.06
4702,FlashSAC,UnitreeG1PlaceAppleInBowl-v1,3000,avg_success,25485312.0,0.86
4703,FlashSAC,UnitreeG1PlaceAppleInBowl-v1,3000,avg_success,30482432.0,0.92
4704,FlashSAC,UnitreeG1PlaceAppleInBowl-v1,3000,avg_success,35479552.0,0.88
4705,FlashSAC,UnitreeG1PlaceAppleInBowl-v1,3000,avg_success,40476672.0,0.98
4706,FlashSAC,UnitreeG1PlaceAppleInBowl-v1,3000,avg_success,45473792.0,0.94
4707,FlashSAC,UnitreeG1PlaceAppleInBowl-v1,3000,avg_success,50000896.0,0.8999999999999999
4708,FlashSAC,UnitreeG1PlaceAppleInBowl-v1,4000,avg_return,0.0,0.1909958825559806
4709,FlashSAC,UnitreeG1PlaceAppleInBowl-v1,4000,avg_return,5496832.0,18.851964978948235
4710,FlashSAC,UnitreeG1PlaceAppleInBowl-v1,4000,avg_return,10493952.0,19.140599951446056
4711,FlashSAC,UnitreeG1PlaceAppleInBowl-v1,4000,avg_return,15491072.0,17.48949019907288
4712,FlashSAC,UnitreeG1PlaceAppleInBowl-v1,4000,avg_return,20488192.0,67.28807747968112
4713,FlashSAC,UnitreeG1PlaceAppleInBowl-v1,4000,avg_return,25485312.0,4.436829740112853
4714,FlashSAC,UnitreeG1PlaceAppleInBowl-v1,4000,avg_return,30482432.0,5.776847726227185
4715,FlashSAC,UnitreeG1PlaceAppleInBowl-v1,4000,avg_return,35479552.0,17.34582622344981
4716,FlashSAC,UnitreeG1PlaceAppleInBowl-v1,4000,avg_return,40476672.0,32.22087911306252
4717,FlashSAC,UnitreeG1PlaceAppleInBowl-v1,4000,avg_return,45473792.0,69.51039173674653
4718,FlashSAC,UnitreeG1PlaceAppleInBowl-v1,4000,avg_return,50000896.0,68.86318543055359
4719,FlashSAC,UnitreeG1PlaceAppleInBowl-v1,4000,avg_success,0.0,0.0
4720,FlashSAC,UnitreeG1PlaceAppleInBowl-v1,4000,avg_success,5496832.0,0.0
4721,FlashSAC,UnitreeG1PlaceAppleInBowl-v1,4000,avg_success,10493952.0,0.0
4722,FlashSAC,UnitreeG1PlaceAppleInBowl-v1,4000,avg_success,15491072.0,0.0
4723,FlashSAC,UnitreeG1PlaceAppleInBowl-v1,4000,avg_success,20488192.0,0.9
4724,FlashSAC,UnitreeG1PlaceAppleInBowl-v1,4000,avg_success,25485312.0,0.02
4725,FlashSAC,UnitreeG1PlaceAppleInBowl-v1,4000,avg_success,30482432.0,0.0
4726,FlashSAC,UnitreeG1PlaceAppleInBowl-v1,4000,avg_success,35479552.0,0.0
4727,FlashSAC,UnitreeG1PlaceAppleInBowl-v1,4000,avg_success,40476672.0,0.4
4728,FlashSAC,UnitreeG1PlaceAppleInBowl-v1,4000,avg_success,45473792.0,0.84
4729,FlashSAC,UnitreeG1PlaceAppleInBowl-v1,4000,avg_success,50000896.0,0.8300000000000001
4730,FlashSAC,UnitreeG1TransportBox-v1,0,avg_return,0.0,7.923721175510436
4731,FlashSAC,UnitreeG1TransportBox-v1,0,avg_return,5496832.0,35.863260074295106
4732,FlashSAC,UnitreeG1TransportBox-v1,0,avg_return,10493952.0,41.10261632744223
4733,FlashSAC,UnitreeG1TransportBox-v1,0,avg_return,15491072.0,42.50014099556952
4734,FlashSAC,UnitreeG1TransportBox-v1,0,avg_return,20488192.0,38.11808312986046
4735,FlashSAC,UnitreeG1TransportBox-v1,0,avg_return,25485312.0,47.23394975706004
4736,FlashSAC,UnitreeG1TransportBox-v1,0,avg_return,30482432.0,52.81047201998532
4737,FlashSAC,UnitreeG1TransportBox-v1,0,avg_return,35479552.0,52.664991582715885
4738,FlashSAC,UnitreeG1TransportBox-v1,0,avg_return,40476672.0,45.82898977325531
4739,FlashSAC,UnitreeG1TransportBox-v1,0,avg_return,45473792.0,53.80974446758628
4740,FlashSAC,UnitreeG1TransportBox-v1,0,avg_return,50000896.0,53.77964645164087
4741,FlashSAC,UnitreeG1TransportBox-v1,0,avg_success,0.0,0.0
4742,FlashSAC,UnitreeG1TransportBox-v1,0,avg_success,5496832.0,0.0
4743,FlashSAC,UnitreeG1TransportBox-v1,0,avg_success,10493952.0,0.0
4744,FlashSAC,UnitreeG1TransportBox-v1,0,avg_success,15491072.0,0.0
4745,FlashSAC,UnitreeG1TransportBox-v1,0,avg_success,20488192.0,0.0
4746,FlashSAC,UnitreeG1TransportBox-v1,0,avg_success,25485312.0,0.0
4747,FlashSAC,UnitreeG1TransportBox-v1,0,avg_success,30482432.0,0.0
4748,FlashSAC,UnitreeG1TransportBox-v1,0,avg_success,35479552.0,0.0
4749,FlashSAC,UnitreeG1TransportBox-v1,0,avg_success,40476672.0,0.0
4750,FlashSAC,UnitreeG1TransportBox-v1,0,avg_success,45473792.0,0.0
4751,FlashSAC,UnitreeG1TransportBox-v1,0,avg_success,50000896.0,0.0
4752,FlashSAC,UnitreeG1TransportBox-v1,1000,avg_return,0.0,5.028466658240359
4753,FlashSAC,UnitreeG1TransportBox-v1,1000,avg_return,5496832.0,37.8835904680565
4754,FlashSAC,UnitreeG1TransportBox-v1,1000,avg_return,10493952.0,42.293145805224775
4755,FlashSAC,UnitreeG1TransportBox-v1,1000,avg_return,15491072.0,44.72034255702049
4756,FlashSAC,UnitreeG1TransportBox-v1,1000,avg_return,20488192.0,38.5106000411883
4757,FlashSAC,UnitreeG1TransportBox-v1,1000,avg_return,25485312.0,51.5502249603346
4758,FlashSAC,UnitreeG1TransportBox-v1,1000,avg_return,30482432.0,53.60144355755299
4759,FlashSAC,UnitreeG1TransportBox-v1,1000,avg_return,35479552.0,52.338865885783456
4760,FlashSAC,UnitreeG1TransportBox-v1,1000,avg_return,40476672.0,52.723700713329016
4761,FlashSAC,UnitreeG1TransportBox-v1,1000,avg_return,45473792.0,49.92668003100902
4762,FlashSAC,UnitreeG1TransportBox-v1,1000,avg_return,50000896.0,52.32568847070681
4763,FlashSAC,UnitreeG1TransportBox-v1,1000,avg_success,0.0,0.0
4764,FlashSAC,UnitreeG1TransportBox-v1,1000,avg_success,5496832.0,0.0
4765,FlashSAC,UnitreeG1TransportBox-v1,1000,avg_success,10493952.0,0.0
4766,FlashSAC,UnitreeG1TransportBox-v1,1000,avg_success,15491072.0,0.0
4767,FlashSAC,UnitreeG1TransportBox-v1,1000,avg_success,20488192.0,0.0
4768,FlashSAC,UnitreeG1TransportBox-v1,1000,avg_success,25485312.0,0.0
4769,FlashSAC,UnitreeG1TransportBox-v1,1000,avg_success,30482432.0,0.0
4770,FlashSAC,UnitreeG1TransportBox-v1,1000,avg_success,35479552.0,0.0
4771,FlashSAC,UnitreeG1TransportBox-v1,1000,avg_success,40476672.0,0.0
4772,FlashSAC,UnitreeG1TransportBox-v1,1000,avg_success,45473792.0,0.0
4773,FlashSAC,UnitreeG1TransportBox-v1,1000,avg_success,50000896.0,0.0
4774,FlashSAC,UnitreeG1TransportBox-v1,2000,avg_return,0.0,1.1793874990055335
4775,FlashSAC,UnitreeG1TransportBox-v1,2000,avg_return,5496832.0,35.521208870336416
4776,FlashSAC,UnitreeG1TransportBox-v1,2000,avg_return,10493952.0,43.004493770562114
4777,FlashSAC,UnitreeG1TransportBox-v1,2000,avg_return,15491072.0,46.70546479452401
4778,FlashSAC,UnitreeG1TransportBox-v1,2000,avg_return,20488192.0,48.6389890591614
4779,FlashSAC,UnitreeG1TransportBox-v1,2000,avg_return,25485312.0,48.886717272487004
4780,FlashSAC,UnitreeG1TransportBox-v1,2000,avg_return,30482432.0,51.41478426069021
4781,FlashSAC,UnitreeG1TransportBox-v1,2000,avg_return,35479552.0,53.563371816375295
4782,FlashSAC,UnitreeG1TransportBox-v1,2000,avg_return,40476672.0,54.01838168121874
4783,FlashSAC,UnitreeG1TransportBox-v1,2000,avg_return,45473792.0,54.065640305723065
4784,FlashSAC,UnitreeG1TransportBox-v1,2000,avg_return,50000896.0,52.80547566624941
4785,FlashSAC,UnitreeG1TransportBox-v1,2000,avg_success,0.0,0.0
4786,FlashSAC,UnitreeG1TransportBox-v1,2000,avg_success,5496832.0,0.0
4787,FlashSAC,UnitreeG1TransportBox-v1,2000,avg_success,10493952.0,0.0
4788,FlashSAC,UnitreeG1TransportBox-v1,2000,avg_success,15491072.0,0.0
4789,FlashSAC,UnitreeG1TransportBox-v1,2000,avg_success,20488192.0,0.0
4790,FlashSAC,UnitreeG1TransportBox-v1,2000,avg_success,25485312.0,0.0
4791,FlashSAC,UnitreeG1TransportBox-v1,2000,avg_success,30482432.0,0.0
4792,FlashSAC,UnitreeG1TransportBox-v1,2000,avg_success,35479552.0,0.0
4793,FlashSAC,UnitreeG1TransportBox-v1,2000,avg_success,40476672.0,0.0
4794,FlashSAC,UnitreeG1TransportBox-v1,2000,avg_success,45473792.0,0.0
4795,FlashSAC,UnitreeG1TransportBox-v1,2000,avg_success,50000896.0,0.0
4796,FlashSAC,UnitreeG1TransportBox-v1,3000,avg_return,0.0,1.260045064111473
4797,FlashSAC,UnitreeG1TransportBox-v1,3000,avg_return,5496832.0,36.08613717213273
4798,FlashSAC,UnitreeG1TransportBox-v1,3000,avg_return,10493952.0,40.89786091938615
4799,FlashSAC,UnitreeG1TransportBox-v1,3000,avg_return,15491072.0,45.47752469845116
4800,FlashSAC,UnitreeG1TransportBox-v1,3000,avg_return,20488192.0,49.03234568472951
4801,FlashSAC,UnitreeG1TransportBox-v1,3000,avg_return,25485312.0,49.85439128309954
4802,FlashSAC,UnitreeG1TransportBox-v1,3000,avg_return,30482432.0,53.66885441254824
4803,FlashSAC,UnitreeG1TransportBox-v1,3000,avg_return,35479552.0,53.0066782394168
4804,FlashSAC,UnitreeG1TransportBox-v1,3000,avg_return,40476672.0,53.387469451967625
4805,FlashSAC,UnitreeG1TransportBox-v1,3000,avg_return,45473792.0,52.60392197478563
4806,FlashSAC,UnitreeG1TransportBox-v1,3000,avg_return,50000896.0,48.380820322086805
4807,FlashSAC,UnitreeG1TransportBox-v1,3000,avg_success,0.0,0.0
4808,FlashSAC,UnitreeG1TransportBox-v1,3000,avg_success,5496832.0,0.0
4809,FlashSAC,UnitreeG1TransportBox-v1,3000,avg_success,10493952.0,0.0
4810,FlashSAC,UnitreeG1TransportBox-v1,3000,avg_success,15491072.0,0.0
4811,FlashSAC,UnitreeG1TransportBox-v1,3000,avg_success,20488192.0,0.0
4812,FlashSAC,UnitreeG1TransportBox-v1,3000,avg_success,25485312.0,0.0
4813,FlashSAC,UnitreeG1TransportBox-v1,3000,avg_success,30482432.0,0.0
4814,FlashSAC,UnitreeG1TransportBox-v1,3000,avg_success,35479552.0,0.0
4815,FlashSAC,UnitreeG1TransportBox-v1,3000,avg_success,40476672.0,0.0
4816,FlashSAC,UnitreeG1TransportBox-v1,3000,avg_success,45473792.0,0.0
4817,FlashSAC,UnitreeG1TransportBox-v1,3000,avg_success,50000896.0,0.02
4818,FlashSAC,UnitreeG1TransportBox-v1,4000,avg_return,0.0,3.148960593382362
4819,FlashSAC,UnitreeG1TransportBox-v1,4000,avg_return,5496832.0,40.13129255603999
4820,FlashSAC,UnitreeG1TransportBox-v1,4000,avg_return,10493952.0,42.86330280549824
4821,FlashSAC,UnitreeG1TransportBox-v1,4000,avg_return,15491072.0,45.78507932949811
4822,FlashSAC,UnitreeG1TransportBox-v1,4000,avg_return,20488192.0,50.52302653420716
4823,FlashSAC,UnitreeG1TransportBox-v1,4000,avg_return,25485312.0,52.8780938725546
4824,FlashSAC,UnitreeG1TransportBox-v1,4000,avg_return,30482432.0,52.29998183803167
4825,FlashSAC,UnitreeG1TransportBox-v1,4000,avg_return,35479552.0,53.143950413991696
4826,FlashSAC,UnitreeG1TransportBox-v1,4000,avg_return,40476672.0,53.527482705973085
4827,FlashSAC,UnitreeG1TransportBox-v1,4000,avg_return,45473792.0,82.97077337402851
4828,FlashSAC,UnitreeG1TransportBox-v1,4000,avg_return,50000896.0,82.0900552402623
4829,FlashSAC,UnitreeG1TransportBox-v1,4000,avg_success,0.0,0.0
4830,FlashSAC,UnitreeG1TransportBox-v1,4000,avg_success,5496832.0,0.0
4831,FlashSAC,UnitreeG1TransportBox-v1,4000,avg_success,10493952.0,0.0
4832,FlashSAC,UnitreeG1TransportBox-v1,4000,avg_success,15491072.0,0.0
4833,FlashSAC,UnitreeG1TransportBox-v1,4000,avg_success,20488192.0,0.0
4834,FlashSAC,UnitreeG1TransportBox-v1,4000,avg_success,25485312.0,0.0
4835,FlashSAC,UnitreeG1TransportBox-v1,4000,avg_success,30482432.0,0.0
4836,FlashSAC,UnitreeG1TransportBox-v1,4000,avg_success,35479552.0,0.0
4837,FlashSAC,UnitreeG1TransportBox-v1,4000,avg_success,40476672.0,0.02
4838,FlashSAC,UnitreeG1TransportBox-v1,4000,avg_success,45473792.0,1.0
4839,FlashSAC,UnitreeG1TransportBox-v1,4000,avg_success,50000896.0,0.97
4840,FlashSAC,Walker2d-v4,0,avg_return,0.0,-15.56787910531694
4841,FlashSAC,Walker2d-v4,0,avg_return,100000.0,5140.03649037623
4842,FlashSAC,Walker2d-v4,0,avg_return,200000.0,6413.118607343886
4843,FlashSAC,Walker2d-v4,0,avg_return,300000.0,6823.133207711162
4844,FlashSAC,Walker2d-v4,0,avg_return,400000.0,6858.456621870595
4845,FlashSAC,Walker2d-v4,0,avg_return,500000.0,6702.242475510618
4846,FlashSAC,Walker2d-v4,0,avg_return,600000.0,5636.139385311018
4847,FlashSAC,Walker2d-v4,0,avg_return,700000.0,7532.688879108709
4848,FlashSAC,Walker2d-v4,0,avg_return,800000.0,7453.313557062399
4849,FlashSAC,Walker2d-v4,0,avg_return,900000.0,7731.057068451124
4850,FlashSAC,Walker2d-v4,0,avg_return,1000000.0,7900.881151116611
4851,FlashSAC,Walker2d-v4,0,avg_success,0.0,0.0
4852,FlashSAC,Walker2d-v4,0,avg_success,100000.0,0.0
4853,FlashSAC,Walker2d-v4,0,avg_success,200000.0,0.0
4854,FlashSAC,Walker2d-v4,0,avg_success,300000.0,0.0
4855,FlashSAC,Walker2d-v4,0,avg_success,400000.0,0.0
4856,FlashSAC,Walker2d-v4,0,avg_success,500000.0,0.0
4857,FlashSAC,Walker2d-v4,0,avg_success,600000.0,0.0
4858,FlashSAC,Walker2d-v4,0,avg_success,700000.0,0.0
4859,FlashSAC,Walker2d-v4,0,avg_success,800000.0,0.0
4860,FlashSAC,Walker2d-v4,0,avg_success,900000.0,0.0
4861,FlashSAC,Walker2d-v4,0,avg_success,1000000.0,0.0
4862,FlashSAC,Walker2d-v4,1000,avg_return,0.0,-17.09408616087335
4863,FlashSAC,Walker2d-v4,1000,avg_return,100000.0,2920.458762380849
4864,FlashSAC,Walker2d-v4,1000,avg_return,200000.0,4137.831865304203
4865,FlashSAC,Walker2d-v4,1000,avg_return,300000.0,6794.000351244584
4866,FlashSAC,Walker2d-v4,1000,avg_return,400000.0,7057.861972564003
4867,FlashSAC,Walker2d-v4,1000,avg_return,500000.0,7177.63513934226
4868,FlashSAC,Walker2d-v4,1000,avg_return,600000.0,7050.625337976061
4869,FlashSAC,Walker2d-v4,1000,avg_return,700000.0,7017.597287512451
4870,FlashSAC,Walker2d-v4,1000,avg_return,800000.0,7286.58734950148
4871,FlashSAC,Walker2d-v4,1000,avg_return,900000.0,6898.325433839392
4872,FlashSAC,Walker2d-v4,1000,avg_return,1000000.0,7397.122570042549
4873,FlashSAC,Walker2d-v4,1000,avg_success,0.0,0.0
4874,FlashSAC,Walker2d-v4,1000,avg_success,100000.0,0.0
4875,FlashSAC,Walker2d-v4,1000,avg_success,200000.0,0.0
4876,FlashSAC,Walker2d-v4,1000,avg_success,300000.0,0.0
4877,FlashSAC,Walker2d-v4,1000,avg_success,400000.0,0.0
4878,FlashSAC,Walker2d-v4,1000,avg_success,500000.0,0.0
4879,FlashSAC,Walker2d-v4,1000,avg_success,600000.0,0.0
4880,FlashSAC,Walker2d-v4,1000,avg_success,700000.0,0.0
4881,FlashSAC,Walker2d-v4,1000,avg_success,800000.0,0.0
4882,FlashSAC,Walker2d-v4,1000,avg_success,900000.0,0.0
4883,FlashSAC,Walker2d-v4,1000,avg_success,1000000.0,0.0
4884,FlashSAC,Walker2d-v4,2000,avg_return,0.0,-20.30113286455859
4885,FlashSAC,Walker2d-v4,2000,avg_return,100000.0,3567.1303550518264
4886,FlashSAC,Walker2d-v4,2000,avg_return,200000.0,4535.149018227105
4887,FlashSAC,Walker2d-v4,2000,avg_return,300000.0,4275.245867380488
4888,FlashSAC,Walker2d-v4,2000,avg_return,400000.0,6432.707378940755
4889,FlashSAC,Walker2d-v4,2000,avg_return,500000.0,7078.161600857361
4890,FlashSAC,Walker2d-v4,2000,avg_return,600000.0,7802.996803974522
4891,FlashSAC,Walker2d-v4,2000,avg_return,700000.0,7755.170474677113
4892,FlashSAC,Walker2d-v4,2000,avg_return,800000.0,7861.872560339554
4893,FlashSAC,Walker2d-v4,2000,avg_return,900000.0,7936.394764748028
4894,FlashSAC,Walker2d-v4,2000,avg_return,1000000.0,7823.256041793053
4895,FlashSAC,Walker2d-v4,2000,avg_success,0.0,0.0
4896,FlashSAC,Walker2d-v4,2000,avg_success,100000.0,0.0
4897,FlashSAC,Walker2d-v4,2000,avg_success,200000.0,0.0
4898,FlashSAC,Walker2d-v4,2000,avg_success,300000.0,0.0
4899,FlashSAC,Walker2d-v4,2000,avg_success,400000.0,0.0
4900,FlashSAC,Walker2d-v4,2000,avg_success,500000.0,0.0
4901,FlashSAC,Walker2d-v4,2000,avg_success,600000.0,0.0
4902,FlashSAC,Walker2d-v4,2000,avg_success,700000.0,0.0
4903,FlashSAC,Walker2d-v4,2000,avg_success,800000.0,0.0
4904,FlashSAC,Walker2d-v4,2000,avg_success,900000.0,0.0
4905,FlashSAC,Walker2d-v4,2000,avg_success,1000000.0,0.0
4906,FlashSAC,Walker2d-v4,3000,avg_return,0.0,-38.12245355410855
4907,FlashSAC,Walker2d-v4,3000,avg_return,100000.0,562.0610111566574
4908,FlashSAC,Walker2d-v4,3000,avg_return,200000.0,6393.677772851658
4909,FlashSAC,Walker2d-v4,3000,avg_return,300000.0,6819.454825470327
4910,FlashSAC,Walker2d-v4,3000,avg_return,400000.0,6800.214831613739
4911,FlashSAC,Walker2d-v4,3000,avg_return,500000.0,6648.264926175209
4912,FlashSAC,Walker2d-v4,3000,avg_return,600000.0,7088.377972922037
4913,FlashSAC,Walker2d-v4,3000,avg_return,700000.0,5391.919828657714
4914,FlashSAC,Walker2d-v4,3000,avg_return,800000.0,5142.039835668149
4915,FlashSAC,Walker2d-v4,3000,avg_return,900000.0,7363.289742125952
4916,FlashSAC,Walker2d-v4,3000,avg_return,1000000.0,7218.506487939843
4917,FlashSAC,Walker2d-v4,3000,avg_success,0.0,0.0
4918,FlashSAC,Walker2d-v4,3000,avg_success,100000.0,0.0
4919,FlashSAC,Walker2d-v4,3000,avg_success,200000.0,0.0
4920,FlashSAC,Walker2d-v4,3000,avg_success,300000.0,0.0
4921,FlashSAC,Walker2d-v4,3000,avg_success,400000.0,0.0
4922,FlashSAC,Walker2d-v4,3000,avg_success,500000.0,0.0
4923,FlashSAC,Walker2d-v4,3000,avg_success,600000.0,0.0
4924,FlashSAC,Walker2d-v4,3000,avg_success,700000.0,0.0
4925,FlashSAC,Walker2d-v4,3000,avg_success,800000.0,0.0
4926,FlashSAC,Walker2d-v4,3000,avg_success,900000.0,0.0
4927,FlashSAC,Walker2d-v4,3000,avg_success,1000000.0,0.0
4928,FlashSAC,Walker2d-v4,4000,avg_return,0.0,-0.1182813412348733
4929,FlashSAC,Walker2d-v4,4000,avg_return,100000.0,4306.204016783364
4930,FlashSAC,Walker2d-v4,4000,avg_return,200000.0,5074.123604972901
4931,FlashSAC,Walker2d-v4,4000,avg_return,300000.0,5539.112763250075
4932,FlashSAC,Walker2d-v4,4000,avg_return,400000.0,5830.829545888433
4933,FlashSAC,Walker2d-v4,4000,avg_return,500000.0,6112.628726551043
4934,FlashSAC,Walker2d-v4,4000,avg_return,600000.0,6154.425400123903
4935,FlashSAC,Walker2d-v4,4000,avg_return,700000.0,6268.122649634746
4936,FlashSAC,Walker2d-v4,4000,avg_return,800000.0,6243.642060110413
4937,FlashSAC,Walker2d-v4,4000,avg_return,900000.0,6441.765491720588
4938,FlashSAC,Walker2d-v4,4000,avg_return,1000000.0,6390.565349047824
4939,FlashSAC,Walker2d-v4,4000,avg_success,0.0,0.0
4940,FlashSAC,Walker2d-v4,4000,avg_success,100000.0,0.0
4941,FlashSAC,Walker2d-v4,4000,avg_success,200000.0,0.0
4942,FlashSAC,Walker2d-v4,4000,avg_success,300000.0,0.0
4943,FlashSAC,Walker2d-v4,4000,avg_success,400000.0,0.0
4944,FlashSAC,Walker2d-v4,4000,avg_success,500000.0,0.0
4945,FlashSAC,Walker2d-v4,4000,avg_success,600000.0,0.0
4946,FlashSAC,Walker2d-v4,4000,avg_success,700000.0,0.0
4947,FlashSAC,Walker2d-v4,4000,avg_success,800000.0,0.0
4948,FlashSAC,Walker2d-v4,4000,avg_success,900000.0,0.0
4949,FlashSAC,Walker2d-v4,4000,avg_success,1000000.0,0.0
4950,FlashSAC,cartpole-balance_sparse,0,avg_return,0.0,12.94
4951,FlashSAC,cartpole-balance_sparse,0,avg_return,100000.0,1000.0
4952,FlashSAC,cartpole-balance_sparse,0,avg_return,200000.0,1000.0
4953,FlashSAC,cartpole-balance_sparse,0,avg_return,300000.0,1000.0
4954,FlashSAC,cartpole-balance_sparse,0,avg_return,400000.0,1000.0
4955,FlashSAC,cartpole-balance_sparse,0,avg_return,500000.0,1000.0
4956,FlashSAC,cartpole-balance_sparse,0,avg_return,600000.0,1000.0
4957,FlashSAC,cartpole-balance_sparse,0,avg_return,700000.0,1000.0
4958,FlashSAC,cartpole-balance_sparse,0,avg_return,800000.0,1000.0
4959,FlashSAC,cartpole-balance_sparse,0,avg_return,900000.0,1000.0
4960,FlashSAC,cartpole-balance_sparse,0,avg_return,1000000.0,917.46
4961,FlashSAC,cartpole-balance_sparse,0,avg_success,0.0,0.0
4962,FlashSAC,cartpole-balance_sparse,0,avg_success,100000.0,0.0
4963,FlashSAC,cartpole-balance_sparse,0,avg_success,200000.0,0.0
4964,FlashSAC,cartpole-balance_sparse,0,avg_success,300000.0,0.0
4965,FlashSAC,cartpole-balance_sparse,0,avg_success,400000.0,0.0
4966,FlashSAC,cartpole-balance_sparse,0,avg_success,500000.0,0.0
4967,FlashSAC,cartpole-balance_sparse,0,avg_success,600000.0,0.0
4968,FlashSAC,cartpole-balance_sparse,0,avg_success,700000.0,0.0
4969,FlashSAC,cartpole-balance_sparse,0,avg_success,800000.0,0.0
4970,FlashSAC,cartpole-balance_sparse,0,avg_success,900000.0,0.0
4971,FlashSAC,cartpole-balance_sparse,0,avg_success,1000000.0,0.0
4972,FlashSAC,cartpole-balance_sparse,1000,avg_return,0.0,11.88
4973,FlashSAC,cartpole-balance_sparse,1000,avg_return,100000.0,1000.0
4974,FlashSAC,cartpole-balance_sparse,1000,avg_return,200000.0,1000.0
4975,FlashSAC,cartpole-balance_sparse,1000,avg_return,300000.0,1000.0
4976,FlashSAC,cartpole-balance_sparse,1000,avg_return,400000.0,1000.0
4977,FlashSAC,cartpole-balance_sparse,1000,avg_return,500000.0,1000.0
4978,FlashSAC,cartpole-balance_sparse,1000,avg_return,600000.0,1000.0
4979,FlashSAC,cartpole-balance_sparse,1000,avg_return,700000.0,1000.0
4980,FlashSAC,cartpole-balance_sparse,1000,avg_return,800000.0,1000.0
4981,FlashSAC,cartpole-balance_sparse,1000,avg_return,900000.0,1000.0
4982,FlashSAC,cartpole-balance_sparse,1000,avg_return,1000000.0,1000.0
4983,FlashSAC,cartpole-balance_sparse,1000,avg_success,0.0,0.0
4984,FlashSAC,cartpole-balance_sparse,1000,avg_success,100000.0,0.0
4985,FlashSAC,cartpole-balance_sparse,1000,avg_success,200000.0,0.0
4986,FlashSAC,cartpole-balance_sparse,1000,avg_success,300000.0,0.0
4987,FlashSAC,cartpole-balance_sparse,1000,avg_success,400000.0,0.0
4988,FlashSAC,cartpole-balance_sparse,1000,avg_success,500000.0,0.0
4989,FlashSAC,cartpole-balance_sparse,1000,avg_success,600000.0,0.0
4990,FlashSAC,cartpole-balance_sparse,1000,avg_success,700000.0,0.0
4991,FlashSAC,cartpole-balance_sparse,1000,avg_success,800000.0,0.0
4992,FlashSAC,cartpole-balance_sparse,1000,avg_success,900000.0,0.0
4993,FlashSAC,cartpole-balance_sparse,1000,avg_success,1000000.0,0.0
4994,FlashSAC,cartpole-balance_sparse,2000,avg_return,0.0,15.84
4995,FlashSAC,cartpole-balance_sparse,2000,avg_return,100000.0,1000.0
4996,FlashSAC,cartpole-balance_sparse,2000,avg_return,200000.0,999.7
4997,FlashSAC,cartpole-balance_sparse,2000,avg_return,300000.0,1000.0
4998,FlashSAC,cartpole-balance_sparse,2000,avg_return,400000.0,1000.0
4999,FlashSAC,cartpole-balance_sparse,2000,avg_return,500000.0,1000.0
5000,FlashSAC,cartpole-balance_sparse,2000,avg_return,600000.0,1000.0
5001,FlashSAC,cartpole-balance_sparse,2000,avg_return,700000.0,1000.0
5002,FlashSAC,cartpole-balance_sparse,2000,avg_return,800000.0,1000.0
5003,FlashSAC,cartpole-balance_sparse,2000,avg_return,900000.0,1000.0
5004,FlashSAC,cartpole-balance_sparse,2000,avg_return,1000000.0,1000.0
5005,FlashSAC,cartpole-balance_sparse,2000,avg_success,0.0,0.0
5006,FlashSAC,cartpole-balance_sparse,2000,avg_success,100000.0,0.0
5007,FlashSAC,cartpole-balance_sparse,2000,avg_success,200000.0,0.0
5008,FlashSAC,cartpole-balance_sparse,2000,avg_success,300000.0,0.0
5009,FlashSAC,cartpole-balance_sparse,2000,avg_success,400000.0,0.0
5010,FlashSAC,cartpole-balance_sparse,2000,avg_success,500000.0,0.0
5011,FlashSAC,cartpole-balance_sparse,2000,avg_success,600000.0,0.0
5012,FlashSAC,cartpole-balance_sparse,2000,avg_success,700000.0,0.0
5013,FlashSAC,cartpole-balance_sparse,2000,avg_success,800000.0,0.0
5014,FlashSAC,cartpole-balance_sparse,2000,avg_success,900000.0,0.0
5015,FlashSAC,cartpole-balance_sparse,2000,avg_success,1000000.0,0.0
5016,FlashSAC,cartpole-balance_sparse,3000,avg_return,0.0,26.82
5017,FlashSAC,cartpole-balance_sparse,3000,avg_return,100000.0,1000.0
5018,FlashSAC,cartpole-balance_sparse,3000,avg_return,200000.0,1000.0
5019,FlashSAC,cartpole-balance_sparse,3000,avg_return,300000.0,1000.0
5020,FlashSAC,cartpole-balance_sparse,3000,avg_return,400000.0,1000.0
5021,FlashSAC,cartpole-balance_sparse,3000,avg_return,500000.0,921.36
5022,FlashSAC,cartpole-balance_sparse,3000,avg_return,600000.0,1000.0
5023,FlashSAC,cartpole-balance_sparse,3000,avg_return,700000.0,1000.0
5024,FlashSAC,cartpole-balance_sparse,3000,avg_return,800000.0,1000.0
5025,FlashSAC,cartpole-balance_sparse,3000,avg_return,900000.0,1000.0
5026,FlashSAC,cartpole-balance_sparse,3000,avg_return,1000000.0,1000.0
5027,FlashSAC,cartpole-balance_sparse,3000,avg_success,0.0,0.0
5028,FlashSAC,cartpole-balance_sparse,3000,avg_success,100000.0,0.0
5029,FlashSAC,cartpole-balance_sparse,3000,avg_success,200000.0,0.0
5030,FlashSAC,cartpole-balance_sparse,3000,avg_success,300000.0,0.0
5031,FlashSAC,cartpole-balance_sparse,3000,avg_success,400000.0,0.0
5032,FlashSAC,cartpole-balance_sparse,3000,avg_success,500000.0,0.0
5033,FlashSAC,cartpole-balance_sparse,3000,avg_success,600000.0,0.0
5034,FlashSAC,cartpole-balance_sparse,3000,avg_success,700000.0,0.0
5035,FlashSAC,cartpole-balance_sparse,3000,avg_success,800000.0,0.0
5036,FlashSAC,cartpole-balance_sparse,3000,avg_success,900000.0,0.0
5037,FlashSAC,cartpole-balance_sparse,3000,avg_success,1000000.0,0.0
5038,FlashSAC,cartpole-balance_sparse,4000,avg_return,0.0,12.62
5039,FlashSAC,cartpole-balance_sparse,4000,avg_return,100000.0,1000.0
5040,FlashSAC,cartpole-balance_sparse,4000,avg_return,200000.0,1000.0
5041,FlashSAC,cartpole-balance_sparse,4000,avg_return,300000.0,1000.0
5042,FlashSAC,cartpole-balance_sparse,4000,avg_return,400000.0,1000.0
5043,FlashSAC,cartpole-balance_sparse,4000,avg_return,500000.0,1000.0
5044,FlashSAC,cartpole-balance_sparse,4000,avg_return,600000.0,1000.0
5045,FlashSAC,cartpole-balance_sparse,4000,avg_return,700000.0,1000.0
5046,FlashSAC,cartpole-balance_sparse,4000,avg_return,800000.0,1000.0
5047,FlashSAC,cartpole-balance_sparse,4000,avg_return,900000.0,1000.0
5048,FlashSAC,cartpole-balance_sparse,4000,avg_return,1000000.0,1000.0
5049,FlashSAC,cartpole-balance_sparse,4000,avg_success,0.0,0.0
5050,FlashSAC,cartpole-balance_sparse,4000,avg_success,100000.0,0.0
5051,FlashSAC,cartpole-balance_sparse,4000,avg_success,200000.0,0.0
5052,FlashSAC,cartpole-balance_sparse,4000,avg_success,300000.0,0.0
5053,FlashSAC,cartpole-balance_sparse,4000,avg_success,400000.0,0.0
5054,FlashSAC,cartpole-balance_sparse,4000,avg_success,500000.0,0.0
5055,FlashSAC,cartpole-balance_sparse,4000,avg_success,600000.0,0.0
5056,FlashSAC,cartpole-balance_sparse,4000,avg_success,700000.0,0.0
5057,FlashSAC,cartpole-balance_sparse,4000,avg_success,800000.0,0.0
5058,FlashSAC,cartpole-balance_sparse,4000,avg_success,900000.0,0.0
5059,FlashSAC,cartpole-balance_sparse,4000,avg_success,1000000.0,0.0
5060,FlashSAC,cartpole-swingup_sparse,0,avg_return,0.0,0.0
5061,FlashSAC,cartpole-swingup_sparse,0,avg_return,100000.0,96.72
5062,FlashSAC,cartpole-swingup_sparse,0,avg_return,200000.0,801.02
5063,FlashSAC,cartpole-swingup_sparse,0,avg_return,300000.0,810.84
5064,FlashSAC,cartpole-swingup_sparse,0,avg_return,400000.0,809.28
5065,FlashSAC,cartpole-swingup_sparse,0,avg_return,500000.0,807.2
5066,FlashSAC,cartpole-swingup_sparse,0,avg_return,600000.0,811.66
5067,FlashSAC,cartpole-swingup_sparse,0,avg_return,700000.0,803.42
5068,FlashSAC,cartpole-swingup_sparse,0,avg_return,800000.0,799.0
5069,FlashSAC,cartpole-swingup_sparse,0,avg_return,900000.0,801.8
5070,FlashSAC,cartpole-swingup_sparse,0,avg_return,1000000.0,791.58
5071,FlashSAC,cartpole-swingup_sparse,0,avg_success,0.0,0.0
5072,FlashSAC,cartpole-swingup_sparse,0,avg_success,100000.0,0.0
5073,FlashSAC,cartpole-swingup_sparse,0,avg_success,200000.0,0.0
5074,FlashSAC,cartpole-swingup_sparse,0,avg_success,300000.0,0.0
5075,FlashSAC,cartpole-swingup_sparse,0,avg_success,400000.0,0.0
5076,FlashSAC,cartpole-swingup_sparse,0,avg_success,500000.0,0.0
5077,FlashSAC,cartpole-swingup_sparse,0,avg_success,600000.0,0.0
5078,FlashSAC,cartpole-swingup_sparse,0,avg_success,700000.0,0.0
5079,FlashSAC,cartpole-swingup_sparse,0,avg_success,800000.0,0.0
5080,FlashSAC,cartpole-swingup_sparse,0,avg_success,900000.0,0.0
5081,FlashSAC,cartpole-swingup_sparse,0,avg_success,1000000.0,0.0
5082,FlashSAC,cartpole-swingup_sparse,1000,avg_return,0.0,0.0
5083,FlashSAC,cartpole-swingup_sparse,1000,avg_return,100000.0,0.0
5084,FlashSAC,cartpole-swingup_sparse,1000,avg_return,200000.0,0.0
5085,FlashSAC,cartpole-swingup_sparse,1000,avg_return,300000.0,0.0
5086,FlashSAC,cartpole-swingup_sparse,1000,avg_return,400000.0,0.0
5087,FlashSAC,cartpole-swingup_sparse,1000,avg_return,500000.0,0.0
5088,FlashSAC,cartpole-swingup_sparse,1000,avg_return,600000.0,0.0
5089,FlashSAC,cartpole-swingup_sparse,1000,avg_return,700000.0,0.0
5090,FlashSAC,cartpole-swingup_sparse,1000,avg_return,800000.0,0.0
5091,FlashSAC,cartpole-swingup_sparse,1000,avg_return,900000.0,0.0
5092,FlashSAC,cartpole-swingup_sparse,1000,avg_return,1000000.0,0.0
5093,FlashSAC,cartpole-swingup_sparse,1000,avg_success,0.0,0.0
5094,FlashSAC,cartpole-swingup_sparse,1000,avg_success,100000.0,0.0
5095,FlashSAC,cartpole-swingup_sparse,1000,avg_success,200000.0,0.0
5096,FlashSAC,cartpole-swingup_sparse,1000,avg_success,300000.0,0.0
5097,FlashSAC,cartpole-swingup_sparse,1000,avg_success,400000.0,0.0
5098,FlashSAC,cartpole-swingup_sparse,1000,avg_success,500000.0,0.0
5099,FlashSAC,cartpole-swingup_sparse,1000,avg_success,600000.0,0.0
5100,FlashSAC,cartpole-swingup_sparse,1000,avg_success,700000.0,0.0
5101,FlashSAC,cartpole-swingup_sparse,1000,avg_success,800000.0,0.0
5102,FlashSAC,cartpole-swingup_sparse,1000,avg_success,900000.0,0.0
5103,FlashSAC,cartpole-swingup_sparse,1000,avg_success,1000000.0,0.0
5104,FlashSAC,cartpole-swingup_sparse,2000,avg_return,0.0,0.26
5105,FlashSAC,cartpole-swingup_sparse,2000,avg_return,100000.0,575.36
5106,FlashSAC,cartpole-swingup_sparse,2000,avg_return,200000.0,595.56
5107,FlashSAC,cartpole-swingup_sparse,2000,avg_return,300000.0,776.76
5108,FlashSAC,cartpole-swingup_sparse,2000,avg_return,400000.0,809.82
5109,FlashSAC,cartpole-swingup_sparse,2000,avg_return,500000.0,808.64
5110,FlashSAC,cartpole-swingup_sparse,2000,avg_return,600000.0,816.2
5111,FlashSAC,cartpole-swingup_sparse,2000,avg_return,700000.0,813.02
5112,FlashSAC,cartpole-swingup_sparse,2000,avg_return,800000.0,815.44
5113,FlashSAC,cartpole-swingup_sparse,2000,avg_return,900000.0,815.98
5114,FlashSAC,cartpole-swingup_sparse,2000,avg_return,1000000.0,809.9
5115,FlashSAC,cartpole-swingup_sparse,2000,avg_success,0.0,0.0
5116,FlashSAC,cartpole-swingup_sparse,2000,avg_success,100000.0,0.0
5117,FlashSAC,cartpole-swingup_sparse,2000,avg_success,200000.0,0.0
5118,FlashSAC,cartpole-swingup_sparse,2000,avg_success,300000.0,0.0
5119,FlashSAC,cartpole-swingup_sparse,2000,avg_success,400000.0,0.0
5120,FlashSAC,cartpole-swingup_sparse,2000,avg_success,500000.0,0.0
5121,FlashSAC,cartpole-swingup_sparse,2000,avg_success,600000.0,0.0
5122,FlashSAC,cartpole-swingup_sparse,2000,avg_success,700000.0,0.0
5123,FlashSAC,cartpole-swingup_sparse,2000,avg_success,800000.0,0.0
5124,FlashSAC,cartpole-swingup_sparse,2000,avg_success,900000.0,0.0
5125,FlashSAC,cartpole-swingup_sparse,2000,avg_success,1000000.0,0.0
5126,FlashSAC,cartpole-swingup_sparse,3000,avg_return,0.0,0.0
5127,FlashSAC,cartpole-swingup_sparse,3000,avg_return,100000.0,0.0
5128,FlashSAC,cartpole-swingup_sparse,3000,avg_return,200000.0,0.0
5129,FlashSAC,cartpole-swingup_sparse,3000,avg_return,300000.0,0.0
5130,FlashSAC,cartpole-swingup_sparse,3000,avg_return,400000.0,0.0
5131,FlashSAC,cartpole-swingup_sparse,3000,avg_return,500000.0,0.0
5132,FlashSAC,cartpole-swingup_sparse,3000,avg_return,600000.0,0.0
5133,FlashSAC,cartpole-swingup_sparse,3000,avg_return,700000.0,0.0
5134,FlashSAC,cartpole-swingup_sparse,3000,avg_return,800000.0,0.0
5135,FlashSAC,cartpole-swingup_sparse,3000,avg_return,900000.0,0.0
5136,FlashSAC,cartpole-swingup_sparse,3000,avg_return,1000000.0,0.0
5137,FlashSAC,cartpole-swingup_sparse,3000,avg_success,0.0,0.0
5138,FlashSAC,cartpole-swingup_sparse,3000,avg_success,100000.0,0.0
5139,FlashSAC,cartpole-swingup_sparse,3000,avg_success,200000.0,0.0
5140,FlashSAC,cartpole-swingup_sparse,3000,avg_success,300000.0,0.0
5141,FlashSAC,cartpole-swingup_sparse,3000,avg_success,400000.0,0.0
5142,FlashSAC,cartpole-swingup_sparse,3000,avg_success,500000.0,0.0
5143,FlashSAC,cartpole-swingup_sparse,3000,avg_success,600000.0,0.0
5144,FlashSAC,cartpole-swingup_sparse,3000,avg_success,700000.0,0.0
5145,FlashSAC,cartpole-swingup_sparse,3000,avg_success,800000.0,0.0
5146,FlashSAC,cartpole-swingup_sparse,3000,avg_success,900000.0,0.0
5147,FlashSAC,cartpole-swingup_sparse,3000,avg_success,1000000.0,0.0
5148,FlashSAC,cartpole-swingup_sparse,4000,avg_return,0.0,0.0
5149,FlashSAC,cartpole-swingup_sparse,4000,avg_return,100000.0,0.0
5150,FlashSAC,cartpole-swingup_sparse,4000,avg_return,200000.0,0.0
5151,FlashSAC,cartpole-swingup_sparse,4000,avg_return,300000.0,266.92
5152,FlashSAC,cartpole-swingup_sparse,4000,avg_return,400000.0,777.92
5153,FlashSAC,cartpole-swingup_sparse,4000,avg_return,500000.0,799.2
5154,FlashSAC,cartpole-swingup_sparse,4000,avg_return,600000.0,800.26
5155,FlashSAC,cartpole-swingup_sparse,4000,avg_return,700000.0,800.28
5156,FlashSAC,cartpole-swingup_sparse,4000,avg_return,800000.0,800.34
5157,FlashSAC,cartpole-swingup_sparse,4000,avg_return,900000.0,804.86
5158,FlashSAC,cartpole-swingup_sparse,4000,avg_return,1000000.0,808.18
5159,FlashSAC,cartpole-swingup_sparse,4000,avg_success,0.0,0.0
5160,FlashSAC,cartpole-swingup_sparse,4000,avg_success,100000.0,0.0
5161,FlashSAC,cartpole-swingup_sparse,4000,avg_success,200000.0,0.0
5162,FlashSAC,cartpole-swingup_sparse,4000,avg_success,300000.0,0.0
5163,FlashSAC,cartpole-swingup_sparse,4000,avg_success,400000.0,0.0
5164,FlashSAC,cartpole-swingup_sparse,4000,avg_success,500000.0,0.0
5165,FlashSAC,cartpole-swingup_sparse,4000,avg_success,600000.0,0.0
5166,FlashSAC,cartpole-swingup_sparse,4000,avg_success,700000.0,0.0
5167,FlashSAC,cartpole-swingup_sparse,4000,avg_success,800000.0,0.0
5168,FlashSAC,cartpole-swingup_sparse,4000,avg_success,900000.0,0.0
5169,FlashSAC,cartpole-swingup_sparse,4000,avg_success,1000000.0,0.0
5170,FlashSAC,dog-run,0,avg_return,0.0,4.934125284168965
5171,FlashSAC,dog-run,0,avg_return,100000.0,107.4747121136192
5172,FlashSAC,dog-run,0,avg_return,200000.0,178.2109023865853
5173,FlashSAC,dog-run,0,avg_return,300000.0,254.8992568968937
5174,FlashSAC,dog-run,0,avg_return,400000.0,334.13065724119843
5175,FlashSAC,dog-run,0,avg_return,500000.0,451.1124351492417
5176,FlashSAC,dog-run,0,avg_return,600000.0,493.2112377221963
5177,FlashSAC,dog-run,0,avg_return,700000.0,539.7872651794468
5178,FlashSAC,dog-run,0,avg_return,800000.0,645.2694056280352
5179,FlashSAC,dog-run,0,avg_return,900000.0,713.4925664346443
5180,FlashSAC,dog-run,0,avg_return,1000000.0,762.2944716566359
5181,FlashSAC,dog-run,0,avg_success,0.0,0.0
5182,FlashSAC,dog-run,0,avg_success,100000.0,0.0
5183,FlashSAC,dog-run,0,avg_success,200000.0,0.0
5184,FlashSAC,dog-run,0,avg_success,300000.0,0.0
5185,FlashSAC,dog-run,0,avg_success,400000.0,0.0
5186,FlashSAC,dog-run,0,avg_success,500000.0,0.0
5187,FlashSAC,dog-run,0,avg_success,600000.0,0.0
5188,FlashSAC,dog-run,0,avg_success,700000.0,0.0
5189,FlashSAC,dog-run,0,avg_success,800000.0,0.0
5190,FlashSAC,dog-run,0,avg_success,900000.0,0.0
5191,FlashSAC,dog-run,0,avg_success,1000000.0,0.0
5192,FlashSAC,dog-run,1000,avg_return,0.0,5.256025099834655
5193,FlashSAC,dog-run,1000,avg_return,100000.0,120.05097347819527
5194,FlashSAC,dog-run,1000,avg_return,200000.0,189.47404187227704
5195,FlashSAC,dog-run,1000,avg_return,300000.0,264.8964856058548
5196,FlashSAC,dog-run,1000,avg_return,400000.0,348.0121220981504
5197,FlashSAC,dog-run,1000,avg_return,500000.0,461.96311746111337
5198,FlashSAC,dog-run,1000,avg_return,600000.0,574.0590213441293
5199,FlashSAC,dog-run,1000,avg_return,700000.0,608.4711602985645
5200,FlashSAC,dog-run,1000,avg_return,800000.0,636.0109651085064
5201,FlashSAC,dog-run,1000,avg_return,900000.0,675.996709718278
5202,FlashSAC,dog-run,1000,avg_return,1000000.0,704.2798932744947
5203,FlashSAC,dog-run,1000,avg_success,0.0,0.0
5204,FlashSAC,dog-run,1000,avg_success,100000.0,0.0
5205,FlashSAC,dog-run,1000,avg_success,200000.0,0.0
5206,FlashSAC,dog-run,1000,avg_success,300000.0,0.0
5207,FlashSAC,dog-run,1000,avg_success,400000.0,0.0
5208,FlashSAC,dog-run,1000,avg_success,500000.0,0.0
5209,FlashSAC,dog-run,1000,avg_success,600000.0,0.0
5210,FlashSAC,dog-run,1000,avg_success,700000.0,0.0
5211,FlashSAC,dog-run,1000,avg_success,800000.0,0.0
5212,FlashSAC,dog-run,1000,avg_success,900000.0,0.0
5213,FlashSAC,dog-run,1000,avg_success,1000000.0,0.0
5214,FlashSAC,dog-run,2000,avg_return,0.0,5.787025282845721
5215,FlashSAC,dog-run,2000,avg_return,100000.0,115.96186933644822
5216,FlashSAC,dog-run,2000,avg_return,200000.0,211.3178386576287
5217,FlashSAC,dog-run,2000,avg_return,300000.0,296.87628578254544
5218,FlashSAC,dog-run,2000,avg_return,400000.0,373.23283129473975
5219,FlashSAC,dog-run,2000,avg_return,500000.0,487.9224470332889
5220,FlashSAC,dog-run,2000,avg_return,600000.0,527.1992495562176
5221,FlashSAC,dog-run,2000,avg_return,700000.0,642.1736047040146
5222,FlashSAC,dog-run,2000,avg_return,800000.0,676.2217868788283
5223,FlashSAC,dog-run,2000,avg_return,900000.0,694.4202338263527
5224,FlashSAC,dog-run,2000,avg_return,1000000.0,739.4667256332132
5225,FlashSAC,dog-run,2000,avg_success,0.0,0.0
5226,FlashSAC,dog-run,2000,avg_success,100000.0,0.0
5227,FlashSAC,dog-run,2000,avg_success,200000.0,0.0
5228,FlashSAC,dog-run,2000,avg_success,300000.0,0.0
5229,FlashSAC,dog-run,2000,avg_success,400000.0,0.0
5230,FlashSAC,dog-run,2000,avg_success,500000.0,0.0
5231,FlashSAC,dog-run,2000,avg_success,600000.0,0.0
5232,FlashSAC,dog-run,2000,avg_success,700000.0,0.0
5233,FlashSAC,dog-run,2000,avg_success,800000.0,0.0
5234,FlashSAC,dog-run,2000,avg_success,900000.0,0.0
5235,FlashSAC,dog-run,2000,avg_success,1000000.0,0.0
5236,FlashSAC,dog-run,3000,avg_return,0.0,5.8339504348689335
5237,FlashSAC,dog-run,3000,avg_return,100000.0,101.3781911713473
5238,FlashSAC,dog-run,3000,avg_return,200000.0,164.89585865013603
5239,FlashSAC,dog-run,3000,avg_return,300000.0,233.7270920969179
5240,FlashSAC,dog-run,3000,avg_return,400000.0,288.8430032703925
5241,FlashSAC,dog-run,3000,avg_return,500000.0,385.7437699311102
5242,FlashSAC,dog-run,3000,avg_return,600000.0,465.54686157844816
5243,FlashSAC,dog-run,3000,avg_return,700000.0,530.8097556094384
5244,FlashSAC,dog-run,3000,avg_return,800000.0,587.030714945952
5245,FlashSAC,dog-run,3000,avg_return,900000.0,652.9015652150825
5246,FlashSAC,dog-run,3000,avg_return,1000000.0,650.2936063909325
5247,FlashSAC,dog-run,3000,avg_success,0.0,0.0
5248,FlashSAC,dog-run,3000,avg_success,100000.0,0.0
5249,FlashSAC,dog-run,3000,avg_success,200000.0,0.0
5250,FlashSAC,dog-run,3000,avg_success,300000.0,0.0
5251,FlashSAC,dog-run,3000,avg_success,400000.0,0.0
5252,FlashSAC,dog-run,3000,avg_success,500000.0,0.0
5253,FlashSAC,dog-run,3000,avg_success,600000.0,0.0
5254,FlashSAC,dog-run,3000,avg_success,700000.0,0.0
5255,FlashSAC,dog-run,3000,avg_success,800000.0,0.0
5256,FlashSAC,dog-run,3000,avg_success,900000.0,0.0
5257,FlashSAC,dog-run,3000,avg_success,1000000.0,0.0
5258,FlashSAC,dog-run,4000,avg_return,0.0,10.543539923262896
5259,FlashSAC,dog-run,4000,avg_return,100000.0,110.01268687969292
5260,FlashSAC,dog-run,4000,avg_return,200000.0,231.60729773415252
5261,FlashSAC,dog-run,4000,avg_return,300000.0,317.31074783725
5262,FlashSAC,dog-run,4000,avg_return,400000.0,453.4509828060184
5263,FlashSAC,dog-run,4000,avg_return,500000.0,529.0139480009783
5264,FlashSAC,dog-run,4000,avg_return,600000.0,537.8815128575062
5265,FlashSAC,dog-run,4000,avg_return,700000.0,629.3370527080166
5266,FlashSAC,dog-run,4000,avg_return,800000.0,681.9760661900654
5267,FlashSAC,dog-run,4000,avg_return,900000.0,686.6906597103203
5268,FlashSAC,dog-run,4000,avg_return,1000000.0,749.4906239742788
5269,FlashSAC,dog-run,4000,avg_success,0.0,0.0
5270,FlashSAC,dog-run,4000,avg_success,100000.0,0.0
5271,FlashSAC,dog-run,4000,avg_success,200000.0,0.0
5272,FlashSAC,dog-run,4000,avg_success,300000.0,0.0
5273,FlashSAC,dog-run,4000,avg_success,400000.0,0.0
5274,FlashSAC,dog-run,4000,avg_success,500000.0,0.0
5275,FlashSAC,dog-run,4000,avg_success,600000.0,0.0
5276,FlashSAC,dog-run,4000,avg_success,700000.0,0.0
5277,FlashSAC,dog-run,4000,avg_success,800000.0,0.0
5278,FlashSAC,dog-run,4000,avg_success,900000.0,0.0
5279,FlashSAC,dog-run,4000,avg_success,1000000.0,0.0
5280,FlashSAC,dog-stand,0,avg_return,0.0,21.33464837969526
5281,FlashSAC,dog-stand,0,avg_return,100000.0,622.8331609772939
5282,FlashSAC,dog-stand,0,avg_return,200000.0,949.1226170405596
5283,FlashSAC,dog-stand,0,avg_return,300000.0,965.2226295093012
5284,FlashSAC,dog-stand,0,avg_return,400000.0,970.978966500198
5285,FlashSAC,dog-stand,0,avg_return,500000.0,973.4057166293024
5286,FlashSAC,dog-stand,0,avg_return,600000.0,991.0591557964514
5287,FlashSAC,dog-stand,0,avg_return,700000.0,993.2640255128404
5288,FlashSAC,dog-stand,0,avg_return,800000.0,976.5258996149554
5289,FlashSAC,dog-stand,0,avg_return,900000.0,984.8065514339416
5290,FlashSAC,dog-stand,0,avg_return,1000000.0,991.0957722572736
5291,FlashSAC,dog-stand,0,avg_success,0.0,0.0
5292,FlashSAC,dog-stand,0,avg_success,100000.0,0.0
5293,FlashSAC,dog-stand,0,avg_success,200000.0,0.0
5294,FlashSAC,dog-stand,0,avg_success,300000.0,0.0
5295,FlashSAC,dog-stand,0,avg_success,400000.0,0.0
5296,FlashSAC,dog-stand,0,avg_success,500000.0,0.0
5297,FlashSAC,dog-stand,0,avg_success,600000.0,0.0
5298,FlashSAC,dog-stand,0,avg_success,700000.0,0.0
5299,FlashSAC,dog-stand,0,avg_success,800000.0,0.0
5300,FlashSAC,dog-stand,0,avg_success,900000.0,0.0
5301,FlashSAC,dog-stand,0,avg_success,1000000.0,0.0
5302,FlashSAC,dog-stand,1000,avg_return,0.0,23.595077726841605
5303,FlashSAC,dog-stand,1000,avg_return,100000.0,513.0621040515274
5304,FlashSAC,dog-stand,1000,avg_return,200000.0,828.2763402299828
5305,FlashSAC,dog-stand,1000,avg_return,300000.0,967.6350590702804
5306,FlashSAC,dog-stand,1000,avg_return,400000.0,979.608751896848
5307,FlashSAC,dog-stand,1000,avg_return,500000.0,980.0848670084972
5308,FlashSAC,dog-stand,1000,avg_return,600000.0,964.7368851198678
5309,FlashSAC,dog-stand,1000,avg_return,700000.0,984.7319229389336
5310,FlashSAC,dog-stand,1000,avg_return,800000.0,987.1537007260852
5311,FlashSAC,dog-stand,1000,avg_return,900000.0,987.30824134499
5312,FlashSAC,dog-stand,1000,avg_return,1000000.0,993.8850173686036
5313,FlashSAC,dog-stand,1000,avg_success,0.0,0.0
5314,FlashSAC,dog-stand,1000,avg_success,100000.0,0.0
5315,FlashSAC,dog-stand,1000,avg_success,200000.0,0.0
5316,FlashSAC,dog-stand,1000,avg_success,300000.0,0.0
5317,FlashSAC,dog-stand,1000,avg_success,400000.0,0.0
5318,FlashSAC,dog-stand,1000,avg_success,500000.0,0.0
5319,FlashSAC,dog-stand,1000,avg_success,600000.0,0.0
5320,FlashSAC,dog-stand,1000,avg_success,700000.0,0.0
5321,FlashSAC,dog-stand,1000,avg_success,800000.0,0.0
5322,FlashSAC,dog-stand,1000,avg_success,900000.0,0.0
5323,FlashSAC,dog-stand,1000,avg_success,1000000.0,0.0
5324,FlashSAC,dog-stand,2000,avg_return,0.0,24.33321343145534
5325,FlashSAC,dog-stand,2000,avg_return,100000.0,512.9974995914876
5326,FlashSAC,dog-stand,2000,avg_return,200000.0,771.8139554733681
5327,FlashSAC,dog-stand,2000,avg_return,300000.0,945.3762972092616
5328,FlashSAC,dog-stand,2000,avg_return,400000.0,956.170070156124
5329,FlashSAC,dog-stand,2000,avg_return,500000.0,981.66939860834
5330,FlashSAC,dog-stand,2000,avg_return,600000.0,983.906428196892
5331,FlashSAC,dog-stand,2000,avg_return,700000.0,986.1415487765648
5332,FlashSAC,dog-stand,2000,avg_return,800000.0,986.6667457434804
5333,FlashSAC,dog-stand,2000,avg_return,900000.0,990.3599729076848
5334,FlashSAC,dog-stand,2000,avg_return,1000000.0,974.3377442590624
5335,FlashSAC,dog-stand,2000,avg_success,0.0,0.0
5336,FlashSAC,dog-stand,2000,avg_success,100000.0,0.0
5337,FlashSAC,dog-stand,2000,avg_success,200000.0,0.0
5338,FlashSAC,dog-stand,2000,avg_success,300000.0,0.0
5339,FlashSAC,dog-stand,2000,avg_success,400000.0,0.0
5340,FlashSAC,dog-stand,2000,avg_success,500000.0,0.0
5341,FlashSAC,dog-stand,2000,avg_success,600000.0,0.0
5342,FlashSAC,dog-stand,2000,avg_success,700000.0,0.0
5343,FlashSAC,dog-stand,2000,avg_success,800000.0,0.0
5344,FlashSAC,dog-stand,2000,avg_success,900000.0,0.0
5345,FlashSAC,dog-stand,2000,avg_success,1000000.0,0.0
5346,FlashSAC,dog-stand,3000,avg_return,0.0,25.945641649086834
5347,FlashSAC,dog-stand,3000,avg_return,100000.0,595.0188858934116
5348,FlashSAC,dog-stand,3000,avg_return,200000.0,791.6272517330652
5349,FlashSAC,dog-stand,3000,avg_return,300000.0,975.48242013167
5350,FlashSAC,dog-stand,3000,avg_return,400000.0,981.5836369163824
5351,FlashSAC,dog-stand,3000,avg_return,500000.0,987.7244276835672
5352,FlashSAC,dog-stand,3000,avg_return,600000.0,985.800340946844
5353,FlashSAC,dog-stand,3000,avg_return,700000.0,989.1001917044408
5354,FlashSAC,dog-stand,3000,avg_return,800000.0,986.2076957410912
5355,FlashSAC,dog-stand,3000,avg_return,900000.0,991.3752216522736
5356,FlashSAC,dog-stand,3000,avg_return,1000000.0,994.2775622009924
5357,FlashSAC,dog-stand,3000,avg_success,0.0,0.0
5358,FlashSAC,dog-stand,3000,avg_success,100000.0,0.0
5359,FlashSAC,dog-stand,3000,avg_success,200000.0,0.0
5360,FlashSAC,dog-stand,3000,avg_success,300000.0,0.0
5361,FlashSAC,dog-stand,3000,avg_success,400000.0,0.0
5362,FlashSAC,dog-stand,3000,avg_success,500000.0,0.0
5363,FlashSAC,dog-stand,3000,avg_success,600000.0,0.0
5364,FlashSAC,dog-stand,3000,avg_success,700000.0,0.0
5365,FlashSAC,dog-stand,3000,avg_success,800000.0,0.0
5366,FlashSAC,dog-stand,3000,avg_success,900000.0,0.0
5367,FlashSAC,dog-stand,3000,avg_success,1000000.0,0.0
5368,FlashSAC,dog-stand,4000,avg_return,0.0,47.19024250726759
5369,FlashSAC,dog-stand,4000,avg_return,100000.0,442.7535240712396
5370,FlashSAC,dog-stand,4000,avg_return,200000.0,947.2514441718446
5371,FlashSAC,dog-stand,4000,avg_return,300000.0,984.2754113938282
5372,FlashSAC,dog-stand,4000,avg_return,400000.0,979.8159548531016
5373,FlashSAC,dog-stand,4000,avg_return,500000.0,977.5556447543852
5374,FlashSAC,dog-stand,4000,avg_return,600000.0,990.1682157412308
5375,FlashSAC,dog-stand,4000,avg_return,700000.0,990.7231525245026
5376,FlashSAC,dog-stand,4000,avg_return,800000.0,990.7041478309884
5377,FlashSAC,dog-stand,4000,avg_return,900000.0,985.676463553672
5378,FlashSAC,dog-stand,4000,avg_return,1000000.0,989.774035017308
5379,FlashSAC,dog-stand,4000,avg_success,0.0,0.0
5380,FlashSAC,dog-stand,4000,avg_success,100000.0,0.0
5381,FlashSAC,dog-stand,4000,avg_success,200000.0,0.0
5382,FlashSAC,dog-stand,4000,avg_success,300000.0,0.0
5383,FlashSAC,dog-stand,4000,avg_success,400000.0,0.0
5384,FlashSAC,dog-stand,4000,avg_success,500000.0,0.0
5385,FlashSAC,dog-stand,4000,avg_success,600000.0,0.0
5386,FlashSAC,dog-stand,4000,avg_success,700000.0,0.0
5387,FlashSAC,dog-stand,4000,avg_success,800000.0,0.0
5388,FlashSAC,dog-stand,4000,avg_success,900000.0,0.0
5389,FlashSAC,dog-stand,4000,avg_success,1000000.0,0.0
5390,FlashSAC,dog-trot,0,avg_return,0.0,6.210814872884803
5391,FlashSAC,dog-trot,0,avg_return,100000.0,137.18156145910513
5392,FlashSAC,dog-trot,0,avg_return,200000.0,288.62030008978445
5393,FlashSAC,dog-trot,0,avg_return,300000.0,472.168705657454
5394,FlashSAC,dog-trot,0,avg_return,400000.0,616.5300095358064
5395,FlashSAC,dog-trot,0,avg_return,500000.0,821.0870431188667
5396,FlashSAC,dog-trot,0,avg_return,600000.0,898.8190103801825
5397,FlashSAC,dog-trot,0,avg_return,700000.0,912.6217880249628
5398,FlashSAC,dog-trot,0,avg_return,800000.0,917.685111371306
5399,FlashSAC,dog-trot,0,avg_return,900000.0,925.3101260460572
5400,FlashSAC,dog-trot,0,avg_return,1000000.0,929.5260804795564
5401,FlashSAC,dog-trot,0,avg_success,0.0,0.0
5402,FlashSAC,dog-trot,0,avg_success,100000.0,0.0
5403,FlashSAC,dog-trot,0,avg_success,200000.0,0.0
5404,FlashSAC,dog-trot,0,avg_success,300000.0,0.0
5405,FlashSAC,dog-trot,0,avg_success,400000.0,0.0
5406,FlashSAC,dog-trot,0,avg_success,500000.0,0.0
5407,FlashSAC,dog-trot,0,avg_success,600000.0,0.0
5408,FlashSAC,dog-trot,0,avg_success,700000.0,0.0
5409,FlashSAC,dog-trot,0,avg_success,800000.0,0.0
5410,FlashSAC,dog-trot,0,avg_success,900000.0,0.0
5411,FlashSAC,dog-trot,0,avg_success,1000000.0,0.0
5412,FlashSAC,dog-trot,1000,avg_return,0.0,6.312111083569286
5413,FlashSAC,dog-trot,1000,avg_return,100000.0,123.47235701687934
5414,FlashSAC,dog-trot,1000,avg_return,200000.0,230.4796676705748
5415,FlashSAC,dog-trot,1000,avg_return,300000.0,369.4250162579805
5416,FlashSAC,dog-trot,1000,avg_return,400000.0,548.2836445840188
5417,FlashSAC,dog-trot,1000,avg_return,500000.0,715.4276782646252
5418,FlashSAC,dog-trot,1000,avg_return,600000.0,867.0724825003683
5419,FlashSAC,dog-trot,1000,avg_return,700000.0,889.4550149264795
5420,FlashSAC,dog-trot,1000,avg_return,800000.0,895.8566209198914
5421,FlashSAC,dog-trot,1000,avg_return,900000.0,910.6658485428449
5422,FlashSAC,dog-trot,1000,avg_return,1000000.0,908.6108241918148
5423,FlashSAC,dog-trot,1000,avg_success,0.0,0.0
5424,FlashSAC,dog-trot,1000,avg_success,100000.0,0.0
5425,FlashSAC,dog-trot,1000,avg_success,200000.0,0.0
5426,FlashSAC,dog-trot,1000,avg_success,300000.0,0.0
5427,FlashSAC,dog-trot,1000,avg_success,400000.0,0.0
5428,FlashSAC,dog-trot,1000,avg_success,500000.0,0.0
5429,FlashSAC,dog-trot,1000,avg_success,600000.0,0.0
5430,FlashSAC,dog-trot,1000,avg_success,700000.0,0.0
5431,FlashSAC,dog-trot,1000,avg_success,800000.0,0.0
5432,FlashSAC,dog-trot,1000,avg_success,900000.0,0.0
5433,FlashSAC,dog-trot,1000,avg_success,1000000.0,0.0
5434,FlashSAC,dog-trot,2000,avg_return,0.0,7.492826593333436
5435,FlashSAC,dog-trot,2000,avg_return,100000.0,122.34406394591724
5436,FlashSAC,dog-trot,2000,avg_return,200000.0,234.90465686173687
5437,FlashSAC,dog-trot,2000,avg_return,300000.0,382.52812011388966
5438,FlashSAC,dog-trot,2000,avg_return,400000.0,600.7600590408325
5439,FlashSAC,dog-trot,2000,avg_return,500000.0,707.8235097151164
5440,FlashSAC,dog-trot,2000,avg_return,600000.0,857.4780432150193
5441,FlashSAC,dog-trot,2000,avg_return,700000.0,905.8584024975464
5442,FlashSAC,dog-trot,2000,avg_return,800000.0,905.2552538443152
5443,FlashSAC,dog-trot,2000,avg_return,900000.0,922.6084423767072
5444,FlashSAC,dog-trot,2000,avg_return,1000000.0,935.3696596933868
5445,FlashSAC,dog-trot,2000,avg_success,0.0,0.0
5446,FlashSAC,dog-trot,2000,avg_success,100000.0,0.0
5447,FlashSAC,dog-trot,2000,avg_success,200000.0,0.0
5448,FlashSAC,dog-trot,2000,avg_success,300000.0,0.0
5449,FlashSAC,dog-trot,2000,avg_success,400000.0,0.0
5450,FlashSAC,dog-trot,2000,avg_success,500000.0,0.0
5451,FlashSAC,dog-trot,2000,avg_success,600000.0,0.0
5452,FlashSAC,dog-trot,2000,avg_success,700000.0,0.0
5453,FlashSAC,dog-trot,2000,avg_success,800000.0,0.0
5454,FlashSAC,dog-trot,2000,avg_success,900000.0,0.0
5455,FlashSAC,dog-trot,2000,avg_success,1000000.0,0.0
5456,FlashSAC,dog-trot,3000,avg_return,0.0,6.968867249860913
5457,FlashSAC,dog-trot,3000,avg_return,100000.0,142.27899443928976
5458,FlashSAC,dog-trot,3000,avg_return,200000.0,290.7484023819026
5459,FlashSAC,dog-trot,3000,avg_return,300000.0,414.0175772425205
5460,FlashSAC,dog-trot,3000,avg_return,400000.0,562.8438553494906
5461,FlashSAC,dog-trot,3000,avg_return,500000.0,781.66487899958
5462,FlashSAC,dog-trot,3000,avg_return,600000.0,867.6468690472956
5463,FlashSAC,dog-trot,3000,avg_return,700000.0,898.4708505824237
5464,FlashSAC,dog-trot,3000,avg_return,800000.0,903.4412350696654
5465,FlashSAC,dog-trot,3000,avg_return,900000.0,925.4596146343272
5466,FlashSAC,dog-trot,3000,avg_return,1000000.0,934.573301008362
5467,FlashSAC,dog-trot,3000,avg_success,0.0,0.0
5468,FlashSAC,dog-trot,3000,avg_success,100000.0,0.0
5469,FlashSAC,dog-trot,3000,avg_success,200000.0,0.0
5470,FlashSAC,dog-trot,3000,avg_success,300000.0,0.0
5471,FlashSAC,dog-trot,3000,avg_success,400000.0,0.0
5472,FlashSAC,dog-trot,3000,avg_success,500000.0,0.0
5473,FlashSAC,dog-trot,3000,avg_success,600000.0,0.0
5474,FlashSAC,dog-trot,3000,avg_success,700000.0,0.0
5475,FlashSAC,dog-trot,3000,avg_success,800000.0,0.0
5476,FlashSAC,dog-trot,3000,avg_success,900000.0,0.0
5477,FlashSAC,dog-trot,3000,avg_success,1000000.0,0.0
5478,FlashSAC,dog-trot,4000,avg_return,0.0,12.657040525928489
5479,FlashSAC,dog-trot,4000,avg_return,100000.0,115.88116543040442
5480,FlashSAC,dog-trot,4000,avg_return,200000.0,290.83528203047376
5481,FlashSAC,dog-trot,4000,avg_return,300000.0,395.053901136266
5482,FlashSAC,dog-trot,4000,avg_return,400000.0,578.8233988260097
5483,FlashSAC,dog-trot,4000,avg_return,500000.0,738.273104857153
5484,FlashSAC,dog-trot,4000,avg_return,600000.0,871.652420979255
5485,FlashSAC,dog-trot,4000,avg_return,700000.0,884.5832486149545
5486,FlashSAC,dog-trot,4000,avg_return,800000.0,908.9164195954183
5487,FlashSAC,dog-trot,4000,avg_return,900000.0,909.5941349325424
5488,FlashSAC,dog-trot,4000,avg_return,1000000.0,915.120924097496
5489,FlashSAC,dog-trot,4000,avg_success,0.0,0.0
5490,FlashSAC,dog-trot,4000,avg_success,100000.0,0.0
5491,FlashSAC,dog-trot,4000,avg_success,200000.0,0.0
5492,FlashSAC,dog-trot,4000,avg_success,300000.0,0.0
5493,FlashSAC,dog-trot,4000,avg_success,400000.0,0.0
5494,FlashSAC,dog-trot,4000,avg_success,500000.0,0.0
5495,FlashSAC,dog-trot,4000,avg_success,600000.0,0.0
5496,FlashSAC,dog-trot,4000,avg_success,700000.0,0.0
5497,FlashSAC,dog-trot,4000,avg_success,800000.0,0.0
5498,FlashSAC,dog-trot,4000,avg_success,900000.0,0.0
5499,FlashSAC,dog-trot,4000,avg_success,1000000.0,0.0
5500,FlashSAC,dog-walk,0,avg_return,0.0,7.625927778103407
5501,FlashSAC,dog-walk,0,avg_return,100000.0,271.99012531366554
5502,FlashSAC,dog-walk,0,avg_return,200000.0,562.6361816314359
5503,FlashSAC,dog-walk,0,avg_return,300000.0,791.9579344296873
5504,FlashSAC,dog-walk,0,avg_return,400000.0,897.0921988889281
5505,FlashSAC,dog-walk,0,avg_return,500000.0,908.4303567465098
5506,FlashSAC,dog-walk,0,avg_return,600000.0,939.9745573522804
5507,FlashSAC,dog-walk,0,avg_return,700000.0,953.6039367044413
5508,FlashSAC,dog-walk,0,avg_return,800000.0,944.638949170023
5509,FlashSAC,dog-walk,0,avg_return,900000.0,945.7185710899628
5510,FlashSAC,dog-walk,0,avg_return,1000000.0,952.719580679698
5511,FlashSAC,dog-walk,0,avg_success,0.0,0.0
5512,FlashSAC,dog-walk,0,avg_success,100000.0,0.0
5513,FlashSAC,dog-walk,0,avg_success,200000.0,0.0
5514,FlashSAC,dog-walk,0,avg_success,300000.0,0.0
5515,FlashSAC,dog-walk,0,avg_success,400000.0,0.0
5516,FlashSAC,dog-walk,0,avg_success,500000.0,0.0
5517,FlashSAC,dog-walk,0,avg_success,600000.0,0.0
5518,FlashSAC,dog-walk,0,avg_success,700000.0,0.0
5519,FlashSAC,dog-walk,0,avg_success,800000.0,0.0
5520,FlashSAC,dog-walk,0,avg_success,900000.0,0.0
5521,FlashSAC,dog-walk,0,avg_success,1000000.0,0.0
5522,FlashSAC,dog-walk,1000,avg_return,0.0,8.302458532188481
5523,FlashSAC,dog-walk,1000,avg_return,100000.0,230.54604977972488
5524,FlashSAC,dog-walk,1000,avg_return,200000.0,461.72487334750366
5525,FlashSAC,dog-walk,1000,avg_return,300000.0,709.634158423551
5526,FlashSAC,dog-walk,1000,avg_return,400000.0,855.072034046519
5527,FlashSAC,dog-walk,1000,avg_return,500000.0,903.8431710632144
5528,FlashSAC,dog-walk,1000,avg_return,600000.0,925.5942597832446
5529,FlashSAC,dog-walk,1000,avg_return,700000.0,935.3038391363128
5530,FlashSAC,dog-walk,1000,avg_return,800000.0,945.4919230792055
5531,FlashSAC,dog-walk,1000,avg_return,900000.0,958.9844822821564
5532,FlashSAC,dog-walk,1000,avg_return,1000000.0,961.1746378926224
5533,FlashSAC,dog-walk,1000,avg_success,0.0,0.0
5534,FlashSAC,dog-walk,1000,avg_success,100000.0,0.0
5535,FlashSAC,dog-walk,1000,avg_success,200000.0,0.0
5536,FlashSAC,dog-walk,1000,avg_success,300000.0,0.0
5537,FlashSAC,dog-walk,1000,avg_success,400000.0,0.0
5538,FlashSAC,dog-walk,1000,avg_success,500000.0,0.0
5539,FlashSAC,dog-walk,1000,avg_success,600000.0,0.0
5540,FlashSAC,dog-walk,1000,avg_success,700000.0,0.0
5541,FlashSAC,dog-walk,1000,avg_success,800000.0,0.0
5542,FlashSAC,dog-walk,1000,avg_success,900000.0,0.0
5543,FlashSAC,dog-walk,1000,avg_success,1000000.0,0.0
5544,FlashSAC,dog-walk,2000,avg_return,0.0,8.588998742656358
5545,FlashSAC,dog-walk,2000,avg_return,100000.0,240.39163213732328
5546,FlashSAC,dog-walk,2000,avg_return,200000.0,399.5361519861986
5547,FlashSAC,dog-walk,2000,avg_return,300000.0,479.7087655888424
5548,FlashSAC,dog-walk,2000,avg_return,400000.0,659.9259947640755
5549,FlashSAC,dog-walk,2000,avg_return,500000.0,807.595152660334
5550,FlashSAC,dog-walk,2000,avg_return,600000.0,898.6270963399703
5551,FlashSAC,dog-walk,2000,avg_return,700000.0,900.2581012643407
5552,FlashSAC,dog-walk,2000,avg_return,800000.0,920.0823369277203
5553,FlashSAC,dog-walk,2000,avg_return,900000.0,937.2292571434244
5554,FlashSAC,dog-walk,2000,avg_return,1000000.0,952.9917036715016
5555,FlashSAC,dog-walk,2000,avg_success,0.0,0.0
5556,FlashSAC,dog-walk,2000,avg_success,100000.0,0.0
5557,FlashSAC,dog-walk,2000,avg_success,200000.0,0.0
5558,FlashSAC,dog-walk,2000,avg_success,300000.0,0.0
5559,FlashSAC,dog-walk,2000,avg_success,400000.0,0.0
5560,FlashSAC,dog-walk,2000,avg_success,500000.0,0.0
5561,FlashSAC,dog-walk,2000,avg_success,600000.0,0.0
5562,FlashSAC,dog-walk,2000,avg_success,700000.0,0.0
5563,FlashSAC,dog-walk,2000,avg_success,800000.0,0.0
5564,FlashSAC,dog-walk,2000,avg_success,900000.0,0.0
5565,FlashSAC,dog-walk,2000,avg_success,1000000.0,0.0
5566,FlashSAC,dog-walk,3000,avg_return,0.0,8.270255428808953
5567,FlashSAC,dog-walk,3000,avg_return,100000.0,173.54743855880116
5568,FlashSAC,dog-walk,3000,avg_return,200000.0,330.2191300064671
5569,FlashSAC,dog-walk,3000,avg_return,300000.0,517.4753138726653
5570,FlashSAC,dog-walk,3000,avg_return,400000.0,748.7117167911952
5571,FlashSAC,dog-walk,3000,avg_return,500000.0,929.7921515100654
5572,FlashSAC,dog-walk,3000,avg_return,600000.0,912.2946514474548
5573,FlashSAC,dog-walk,3000,avg_return,700000.0,943.6742185938164
5574,FlashSAC,dog-walk,3000,avg_return,800000.0,939.4916272943176
5575,FlashSAC,dog-walk,3000,avg_return,900000.0,954.115673892992
5576,FlashSAC,dog-walk,3000,avg_return,1000000.0,956.6600609329834
5577,FlashSAC,dog-walk,3000,avg_success,0.0,0.0
5578,FlashSAC,dog-walk,3000,avg_success,100000.0,0.0
5579,FlashSAC,dog-walk,3000,avg_success,200000.0,0.0
5580,FlashSAC,dog-walk,3000,avg_success,300000.0,0.0
5581,FlashSAC,dog-walk,3000,avg_success,400000.0,0.0
5582,FlashSAC,dog-walk,3000,avg_success,500000.0,0.0
5583,FlashSAC,dog-walk,3000,avg_success,600000.0,0.0
5584,FlashSAC,dog-walk,3000,avg_success,700000.0,0.0
5585,FlashSAC,dog-walk,3000,avg_success,800000.0,0.0
5586,FlashSAC,dog-walk,3000,avg_success,900000.0,0.0
5587,FlashSAC,dog-walk,3000,avg_success,1000000.0,0.0
5588,FlashSAC,dog-walk,4000,avg_return,0.0,15.49906245346948
5589,FlashSAC,dog-walk,4000,avg_return,100000.0,302.11470281339393
5590,FlashSAC,dog-walk,4000,avg_return,200000.0,572.7158978471363
5591,FlashSAC,dog-walk,4000,avg_return,300000.0,902.6610365291332
5592,FlashSAC,dog-walk,4000,avg_return,400000.0,916.1126156179585
5593,FlashSAC,dog-walk,4000,avg_return,500000.0,937.2564798076326
5594,FlashSAC,dog-walk,4000,avg_return,600000.0,942.026813074524
5595,FlashSAC,dog-walk,4000,avg_return,700000.0,943.6078530334478
5596,FlashSAC,dog-walk,4000,avg_return,800000.0,953.4409911553424
5597,FlashSAC,dog-walk,4000,avg_return,900000.0,950.917215217446
5598,FlashSAC,dog-walk,4000,avg_return,1000000.0,953.1764259752016
5599,FlashSAC,dog-walk,4000,avg_success,0.0,0.0
5600,FlashSAC,dog-walk,4000,avg_success,100000.0,0.0
5601,FlashSAC,dog-walk,4000,avg_success,200000.0,0.0
5602,FlashSAC,dog-walk,4000,avg_success,300000.0,0.0
5603,FlashSAC,dog-walk,4000,avg_success,400000.0,0.0
5604,FlashSAC,dog-walk,4000,avg_success,500000.0,0.0
5605,FlashSAC,dog-walk,4000,avg_success,600000.0,0.0
5606,FlashSAC,dog-walk,4000,avg_success,700000.0,0.0
5607,FlashSAC,dog-walk,4000,avg_success,800000.0,0.0
5608,FlashSAC,dog-walk,4000,avg_success,900000.0,0.0
5609,FlashSAC,dog-walk,4000,avg_success,1000000.0,0.0
5610,FlashSAC,go2-walk,0,avg_return,0.0,-0.7482539677097577
5611,FlashSAC,go2-walk,0,avg_return,5496832.0,0.4040201409664252
5612,FlashSAC,go2-walk,0,avg_return,10493952.0,0.9999597820835612
5613,FlashSAC,go2-walk,0,avg_return,15491072.0,9.861494819608913
5614,FlashSAC,go2-walk,0,avg_return,20488192.0,20.757973970464967
5615,FlashSAC,go2-walk,0,avg_return,25485312.0,22.053771321951707
5616,FlashSAC,go2-walk,0,avg_return,30482432.0,22.41007683483934
5617,FlashSAC,go2-walk,0,avg_return,35479552.0,22.61131979760393
5618,FlashSAC,go2-walk,0,avg_return,40476672.0,22.61925299582284
5619,FlashSAC,go2-walk,0,avg_return,45473792.0,22.85928010651634
5620,FlashSAC,go2-walk,0,avg_return,50000896.0,22.748990036192367
5621,FlashSAC,go2-walk,0,avg_success,0.0,0.0
5622,FlashSAC,go2-walk,0,avg_success,5496832.0,0.0
5623,FlashSAC,go2-walk,0,avg_success,10493952.0,0.0
5624,FlashSAC,go2-walk,0,avg_success,15491072.0,0.0
5625,FlashSAC,go2-walk,0,avg_success,20488192.0,0.0
5626,FlashSAC,go2-walk,0,avg_success,25485312.0,0.0
5627,FlashSAC,go2-walk,0,avg_success,30482432.0,0.0
5628,FlashSAC,go2-walk,0,avg_success,35479552.0,0.0
5629,FlashSAC,go2-walk,0,avg_success,40476672.0,0.0
5630,FlashSAC,go2-walk,0,avg_success,45473792.0,0.0
5631,FlashSAC,go2-walk,0,avg_success,50000896.0,0.0
5632,FlashSAC,go2-walk,1000,avg_return,0.0,-0.1257854902211292
5633,FlashSAC,go2-walk,1000,avg_return,5496832.0,0.5674935306306175
5634,FlashSAC,go2-walk,1000,avg_return,10493952.0,1.0012534491770442
5635,FlashSAC,go2-walk,1000,avg_return,15491072.0,8.486229660409876
5636,FlashSAC,go2-walk,1000,avg_return,20488192.0,20.902376482430256
5637,FlashSAC,go2-walk,1000,avg_return,25485312.0,21.70663751334794
5638,FlashSAC,go2-walk,1000,avg_return,30482432.0,22.52984165983858
5639,FlashSAC,go2-walk,1000,avg_return,35479552.0,22.614234008618368
5640,FlashSAC,go2-walk,1000,avg_return,40476672.0,22.80637717716703
5641,FlashSAC,go2-walk,1000,avg_return,45473792.0,23.13228011639577
5642,FlashSAC,go2-walk,1000,avg_return,50000896.0,23.07539783883663
5643,FlashSAC,go2-walk,1000,avg_success,0.0,0.0
5644,FlashSAC,go2-walk,1000,avg_success,5496832.0,0.0
5645,FlashSAC,go2-walk,1000,avg_success,10493952.0,0.0
5646,FlashSAC,go2-walk,1000,avg_success,15491072.0,0.0
5647,FlashSAC,go2-walk,1000,avg_success,20488192.0,0.0
5648,FlashSAC,go2-walk,1000,avg_success,25485312.0,0.0
5649,FlashSAC,go2-walk,1000,avg_success,30482432.0,0.0
5650,FlashSAC,go2-walk,1000,avg_success,35479552.0,0.0
5651,FlashSAC,go2-walk,1000,avg_success,40476672.0,0.0
5652,FlashSAC,go2-walk,1000,avg_success,45473792.0,0.0
5653,FlashSAC,go2-walk,1000,avg_success,50000896.0,0.0
5654,FlashSAC,go2-walk,2000,avg_return,0.0,-0.647474837337433
5655,FlashSAC,go2-walk,2000,avg_return,5496832.0,0.5720012202752685
5656,FlashSAC,go2-walk,2000,avg_return,10493952.0,1.05281980876223
5657,FlashSAC,go2-walk,2000,avg_return,15491072.0,9.10700451757145
5658,FlashSAC,go2-walk,2000,avg_return,20488192.0,20.55950263327661
5659,FlashSAC,go2-walk,2000,avg_return,25485312.0,21.310011954637343
5660,FlashSAC,go2-walk,2000,avg_return,30482432.0,22.11151792377284
5661,FlashSAC,go2-walk,2000,avg_return,35479552.0,22.294017059921043
5662,FlashSAC,go2-walk,2000,avg_return,40476672.0,22.521350036072583
5663,FlashSAC,go2-walk,2000,avg_return,45473792.0,22.743001910538737
5664,FlashSAC,go2-walk,2000,avg_return,50000896.0,22.91347529940916
5665,FlashSAC,go2-walk,2000,avg_success,0.0,0.0
5666,FlashSAC,go2-walk,2000,avg_success,5496832.0,0.0
5667,FlashSAC,go2-walk,2000,avg_success,10493952.0,0.0
5668,FlashSAC,go2-walk,2000,avg_success,15491072.0,0.0
5669,FlashSAC,go2-walk,2000,avg_success,20488192.0,0.0
5670,FlashSAC,go2-walk,2000,avg_success,25485312.0,0.0
5671,FlashSAC,go2-walk,2000,avg_success,30482432.0,0.0
5672,FlashSAC,go2-walk,2000,avg_success,35479552.0,0.0
5673,FlashSAC,go2-walk,2000,avg_success,40476672.0,0.0
5674,FlashSAC,go2-walk,2000,avg_success,45473792.0,0.0
5675,FlashSAC,go2-walk,2000,avg_success,50000896.0,0.0
5676,FlashSAC,go2-walk,3000,avg_return,0.0,-0.7868220176241323
5677,FlashSAC,go2-walk,3000,avg_return,5496832.0,0.4100332199711909
5678,FlashSAC,go2-walk,3000,avg_return,10493952.0,0.8335720884476778
5679,FlashSAC,go2-walk,3000,avg_return,15491072.0,10.712142808677225
5680,FlashSAC,go2-walk,3000,avg_return,20488192.0,20.321362164587587
5681,FlashSAC,go2-walk,3000,avg_return,25485312.0,21.740472686389893
5682,FlashSAC,go2-walk,3000,avg_return,30482432.0,22.464598719879675
5683,FlashSAC,go2-walk,3000,avg_return,35479552.0,22.698393883295378
5684,FlashSAC,go2-walk,3000,avg_return,40476672.0,22.756290380363456
5685,FlashSAC,go2-walk,3000,avg_return,45473792.0,22.95811531456256
5686,FlashSAC,go2-walk,3000,avg_return,50000896.0,23.055577232408325
5687,FlashSAC,go2-walk,3000,avg_success,0.0,0.0
5688,FlashSAC,go2-walk,3000,avg_success,5496832.0,0.0
5689,FlashSAC,go2-walk,3000,avg_success,10493952.0,0.0
5690,FlashSAC,go2-walk,3000,avg_success,15491072.0,0.0
5691,FlashSAC,go2-walk,3000,avg_success,20488192.0,0.0
5692,FlashSAC,go2-walk,3000,avg_success,25485312.0,0.0
5693,FlashSAC,go2-walk,3000,avg_success,30482432.0,0.0
5694,FlashSAC,go2-walk,3000,avg_success,35479552.0,0.0
5695,FlashSAC,go2-walk,3000,avg_success,40476672.0,0.0
5696,FlashSAC,go2-walk,3000,avg_success,45473792.0,0.0
5697,FlashSAC,go2-walk,3000,avg_success,50000896.0,0.0
5698,FlashSAC,go2-walk,4000,avg_return,0.0,-0.7482539677097577
5699,FlashSAC,go2-walk,4000,avg_return,5496832.0,0.3347482016282317
5700,FlashSAC,go2-walk,4000,avg_return,10493952.0,0.7896014759094641
5701,FlashSAC,go2-walk,4000,avg_return,15491072.0,3.699874491539465
5702,FlashSAC,go2-walk,4000,avg_return,20488192.0,17.47713226622167
5703,FlashSAC,go2-walk,4000,avg_return,25485312.0,21.327250816311384
5704,FlashSAC,go2-walk,4000,avg_return,30482432.0,22.0432014937496
5705,FlashSAC,go2-walk,4000,avg_return,35479552.0,22.567469908379124
5706,FlashSAC,go2-walk,4000,avg_return,40476672.0,22.91566943808456
5707,FlashSAC,go2-walk,4000,avg_return,45473792.0,22.737944718978756
5708,FlashSAC,go2-walk,4000,avg_return,50000896.0,23.020458299101065
5709,FlashSAC,go2-walk,4000,avg_success,0.0,0.0
5710,FlashSAC,go2-walk,4000,avg_success,5496832.0,0.0
5711,FlashSAC,go2-walk,4000,avg_success,10493952.0,0.0
5712,FlashSAC,go2-walk,4000,avg_success,15491072.0,0.0
5713,FlashSAC,go2-walk,4000,avg_success,20488192.0,0.0
5714,FlashSAC,go2-walk,4000,avg_success,25485312.0,0.0
5715,FlashSAC,go2-walk,4000,avg_success,30482432.0,0.0
5716,FlashSAC,go2-walk,4000,avg_success,35479552.0,0.0
5717,FlashSAC,go2-walk,4000,avg_success,40476672.0,0.0
5718,FlashSAC,go2-walk,4000,avg_success,45473792.0,0.0
5719,FlashSAC,go2-walk,4000,avg_success,50000896.0,0.0
5720,FlashSAC,go2-walk_easy,0,avg_return,0.0,-0.0441540391184389
5721,FlashSAC,go2-walk_easy,0,avg_return,5496832.0,18.336197783006355
5722,FlashSAC,go2-walk_easy,0,avg_return,10493952.0,20.83315050881356
5723,FlashSAC,go2-walk_easy,0,avg_return,15491072.0,21.410350414458662
5724,FlashSAC,go2-walk_easy,0,avg_return,20488192.0,21.73258870234713
5725,FlashSAC,go2-walk_easy,0,avg_return,25485312.0,21.833653880748894
5726,FlashSAC,go2-walk_easy,0,avg_return,30482432.0,21.82889676000923
5727,FlashSAC,go2-walk_easy,0,avg_return,35479552.0,21.99430897878483
5728,FlashSAC,go2-walk_easy,0,avg_return,40476672.0,21.958978195209056
5729,FlashSAC,go2-walk_easy,0,avg_return,45473792.0,22.034212187863886
5730,FlashSAC,go2-walk_easy,0,avg_return,50000896.0,22.06496050348505
5731,FlashSAC,go2-walk_easy,0,avg_success,0.0,0.0
5732,FlashSAC,go2-walk_easy,0,avg_success,5496832.0,0.0
5733,FlashSAC,go2-walk_easy,0,avg_success,10493952.0,0.0
5734,FlashSAC,go2-walk_easy,0,avg_success,15491072.0,0.0
5735,FlashSAC,go2-walk_easy,0,avg_success,20488192.0,0.0
5736,FlashSAC,go2-walk_easy,0,avg_success,25485312.0,0.0
5737,FlashSAC,go2-walk_easy,0,avg_success,30482432.0,0.0
5738,FlashSAC,go2-walk_easy,0,avg_success,35479552.0,0.0
5739,FlashSAC,go2-walk_easy,0,avg_success,40476672.0,0.0
5740,FlashSAC,go2-walk_easy,0,avg_success,45473792.0,0.0
5741,FlashSAC,go2-walk_easy,0,avg_success,50000896.0,0.0
5742,FlashSAC,go2-walk_easy,1000,avg_return,0.0,-0.2912277467548847
5743,FlashSAC,go2-walk_easy,1000,avg_return,5496832.0,18.66208927007392
5744,FlashSAC,go2-walk_easy,1000,avg_return,10493952.0,20.9099310208112
5745,FlashSAC,go2-walk_easy,1000,avg_return,15491072.0,21.493325260467827
5746,FlashSAC,go2-walk_easy,1000,avg_return,20488192.0,21.869550982490185
5747,FlashSAC,go2-walk_easy,1000,avg_return,25485312.0,21.9035985940136
5748,FlashSAC,go2-walk_easy,1000,avg_return,30482432.0,21.977625226136297
5749,FlashSAC,go2-walk_easy,1000,avg_return,35479552.0,21.95238477597013
5750,FlashSAC,go2-walk_easy,1000,avg_return,40476672.0,21.92987988609821
5751,FlashSAC,go2-walk_easy,1000,avg_return,45473792.0,21.963651936501265
5752,FlashSAC,go2-walk_easy,1000,avg_return,50000896.0,22.054616461507976
5753,FlashSAC,go2-walk_easy,1000,avg_success,0.0,0.0
5754,FlashSAC,go2-walk_easy,1000,avg_success,5496832.0,0.0
5755,FlashSAC,go2-walk_easy,1000,avg_success,10493952.0,0.0
5756,FlashSAC,go2-walk_easy,1000,avg_success,15491072.0,0.0
5757,FlashSAC,go2-walk_easy,1000,avg_success,20488192.0,0.0
5758,FlashSAC,go2-walk_easy,1000,avg_success,25485312.0,0.0
5759,FlashSAC,go2-walk_easy,1000,avg_success,30482432.0,0.0
5760,FlashSAC,go2-walk_easy,1000,avg_success,35479552.0,0.0
5761,FlashSAC,go2-walk_easy,1000,avg_success,40476672.0,0.0
5762,FlashSAC,go2-walk_easy,1000,avg_success,45473792.0,0.0
5763,FlashSAC,go2-walk_easy,1000,avg_success,50000896.0,0.0
5764,FlashSAC,go2-walk_easy,2000,avg_return,0.0,-0.1454369211569428
5765,FlashSAC,go2-walk_easy,2000,avg_return,5496832.0,15.834995156154037
5766,FlashSAC,go2-walk_easy,2000,avg_return,10493952.0,20.877887334208932
5767,FlashSAC,go2-walk_easy,2000,avg_return,15491072.0,21.51522752735764
5768,FlashSAC,go2-walk_easy,2000,avg_return,20488192.0,21.69472707249224
5769,FlashSAC,go2-walk_easy,2000,avg_return,25485312.0,21.810772294178605
5770,FlashSAC,go2-walk_easy,2000,avg_return,30482432.0,21.922076425515115
5771,FlashSAC,go2-walk_easy,2000,avg_return,35479552.0,22.005623664008453
5772,FlashSAC,go2-walk_easy,2000,avg_return,40476672.0,22.00065832259133
5773,FlashSAC,go2-walk_easy,2000,avg_return,45473792.0,21.944292807020247
5774,FlashSAC,go2-walk_easy,2000,avg_return,50000896.0,21.986764999572188
5775,FlashSAC,go2-walk_easy,2000,avg_success,0.0,0.0
5776,FlashSAC,go2-walk_easy,2000,avg_success,5496832.0,0.0
5777,FlashSAC,go2-walk_easy,2000,avg_success,10493952.0,0.0
5778,FlashSAC,go2-walk_easy,2000,avg_success,15491072.0,0.0
5779,FlashSAC,go2-walk_easy,2000,avg_success,20488192.0,0.0
5780,FlashSAC,go2-walk_easy,2000,avg_success,25485312.0,0.0
5781,FlashSAC,go2-walk_easy,2000,avg_success,30482432.0,0.0
5782,FlashSAC,go2-walk_easy,2000,avg_success,35479552.0,0.0
5783,FlashSAC,go2-walk_easy,2000,avg_success,40476672.0,0.0
5784,FlashSAC,go2-walk_easy,2000,avg_success,45473792.0,0.0
5785,FlashSAC,go2-walk_easy,2000,avg_success,50000896.0,0.0
5786,FlashSAC,go2-walk_easy,3000,avg_return,0.0,-0.0727867851965129
5787,FlashSAC,go2-walk_easy,3000,avg_return,5496832.0,18.51129539124668
5788,FlashSAC,go2-walk_easy,3000,avg_return,10493952.0,21.014000260736797
5789,FlashSAC,go2-walk_easy,3000,avg_return,15491072.0,21.552174602169544
5790,FlashSAC,go2-walk_easy,3000,avg_return,20488192.0,21.71574754267931
5791,FlashSAC,go2-walk_easy,3000,avg_return,25485312.0,21.860073348972943
5792,FlashSAC,go2-walk_easy,3000,avg_return,30482432.0,21.789323911536485
5793,FlashSAC,go2-walk_easy,3000,avg_return,35479552.0,21.767042491119355
5794,FlashSAC,go2-walk_easy,3000,avg_return,40476672.0,21.954936389811337
5795,FlashSAC,go2-walk_easy,3000,avg_return,45473792.0,21.942744503729045
5796,FlashSAC,go2-walk_easy,3000,avg_return,50000896.0,21.891388815827668
5797,FlashSAC,go2-walk_easy,3000,avg_success,0.0,0.0
5798,FlashSAC,go2-walk_easy,3000,avg_success,5496832.0,0.0
5799,FlashSAC,go2-walk_easy,3000,avg_success,10493952.0,0.0
5800,FlashSAC,go2-walk_easy,3000,avg_success,15491072.0,0.0
5801,FlashSAC,go2-walk_easy,3000,avg_success,20488192.0,0.0
5802,FlashSAC,go2-walk_easy,3000,avg_success,25485312.0,0.0
5803,FlashSAC,go2-walk_easy,3000,avg_success,30482432.0,0.0
5804,FlashSAC,go2-walk_easy,3000,avg_success,35479552.0,0.0
5805,FlashSAC,go2-walk_easy,3000,avg_success,40476672.0,0.0
5806,FlashSAC,go2-walk_easy,3000,avg_success,45473792.0,0.0
5807,FlashSAC,go2-walk_easy,3000,avg_success,50000896.0,0.0
5808,FlashSAC,go2-walk_easy,4000,avg_return,0.0,-0.0815657600760459
5809,FlashSAC,go2-walk_easy,4000,avg_return,5496832.0,18.16272836062126
5810,FlashSAC,go2-walk_easy,4000,avg_return,10493952.0,20.891050094738603
5811,FlashSAC,go2-walk_easy,4000,avg_return,15491072.0,21.35646722256206
5812,FlashSAC,go2-walk_easy,4000,avg_return,20488192.0,21.672232875600457
5813,FlashSAC,go2-walk_easy,4000,avg_return,25485312.0,21.684869070071727
5814,FlashSAC,go2-walk_easy,4000,avg_return,30482432.0,21.78300713794306
5815,FlashSAC,go2-walk_easy,4000,avg_return,35479552.0,21.86098986817524
5816,FlashSAC,go2-walk_easy,4000,avg_return,40476672.0,21.88951279083267
5817,FlashSAC,go2-walk_easy,4000,avg_return,45473792.0,21.92363129928708
5818,FlashSAC,go2-walk_easy,4000,avg_return,50000896.0,21.95996038476005
5819,FlashSAC,go2-walk_easy,4000,avg_success,0.0,0.0
5820,FlashSAC,go2-walk_easy,4000,avg_success,5496832.0,0.0
5821,FlashSAC,go2-walk_easy,4000,avg_success,10493952.0,0.0
5822,FlashSAC,go2-walk_easy,4000,avg_success,15491072.0,0.0
5823,FlashSAC,go2-walk_easy,4000,avg_success,20488192.0,0.0
5824,FlashSAC,go2-walk_easy,4000,avg_success,25485312.0,0.0
5825,FlashSAC,go2-walk_easy,4000,avg_success,30482432.0,0.0
5826,FlashSAC,go2-walk_easy,4000,avg_success,35479552.0,0.0
5827,FlashSAC,go2-walk_easy,4000,avg_success,40476672.0,0.0
5828,FlashSAC,go2-walk_easy,4000,avg_success,45473792.0,0.0
5829,FlashSAC,go2-walk_easy,4000,avg_success,50000896.0,0.0
5830,FlashSAC,h1-balance_hard-v0,0,avg_return,0.0,10.302911717785795
5831,FlashSAC,h1-balance_hard-v0,0,avg_return,100000.0,53.97721008422402
5832,FlashSAC,h1-balance_hard-v0,0,avg_return,200000.0,69.60372487778109
5833,FlashSAC,h1-balance_hard-v0,0,avg_return,300000.0,98.90284363380611
5834,FlashSAC,h1-balance_hard-v0,0,avg_return,400000.0,106.45970139414533
5835,FlashSAC,h1-balance_hard-v0,0,avg_return,500000.0,105.03291414298204
5836,FlashSAC,h1-balance_hard-v0,0,avg_return,600000.0,119.6686737872792
5837,FlashSAC,h1-balance_hard-v0,0,avg_return,700000.0,123.2714829551805
5838,FlashSAC,h1-balance_hard-v0,0,avg_return,800000.0,157.39675322469105
5839,FlashSAC,h1-balance_hard-v0,0,avg_return,900000.0,174.0225328090513
5840,FlashSAC,h1-balance_hard-v0,0,avg_return,1000000.0,198.67098152688456
5841,FlashSAC,h1-balance_hard-v0,0,avg_success,0.0,0.0
5842,FlashSAC,h1-balance_hard-v0,0,avg_success,100000.0,0.0
5843,FlashSAC,h1-balance_hard-v0,0,avg_success,200000.0,0.0
5844,FlashSAC,h1-balance_hard-v0,0,avg_success,300000.0,0.0
5845,FlashSAC,h1-balance_hard-v0,0,avg_success,400000.0,0.0
5846,FlashSAC,h1-balance_hard-v0,0,avg_success,500000.0,0.0
5847,FlashSAC,h1-balance_hard-v0,0,avg_success,600000.0,0.0
5848,FlashSAC,h1-balance_hard-v0,0,avg_success,700000.0,0.0
5849,FlashSAC,h1-balance_hard-v0,0,avg_success,800000.0,0.0
5850,FlashSAC,h1-balance_hard-v0,0,avg_success,900000.0,0.0
5851,FlashSAC,h1-balance_hard-v0,0,avg_success,1000000.0,0.0
5852,FlashSAC,h1-balance_hard-v0,1000,avg_return,0.0,7.998121031073753
5853,FlashSAC,h1-balance_hard-v0,1000,avg_return,100000.0,47.73555405466238
5854,FlashSAC,h1-balance_hard-v0,1000,avg_return,200000.0,55.2137933514334
5855,FlashSAC,h1-balance_hard-v0,1000,avg_return,300000.0,65.24869093332883
5856,FlashSAC,h1-balance_hard-v0,1000,avg_return,400000.0,102.00016869941554
5857,FlashSAC,h1-balance_hard-v0,1000,avg_return,500000.0,124.87397499069294
5858,FlashSAC,h1-balance_hard-v0,1000,avg_return,600000.0,143.6474341056948
5859,FlashSAC,h1-balance_hard-v0,1000,avg_return,700000.0,136.2791516312043
5860,FlashSAC,h1-balance_hard-v0,1000,avg_return,800000.0,164.5848819708566
5861,FlashSAC,h1-balance_hard-v0,1000,avg_return,900000.0,218.83371871159255
5862,FlashSAC,h1-balance_hard-v0,1000,avg_return,1000000.0,208.0819224802323
5863,FlashSAC,h1-balance_hard-v0,1000,avg_success,0.0,0.0
5864,FlashSAC,h1-balance_hard-v0,1000,avg_success,100000.0,0.0
5865,FlashSAC,h1-balance_hard-v0,1000,avg_success,200000.0,0.0
5866,FlashSAC,h1-balance_hard-v0,1000,avg_success,300000.0,0.0
5867,FlashSAC,h1-balance_hard-v0,1000,avg_success,400000.0,0.0
5868,FlashSAC,h1-balance_hard-v0,1000,avg_success,500000.0,0.0
5869,FlashSAC,h1-balance_hard-v0,1000,avg_success,600000.0,0.0
5870,FlashSAC,h1-balance_hard-v0,1000,avg_success,700000.0,0.0
5871,FlashSAC,h1-balance_hard-v0,1000,avg_success,800000.0,0.0
5872,FlashSAC,h1-balance_hard-v0,1000,avg_success,900000.0,0.0
5873,FlashSAC,h1-balance_hard-v0,1000,avg_success,1000000.0,0.0
5874,FlashSAC,h1-balance_hard-v0,2000,avg_return,0.0,11.264516501304891
5875,FlashSAC,h1-balance_hard-v0,2000,avg_return,100000.0,49.70126470070952
5876,FlashSAC,h1-balance_hard-v0,2000,avg_return,200000.0,56.68461172800341
5877,FlashSAC,h1-balance_hard-v0,2000,avg_return,300000.0,75.64612570725735
5878,FlashSAC,h1-balance_hard-v0,2000,avg_return,400000.0,86.87867495618345
5879,FlashSAC,h1-balance_hard-v0,2000,avg_return,500000.0,92.6430840724213
5880,FlashSAC,h1-balance_hard-v0,2000,avg_return,600000.0,117.657406394349
5881,FlashSAC,h1-balance_hard-v0,2000,avg_return,700000.0,138.92122657228614
5882,FlashSAC,h1-balance_hard-v0,2000,avg_return,800000.0,185.477955452865
5883,FlashSAC,h1-balance_hard-v0,2000,avg_return,900000.0,225.70665731480884
5884,FlashSAC,h1-balance_hard-v0,2000,avg_return,1000000.0,245.14900601325408
5885,FlashSAC,h1-balance_hard-v0,2000,avg_success,0.0,0.0
5886,FlashSAC,h1-balance_hard-v0,2000,avg_success,100000.0,0.0
5887,FlashSAC,h1-balance_hard-v0,2000,avg_success,200000.0,0.0
5888,FlashSAC,h1-balance_hard-v0,2000,avg_success,300000.0,0.0
5889,FlashSAC,h1-balance_hard-v0,2000,avg_success,400000.0,0.0
5890,FlashSAC,h1-balance_hard-v0,2000,avg_success,500000.0,0.0
5891,FlashSAC,h1-balance_hard-v0,2000,avg_success,600000.0,0.0
5892,FlashSAC,h1-balance_hard-v0,2000,avg_success,700000.0,0.0
5893,FlashSAC,h1-balance_hard-v0,2000,avg_success,800000.0,0.0
5894,FlashSAC,h1-balance_hard-v0,2000,avg_success,900000.0,0.0
5895,FlashSAC,h1-balance_hard-v0,2000,avg_success,1000000.0,0.0
5896,FlashSAC,h1-balance_hard-v0,3000,avg_return,0.0,9.287407918107714
5897,FlashSAC,h1-balance_hard-v0,3000,avg_return,100000.0,49.08984072625904
5898,FlashSAC,h1-balance_hard-v0,3000,avg_return,200000.0,57.78029329365327
5899,FlashSAC,h1-balance_hard-v0,3000,avg_return,300000.0,72.73975050780513
5900,FlashSAC,h1-balance_hard-v0,3000,avg_return,400000.0,100.73508346702376
5901,FlashSAC,h1-balance_hard-v0,3000,avg_return,500000.0,122.46253737631356
5902,FlashSAC,h1-balance_hard-v0,3000,avg_return,600000.0,113.08821876376582
5903,FlashSAC,h1-balance_hard-v0,3000,avg_return,700000.0,149.6780783547759
5904,FlashSAC,h1-balance_hard-v0,3000,avg_return,800000.0,161.6432037638441
5905,FlashSAC,h1-balance_hard-v0,3000,avg_return,900000.0,225.63733566928084
5906,FlashSAC,h1-balance_hard-v0,3000,avg_return,1000000.0,305.0028298473394
5907,FlashSAC,h1-balance_hard-v0,3000,avg_success,0.0,0.0
5908,FlashSAC,h1-balance_hard-v0,3000,avg_success,100000.0,0.0
5909,FlashSAC,h1-balance_hard-v0,3000,avg_success,200000.0,0.0
5910,FlashSAC,h1-balance_hard-v0,3000,avg_success,300000.0,0.0
5911,FlashSAC,h1-balance_hard-v0,3000,avg_success,400000.0,0.0
5912,FlashSAC,h1-balance_hard-v0,3000,avg_success,500000.0,0.0
5913,FlashSAC,h1-balance_hard-v0,3000,avg_success,600000.0,0.0
5914,FlashSAC,h1-balance_hard-v0,3000,avg_success,700000.0,0.0
5915,FlashSAC,h1-balance_hard-v0,3000,avg_success,800000.0,0.0
5916,FlashSAC,h1-balance_hard-v0,3000,avg_success,900000.0,0.0
5917,FlashSAC,h1-balance_hard-v0,3000,avg_success,1000000.0,0.0
5918,FlashSAC,h1-balance_hard-v0,4000,avg_return,0.0,12.723940418183394
5919,FlashSAC,h1-balance_hard-v0,4000,avg_return,100000.0,47.529664238135226
5920,FlashSAC,h1-balance_hard-v0,4000,avg_return,200000.0,65.48444573330885
5921,FlashSAC,h1-balance_hard-v0,4000,avg_return,300000.0,83.02302896963502
5922,FlashSAC,h1-balance_hard-v0,4000,avg_return,400000.0,102.8297955853206
5923,FlashSAC,h1-balance_hard-v0,4000,avg_return,500000.0,120.58489732765892
5924,FlashSAC,h1-balance_hard-v0,4000,avg_return,600000.0,141.0516051356457
5925,FlashSAC,h1-balance_hard-v0,4000,avg_return,700000.0,140.82949946982973
5926,FlashSAC,h1-balance_hard-v0,4000,avg_return,800000.0,202.41875321017517
5927,FlashSAC,h1-balance_hard-v0,4000,avg_return,900000.0,222.9205841567852
5928,FlashSAC,h1-balance_hard-v0,4000,avg_return,1000000.0,205.83275233149584
5929,FlashSAC,h1-balance_hard-v0,4000,avg_success,0.0,0.0
5930,FlashSAC,h1-balance_hard-v0,4000,avg_success,100000.0,0.0
5931,FlashSAC,h1-balance_hard-v0,4000,avg_success,200000.0,0.0
5932,FlashSAC,h1-balance_hard-v0,4000,avg_success,300000.0,0.0
5933,FlashSAC,h1-balance_hard-v0,4000,avg_success,400000.0,0.0
5934,FlashSAC,h1-balance_hard-v0,4000,avg_success,500000.0,0.0
5935,FlashSAC,h1-balance_hard-v0,4000,avg_success,600000.0,0.0
5936,FlashSAC,h1-balance_hard-v0,4000,avg_success,700000.0,0.0
5937,FlashSAC,h1-balance_hard-v0,4000,avg_success,800000.0,0.0
5938,FlashSAC,h1-balance_hard-v0,4000,avg_success,900000.0,0.0
5939,FlashSAC,h1-balance_hard-v0,4000,avg_success,1000000.0,0.0
5940,FlashSAC,h1-balance_simple-v0,0,avg_return,0.0,13.806315215288253
5941,FlashSAC,h1-balance_simple-v0,0,avg_return,100000.0,113.45326274356024
5942,FlashSAC,h1-balance_simple-v0,0,avg_return,200000.0,198.04933517313088
5943,FlashSAC,h1-balance_simple-v0,0,avg_return,300000.0,296.6209616887193
5944,FlashSAC,h1-balance_simple-v0,0,avg_return,400000.0,454.4924125805017
5945,FlashSAC,h1-balance_simple-v0,0,avg_return,500000.0,826.4164523969697
5946,FlashSAC,h1-balance_simple-v0,0,avg_return,600000.0,612.8015005549936
5947,FlashSAC,h1-balance_simple-v0,0,avg_return,700000.0,704.3599210477925
5948,FlashSAC,h1-balance_simple-v0,0,avg_return,800000.0,677.8852446725766
5949,FlashSAC,h1-balance_simple-v0,0,avg_return,900000.0,699.1914248954081
5950,FlashSAC,h1-balance_simple-v0,0,avg_return,1000000.0,894.3784481639108
5951,FlashSAC,h1-balance_simple-v0,0,avg_success,0.0,0.0
5952,FlashSAC,h1-balance_simple-v0,0,avg_success,100000.0,0.0
5953,FlashSAC,h1-balance_simple-v0,0,avg_success,200000.0,0.0
5954,FlashSAC,h1-balance_simple-v0,0,avg_success,300000.0,0.0
5955,FlashSAC,h1-balance_simple-v0,0,avg_success,400000.0,0.0
5956,FlashSAC,h1-balance_simple-v0,0,avg_success,500000.0,0.0
5957,FlashSAC,h1-balance_simple-v0,0,avg_success,600000.0,0.0
5958,FlashSAC,h1-balance_simple-v0,0,avg_success,700000.0,0.0
5959,FlashSAC,h1-balance_simple-v0,0,avg_success,800000.0,0.0
5960,FlashSAC,h1-balance_simple-v0,0,avg_success,900000.0,0.0
5961,FlashSAC,h1-balance_simple-v0,0,avg_success,1000000.0,0.0
5962,FlashSAC,h1-balance_simple-v0,1000,avg_return,0.0,9.885166211511573
5963,FlashSAC,h1-balance_simple-v0,1000,avg_return,100000.0,111.41375949167724
5964,FlashSAC,h1-balance_simple-v0,1000,avg_return,200000.0,159.1040574722074
5965,FlashSAC,h1-balance_simple-v0,1000,avg_return,300000.0,409.3582603324125
5966,FlashSAC,h1-balance_simple-v0,1000,avg_return,400000.0,280.0251913457685
5967,FlashSAC,h1-balance_simple-v0,1000,avg_return,500000.0,533.458058588535
5968,FlashSAC,h1-balance_simple-v0,1000,avg_return,600000.0,848.7349414370184
5969,FlashSAC,h1-balance_simple-v0,1000,avg_return,700000.0,888.3011553885051
5970,FlashSAC,h1-balance_simple-v0,1000,avg_return,800000.0,810.2897717519113
5971,FlashSAC,h1-balance_simple-v0,1000,avg_return,900000.0,896.0389251356405
5972,FlashSAC,h1-balance_simple-v0,1000,avg_return,1000000.0,905.6310199661336
5973,FlashSAC,h1-balance_simple-v0,1000,avg_success,0.0,0.0
5974,FlashSAC,h1-balance_simple-v0,1000,avg_success,100000.0,0.0
5975,FlashSAC,h1-balance_simple-v0,1000,avg_success,200000.0,0.0
5976,FlashSAC,h1-balance_simple-v0,1000,avg_success,300000.0,0.0
5977,FlashSAC,h1-balance_simple-v0,1000,avg_success,400000.0,0.0
5978,FlashSAC,h1-balance_simple-v0,1000,avg_success,500000.0,0.0
5979,FlashSAC,h1-balance_simple-v0,1000,avg_success,600000.0,0.0
5980,FlashSAC,h1-balance_simple-v0,1000,avg_success,700000.0,0.0
5981,FlashSAC,h1-balance_simple-v0,1000,avg_success,800000.0,0.0
5982,FlashSAC,h1-balance_simple-v0,1000,avg_success,900000.0,0.0
5983,FlashSAC,h1-balance_simple-v0,1000,avg_success,1000000.0,0.0
5984,FlashSAC,h1-balance_simple-v0,2000,avg_return,0.0,9.40287214431825
5985,FlashSAC,h1-balance_simple-v0,2000,avg_return,100000.0,113.73499332399312
5986,FlashSAC,h1-balance_simple-v0,2000,avg_return,200000.0,234.4070502151461
5987,FlashSAC,h1-balance_simple-v0,2000,avg_return,300000.0,275.98301781726025
5988,FlashSAC,h1-balance_simple-v0,2000,avg_return,400000.0,401.6069860389183
5989,FlashSAC,h1-balance_simple-v0,2000,avg_return,500000.0,707.0768093726188
5990,FlashSAC,h1-balance_simple-v0,2000,avg_return,600000.0,673.7416392702814
5991,FlashSAC,h1-balance_simple-v0,2000,avg_return,700000.0,870.4342401259482
5992,FlashSAC,h1-balance_simple-v0,2000,avg_return,800000.0,815.3838324976408
5993,FlashSAC,h1-balance_simple-v0,2000,avg_return,900000.0,877.2424868264263
5994,FlashSAC,h1-balance_simple-v0,2000,avg_return,1000000.0,885.6921275826692
5995,FlashSAC,h1-balance_simple-v0,2000,avg_success,0.0,0.0
5996,FlashSAC,h1-balance_simple-v0,2000,avg_success,100000.0,0.0
5997,FlashSAC,h1-balance_simple-v0,2000,avg_success,200000.0,0.0
5998,FlashSAC,h1-balance_simple-v0,2000,avg_success,300000.0,0.0
5999,FlashSAC,h1-balance_simple-v0,2000,avg_success,400000.0,0.0
6000,FlashSAC,h1-balance_simple-v0,2000,avg_success,500000.0,0.0
6001,FlashSAC,h1-balance_simple-v0,2000,avg_success,600000.0,0.0
6002,FlashSAC,h1-balance_simple-v0,2000,avg_success,700000.0,0.0
6003,FlashSAC,h1-balance_simple-v0,2000,avg_success,800000.0,0.0
6004,FlashSAC,h1-balance_simple-v0,2000,avg_success,900000.0,0.0
6005,FlashSAC,h1-balance_simple-v0,2000,avg_success,1000000.0,0.0
6006,FlashSAC,h1-balance_simple-v0,3000,avg_return,0.0,11.054407607944324
6007,FlashSAC,h1-balance_simple-v0,3000,avg_return,100000.0,107.09827522596522
6008,FlashSAC,h1-balance_simple-v0,3000,avg_return,200000.0,162.1238946703707
6009,FlashSAC,h1-balance_simple-v0,3000,avg_return,300000.0,354.1953303674828
6010,FlashSAC,h1-balance_simple-v0,3000,avg_return,400000.0,755.7202939067049
6011,FlashSAC,h1-balance_simple-v0,3000,avg_return,500000.0,867.6215410139193
6012,FlashSAC,h1-balance_simple-v0,3000,avg_return,600000.0,821.7445528722424
6013,FlashSAC,h1-balance_simple-v0,3000,avg_return,700000.0,871.5525958214422
6014,FlashSAC,h1-balance_simple-v0,3000,avg_return,800000.0,873.037104175304
6015,FlashSAC,h1-balance_simple-v0,3000,avg_return,900000.0,882.0825491705269
6016,FlashSAC,h1-balance_simple-v0,3000,avg_return,1000000.0,885.7515149272566
6017,FlashSAC,h1-balance_simple-v0,3000,avg_success,0.0,0.0
6018,FlashSAC,h1-balance_simple-v0,3000,avg_success,100000.0,0.0
6019,FlashSAC,h1-balance_simple-v0,3000,avg_success,200000.0,0.0
6020,FlashSAC,h1-balance_simple-v0,3000,avg_success,300000.0,0.0
6021,FlashSAC,h1-balance_simple-v0,3000,avg_success,400000.0,0.0
6022,FlashSAC,h1-balance_simple-v0,3000,avg_success,500000.0,0.0
6023,FlashSAC,h1-balance_simple-v0,3000,avg_success,600000.0,0.0
6024,FlashSAC,h1-balance_simple-v0,3000,avg_success,700000.0,0.0
6025,FlashSAC,h1-balance_simple-v0,3000,avg_success,800000.0,0.0
6026,FlashSAC,h1-balance_simple-v0,3000,avg_success,900000.0,0.0
6027,FlashSAC,h1-balance_simple-v0,3000,avg_success,1000000.0,0.0
6028,FlashSAC,h1-balance_simple-v0,4000,avg_return,0.0,17.554305706090307
6029,FlashSAC,h1-balance_simple-v0,4000,avg_return,100000.0,97.77025153350374
6030,FlashSAC,h1-balance_simple-v0,4000,avg_return,200000.0,233.9488884621753
6031,FlashSAC,h1-balance_simple-v0,4000,avg_return,300000.0,395.2902757499116
6032,FlashSAC,h1-balance_simple-v0,4000,avg_return,400000.0,600.1732550579268
6033,FlashSAC,h1-balance_simple-v0,4000,avg_return,500000.0,589.4859015206783
6034,FlashSAC,h1-balance_simple-v0,4000,avg_return,600000.0,796.7715587671995
6035,FlashSAC,h1-balance_simple-v0,4000,avg_return,700000.0,797.1872792921415
6036,FlashSAC,h1-balance_simple-v0,4000,avg_return,800000.0,712.1186252721272
6037,FlashSAC,h1-balance_simple-v0,4000,avg_return,900000.0,771.8418190851422
6038,FlashSAC,h1-balance_simple-v0,4000,avg_return,1000000.0,849.1328549932628
6039,FlashSAC,h1-balance_simple-v0,4000,avg_success,0.0,0.0
6040,FlashSAC,h1-balance_simple-v0,4000,avg_success,100000.0,0.0
6041,FlashSAC,h1-balance_simple-v0,4000,avg_success,200000.0,0.0
6042,FlashSAC,h1-balance_simple-v0,4000,avg_success,300000.0,0.0
6043,FlashSAC,h1-balance_simple-v0,4000,avg_success,400000.0,0.0
6044,FlashSAC,h1-balance_simple-v0,4000,avg_success,500000.0,0.0
6045,FlashSAC,h1-balance_simple-v0,4000,avg_success,600000.0,0.0
6046,FlashSAC,h1-balance_simple-v0,4000,avg_success,700000.0,0.0
6047,FlashSAC,h1-balance_simple-v0,4000,avg_success,800000.0,0.0
6048,FlashSAC,h1-balance_simple-v0,4000,avg_success,900000.0,0.0
6049,FlashSAC,h1-balance_simple-v0,4000,avg_success,1000000.0,0.0
6050,FlashSAC,h1-crawl-v0,0,avg_return,0.0,153.67625191525806
6051,FlashSAC,h1-crawl-v0,0,avg_return,100000.0,316.07757664423275
6052,FlashSAC,h1-crawl-v0,0,avg_return,200000.0,595.2443487565602
6053,FlashSAC,h1-crawl-v0,0,avg_return,300000.0,776.7545214713178
6054,FlashSAC,h1-crawl-v0,0,avg_return,400000.0,960.435917011368
6055,FlashSAC,h1-crawl-v0,0,avg_return,500000.0,965.724309215196
6056,FlashSAC,h1-crawl-v0,0,avg_return,600000.0,972.1505679374218
6057,FlashSAC,h1-crawl-v0,0,avg_return,700000.0,974.8474923644602
6058,FlashSAC,h1-crawl-v0,0,avg_return,800000.0,976.0275397616356
6059,FlashSAC,h1-crawl-v0,0,avg_return,900000.0,976.3289373963352
6060,FlashSAC,h1-crawl-v0,0,avg_return,1000000.0,976.1071061224123
6061,FlashSAC,h1-crawl-v0,0,avg_success,0.0,0.0
6062,FlashSAC,h1-crawl-v0,0,avg_success,100000.0,0.0
6063,FlashSAC,h1-crawl-v0,0,avg_success,200000.0,0.0
6064,FlashSAC,h1-crawl-v0,0,avg_success,300000.0,0.0
6065,FlashSAC,h1-crawl-v0,0,avg_success,400000.0,0.0
6066,FlashSAC,h1-crawl-v0,0,avg_success,500000.0,0.0
6067,FlashSAC,h1-crawl-v0,0,avg_success,600000.0,0.0
6068,FlashSAC,h1-crawl-v0,0,avg_success,700000.0,0.0
6069,FlashSAC,h1-crawl-v0,0,avg_success,800000.0,0.0
6070,FlashSAC,h1-crawl-v0,0,avg_success,900000.0,0.0
6071,FlashSAC,h1-crawl-v0,0,avg_success,1000000.0,0.0
6072,FlashSAC,h1-crawl-v0,1000,avg_return,0.0,256.81681274666346
6073,FlashSAC,h1-crawl-v0,1000,avg_return,100000.0,287.0671560791236
6074,FlashSAC,h1-crawl-v0,1000,avg_return,200000.0,625.0896315937201
6075,FlashSAC,h1-crawl-v0,1000,avg_return,300000.0,795.6448099169861
6076,FlashSAC,h1-crawl-v0,1000,avg_return,400000.0,796.0364281222159
6077,FlashSAC,h1-crawl-v0,1000,avg_return,500000.0,917.5471508877685
6078,FlashSAC,h1-crawl-v0,1000,avg_return,600000.0,931.9533218838056
6079,FlashSAC,h1-crawl-v0,1000,avg_return,700000.0,953.1014501714974
6080,FlashSAC,h1-crawl-v0,1000,avg_return,800000.0,969.6839178886506
6081,FlashSAC,h1-crawl-v0,1000,avg_return,900000.0,972.1712905424732
6082,FlashSAC,h1-crawl-v0,1000,avg_return,1000000.0,972.8243432150988
6083,FlashSAC,h1-crawl-v0,1000,avg_success,0.0,0.0
6084,FlashSAC,h1-crawl-v0,1000,avg_success,100000.0,0.0
6085,FlashSAC,h1-crawl-v0,1000,avg_success,200000.0,0.0
6086,FlashSAC,h1-crawl-v0,1000,avg_success,300000.0,0.0
6087,FlashSAC,h1-crawl-v0,1000,avg_success,400000.0,0.0
6088,FlashSAC,h1-crawl-v0,1000,avg_success,500000.0,0.0
6089,FlashSAC,h1-crawl-v0,1000,avg_success,600000.0,0.0
6090,FlashSAC,h1-crawl-v0,1000,avg_success,700000.0,0.0
6091,FlashSAC,h1-crawl-v0,1000,avg_success,800000.0,0.0
6092,FlashSAC,h1-crawl-v0,1000,avg_success,900000.0,0.0
6093,FlashSAC,h1-crawl-v0,1000,avg_success,1000000.0,0.0
6094,FlashSAC,h1-crawl-v0,2000,avg_return,0.0,224.4829876353449
6095,FlashSAC,h1-crawl-v0,2000,avg_return,100000.0,475.2245832325357
6096,FlashSAC,h1-crawl-v0,2000,avg_return,200000.0,618.9015940481506
6097,FlashSAC,h1-crawl-v0,2000,avg_return,300000.0,806.5132242758161
6098,FlashSAC,h1-crawl-v0,2000,avg_return,400000.0,941.3514956564898
6099,FlashSAC,h1-crawl-v0,2000,avg_return,500000.0,959.5876864985512
6100,FlashSAC,h1-crawl-v0,2000,avg_return,600000.0,973.5208844639824
6101,FlashSAC,h1-crawl-v0,2000,avg_return,700000.0,974.3557037115949
6102,FlashSAC,h1-crawl-v0,2000,avg_return,800000.0,974.2776544864424
6103,FlashSAC,h1-crawl-v0,2000,avg_return,900000.0,975.7655964582638
6104,FlashSAC,h1-crawl-v0,2000,avg_return,1000000.0,976.4994525826085
6105,FlashSAC,h1-crawl-v0,2000,avg_success,0.0,0.0
6106,FlashSAC,h1-crawl-v0,2000,avg_success,100000.0,0.0
6107,FlashSAC,h1-crawl-v0,2000,avg_success,200000.0,0.0
6108,FlashSAC,h1-crawl-v0,2000,avg_success,300000.0,0.0
6109,FlashSAC,h1-crawl-v0,2000,avg_success,400000.0,0.0
6110,FlashSAC,h1-crawl-v0,2000,avg_success,500000.0,0.0
6111,FlashSAC,h1-crawl-v0,2000,avg_success,600000.0,0.0
6112,FlashSAC,h1-crawl-v0,2000,avg_success,700000.0,0.0
6113,FlashSAC,h1-crawl-v0,2000,avg_success,800000.0,0.0
6114,FlashSAC,h1-crawl-v0,2000,avg_success,900000.0,0.0
6115,FlashSAC,h1-crawl-v0,2000,avg_success,1000000.0,0.0
6116,FlashSAC,h1-crawl-v0,3000,avg_return,0.0,253.0013008034064
6117,FlashSAC,h1-crawl-v0,3000,avg_return,100000.0,523.8868229587094
6118,FlashSAC,h1-crawl-v0,3000,avg_return,200000.0,689.7222378875775
6119,FlashSAC,h1-crawl-v0,3000,avg_return,300000.0,823.9006852481949
6120,FlashSAC,h1-crawl-v0,3000,avg_return,400000.0,898.5110620606351
6121,FlashSAC,h1-crawl-v0,3000,avg_return,500000.0,951.2013531095058
6122,FlashSAC,h1-crawl-v0,3000,avg_return,600000.0,965.6795042295504
6123,FlashSAC,h1-crawl-v0,3000,avg_return,700000.0,973.4738355847676
6124,FlashSAC,h1-crawl-v0,3000,avg_return,800000.0,960.6820996678524
6125,FlashSAC,h1-crawl-v0,3000,avg_return,900000.0,975.4777164298996
6126,FlashSAC,h1-crawl-v0,3000,avg_return,1000000.0,975.8105463206334
6127,FlashSAC,h1-crawl-v0,3000,avg_success,0.0,0.0
6128,FlashSAC,h1-crawl-v0,3000,avg_success,100000.0,0.0
6129,FlashSAC,h1-crawl-v0,3000,avg_success,200000.0,0.0
6130,FlashSAC,h1-crawl-v0,3000,avg_success,300000.0,0.0
6131,FlashSAC,h1-crawl-v0,3000,avg_success,400000.0,0.0
6132,FlashSAC,h1-crawl-v0,3000,avg_success,500000.0,0.0
6133,FlashSAC,h1-crawl-v0,3000,avg_success,600000.0,0.0
6134,FlashSAC,h1-crawl-v0,3000,avg_success,700000.0,0.0
6135,FlashSAC,h1-crawl-v0,3000,avg_success,800000.0,0.0
6136,FlashSAC,h1-crawl-v0,3000,avg_success,900000.0,0.0
6137,FlashSAC,h1-crawl-v0,3000,avg_success,1000000.0,0.0
6138,FlashSAC,h1-crawl-v0,4000,avg_return,0.0,220.89272053127863
6139,FlashSAC,h1-crawl-v0,4000,avg_return,100000.0,391.8419931911528
6140,FlashSAC,h1-crawl-v0,4000,avg_return,200000.0,556.8704490083023
6141,FlashSAC,h1-crawl-v0,4000,avg_return,300000.0,795.0064923960376
6142,FlashSAC,h1-crawl-v0,4000,avg_return,400000.0,862.5220011027262
6143,FlashSAC,h1-crawl-v0,4000,avg_return,500000.0,939.382710997434
6144,FlashSAC,h1-crawl-v0,4000,avg_return,600000.0,949.4603870459476
6145,FlashSAC,h1-crawl-v0,4000,avg_return,700000.0,940.121462473847
6146,FlashSAC,h1-crawl-v0,4000,avg_return,800000.0,955.2244929074624
6147,FlashSAC,h1-crawl-v0,4000,avg_return,900000.0,957.99047462222
6148,FlashSAC,h1-crawl-v0,4000,avg_return,1000000.0,960.0019814515164
6149,FlashSAC,h1-crawl-v0,4000,avg_success,0.0,0.0
6150,FlashSAC,h1-crawl-v0,4000,avg_success,100000.0,0.0
6151,FlashSAC,h1-crawl-v0,4000,avg_success,200000.0,0.0
6152,FlashSAC,h1-crawl-v0,4000,avg_success,300000.0,0.0
6153,FlashSAC,h1-crawl-v0,4000,avg_success,400000.0,0.0
6154,FlashSAC,h1-crawl-v0,4000,avg_success,500000.0,0.0
6155,FlashSAC,h1-crawl-v0,4000,avg_success,600000.0,0.0
6156,FlashSAC,h1-crawl-v0,4000,avg_success,700000.0,0.0
6157,FlashSAC,h1-crawl-v0,4000,avg_success,800000.0,0.0
6158,FlashSAC,h1-crawl-v0,4000,avg_success,900000.0,0.0
6159,FlashSAC,h1-crawl-v0,4000,avg_success,1000000.0,0.0
6160,FlashSAC,h1-hurdle-v0,0,avg_return,0.0,2.725969758407565
6161,FlashSAC,h1-hurdle-v0,0,avg_return,100000.0,11.408910625277713
6162,FlashSAC,h1-hurdle-v0,0,avg_return,200000.0,33.75775627894663
6163,FlashSAC,h1-hurdle-v0,0,avg_return,300000.0,72.05494171504056
6164,FlashSAC,h1-hurdle-v0,0,avg_return,400000.0,73.39413013896825
6165,FlashSAC,h1-hurdle-v0,0,avg_return,500000.0,80.95128961461901
6166,FlashSAC,h1-hurdle-v0,0,avg_return,600000.0,86.9818756220231
6167,FlashSAC,h1-hurdle-v0,0,avg_return,700000.0,103.32993389533878
6168,FlashSAC,h1-hurdle-v0,0,avg_return,800000.0,122.38671312811704
6169,FlashSAC,h1-hurdle-v0,0,avg_return,900000.0,113.49393886952768
6170,FlashSAC,h1-hurdle-v0,0,avg_return,1000000.0,124.74140934557632
6171,FlashSAC,h1-hurdle-v0,0,avg_success,0.0,0.0
6172,FlashSAC,h1-hurdle-v0,0,avg_success,100000.0,0.0
6173,FlashSAC,h1-hurdle-v0,0,avg_success,200000.0,0.0
6174,FlashSAC,h1-hurdle-v0,0,avg_success,300000.0,0.0
6175,FlashSAC,h1-hurdle-v0,0,avg_success,400000.0,0.0
6176,FlashSAC,h1-hurdle-v0,0,avg_success,500000.0,0.0
6177,FlashSAC,h1-hurdle-v0,0,avg_success,600000.0,0.0
6178,FlashSAC,h1-hurdle-v0,0,avg_success,700000.0,0.0
6179,FlashSAC,h1-hurdle-v0,0,avg_success,800000.0,0.0
6180,FlashSAC,h1-hurdle-v0,0,avg_success,900000.0,0.0
6181,FlashSAC,h1-hurdle-v0,0,avg_success,1000000.0,0.0
6182,FlashSAC,h1-hurdle-v0,1000,avg_return,0.0,3.5247767929408123
6183,FlashSAC,h1-hurdle-v0,1000,avg_return,100000.0,17.522484963217643
6184,FlashSAC,h1-hurdle-v0,1000,avg_return,200000.0,32.837403083060195
6185,FlashSAC,h1-hurdle-v0,1000,avg_return,300000.0,53.43263315243656
6186,FlashSAC,h1-hurdle-v0,1000,avg_return,400000.0,78.63290881897223
6187,FlashSAC,h1-hurdle-v0,1000,avg_return,500000.0,80.61178287914667
6188,FlashSAC,h1-hurdle-v0,1000,avg_return,600000.0,91.78734899997704
6189,FlashSAC,h1-hurdle-v0,1000,avg_return,700000.0,81.10159862500923
6190,FlashSAC,h1-hurdle-v0,1000,avg_return,800000.0,109.6447135525796
6191,FlashSAC,h1-hurdle-v0,1000,avg_return,900000.0,126.12237989344672
6192,FlashSAC,h1-hurdle-v0,1000,avg_return,1000000.0,138.57103676314867
6193,FlashSAC,h1-hurdle-v0,1000,avg_success,0.0,0.0
6194,FlashSAC,h1-hurdle-v0,1000,avg_success,100000.0,0.0
6195,FlashSAC,h1-hurdle-v0,1000,avg_success,200000.0,0.0
6196,FlashSAC,h1-hurdle-v0,1000,avg_success,300000.0,0.0
6197,FlashSAC,h1-hurdle-v0,1000,avg_success,400000.0,0.0
6198,FlashSAC,h1-hurdle-v0,1000,avg_success,500000.0,0.0
6199,FlashSAC,h1-hurdle-v0,1000,avg_success,600000.0,0.0
6200,FlashSAC,h1-hurdle-v0,1000,avg_success,700000.0,0.0
6201,FlashSAC,h1-hurdle-v0,1000,avg_success,800000.0,0.0
6202,FlashSAC,h1-hurdle-v0,1000,avg_success,900000.0,0.0
6203,FlashSAC,h1-hurdle-v0,1000,avg_success,1000000.0,0.0
6204,FlashSAC,h1-hurdle-v0,2000,avg_return,0.0,4.177586965370739
6205,FlashSAC,h1-hurdle-v0,2000,avg_return,100000.0,15.374931655244689
6206,FlashSAC,h1-hurdle-v0,2000,avg_return,200000.0,30.15938108118745
6207,FlashSAC,h1-hurdle-v0,2000,avg_return,300000.0,53.61685958768797
6208,FlashSAC,h1-hurdle-v0,2000,avg_return,400000.0,69.17771699652002
6209,FlashSAC,h1-hurdle-v0,2000,avg_return,500000.0,75.13212785705207
6210,FlashSAC,h1-hurdle-v0,2000,avg_return,600000.0,77.58805684384907
6211,FlashSAC,h1-hurdle-v0,2000,avg_return,700000.0,82.32165732477229
6212,FlashSAC,h1-hurdle-v0,2000,avg_return,800000.0,80.040034506439
6213,FlashSAC,h1-hurdle-v0,2000,avg_return,900000.0,85.06749675093585
6214,FlashSAC,h1-hurdle-v0,2000,avg_return,1000000.0,98.72202432215649
6215,FlashSAC,h1-hurdle-v0,2000,avg_success,0.0,0.0
6216,FlashSAC,h1-hurdle-v0,2000,avg_success,100000.0,0.0
6217,FlashSAC,h1-hurdle-v0,2000,avg_success,200000.0,0.0
6218,FlashSAC,h1-hurdle-v0,2000,avg_success,300000.0,0.0
6219,FlashSAC,h1-hurdle-v0,2000,avg_success,400000.0,0.0
6220,FlashSAC,h1-hurdle-v0,2000,avg_success,500000.0,0.0
6221,FlashSAC,h1-hurdle-v0,2000,avg_success,600000.0,0.0
6222,FlashSAC,h1-hurdle-v0,2000,avg_success,700000.0,0.0
6223,FlashSAC,h1-hurdle-v0,2000,avg_success,800000.0,0.0
6224,FlashSAC,h1-hurdle-v0,2000,avg_success,900000.0,0.0
6225,FlashSAC,h1-hurdle-v0,2000,avg_success,1000000.0,0.0
6226,FlashSAC,h1-hurdle-v0,3000,avg_return,0.0,5.176652431250261
6227,FlashSAC,h1-hurdle-v0,3000,avg_return,100000.0,14.856478817647629
6228,FlashSAC,h1-hurdle-v0,3000,avg_return,200000.0,36.41665808077736
6229,FlashSAC,h1-hurdle-v0,3000,avg_return,300000.0,70.45890745937015
6230,FlashSAC,h1-hurdle-v0,3000,avg_return,400000.0,72.57864346480297
6231,FlashSAC,h1-hurdle-v0,3000,avg_return,500000.0,73.0284851107191
6232,FlashSAC,h1-hurdle-v0,3000,avg_return,600000.0,78.96957558562848
6233,FlashSAC,h1-hurdle-v0,3000,avg_return,700000.0,82.61167637108092
6234,FlashSAC,h1-hurdle-v0,3000,avg_return,800000.0,73.73696256245051
6235,FlashSAC,h1-hurdle-v0,3000,avg_return,900000.0,81.14188174318498
6236,FlashSAC,h1-hurdle-v0,3000,avg_return,1000000.0,90.57448699039564
6237,FlashSAC,h1-hurdle-v0,3000,avg_success,0.0,0.0
6238,FlashSAC,h1-hurdle-v0,3000,avg_success,100000.0,0.0
6239,FlashSAC,h1-hurdle-v0,3000,avg_success,200000.0,0.0
6240,FlashSAC,h1-hurdle-v0,3000,avg_success,300000.0,0.0
6241,FlashSAC,h1-hurdle-v0,3000,avg_success,400000.0,0.0
6242,FlashSAC,h1-hurdle-v0,3000,avg_success,500000.0,0.0
6243,FlashSAC,h1-hurdle-v0,3000,avg_success,600000.0,0.0
6244,FlashSAC,h1-hurdle-v0,3000,avg_success,700000.0,0.0
6245,FlashSAC,h1-hurdle-v0,3000,avg_success,800000.0,0.0
6246,FlashSAC,h1-hurdle-v0,3000,avg_success,900000.0,0.0
6247,FlashSAC,h1-hurdle-v0,3000,avg_success,1000000.0,0.0
6248,FlashSAC,h1-hurdle-v0,4000,avg_return,0.0,3.10243949167152
6249,FlashSAC,h1-hurdle-v0,4000,avg_return,100000.0,18.51001987230738
6250,FlashSAC,h1-hurdle-v0,4000,avg_return,200000.0,23.65426031517463
6251,FlashSAC,h1-hurdle-v0,4000,avg_return,300000.0,49.263582818220726
6252,FlashSAC,h1-hurdle-v0,4000,avg_return,400000.0,60.19398687904399
6253,FlashSAC,h1-hurdle-v0,4000,avg_return,500000.0,72.13973684169939
6254,FlashSAC,h1-hurdle-v0,4000,avg_return,600000.0,73.33031408606327
6255,FlashSAC,h1-hurdle-v0,4000,avg_return,700000.0,81.03398187625584
6256,FlashSAC,h1-hurdle-v0,4000,avg_return,800000.0,82.48132499281357
6257,FlashSAC,h1-hurdle-v0,4000,avg_return,900000.0,80.61942618407402
6258,FlashSAC,h1-hurdle-v0,4000,avg_return,1000000.0,83.60817154206586
6259,FlashSAC,h1-hurdle-v0,4000,avg_success,0.0,0.0
6260,FlashSAC,h1-hurdle-v0,4000,avg_success,100000.0,0.0
6261,FlashSAC,h1-hurdle-v0,4000,avg_success,200000.0,0.0
6262,FlashSAC,h1-hurdle-v0,4000,avg_success,300000.0,0.0
6263,FlashSAC,h1-hurdle-v0,4000,avg_success,400000.0,0.0
6264,FlashSAC,h1-hurdle-v0,4000,avg_success,500000.0,0.0
6265,FlashSAC,h1-hurdle-v0,4000,avg_success,600000.0,0.0
6266,FlashSAC,h1-hurdle-v0,4000,avg_success,700000.0,0.0
6267,FlashSAC,h1-hurdle-v0,4000,avg_success,800000.0,0.0
6268,FlashSAC,h1-hurdle-v0,4000,avg_success,900000.0,0.0
6269,FlashSAC,h1-hurdle-v0,4000,avg_success,1000000.0,0.0
6270,FlashSAC,h1-maze-v0,0,avg_return,0.0,106.43686290300776
6271,FlashSAC,h1-maze-v0,0,avg_return,100000.0,172.1665249053814
6272,FlashSAC,h1-maze-v0,0,avg_return,200000.0,303.898715803689
6273,FlashSAC,h1-maze-v0,0,avg_return,300000.0,162.15349630257523
6274,FlashSAC,h1-maze-v0,0,avg_return,400000.0,314.8703329308962
6275,FlashSAC,h1-maze-v0,0,avg_return,500000.0,328.400523050239
6276,FlashSAC,h1-maze-v0,0,avg_return,600000.0,344.48565941349244
6277,FlashSAC,h1-maze-v0,0,avg_return,700000.0,330.86371164705287
6278,FlashSAC,h1-maze-v0,0,avg_return,800000.0,357.2848819593669
6279,FlashSAC,h1-maze-v0,0,avg_return,900000.0,359.67133121145
6280,FlashSAC,h1-maze-v0,0,avg_return,1000000.0,364.8154885533572
6281,FlashSAC,h1-maze-v0,0,avg_success,0.0,0.0
6282,FlashSAC,h1-maze-v0,0,avg_success,100000.0,0.0
6283,FlashSAC,h1-maze-v0,0,avg_success,200000.0,0.0
6284,FlashSAC,h1-maze-v0,0,avg_success,300000.0,0.0
6285,FlashSAC,h1-maze-v0,0,avg_success,400000.0,0.0
6286,FlashSAC,h1-maze-v0,0,avg_success,500000.0,0.0
6287,FlashSAC,h1-maze-v0,0,avg_success,600000.0,0.0
6288,FlashSAC,h1-maze-v0,0,avg_success,700000.0,0.0
6289,FlashSAC,h1-maze-v0,0,avg_success,800000.0,0.0
6290,FlashSAC,h1-maze-v0,0,avg_success,900000.0,0.0
6291,FlashSAC,h1-maze-v0,0,avg_success,1000000.0,0.0
6292,FlashSAC,h1-maze-v0,1000,avg_return,0.0,107.55212896282008
6293,FlashSAC,h1-maze-v0,1000,avg_return,100000.0,133.8501295023643
6294,FlashSAC,h1-maze-v0,1000,avg_return,200000.0,137.9405623111255
6295,FlashSAC,h1-maze-v0,1000,avg_return,300000.0,153.5322433975979
6296,FlashSAC,h1-maze-v0,1000,avg_return,400000.0,297.28243549370086
6297,FlashSAC,h1-maze-v0,1000,avg_return,500000.0,267.4878869661144
6298,FlashSAC,h1-maze-v0,1000,avg_return,600000.0,354.32979486376644
6299,FlashSAC,h1-maze-v0,1000,avg_return,700000.0,351.7291459042943
6300,FlashSAC,h1-maze-v0,1000,avg_return,800000.0,317.7290271007734
6301,FlashSAC,h1-maze-v0,1000,avg_return,900000.0,327.2779657895139
6302,FlashSAC,h1-maze-v0,1000,avg_return,1000000.0,356.0259651161255
6303,FlashSAC,h1-maze-v0,1000,avg_success,0.0,0.0
6304,FlashSAC,h1-maze-v0,1000,avg_success,100000.0,0.0
6305,FlashSAC,h1-maze-v0,1000,avg_success,200000.0,0.0
6306,FlashSAC,h1-maze-v0,1000,avg_success,300000.0,0.0
6307,FlashSAC,h1-maze-v0,1000,avg_success,400000.0,0.0
6308,FlashSAC,h1-maze-v0,1000,avg_success,500000.0,0.0
6309,FlashSAC,h1-maze-v0,1000,avg_success,600000.0,0.0
6310,FlashSAC,h1-maze-v0,1000,avg_success,700000.0,0.0
6311,FlashSAC,h1-maze-v0,1000,avg_success,800000.0,0.0
6312,FlashSAC,h1-maze-v0,1000,avg_success,900000.0,0.0
6313,FlashSAC,h1-maze-v0,1000,avg_success,1000000.0,0.0
6314,FlashSAC,h1-maze-v0,2000,avg_return,0.0,110.9527152899912
6315,FlashSAC,h1-maze-v0,2000,avg_return,100000.0,332.72831588378955
6316,FlashSAC,h1-maze-v0,2000,avg_return,200000.0,180.19097031677825
6317,FlashSAC,h1-maze-v0,2000,avg_return,300000.0,168.0227275223845
6318,FlashSAC,h1-maze-v0,2000,avg_return,400000.0,253.63884629429057
6319,FlashSAC,h1-maze-v0,2000,avg_return,500000.0,311.0323049435539
6320,FlashSAC,h1-maze-v0,2000,avg_return,600000.0,359.9347810161535
6321,FlashSAC,h1-maze-v0,2000,avg_return,700000.0,339.74197562411314
6322,FlashSAC,h1-maze-v0,2000,avg_return,800000.0,339.37567228414474
6323,FlashSAC,h1-maze-v0,2000,avg_return,900000.0,332.77338068594975
6324,FlashSAC,h1-maze-v0,2000,avg_return,1000000.0,325.70493718597044
6325,FlashSAC,h1-maze-v0,2000,avg_success,0.0,0.0
6326,FlashSAC,h1-maze-v0,2000,avg_success,100000.0,0.0
6327,FlashSAC,h1-maze-v0,2000,avg_success,200000.0,0.0
6328,FlashSAC,h1-maze-v0,2000,avg_success,300000.0,0.0
6329,FlashSAC,h1-maze-v0,2000,avg_success,400000.0,0.0
6330,FlashSAC,h1-maze-v0,2000,avg_success,500000.0,0.0
6331,FlashSAC,h1-maze-v0,2000,avg_success,600000.0,0.0
6332,FlashSAC,h1-maze-v0,2000,avg_success,700000.0,0.0
6333,FlashSAC,h1-maze-v0,2000,avg_success,800000.0,0.0
6334,FlashSAC,h1-maze-v0,2000,avg_success,900000.0,0.0
6335,FlashSAC,h1-maze-v0,2000,avg_success,1000000.0,0.0
6336,FlashSAC,h1-maze-v0,3000,avg_return,0.0,109.2448808198974
6337,FlashSAC,h1-maze-v0,3000,avg_return,100000.0,332.28602803902453
6338,FlashSAC,h1-maze-v0,3000,avg_return,200000.0,310.7609029827382
6339,FlashSAC,h1-maze-v0,3000,avg_return,300000.0,259.2684732229657
6340,FlashSAC,h1-maze-v0,3000,avg_return,400000.0,271.14327745170874
6341,FlashSAC,h1-maze-v0,3000,avg_return,500000.0,343.3929446537558
6342,FlashSAC,h1-maze-v0,3000,avg_return,600000.0,361.7417228760144
6343,FlashSAC,h1-maze-v0,3000,avg_return,700000.0,352.74122624971403
6344,FlashSAC,h1-maze-v0,3000,avg_return,800000.0,355.784265714546
6345,FlashSAC,h1-maze-v0,3000,avg_return,900000.0,343.86416389400785
6346,FlashSAC,h1-maze-v0,3000,avg_return,1000000.0,372.4657232506376
6347,FlashSAC,h1-maze-v0,3000,avg_success,0.0,0.0
6348,FlashSAC,h1-maze-v0,3000,avg_success,100000.0,0.0
6349,FlashSAC,h1-maze-v0,3000,avg_success,200000.0,0.0
6350,FlashSAC,h1-maze-v0,3000,avg_success,300000.0,0.0
6351,FlashSAC,h1-maze-v0,3000,avg_success,400000.0,0.0
6352,FlashSAC,h1-maze-v0,3000,avg_success,500000.0,0.0
6353,FlashSAC,h1-maze-v0,3000,avg_success,600000.0,0.0
6354,FlashSAC,h1-maze-v0,3000,avg_success,700000.0,0.0
6355,FlashSAC,h1-maze-v0,3000,avg_success,800000.0,0.0
6356,FlashSAC,h1-maze-v0,3000,avg_success,900000.0,0.0
6357,FlashSAC,h1-maze-v0,3000,avg_success,1000000.0,0.0
6358,FlashSAC,h1-maze-v0,4000,avg_return,0.0,109.01882172535936
6359,FlashSAC,h1-maze-v0,4000,avg_return,100000.0,262.4518849803014
6360,FlashSAC,h1-maze-v0,4000,avg_return,200000.0,176.0020140951458
6361,FlashSAC,h1-maze-v0,4000,avg_return,300000.0,169.33626439704466
6362,FlashSAC,h1-maze-v0,4000,avg_return,400000.0,227.76290285303864
6363,FlashSAC,h1-maze-v0,4000,avg_return,500000.0,321.05765450823753
6364,FlashSAC,h1-maze-v0,4000,avg_return,600000.0,356.9020990866944
6365,FlashSAC,h1-maze-v0,4000,avg_return,700000.0,353.1335853507805
6366,FlashSAC,h1-maze-v0,4000,avg_return,800000.0,366.7314716236826
6367,FlashSAC,h1-maze-v0,4000,avg_return,900000.0,357.2757722098246
6368,FlashSAC,h1-maze-v0,4000,avg_return,1000000.0,370.1440954098897
6369,FlashSAC,h1-maze-v0,4000,avg_success,0.0,0.0
6370,FlashSAC,h1-maze-v0,4000,avg_success,100000.0,0.0
6371,FlashSAC,h1-maze-v0,4000,avg_success,200000.0,0.0
6372,FlashSAC,h1-maze-v0,4000,avg_success,300000.0,0.0
6373,FlashSAC,h1-maze-v0,4000,avg_success,400000.0,0.0
6374,FlashSAC,h1-maze-v0,4000,avg_success,500000.0,0.0
6375,FlashSAC,h1-maze-v0,4000,avg_success,600000.0,0.0
6376,FlashSAC,h1-maze-v0,4000,avg_success,700000.0,0.0
6377,FlashSAC,h1-maze-v0,4000,avg_success,800000.0,0.0
6378,FlashSAC,h1-maze-v0,4000,avg_success,900000.0,0.0
6379,FlashSAC,h1-maze-v0,4000,avg_success,1000000.0,0.0
6380,FlashSAC,h1-pole-v0,0,avg_return,0.0,18.91877887841918
6381,FlashSAC,h1-pole-v0,0,avg_return,100000.0,79.44705705790555
6382,FlashSAC,h1-pole-v0,0,avg_return,200000.0,153.62083038154532
6383,FlashSAC,h1-pole-v0,0,avg_return,300000.0,260.5193965727131
6384,FlashSAC,h1-pole-v0,0,avg_return,400000.0,620.0755935018248
6385,FlashSAC,h1-pole-v0,0,avg_return,500000.0,753.7345869131564
6386,FlashSAC,h1-pole-v0,0,avg_return,600000.0,546.9721270977005
6387,FlashSAC,h1-pole-v0,0,avg_return,700000.0,763.7299154318581
6388,FlashSAC,h1-pole-v0,0,avg_return,800000.0,904.8656752184808
6389,FlashSAC,h1-pole-v0,0,avg_return,900000.0,936.8195217896572
6390,FlashSAC,h1-pole-v0,0,avg_return,1000000.0,938.0654462235603
6391,FlashSAC,h1-pole-v0,0,avg_success,0.0,0.0
6392,FlashSAC,h1-pole-v0,0,avg_success,100000.0,0.0
6393,FlashSAC,h1-pole-v0,0,avg_success,200000.0,0.0
6394,FlashSAC,h1-pole-v0,0,avg_success,300000.0,0.0
6395,FlashSAC,h1-pole-v0,0,avg_success,400000.0,0.0
6396,FlashSAC,h1-pole-v0,0,avg_success,500000.0,0.0
6397,FlashSAC,h1-pole-v0,0,avg_success,600000.0,0.0
6398,FlashSAC,h1-pole-v0,0,avg_success,700000.0,0.0
6399,FlashSAC,h1-pole-v0,0,avg_success,800000.0,0.0
6400,FlashSAC,h1-pole-v0,0,avg_success,900000.0,0.0
6401,FlashSAC,h1-pole-v0,0,avg_success,1000000.0,0.0
6402,FlashSAC,h1-pole-v0,1000,avg_return,0.0,21.8559059367512
6403,FlashSAC,h1-pole-v0,1000,avg_return,100000.0,99.19153862675488
6404,FlashSAC,h1-pole-v0,1000,avg_return,200000.0,219.40815158071825
6405,FlashSAC,h1-pole-v0,1000,avg_return,300000.0,323.7583596184748
6406,FlashSAC,h1-pole-v0,1000,avg_return,400000.0,308.76611714414355
6407,FlashSAC,h1-pole-v0,1000,avg_return,500000.0,704.6989251520181
6408,FlashSAC,h1-pole-v0,1000,avg_return,600000.0,814.7303126815282
6409,FlashSAC,h1-pole-v0,1000,avg_return,700000.0,535.3785770111925
6410,FlashSAC,h1-pole-v0,1000,avg_return,800000.0,633.7144546820214
6411,FlashSAC,h1-pole-v0,1000,avg_return,900000.0,595.7951483119336
6412,FlashSAC,h1-pole-v0,1000,avg_return,1000000.0,912.6594564954952
6413,FlashSAC,h1-pole-v0,1000,avg_success,0.0,0.0
6414,FlashSAC,h1-pole-v0,1000,avg_success,100000.0,0.0
6415,FlashSAC,h1-pole-v0,1000,avg_success,200000.0,0.0
6416,FlashSAC,h1-pole-v0,1000,avg_success,300000.0,0.0
6417,FlashSAC,h1-pole-v0,1000,avg_success,400000.0,0.0
6418,FlashSAC,h1-pole-v0,1000,avg_success,500000.0,0.0
6419,FlashSAC,h1-pole-v0,1000,avg_success,600000.0,0.0
6420,FlashSAC,h1-pole-v0,1000,avg_success,700000.0,0.0
6421,FlashSAC,h1-pole-v0,1000,avg_success,800000.0,0.0
6422,FlashSAC,h1-pole-v0,1000,avg_success,900000.0,0.0
6423,FlashSAC,h1-pole-v0,1000,avg_success,1000000.0,0.0
6424,FlashSAC,h1-pole-v0,2000,avg_return,0.0,22.272951670848624
6425,FlashSAC,h1-pole-v0,2000,avg_return,100000.0,88.5413019780547
6426,FlashSAC,h1-pole-v0,2000,avg_return,200000.0,179.9388726638656
6427,FlashSAC,h1-pole-v0,2000,avg_return,300000.0,410.28914815291495
6428,FlashSAC,h1-pole-v0,2000,avg_return,400000.0,446.4713835791522
6429,FlashSAC,h1-pole-v0,2000,avg_return,500000.0,731.8219427481707
6430,FlashSAC,h1-pole-v0,2000,avg_return,600000.0,777.2356764399195
6431,FlashSAC,h1-pole-v0,2000,avg_return,700000.0,804.2736852084226
6432,FlashSAC,h1-pole-v0,2000,avg_return,800000.0,822.145990654044
6433,FlashSAC,h1-pole-v0,2000,avg_return,900000.0,812.1386618927359
6434,FlashSAC,h1-pole-v0,2000,avg_return,1000000.0,820.4931096877152
6435,FlashSAC,h1-pole-v0,2000,avg_success,0.0,0.0
6436,FlashSAC,h1-pole-v0,2000,avg_success,100000.0,0.0
6437,FlashSAC,h1-pole-v0,2000,avg_success,200000.0,0.0
6438,FlashSAC,h1-pole-v0,2000,avg_success,300000.0,0.0
6439,FlashSAC,h1-pole-v0,2000,avg_success,400000.0,0.0
6440,FlashSAC,h1-pole-v0,2000,avg_success,500000.0,0.0
6441,FlashSAC,h1-pole-v0,2000,avg_success,600000.0,0.0
6442,FlashSAC,h1-pole-v0,2000,avg_success,700000.0,0.0
6443,FlashSAC,h1-pole-v0,2000,avg_success,800000.0,0.0
6444,FlashSAC,h1-pole-v0,2000,avg_success,900000.0,0.0
6445,FlashSAC,h1-pole-v0,2000,avg_success,1000000.0,0.0
6446,FlashSAC,h1-pole-v0,3000,avg_return,0.0,29.69560220473787
6447,FlashSAC,h1-pole-v0,3000,avg_return,100000.0,83.42152605413196
6448,FlashSAC,h1-pole-v0,3000,avg_return,200000.0,236.9468701694089
6449,FlashSAC,h1-pole-v0,3000,avg_return,300000.0,376.8125690535291
6450,FlashSAC,h1-pole-v0,3000,avg_return,400000.0,495.042611120561
6451,FlashSAC,h1-pole-v0,3000,avg_return,500000.0,503.2159273665911
6452,FlashSAC,h1-pole-v0,3000,avg_return,600000.0,519.2780262724036
6453,FlashSAC,h1-pole-v0,3000,avg_return,700000.0,837.572569036217
6454,FlashSAC,h1-pole-v0,3000,avg_return,800000.0,920.964979997098
6455,FlashSAC,h1-pole-v0,3000,avg_return,900000.0,933.0630087608022
6456,FlashSAC,h1-pole-v0,3000,avg_return,1000000.0,934.2358569006155
6457,FlashSAC,h1-pole-v0,3000,avg_success,0.0,0.0
6458,FlashSAC,h1-pole-v0,3000,avg_success,100000.0,0.0
6459,FlashSAC,h1-pole-v0,3000,avg_success,200000.0,0.0
6460,FlashSAC,h1-pole-v0,3000,avg_success,300000.0,0.0
6461,FlashSAC,h1-pole-v0,3000,avg_success,400000.0,0.0
6462,FlashSAC,h1-pole-v0,3000,avg_success,500000.0,0.0
6463,FlashSAC,h1-pole-v0,3000,avg_success,600000.0,0.0
6464,FlashSAC,h1-pole-v0,3000,avg_success,700000.0,0.0
6465,FlashSAC,h1-pole-v0,3000,avg_success,800000.0,0.0
6466,FlashSAC,h1-pole-v0,3000,avg_success,900000.0,0.0
6467,FlashSAC,h1-pole-v0,3000,avg_success,1000000.0,0.0
6468,FlashSAC,h1-pole-v0,4000,avg_return,0.0,23.68914941105903
6469,FlashSAC,h1-pole-v0,4000,avg_return,100000.0,71.60338848949635
6470,FlashSAC,h1-pole-v0,4000,avg_return,200000.0,125.01702563936271
6471,FlashSAC,h1-pole-v0,4000,avg_return,300000.0,284.71091185432147
6472,FlashSAC,h1-pole-v0,4000,avg_return,400000.0,299.6805095685844
6473,FlashSAC,h1-pole-v0,4000,avg_return,500000.0,681.4584992596729
6474,FlashSAC,h1-pole-v0,4000,avg_return,600000.0,762.0186674407788
6475,FlashSAC,h1-pole-v0,4000,avg_return,700000.0,718.1006987485189
6476,FlashSAC,h1-pole-v0,4000,avg_return,800000.0,803.9604613894448
6477,FlashSAC,h1-pole-v0,4000,avg_return,900000.0,737.4069574874252
6478,FlashSAC,h1-pole-v0,4000,avg_return,1000000.0,702.1353932618232
6479,FlashSAC,h1-pole-v0,4000,avg_success,0.0,0.0
6480,FlashSAC,h1-pole-v0,4000,avg_success,100000.0,0.0
6481,FlashSAC,h1-pole-v0,4000,avg_success,200000.0,0.0
6482,FlashSAC,h1-pole-v0,4000,avg_success,300000.0,0.0
6483,FlashSAC,h1-pole-v0,4000,avg_success,400000.0,0.0
6484,FlashSAC,h1-pole-v0,4000,avg_success,500000.0,0.0
6485,FlashSAC,h1-pole-v0,4000,avg_success,600000.0,0.0
6486,FlashSAC,h1-pole-v0,4000,avg_success,700000.0,0.0
6487,FlashSAC,h1-pole-v0,4000,avg_success,800000.0,0.0
6488,FlashSAC,h1-pole-v0,4000,avg_success,900000.0,0.0
6489,FlashSAC,h1-pole-v0,4000,avg_success,1000000.0,0.0
6490,FlashSAC,h1-reach-v0,0,avg_return,0.0,185.1301249395796
6491,FlashSAC,h1-reach-v0,0,avg_return,100000.0,1999.8589055507152
6492,FlashSAC,h1-reach-v0,0,avg_return,200000.0,2709.5666256128484
6493,FlashSAC,h1-reach-v0,0,avg_return,300000.0,3025.9580371068123
6494,FlashSAC,h1-reach-v0,0,avg_return,400000.0,2990.884630057388
6495,FlashSAC,h1-reach-v0,0,avg_return,500000.0,2520.218149094338
6496,FlashSAC,h1-reach-v0,0,avg_return,600000.0,2848.608586732542
6497,FlashSAC,h1-reach-v0,0,avg_return,700000.0,3411.5888255510613
6498,FlashSAC,h1-reach-v0,0,avg_return,800000.0,4122.648907453742
6499,FlashSAC,h1-reach-v0,0,avg_return,900000.0,5260.414553396129
6500,FlashSAC,h1-reach-v0,0,avg_return,1000000.0,4478.353642239388
6501,FlashSAC,h1-reach-v0,0,avg_success,0.0,0.0
6502,FlashSAC,h1-reach-v0,0,avg_success,100000.0,0.0
6503,FlashSAC,h1-reach-v0,0,avg_success,200000.0,0.0
6504,FlashSAC,h1-reach-v0,0,avg_success,300000.0,0.0
6505,FlashSAC,h1-reach-v0,0,avg_success,400000.0,0.0
6506,FlashSAC,h1-reach-v0,0,avg_success,500000.0,0.0
6507,FlashSAC,h1-reach-v0,0,avg_success,600000.0,0.0
6508,FlashSAC,h1-reach-v0,0,avg_success,700000.0,0.0
6509,FlashSAC,h1-reach-v0,0,avg_success,800000.0,0.0
6510,FlashSAC,h1-reach-v0,0,avg_success,900000.0,0.0
6511,FlashSAC,h1-reach-v0,0,avg_success,1000000.0,0.0
6512,FlashSAC,h1-reach-v0,1000,avg_return,0.0,-22.537396092468807
6513,FlashSAC,h1-reach-v0,1000,avg_return,100000.0,1315.7871854885716
6514,FlashSAC,h1-reach-v0,1000,avg_return,200000.0,1618.8568616205082
6515,FlashSAC,h1-reach-v0,1000,avg_return,300000.0,1648.1709936556183
6516,FlashSAC,h1-reach-v0,1000,avg_return,400000.0,3134.6866498280665
6517,FlashSAC,h1-reach-v0,1000,avg_return,500000.0,2677.853600138072
6518,FlashSAC,h1-reach-v0,1000,avg_return,600000.0,3193.4894479966465
6519,FlashSAC,h1-reach-v0,1000,avg_return,700000.0,3256.633971822644
6520,FlashSAC,h1-reach-v0,1000,avg_return,800000.0,3748.140619975827
6521,FlashSAC,h1-reach-v0,1000,avg_return,900000.0,5292.530401687442
6522,FlashSAC,h1-reach-v0,1000,avg_return,1000000.0,5835.68441905862
6523,FlashSAC,h1-reach-v0,1000,avg_success,0.0,0.0
6524,FlashSAC,h1-reach-v0,1000,avg_success,100000.0,0.0
6525,FlashSAC,h1-reach-v0,1000,avg_success,200000.0,0.0
6526,FlashSAC,h1-reach-v0,1000,avg_success,300000.0,0.0
6527,FlashSAC,h1-reach-v0,1000,avg_success,400000.0,0.0
6528,FlashSAC,h1-reach-v0,1000,avg_success,500000.0,0.0
6529,FlashSAC,h1-reach-v0,1000,avg_success,600000.0,0.0
6530,FlashSAC,h1-reach-v0,1000,avg_success,700000.0,0.0
6531,FlashSAC,h1-reach-v0,1000,avg_success,800000.0,0.0
6532,FlashSAC,h1-reach-v0,1000,avg_success,900000.0,0.0
6533,FlashSAC,h1-reach-v0,1000,avg_success,1000000.0,0.0
6534,FlashSAC,h1-reach-v0,2000,avg_return,0.0,421.3100543337264
6535,FlashSAC,h1-reach-v0,2000,avg_return,100000.0,1650.5372009289038
6536,FlashSAC,h1-reach-v0,2000,avg_return,200000.0,2455.2520846639686
6537,FlashSAC,h1-reach-v0,2000,avg_return,300000.0,1750.7323294215444
6538,FlashSAC,h1-reach-v0,2000,avg_return,400000.0,3069.012649258349
6539,FlashSAC,h1-reach-v0,2000,avg_return,500000.0,3616.287796996806
6540,FlashSAC,h1-reach-v0,2000,avg_return,600000.0,4322.780844725783
6541,FlashSAC,h1-reach-v0,2000,avg_return,700000.0,3735.182066308024
6542,FlashSAC,h1-reach-v0,2000,avg_return,800000.0,3591.80046235908
6543,FlashSAC,h1-reach-v0,2000,avg_return,900000.0,4576.043849366604
6544,FlashSAC,h1-reach-v0,2000,avg_return,1000000.0,5218.259546934296
6545,FlashSAC,h1-reach-v0,2000,avg_success,0.0,0.0
6546,FlashSAC,h1-reach-v0,2000,avg_success,100000.0,0.0
6547,FlashSAC,h1-reach-v0,2000,avg_success,200000.0,0.0
6548,FlashSAC,h1-reach-v0,2000,avg_success,300000.0,0.0
6549,FlashSAC,h1-reach-v0,2000,avg_success,400000.0,0.0
6550,FlashSAC,h1-reach-v0,2000,avg_success,500000.0,0.0
6551,FlashSAC,h1-reach-v0,2000,avg_success,600000.0,0.0
6552,FlashSAC,h1-reach-v0,2000,avg_success,700000.0,0.0
6553,FlashSAC,h1-reach-v0,2000,avg_success,800000.0,0.0
6554,FlashSAC,h1-reach-v0,2000,avg_success,900000.0,0.0
6555,FlashSAC,h1-reach-v0,2000,avg_success,1000000.0,0.0
6556,FlashSAC,h1-reach-v0,3000,avg_return,0.0,232.00988995632176
6557,FlashSAC,h1-reach-v0,3000,avg_return,100000.0,1234.590021284187
6558,FlashSAC,h1-reach-v0,3000,avg_return,200000.0,1940.4191991157888
6559,FlashSAC,h1-reach-v0,3000,avg_return,300000.0,2426.414770962884
6560,FlashSAC,h1-reach-v0,3000,avg_return,400000.0,1979.035760163072
6561,FlashSAC,h1-reach-v0,3000,avg_return,500000.0,3072.263375308598
6562,FlashSAC,h1-reach-v0,3000,avg_return,600000.0,1975.4324351242435
6563,FlashSAC,h1-reach-v0,3000,avg_return,700000.0,3100.449216709204
6564,FlashSAC,h1-reach-v0,3000,avg_return,800000.0,3792.62800975104
6565,FlashSAC,h1-reach-v0,3000,avg_return,900000.0,3935.1451362389407
6566,FlashSAC,h1-reach-v0,3000,avg_return,1000000.0,4752.511617126548
6567,FlashSAC,h1-reach-v0,3000,avg_success,0.0,0.0
6568,FlashSAC,h1-reach-v0,3000,avg_success,100000.0,0.0
6569,FlashSAC,h1-reach-v0,3000,avg_success,200000.0,0.0
6570,FlashSAC,h1-reach-v0,3000,avg_success,300000.0,0.0
6571,FlashSAC,h1-reach-v0,3000,avg_success,400000.0,0.0
6572,FlashSAC,h1-reach-v0,3000,avg_success,500000.0,0.0
6573,FlashSAC,h1-reach-v0,3000,avg_success,600000.0,0.0
6574,FlashSAC,h1-reach-v0,3000,avg_success,700000.0,0.0
6575,FlashSAC,h1-reach-v0,3000,avg_success,800000.0,0.0
6576,FlashSAC,h1-reach-v0,3000,avg_success,900000.0,0.0
6577,FlashSAC,h1-reach-v0,3000,avg_success,1000000.0,0.0
6578,FlashSAC,h1-reach-v0,4000,avg_return,0.0,557.7933911371914
6579,FlashSAC,h1-reach-v0,4000,avg_return,100000.0,1748.1430118057071
6580,FlashSAC,h1-reach-v0,4000,avg_return,200000.0,2193.752369463481
6581,FlashSAC,h1-reach-v0,4000,avg_return,300000.0,1638.85193849278
6582,FlashSAC,h1-reach-v0,4000,avg_return,400000.0,1963.3937484606413
6583,FlashSAC,h1-reach-v0,4000,avg_return,500000.0,2349.9742515701646
6584,FlashSAC,h1-reach-v0,4000,avg_return,600000.0,2351.6605609484973
6585,FlashSAC,h1-reach-v0,4000,avg_return,700000.0,2857.684081963748
6586,FlashSAC,h1-reach-v0,4000,avg_return,800000.0,3005.618009942302
6587,FlashSAC,h1-reach-v0,4000,avg_return,900000.0,2692.091018974376
6588,FlashSAC,h1-reach-v0,4000,avg_return,1000000.0,3897.3877401633617
6589,FlashSAC,h1-reach-v0,4000,avg_success,0.0,0.0
6590,FlashSAC,h1-reach-v0,4000,avg_success,100000.0,0.0
6591,FlashSAC,h1-reach-v0,4000,avg_success,200000.0,0.0
6592,FlashSAC,h1-reach-v0,4000,avg_success,300000.0,0.0
6593,FlashSAC,h1-reach-v0,4000,avg_success,400000.0,0.0
6594,FlashSAC,h1-reach-v0,4000,avg_success,500000.0,0.0
6595,FlashSAC,h1-reach-v0,4000,avg_success,600000.0,0.0
6596,FlashSAC,h1-reach-v0,4000,avg_success,700000.0,0.0
6597,FlashSAC,h1-reach-v0,4000,avg_success,800000.0,0.0
6598,FlashSAC,h1-reach-v0,4000,avg_success,900000.0,0.0
6599,FlashSAC,h1-reach-v0,4000,avg_success,1000000.0,0.0
6600,FlashSAC,h1-run-v0,0,avg_return,0.0,2.696260890050727
6601,FlashSAC,h1-run-v0,0,avg_return,100000.0,9.260082477984524
6602,FlashSAC,h1-run-v0,0,avg_return,200000.0,26.74549607938286
6603,FlashSAC,h1-run-v0,0,avg_return,300000.0,58.1729356799457
6604,FlashSAC,h1-run-v0,0,avg_return,400000.0,101.21050887330388
6605,FlashSAC,h1-run-v0,0,avg_return,500000.0,247.2505216071696
6606,FlashSAC,h1-run-v0,0,avg_return,600000.0,353.15999932275355
6607,FlashSAC,h1-run-v0,0,avg_return,700000.0,716.5495234147387
6608,FlashSAC,h1-run-v0,0,avg_return,800000.0,825.7794860496165
6609,FlashSAC,h1-run-v0,0,avg_return,900000.0,822.6128244273798
6610,FlashSAC,h1-run-v0,0,avg_return,1000000.0,828.4843775632154
6611,FlashSAC,h1-run-v0,0,avg_success,0.0,0.0
6612,FlashSAC,h1-run-v0,0,avg_success,100000.0,0.0
6613,FlashSAC,h1-run-v0,0,avg_success,200000.0,0.0
6614,FlashSAC,h1-run-v0,0,avg_success,300000.0,0.0
6615,FlashSAC,h1-run-v0,0,avg_success,400000.0,0.0
6616,FlashSAC,h1-run-v0,0,avg_success,500000.0,0.0
6617,FlashSAC,h1-run-v0,0,avg_success,600000.0,0.0
6618,FlashSAC,h1-run-v0,0,avg_success,700000.0,0.0
6619,FlashSAC,h1-run-v0,0,avg_success,800000.0,0.0
6620,FlashSAC,h1-run-v0,0,avg_success,900000.0,0.0
6621,FlashSAC,h1-run-v0,0,avg_success,1000000.0,0.0
6622,FlashSAC,h1-run-v0,1000,avg_return,0.0,2.6576398595212374
6623,FlashSAC,h1-run-v0,1000,avg_return,100000.0,13.037716693012117
6624,FlashSAC,h1-run-v0,1000,avg_return,200000.0,27.429178967676773
6625,FlashSAC,h1-run-v0,1000,avg_return,300000.0,44.37543580681782
6626,FlashSAC,h1-run-v0,1000,avg_return,400000.0,69.94948121827497
6627,FlashSAC,h1-run-v0,1000,avg_return,500000.0,138.9064361432754
6628,FlashSAC,h1-run-v0,1000,avg_return,600000.0,155.3977272803761
6629,FlashSAC,h1-run-v0,1000,avg_return,700000.0,285.63940605772046
6630,FlashSAC,h1-run-v0,1000,avg_return,800000.0,478.21511618890605
6631,FlashSAC,h1-run-v0,1000,avg_return,900000.0,834.7385761548063
6632,FlashSAC,h1-run-v0,1000,avg_return,1000000.0,841.3212790402739
6633,FlashSAC,h1-run-v0,1000,avg_success,0.0,0.0
6634,FlashSAC,h1-run-v0,1000,avg_success,100000.0,0.0
6635,FlashSAC,h1-run-v0,1000,avg_success,200000.0,0.0
6636,FlashSAC,h1-run-v0,1000,avg_success,300000.0,0.0
6637,FlashSAC,h1-run-v0,1000,avg_success,400000.0,0.0
6638,FlashSAC,h1-run-v0,1000,avg_success,500000.0,0.0
6639,FlashSAC,h1-run-v0,1000,avg_success,600000.0,0.0
6640,FlashSAC,h1-run-v0,1000,avg_success,700000.0,0.0
6641,FlashSAC,h1-run-v0,1000,avg_success,800000.0,0.0
6642,FlashSAC,h1-run-v0,1000,avg_success,900000.0,0.0
6643,FlashSAC,h1-run-v0,1000,avg_success,1000000.0,0.0
6644,FlashSAC,h1-run-v0,2000,avg_return,0.0,3.8537313759993377
6645,FlashSAC,h1-run-v0,2000,avg_return,100000.0,16.886152529748855
6646,FlashSAC,h1-run-v0,2000,avg_return,200000.0,31.23335814017556
6647,FlashSAC,h1-run-v0,2000,avg_return,300000.0,79.03630482873092
6648,FlashSAC,h1-run-v0,2000,avg_return,400000.0,165.81044815047883
6649,FlashSAC,h1-run-v0,2000,avg_return,500000.0,329.1132907868859
6650,FlashSAC,h1-run-v0,2000,avg_return,600000.0,659.5484904713504
6651,FlashSAC,h1-run-v0,2000,avg_return,700000.0,835.2711493118874
6652,FlashSAC,h1-run-v0,2000,avg_return,800000.0,807.2758847882448
6653,FlashSAC,h1-run-v0,2000,avg_return,900000.0,840.5226655032144
6654,FlashSAC,h1-run-v0,2000,avg_return,1000000.0,839.5634508232653
6655,FlashSAC,h1-run-v0,2000,avg_success,0.0,0.0
6656,FlashSAC,h1-run-v0,2000,avg_success,100000.0,0.0
6657,FlashSAC,h1-run-v0,2000,avg_success,200000.0,0.0
6658,FlashSAC,h1-run-v0,2000,avg_success,300000.0,0.0
6659,FlashSAC,h1-run-v0,2000,avg_success,400000.0,0.0
6660,FlashSAC,h1-run-v0,2000,avg_success,500000.0,0.0
6661,FlashSAC,h1-run-v0,2000,avg_success,600000.0,0.0
6662,FlashSAC,h1-run-v0,2000,avg_success,700000.0,0.0
6663,FlashSAC,h1-run-v0,2000,avg_success,800000.0,0.0
6664,FlashSAC,h1-run-v0,2000,avg_success,900000.0,0.0
6665,FlashSAC,h1-run-v0,2000,avg_success,1000000.0,0.0
6666,FlashSAC,h1-run-v0,3000,avg_return,0.0,4.32554470335767
6667,FlashSAC,h1-run-v0,3000,avg_return,100000.0,15.447205893588787
6668,FlashSAC,h1-run-v0,3000,avg_return,200000.0,28.23821403056703
6669,FlashSAC,h1-run-v0,3000,avg_return,300000.0,67.50672038904757
6670,FlashSAC,h1-run-v0,3000,avg_return,400000.0,167.5842016193171
6671,FlashSAC,h1-run-v0,3000,avg_return,500000.0,286.10983744731084
6672,FlashSAC,h1-run-v0,3000,avg_return,600000.0,419.0644058888756
6673,FlashSAC,h1-run-v0,3000,avg_return,700000.0,657.8695493518935
6674,FlashSAC,h1-run-v0,3000,avg_return,800000.0,787.8729627929015
6675,FlashSAC,h1-run-v0,3000,avg_return,900000.0,825.4234353473266
6676,FlashSAC,h1-run-v0,3000,avg_return,1000000.0,829.8862179597667
6677,FlashSAC,h1-run-v0,3000,avg_success,0.0,0.0
6678,FlashSAC,h1-run-v0,3000,avg_success,100000.0,0.0
6679,FlashSAC,h1-run-v0,3000,avg_success,200000.0,0.0
6680,FlashSAC,h1-run-v0,3000,avg_success,300000.0,0.0
6681,FlashSAC,h1-run-v0,3000,avg_success,400000.0,0.0
6682,FlashSAC,h1-run-v0,3000,avg_success,500000.0,0.0
6683,FlashSAC,h1-run-v0,3000,avg_success,600000.0,0.0
6684,FlashSAC,h1-run-v0,3000,avg_success,700000.0,0.0
6685,FlashSAC,h1-run-v0,3000,avg_success,800000.0,0.0
6686,FlashSAC,h1-run-v0,3000,avg_success,900000.0,0.0
6687,FlashSAC,h1-run-v0,3000,avg_success,1000000.0,0.0
6688,FlashSAC,h1-run-v0,4000,avg_return,0.0,3.2939314822801977
6689,FlashSAC,h1-run-v0,4000,avg_return,100000.0,11.013593720058015
6690,FlashSAC,h1-run-v0,4000,avg_return,200000.0,27.877960992638467
6691,FlashSAC,h1-run-v0,4000,avg_return,300000.0,75.04500560893273
6692,FlashSAC,h1-run-v0,4000,avg_return,400000.0,127.92681441554338
6693,FlashSAC,h1-run-v0,4000,avg_return,500000.0,221.18820565032863
6694,FlashSAC,h1-run-v0,4000,avg_return,600000.0,495.5108213316027
6695,FlashSAC,h1-run-v0,4000,avg_return,700000.0,793.0190091247287
6696,FlashSAC,h1-run-v0,4000,avg_return,800000.0,829.5945248092294
6697,FlashSAC,h1-run-v0,4000,avg_return,900000.0,830.2166494966814
6698,FlashSAC,h1-run-v0,4000,avg_return,1000000.0,842.9612970926017
6699,FlashSAC,h1-run-v0,4000,avg_success,0.0,0.0
6700,FlashSAC,h1-run-v0,4000,avg_success,100000.0,0.0
6701,FlashSAC,h1-run-v0,4000,avg_success,200000.0,0.0
6702,FlashSAC,h1-run-v0,4000,avg_success,300000.0,0.0
6703,FlashSAC,h1-run-v0,4000,avg_success,400000.0,0.0
6704,FlashSAC,h1-run-v0,4000,avg_success,500000.0,0.0
6705,FlashSAC,h1-run-v0,4000,avg_success,600000.0,0.0
6706,FlashSAC,h1-run-v0,4000,avg_success,700000.0,0.0
6707,FlashSAC,h1-run-v0,4000,avg_success,800000.0,0.0
6708,FlashSAC,h1-run-v0,4000,avg_success,900000.0,0.0
6709,FlashSAC,h1-run-v0,4000,avg_success,1000000.0,0.0
6710,FlashSAC,h1-sit_hard-v0,0,avg_return,0.0,1.8305241990815395
6711,FlashSAC,h1-sit_hard-v0,0,avg_return,100000.0,432.08855196508114
6712,FlashSAC,h1-sit_hard-v0,0,avg_return,200000.0,739.7340111262122
6713,FlashSAC,h1-sit_hard-v0,0,avg_return,300000.0,838.7862222647068
6714,FlashSAC,h1-sit_hard-v0,0,avg_return,400000.0,741.0777385660061
6715,FlashSAC,h1-sit_hard-v0,0,avg_return,500000.0,819.0319043464432
6716,FlashSAC,h1-sit_hard-v0,0,avg_return,600000.0,863.7528769166406
6717,FlashSAC,h1-sit_hard-v0,0,avg_return,700000.0,916.2538095778488
6718,FlashSAC,h1-sit_hard-v0,0,avg_return,800000.0,870.35569023316
6719,FlashSAC,h1-sit_hard-v0,0,avg_return,900000.0,929.6715162624548
6720,FlashSAC,h1-sit_hard-v0,0,avg_return,1000000.0,907.7632196418
6721,FlashSAC,h1-sit_hard-v0,0,avg_success,0.0,0.0
6722,FlashSAC,h1-sit_hard-v0,0,avg_success,100000.0,0.0
6723,FlashSAC,h1-sit_hard-v0,0,avg_success,200000.0,0.0
6724,FlashSAC,h1-sit_hard-v0,0,avg_success,300000.0,0.0
6725,FlashSAC,h1-sit_hard-v0,0,avg_success,400000.0,0.0
6726,FlashSAC,h1-sit_hard-v0,0,avg_success,500000.0,0.0
6727,FlashSAC,h1-sit_hard-v0,0,avg_success,600000.0,0.0
6728,FlashSAC,h1-sit_hard-v0,0,avg_success,700000.0,0.0
6729,FlashSAC,h1-sit_hard-v0,0,avg_success,800000.0,0.0
6730,FlashSAC,h1-sit_hard-v0,0,avg_success,900000.0,0.0
6731,FlashSAC,h1-sit_hard-v0,0,avg_success,1000000.0,0.0
6732,FlashSAC,h1-sit_hard-v0,1000,avg_return,0.0,2.7730020855339075
6733,FlashSAC,h1-sit_hard-v0,1000,avg_return,100000.0,724.221691957157
6734,FlashSAC,h1-sit_hard-v0,1000,avg_return,200000.0,745.6776114660444
6735,FlashSAC,h1-sit_hard-v0,1000,avg_return,300000.0,827.9297033629309
6736,FlashSAC,h1-sit_hard-v0,1000,avg_return,400000.0,750.7301699563457
6737,FlashSAC,h1-sit_hard-v0,1000,avg_return,500000.0,914.7161929388046
6738,FlashSAC,h1-sit_hard-v0,1000,avg_return,600000.0,844.380301642706
6739,FlashSAC,h1-sit_hard-v0,1000,avg_return,700000.0,849.788949735826
6740,FlashSAC,h1-sit_hard-v0,1000,avg_return,800000.0,881.3549397268451
6741,FlashSAC,h1-sit_hard-v0,1000,avg_return,900000.0,918.7022783859992
6742,FlashSAC,h1-sit_hard-v0,1000,avg_return,1000000.0,898.8787803017605
6743,FlashSAC,h1-sit_hard-v0,1000,avg_success,0.0,0.0
6744,FlashSAC,h1-sit_hard-v0,1000,avg_success,100000.0,0.0
6745,FlashSAC,h1-sit_hard-v0,1000,avg_success,200000.0,0.0
6746,FlashSAC,h1-sit_hard-v0,1000,avg_success,300000.0,0.0
6747,FlashSAC,h1-sit_hard-v0,1000,avg_success,400000.0,0.0
6748,FlashSAC,h1-sit_hard-v0,1000,avg_success,500000.0,0.0
6749,FlashSAC,h1-sit_hard-v0,1000,avg_success,600000.0,0.0
6750,FlashSAC,h1-sit_hard-v0,1000,avg_success,700000.0,0.0
6751,FlashSAC,h1-sit_hard-v0,1000,avg_success,800000.0,0.0
6752,FlashSAC,h1-sit_hard-v0,1000,avg_success,900000.0,0.0
6753,FlashSAC,h1-sit_hard-v0,1000,avg_success,1000000.0,0.0
6754,FlashSAC,h1-sit_hard-v0,2000,avg_return,0.0,0.7856186438940008
6755,FlashSAC,h1-sit_hard-v0,2000,avg_return,100000.0,439.4418324817743
6756,FlashSAC,h1-sit_hard-v0,2000,avg_return,200000.0,763.315112317616
6757,FlashSAC,h1-sit_hard-v0,2000,avg_return,300000.0,802.3668511534373
6758,FlashSAC,h1-sit_hard-v0,2000,avg_return,400000.0,745.3002908569168
6759,FlashSAC,h1-sit_hard-v0,2000,avg_return,500000.0,759.9251660715412
6760,FlashSAC,h1-sit_hard-v0,2000,avg_return,600000.0,844.6352744247888
6761,FlashSAC,h1-sit_hard-v0,2000,avg_return,700000.0,907.1211070707064
6762,FlashSAC,h1-sit_hard-v0,2000,avg_return,800000.0,891.9257988652305
6763,FlashSAC,h1-sit_hard-v0,2000,avg_return,900000.0,916.3593163639208
6764,FlashSAC,h1-sit_hard-v0,2000,avg_return,1000000.0,913.1535487883548
6765,FlashSAC,h1-sit_hard-v0,2000,avg_success,0.0,0.0
6766,FlashSAC,h1-sit_hard-v0,2000,avg_success,100000.0,0.0
6767,FlashSAC,h1-sit_hard-v0,2000,avg_success,200000.0,0.0
6768,FlashSAC,h1-sit_hard-v0,2000,avg_success,300000.0,0.0
6769,FlashSAC,h1-sit_hard-v0,2000,avg_success,400000.0,0.0
6770,FlashSAC,h1-sit_hard-v0,2000,avg_success,500000.0,0.0
6771,FlashSAC,h1-sit_hard-v0,2000,avg_success,600000.0,0.0
6772,FlashSAC,h1-sit_hard-v0,2000,avg_success,700000.0,0.0
6773,FlashSAC,h1-sit_hard-v0,2000,avg_success,800000.0,0.0
6774,FlashSAC,h1-sit_hard-v0,2000,avg_success,900000.0,0.0
6775,FlashSAC,h1-sit_hard-v0,2000,avg_success,1000000.0,0.0
6776,FlashSAC,h1-sit_hard-v0,3000,avg_return,0.0,1.8961524017676008
6777,FlashSAC,h1-sit_hard-v0,3000,avg_return,100000.0,584.2293142726193
6778,FlashSAC,h1-sit_hard-v0,3000,avg_return,200000.0,565.0242696724049
6779,FlashSAC,h1-sit_hard-v0,3000,avg_return,300000.0,639.8220382705662
6780,FlashSAC,h1-sit_hard-v0,3000,avg_return,400000.0,836.3570250906587
6781,FlashSAC,h1-sit_hard-v0,3000,avg_return,500000.0,914.117559414385
6782,FlashSAC,h1-sit_hard-v0,3000,avg_return,600000.0,888.6591383507971
6783,FlashSAC,h1-sit_hard-v0,3000,avg_return,700000.0,881.5354754026275
6784,FlashSAC,h1-sit_hard-v0,3000,avg_return,800000.0,889.580074191004
6785,FlashSAC,h1-sit_hard-v0,3000,avg_return,900000.0,760.4952511172513
6786,FlashSAC,h1-sit_hard-v0,3000,avg_return,1000000.0,913.5647518115072
6787,FlashSAC,h1-sit_hard-v0,3000,avg_success,0.0,0.0
6788,FlashSAC,h1-sit_hard-v0,3000,avg_success,100000.0,0.0
6789,FlashSAC,h1-sit_hard-v0,3000,avg_success,200000.0,0.0
6790,FlashSAC,h1-sit_hard-v0,3000,avg_success,300000.0,0.0
6791,FlashSAC,h1-sit_hard-v0,3000,avg_success,400000.0,0.0
6792,FlashSAC,h1-sit_hard-v0,3000,avg_success,500000.0,0.0
6793,FlashSAC,h1-sit_hard-v0,3000,avg_success,600000.0,0.0
6794,FlashSAC,h1-sit_hard-v0,3000,avg_success,700000.0,0.0
6795,FlashSAC,h1-sit_hard-v0,3000,avg_success,800000.0,0.0
6796,FlashSAC,h1-sit_hard-v0,3000,avg_success,900000.0,0.0
6797,FlashSAC,h1-sit_hard-v0,3000,avg_success,1000000.0,0.0
6798,FlashSAC,h1-sit_hard-v0,4000,avg_return,0.0,0.9944299973746143
6799,FlashSAC,h1-sit_hard-v0,4000,avg_return,100000.0,370.4337685781087
6800,FlashSAC,h1-sit_hard-v0,4000,avg_return,200000.0,569.100943531698
6801,FlashSAC,h1-sit_hard-v0,4000,avg_return,300000.0,812.1452040855198
6802,FlashSAC,h1-sit_hard-v0,4000,avg_return,400000.0,799.7729801730803
6803,FlashSAC,h1-sit_hard-v0,4000,avg_return,500000.0,649.2868643309117
6804,FlashSAC,h1-sit_hard-v0,4000,avg_return,600000.0,922.6200327713432
6805,FlashSAC,h1-sit_hard-v0,4000,avg_return,700000.0,834.7413765259424
6806,FlashSAC,h1-sit_hard-v0,4000,avg_return,800000.0,923.0256422474984
6807,FlashSAC,h1-sit_hard-v0,4000,avg_return,900000.0,887.7590422744798
6808,FlashSAC,h1-sit_hard-v0,4000,avg_return,1000000.0,901.2550639991424
6809,FlashSAC,h1-sit_hard-v0,4000,avg_success,0.0,0.0
6810,FlashSAC,h1-sit_hard-v0,4000,avg_success,100000.0,0.0
6811,FlashSAC,h1-sit_hard-v0,4000,avg_success,200000.0,0.0
6812,FlashSAC,h1-sit_hard-v0,4000,avg_success,300000.0,0.0
6813,FlashSAC,h1-sit_hard-v0,4000,avg_success,400000.0,0.0
6814,FlashSAC,h1-sit_hard-v0,4000,avg_success,500000.0,0.0
6815,FlashSAC,h1-sit_hard-v0,4000,avg_success,600000.0,0.0
6816,FlashSAC,h1-sit_hard-v0,4000,avg_success,700000.0,0.0
6817,FlashSAC,h1-sit_hard-v0,4000,avg_success,800000.0,0.0
6818,FlashSAC,h1-sit_hard-v0,4000,avg_success,900000.0,0.0
6819,FlashSAC,h1-sit_hard-v0,4000,avg_success,1000000.0,0.0
6820,FlashSAC,h1-sit_simple-v0,0,avg_return,0.0,3.760973211075525
6821,FlashSAC,h1-sit_simple-v0,0,avg_return,100000.0,695.6069406705028
6822,FlashSAC,h1-sit_simple-v0,0,avg_return,200000.0,857.3374973025898
6823,FlashSAC,h1-sit_simple-v0,0,avg_return,300000.0,882.0216702473319
6824,FlashSAC,h1-sit_simple-v0,0,avg_return,400000.0,876.1410995159408
6825,FlashSAC,h1-sit_simple-v0,0,avg_return,500000.0,952.0118015955036
6826,FlashSAC,h1-sit_simple-v0,0,avg_return,600000.0,950.3508826078744
6827,FlashSAC,h1-sit_simple-v0,0,avg_return,700000.0,954.765007927968
6828,FlashSAC,h1-sit_simple-v0,0,avg_return,800000.0,958.5468258515066
6829,FlashSAC,h1-sit_simple-v0,0,avg_return,900000.0,951.127226457735
6830,FlashSAC,h1-sit_simple-v0,0,avg_return,1000000.0,948.9075584445636
6831,FlashSAC,h1-sit_simple-v0,0,avg_success,0.0,0.0
6832,FlashSAC,h1-sit_simple-v0,0,avg_success,100000.0,0.0
6833,FlashSAC,h1-sit_simple-v0,0,avg_success,200000.0,0.0
6834,FlashSAC,h1-sit_simple-v0,0,avg_success,300000.0,0.0
6835,FlashSAC,h1-sit_simple-v0,0,avg_success,400000.0,0.0
6836,FlashSAC,h1-sit_simple-v0,0,avg_success,500000.0,0.0
6837,FlashSAC,h1-sit_simple-v0,0,avg_success,600000.0,0.0
6838,FlashSAC,h1-sit_simple-v0,0,avg_success,700000.0,0.0
6839,FlashSAC,h1-sit_simple-v0,0,avg_success,800000.0,0.0
6840,FlashSAC,h1-sit_simple-v0,0,avg_success,900000.0,0.0
6841,FlashSAC,h1-sit_simple-v0,0,avg_success,1000000.0,0.0
6842,FlashSAC,h1-sit_simple-v0,1000,avg_return,0.0,7.7124821889354624
6843,FlashSAC,h1-sit_simple-v0,1000,avg_return,100000.0,807.0231856603014
6844,FlashSAC,h1-sit_simple-v0,1000,avg_return,200000.0,891.9297570666864
6845,FlashSAC,h1-sit_simple-v0,1000,avg_return,300000.0,907.6543031585868
6846,FlashSAC,h1-sit_simple-v0,1000,avg_return,400000.0,947.2333890469516
6847,FlashSAC,h1-sit_simple-v0,1000,avg_return,500000.0,943.8618521883828
6848,FlashSAC,h1-sit_simple-v0,1000,avg_return,600000.0,936.4400937982248
6849,FlashSAC,h1-sit_simple-v0,1000,avg_return,700000.0,961.1092104695822
6850,FlashSAC,h1-sit_simple-v0,1000,avg_return,800000.0,955.36665882424
6851,FlashSAC,h1-sit_simple-v0,1000,avg_return,900000.0,941.8523777203856
6852,FlashSAC,h1-sit_simple-v0,1000,avg_return,1000000.0,951.078607594772
6853,FlashSAC,h1-sit_simple-v0,1000,avg_success,0.0,0.0
6854,FlashSAC,h1-sit_simple-v0,1000,avg_success,100000.0,0.0
6855,FlashSAC,h1-sit_simple-v0,1000,avg_success,200000.0,0.0
6856,FlashSAC,h1-sit_simple-v0,1000,avg_success,300000.0,0.0
6857,FlashSAC,h1-sit_simple-v0,1000,avg_success,400000.0,0.0
6858,FlashSAC,h1-sit_simple-v0,1000,avg_success,500000.0,0.0
6859,FlashSAC,h1-sit_simple-v0,1000,avg_success,600000.0,0.0
6860,FlashSAC,h1-sit_simple-v0,1000,avg_success,700000.0,0.0
6861,FlashSAC,h1-sit_simple-v0,1000,avg_success,800000.0,0.0
6862,FlashSAC,h1-sit_simple-v0,1000,avg_success,900000.0,0.0
6863,FlashSAC,h1-sit_simple-v0,1000,avg_success,1000000.0,0.0
6864,FlashSAC,h1-sit_simple-v0,2000,avg_return,0.0,5.103304134223192
6865,FlashSAC,h1-sit_simple-v0,2000,avg_return,100000.0,674.5225886793633
6866,FlashSAC,h1-sit_simple-v0,2000,avg_return,200000.0,856.1314216598231
6867,FlashSAC,h1-sit_simple-v0,2000,avg_return,300000.0,864.2768382188151
6868,FlashSAC,h1-sit_simple-v0,2000,avg_return,400000.0,912.9540763672412
6869,FlashSAC,h1-sit_simple-v0,2000,avg_return,500000.0,951.820741874564
6870,FlashSAC,h1-sit_simple-v0,2000,avg_return,600000.0,953.615814818287
6871,FlashSAC,h1-sit_simple-v0,2000,avg_return,700000.0,940.4587174740606
6872,FlashSAC,h1-sit_simple-v0,2000,avg_return,800000.0,946.8647641971136
6873,FlashSAC,h1-sit_simple-v0,2000,avg_return,900000.0,948.3475961777812
6874,FlashSAC,h1-sit_simple-v0,2000,avg_return,1000000.0,961.551630070503
6875,FlashSAC,h1-sit_simple-v0,2000,avg_success,0.0,0.0
6876,FlashSAC,h1-sit_simple-v0,2000,avg_success,100000.0,0.0
6877,FlashSAC,h1-sit_simple-v0,2000,avg_success,200000.0,0.0
6878,FlashSAC,h1-sit_simple-v0,2000,avg_success,300000.0,0.0
6879,FlashSAC,h1-sit_simple-v0,2000,avg_success,400000.0,0.0
6880,FlashSAC,h1-sit_simple-v0,2000,avg_success,500000.0,0.0
6881,FlashSAC,h1-sit_simple-v0,2000,avg_success,600000.0,0.0
6882,FlashSAC,h1-sit_simple-v0,2000,avg_success,700000.0,0.0
6883,FlashSAC,h1-sit_simple-v0,2000,avg_success,800000.0,0.0
6884,FlashSAC,h1-sit_simple-v0,2000,avg_success,900000.0,0.0
6885,FlashSAC,h1-sit_simple-v0,2000,avg_success,1000000.0,0.0
6886,FlashSAC,h1-sit_simple-v0,3000,avg_return,0.0,3.4500621380764875
6887,FlashSAC,h1-sit_simple-v0,3000,avg_return,100000.0,742.3331479343274
6888,FlashSAC,h1-sit_simple-v0,3000,avg_return,200000.0,838.0701245936128
6889,FlashSAC,h1-sit_simple-v0,3000,avg_return,300000.0,892.2586205659748
6890,FlashSAC,h1-sit_simple-v0,3000,avg_return,400000.0,919.8322724830208
6891,FlashSAC,h1-sit_simple-v0,3000,avg_return,500000.0,943.6574409798856
6892,FlashSAC,h1-sit_simple-v0,3000,avg_return,600000.0,947.5439495489856
6893,FlashSAC,h1-sit_simple-v0,3000,avg_return,700000.0,929.6745338720804
6894,FlashSAC,h1-sit_simple-v0,3000,avg_return,800000.0,957.8878338267776
6895,FlashSAC,h1-sit_simple-v0,3000,avg_return,900000.0,952.187560145108
6896,FlashSAC,h1-sit_simple-v0,3000,avg_return,1000000.0,944.900111108832
6897,FlashSAC,h1-sit_simple-v0,3000,avg_success,0.0,0.0
6898,FlashSAC,h1-sit_simple-v0,3000,avg_success,100000.0,0.0
6899,FlashSAC,h1-sit_simple-v0,3000,avg_success,200000.0,0.0
6900,FlashSAC,h1-sit_simple-v0,3000,avg_success,300000.0,0.0
6901,FlashSAC,h1-sit_simple-v0,3000,avg_success,400000.0,0.0
6902,FlashSAC,h1-sit_simple-v0,3000,avg_success,500000.0,0.0
6903,FlashSAC,h1-sit_simple-v0,3000,avg_success,600000.0,0.0
6904,FlashSAC,h1-sit_simple-v0,3000,avg_success,700000.0,0.0
6905,FlashSAC,h1-sit_simple-v0,3000,avg_success,800000.0,0.0
6906,FlashSAC,h1-sit_simple-v0,3000,avg_success,900000.0,0.0
6907,FlashSAC,h1-sit_simple-v0,3000,avg_success,1000000.0,0.0
6908,FlashSAC,h1-sit_simple-v0,4000,avg_return,0.0,8.527998269933388
6909,FlashSAC,h1-sit_simple-v0,4000,avg_return,100000.0,834.2811966144116
6910,FlashSAC,h1-sit_simple-v0,4000,avg_return,200000.0,862.1804025854885
6911,FlashSAC,h1-sit_simple-v0,4000,avg_return,300000.0,926.3237392924628
6912,FlashSAC,h1-sit_simple-v0,4000,avg_return,400000.0,930.3943474449792
6913,FlashSAC,h1-sit_simple-v0,4000,avg_return,500000.0,938.228450273206
6914,FlashSAC,h1-sit_simple-v0,4000,avg_return,600000.0,938.1671398215054
6915,FlashSAC,h1-sit_simple-v0,4000,avg_return,700000.0,937.753413931778
6916,FlashSAC,h1-sit_simple-v0,4000,avg_return,800000.0,946.9106214909108
6917,FlashSAC,h1-sit_simple-v0,4000,avg_return,900000.0,952.5477727621688
6918,FlashSAC,h1-sit_simple-v0,4000,avg_return,1000000.0,955.6969083852988
6919,FlashSAC,h1-sit_simple-v0,4000,avg_success,0.0,0.0
6920,FlashSAC,h1-sit_simple-v0,4000,avg_success,100000.0,0.0
6921,FlashSAC,h1-sit_simple-v0,4000,avg_success,200000.0,0.0
6922,FlashSAC,h1-sit_simple-v0,4000,avg_success,300000.0,0.0
6923,FlashSAC,h1-sit_simple-v0,4000,avg_success,400000.0,0.0
6924,FlashSAC,h1-sit_simple-v0,4000,avg_success,500000.0,0.0
6925,FlashSAC,h1-sit_simple-v0,4000,avg_success,600000.0,0.0
6926,FlashSAC,h1-sit_simple-v0,4000,avg_success,700000.0,0.0
6927,FlashSAC,h1-sit_simple-v0,4000,avg_success,800000.0,0.0
6928,FlashSAC,h1-sit_simple-v0,4000,avg_success,900000.0,0.0
6929,FlashSAC,h1-sit_simple-v0,4000,avg_success,1000000.0,0.0
6930,FlashSAC,h1-slide-v0,0,avg_return,0.0,3.960667554437168
6931,FlashSAC,h1-slide-v0,0,avg_return,100000.0,42.868603007796985
6932,FlashSAC,h1-slide-v0,0,avg_return,200000.0,91.64601298979686
6933,FlashSAC,h1-slide-v0,0,avg_return,300000.0,271.6871410329035
6934,FlashSAC,h1-slide-v0,0,avg_return,400000.0,370.6490851412868
6935,FlashSAC,h1-slide-v0,0,avg_return,500000.0,408.60213835466857
6936,FlashSAC,h1-slide-v0,0,avg_return,600000.0,462.2469854495748
6937,FlashSAC,h1-slide-v0,0,avg_return,700000.0,621.2259248217877
6938,FlashSAC,h1-slide-v0,0,avg_return,800000.0,705.4156407572997
6939,FlashSAC,h1-slide-v0,0,avg_return,900000.0,805.6330065063167
6940,FlashSAC,h1-slide-v0,0,avg_return,1000000.0,865.2245240424023
6941,FlashSAC,h1-slide-v0,0,avg_success,0.0,0.0
6942,FlashSAC,h1-slide-v0,0,avg_success,100000.0,0.0
6943,FlashSAC,h1-slide-v0,0,avg_success,200000.0,0.0
6944,FlashSAC,h1-slide-v0,0,avg_success,300000.0,0.0
6945,FlashSAC,h1-slide-v0,0,avg_success,400000.0,0.0
6946,FlashSAC,h1-slide-v0,0,avg_success,500000.0,0.0
6947,FlashSAC,h1-slide-v0,0,avg_success,600000.0,0.0
6948,FlashSAC,h1-slide-v0,0,avg_success,700000.0,0.0
6949,FlashSAC,h1-slide-v0,0,avg_success,800000.0,0.0
6950,FlashSAC,h1-slide-v0,0,avg_success,900000.0,0.0
6951,FlashSAC,h1-slide-v0,0,avg_success,1000000.0,0.0
6952,FlashSAC,h1-slide-v0,1000,avg_return,0.0,4.206684661382098
6953,FlashSAC,h1-slide-v0,1000,avg_return,100000.0,36.00603642483678
6954,FlashSAC,h1-slide-v0,1000,avg_return,200000.0,88.90825181651618
6955,FlashSAC,h1-slide-v0,1000,avg_return,300000.0,197.1900373026586
6956,FlashSAC,h1-slide-v0,1000,avg_return,400000.0,247.42602686574656
6957,FlashSAC,h1-slide-v0,1000,avg_return,500000.0,332.5744710361887
6958,FlashSAC,h1-slide-v0,1000,avg_return,600000.0,353.1198710871897
6959,FlashSAC,h1-slide-v0,1000,avg_return,700000.0,420.62069862745926
6960,FlashSAC,h1-slide-v0,1000,avg_return,800000.0,427.0296148465146
6961,FlashSAC,h1-slide-v0,1000,avg_return,900000.0,448.4771483793297
6962,FlashSAC,h1-slide-v0,1000,avg_return,1000000.0,669.6569334595296
6963,FlashSAC,h1-slide-v0,1000,avg_success,0.0,0.0
6964,FlashSAC,h1-slide-v0,1000,avg_success,100000.0,0.0
6965,FlashSAC,h1-slide-v0,1000,avg_success,200000.0,0.0
6966,FlashSAC,h1-slide-v0,1000,avg_success,300000.0,0.0
6967,FlashSAC,h1-slide-v0,1000,avg_success,400000.0,0.0
6968,FlashSAC,h1-slide-v0,1000,avg_success,500000.0,0.0
6969,FlashSAC,h1-slide-v0,1000,avg_success,600000.0,0.0
6970,FlashSAC,h1-slide-v0,1000,avg_success,700000.0,0.0
6971,FlashSAC,h1-slide-v0,1000,avg_success,800000.0,0.0
6972,FlashSAC,h1-slide-v0,1000,avg_success,900000.0,0.0
6973,FlashSAC,h1-slide-v0,1000,avg_success,1000000.0,0.0
6974,FlashSAC,h1-slide-v0,2000,avg_return,0.0,4.09405248885396
6975,FlashSAC,h1-slide-v0,2000,avg_return,100000.0,47.161143436970896
6976,FlashSAC,h1-slide-v0,2000,avg_return,200000.0,111.86676776390468
6977,FlashSAC,h1-slide-v0,2000,avg_return,300000.0,284.98322346493785
6978,FlashSAC,h1-slide-v0,2000,avg_return,400000.0,227.6283967294
6979,FlashSAC,h1-slide-v0,2000,avg_return,500000.0,330.4120269111483
6980,FlashSAC,h1-slide-v0,2000,avg_return,600000.0,337.1478022365256
6981,FlashSAC,h1-slide-v0,2000,avg_return,700000.0,416.35362752527567
6982,FlashSAC,h1-slide-v0,2000,avg_return,800000.0,400.40658786274247
6983,FlashSAC,h1-slide-v0,2000,avg_return,900000.0,445.79413578834703
6984,FlashSAC,h1-slide-v0,2000,avg_return,1000000.0,422.7264365264788
6985,FlashSAC,h1-slide-v0,2000,avg_success,0.0,0.0
6986,FlashSAC,h1-slide-v0,2000,avg_success,100000.0,0.0
6987,FlashSAC,h1-slide-v0,2000,avg_success,200000.0,0.0
6988,FlashSAC,h1-slide-v0,2000,avg_success,300000.0,0.0
6989,FlashSAC,h1-slide-v0,2000,avg_success,400000.0,0.0
6990,FlashSAC,h1-slide-v0,2000,avg_success,500000.0,0.0
6991,FlashSAC,h1-slide-v0,2000,avg_success,600000.0,0.0
6992,FlashSAC,h1-slide-v0,2000,avg_success,700000.0,0.0
6993,FlashSAC,h1-slide-v0,2000,avg_success,800000.0,0.0
6994,FlashSAC,h1-slide-v0,2000,avg_success,900000.0,0.0
6995,FlashSAC,h1-slide-v0,2000,avg_success,1000000.0,0.0
6996,FlashSAC,h1-slide-v0,3000,avg_return,0.0,5.087970966096446
6997,FlashSAC,h1-slide-v0,3000,avg_return,100000.0,43.88882156139647
6998,FlashSAC,h1-slide-v0,3000,avg_return,200000.0,66.02513833739091
6999,FlashSAC,h1-slide-v0,3000,avg_return,300000.0,90.03053724352375
7000,FlashSAC,h1-slide-v0,3000,avg_return,400000.0,237.83540671933213
7001,FlashSAC,h1-slide-v0,3000,avg_return,500000.0,300.22756993233924
7002,FlashSAC,h1-slide-v0,3000,avg_return,600000.0,309.26381991194853
7003,FlashSAC,h1-slide-v0,3000,avg_return,700000.0,393.5122276766197
7004,FlashSAC,h1-slide-v0,3000,avg_return,800000.0,418.9991017451465
7005,FlashSAC,h1-slide-v0,3000,avg_return,900000.0,519.7545152161136
7006,FlashSAC,h1-slide-v0,3000,avg_return,1000000.0,572.0833243687243
7007,FlashSAC,h1-slide-v0,3000,avg_success,0.0,0.0
7008,FlashSAC,h1-slide-v0,3000,avg_success,100000.0,0.0
7009,FlashSAC,h1-slide-v0,3000,avg_success,200000.0,0.0
7010,FlashSAC,h1-slide-v0,3000,avg_success,300000.0,0.0
7011,FlashSAC,h1-slide-v0,3000,avg_success,400000.0,0.0
7012,FlashSAC,h1-slide-v0,3000,avg_success,500000.0,0.0
7013,FlashSAC,h1-slide-v0,3000,avg_success,600000.0,0.0
7014,FlashSAC,h1-slide-v0,3000,avg_success,700000.0,0.0
7015,FlashSAC,h1-slide-v0,3000,avg_success,800000.0,0.0
7016,FlashSAC,h1-slide-v0,3000,avg_success,900000.0,0.0
7017,FlashSAC,h1-slide-v0,3000,avg_success,1000000.0,0.0
7018,FlashSAC,h1-slide-v0,4000,avg_return,0.0,3.275147862863702
7019,FlashSAC,h1-slide-v0,4000,avg_return,100000.0,29.40319391011638
7020,FlashSAC,h1-slide-v0,4000,avg_return,200000.0,74.62153024653884
7021,FlashSAC,h1-slide-v0,4000,avg_return,300000.0,403.9980363634757
7022,FlashSAC,h1-slide-v0,4000,avg_return,400000.0,278.7195008083522
7023,FlashSAC,h1-slide-v0,4000,avg_return,500000.0,138.1333753047629
7024,FlashSAC,h1-slide-v0,4000,avg_return,600000.0,478.610058826889
7025,FlashSAC,h1-slide-v0,4000,avg_return,700000.0,255.34525655559395
7026,FlashSAC,h1-slide-v0,4000,avg_return,800000.0,287.6413888516276
7027,FlashSAC,h1-slide-v0,4000,avg_return,900000.0,384.9305465484086
7028,FlashSAC,h1-slide-v0,4000,avg_return,1000000.0,478.0662443566115
7029,FlashSAC,h1-slide-v0,4000,avg_success,0.0,0.0
7030,FlashSAC,h1-slide-v0,4000,avg_success,100000.0,0.0
7031,FlashSAC,h1-slide-v0,4000,avg_success,200000.0,0.0
7032,FlashSAC,h1-slide-v0,4000,avg_success,300000.0,0.0
7033,FlashSAC,h1-slide-v0,4000,avg_success,400000.0,0.0
7034,FlashSAC,h1-slide-v0,4000,avg_success,500000.0,0.0
7035,FlashSAC,h1-slide-v0,4000,avg_success,600000.0,0.0
7036,FlashSAC,h1-slide-v0,4000,avg_success,700000.0,0.0
7037,FlashSAC,h1-slide-v0,4000,avg_success,800000.0,0.0
7038,FlashSAC,h1-slide-v0,4000,avg_success,900000.0,0.0
7039,FlashSAC,h1-slide-v0,4000,avg_success,1000000.0,0.0
7040,FlashSAC,h1-stair-v0,0,avg_return,0.0,4.7727109908746215
7041,FlashSAC,h1-stair-v0,0,avg_return,100000.0,34.04879751347206
7042,FlashSAC,h1-stair-v0,0,avg_return,200000.0,69.7311706279324
7043,FlashSAC,h1-stair-v0,0,avg_return,300000.0,77.84669575374086
7044,FlashSAC,h1-stair-v0,0,avg_return,400000.0,193.4838829618718
7045,FlashSAC,h1-stair-v0,0,avg_return,500000.0,233.01404964992352
7046,FlashSAC,h1-stair-v0,0,avg_return,600000.0,333.0603823087214
7047,FlashSAC,h1-stair-v0,0,avg_return,700000.0,510.97093180532266
7048,FlashSAC,h1-stair-v0,0,avg_return,800000.0,704.2553569810046
7049,FlashSAC,h1-stair-v0,0,avg_return,900000.0,798.7884018176758
7050,FlashSAC,h1-stair-v0,0,avg_return,1000000.0,822.1718309181671
7051,FlashSAC,h1-stair-v0,0,avg_success,0.0,0.0
7052,FlashSAC,h1-stair-v0,0,avg_success,100000.0,0.0
7053,FlashSAC,h1-stair-v0,0,avg_success,200000.0,0.0
7054,FlashSAC,h1-stair-v0,0,avg_success,300000.0,0.0
7055,FlashSAC,h1-stair-v0,0,avg_success,400000.0,0.0
7056,FlashSAC,h1-stair-v0,0,avg_success,500000.0,0.0
7057,FlashSAC,h1-stair-v0,0,avg_success,600000.0,0.0
7058,FlashSAC,h1-stair-v0,0,avg_success,700000.0,0.0
7059,FlashSAC,h1-stair-v0,0,avg_success,800000.0,0.0
7060,FlashSAC,h1-stair-v0,0,avg_success,900000.0,0.0
7061,FlashSAC,h1-stair-v0,0,avg_success,1000000.0,0.0
7062,FlashSAC,h1-stair-v0,1000,avg_return,0.0,4.529887240638584
7063,FlashSAC,h1-stair-v0,1000,avg_return,100000.0,38.28542110238541
7064,FlashSAC,h1-stair-v0,1000,avg_return,200000.0,68.28236545111982
7065,FlashSAC,h1-stair-v0,1000,avg_return,300000.0,116.2372802590628
7066,FlashSAC,h1-stair-v0,1000,avg_return,400000.0,309.97399133731767
7067,FlashSAC,h1-stair-v0,1000,avg_return,500000.0,320.01360160639064
7068,FlashSAC,h1-stair-v0,1000,avg_return,600000.0,463.7433823743627
7069,FlashSAC,h1-stair-v0,1000,avg_return,700000.0,483.63944527468885
7070,FlashSAC,h1-stair-v0,1000,avg_return,800000.0,523.4692868038147
7071,FlashSAC,h1-stair-v0,1000,avg_return,900000.0,545.4554419195589
7072,FlashSAC,h1-stair-v0,1000,avg_return,1000000.0,529.2733606114904
7073,FlashSAC,h1-stair-v0,1000,avg_success,0.0,0.0
7074,FlashSAC,h1-stair-v0,1000,avg_success,100000.0,0.0
7075,FlashSAC,h1-stair-v0,1000,avg_success,200000.0,0.0
7076,FlashSAC,h1-stair-v0,1000,avg_success,300000.0,0.0
7077,FlashSAC,h1-stair-v0,1000,avg_success,400000.0,0.0
7078,FlashSAC,h1-stair-v0,1000,avg_success,500000.0,0.0
7079,FlashSAC,h1-stair-v0,1000,avg_success,600000.0,0.0
7080,FlashSAC,h1-stair-v0,1000,avg_success,700000.0,0.0
7081,FlashSAC,h1-stair-v0,1000,avg_success,800000.0,0.0
7082,FlashSAC,h1-stair-v0,1000,avg_success,900000.0,0.0
7083,FlashSAC,h1-stair-v0,1000,avg_success,1000000.0,0.0
7084,FlashSAC,h1-stair-v0,2000,avg_return,0.0,3.892139498357243
7085,FlashSAC,h1-stair-v0,2000,avg_return,100000.0,41.21957403973179
7086,FlashSAC,h1-stair-v0,2000,avg_return,200000.0,52.60819112053848
7087,FlashSAC,h1-stair-v0,2000,avg_return,300000.0,116.80486850983664
7088,FlashSAC,h1-stair-v0,2000,avg_return,400000.0,295.7794652230544
7089,FlashSAC,h1-stair-v0,2000,avg_return,500000.0,351.9684568658911
7090,FlashSAC,h1-stair-v0,2000,avg_return,600000.0,441.3254774121699
7091,FlashSAC,h1-stair-v0,2000,avg_return,700000.0,465.769905549467
7092,FlashSAC,h1-stair-v0,2000,avg_return,800000.0,523.8074427910394
7093,FlashSAC,h1-stair-v0,2000,avg_return,900000.0,529.2723050399128
7094,FlashSAC,h1-stair-v0,2000,avg_return,1000000.0,539.5512528795713
7095,FlashSAC,h1-stair-v0,2000,avg_success,0.0,0.0
7096,FlashSAC,h1-stair-v0,2000,avg_success,100000.0,0.0
7097,FlashSAC,h1-stair-v0,2000,avg_success,200000.0,0.0
7098,FlashSAC,h1-stair-v0,2000,avg_success,300000.0,0.0
7099,FlashSAC,h1-stair-v0,2000,avg_success,400000.0,0.0
7100,FlashSAC,h1-stair-v0,2000,avg_success,500000.0,0.0
7101,FlashSAC,h1-stair-v0,2000,avg_success,600000.0,0.0
7102,FlashSAC,h1-stair-v0,2000,avg_success,700000.0,0.0
7103,FlashSAC,h1-stair-v0,2000,avg_success,800000.0,0.0
7104,FlashSAC,h1-stair-v0,2000,avg_success,900000.0,0.0
7105,FlashSAC,h1-stair-v0,2000,avg_success,1000000.0,0.0
7106,FlashSAC,h1-stair-v0,3000,avg_return,0.0,5.292946756152292
7107,FlashSAC,h1-stair-v0,3000,avg_return,100000.0,51.077690609214
7108,FlashSAC,h1-stair-v0,3000,avg_return,200000.0,89.73801006199481
7109,FlashSAC,h1-stair-v0,3000,avg_return,300000.0,205.73166811251832
7110,FlashSAC,h1-stair-v0,3000,avg_return,400000.0,388.66796118410304
7111,FlashSAC,h1-stair-v0,3000,avg_return,500000.0,468.3747926626952
7112,FlashSAC,h1-stair-v0,3000,avg_return,600000.0,496.7119535318818
7113,FlashSAC,h1-stair-v0,3000,avg_return,700000.0,508.7474659431903
7114,FlashSAC,h1-stair-v0,3000,avg_return,800000.0,482.7995024603656
7115,FlashSAC,h1-stair-v0,3000,avg_return,900000.0,535.5592221869575
7116,FlashSAC,h1-stair-v0,3000,avg_return,1000000.0,540.8040071847732
7117,FlashSAC,h1-stair-v0,3000,avg_success,0.0,0.0
7118,FlashSAC,h1-stair-v0,3000,avg_success,100000.0,0.0
7119,FlashSAC,h1-stair-v0,3000,avg_success,200000.0,0.0
7120,FlashSAC,h1-stair-v0,3000,avg_success,300000.0,0.0
7121,FlashSAC,h1-stair-v0,3000,avg_success,400000.0,0.0
7122,FlashSAC,h1-stair-v0,3000,avg_success,500000.0,0.0
7123,FlashSAC,h1-stair-v0,3000,avg_success,600000.0,0.0
7124,FlashSAC,h1-stair-v0,3000,avg_success,700000.0,0.0
7125,FlashSAC,h1-stair-v0,3000,avg_success,800000.0,0.0
7126,FlashSAC,h1-stair-v0,3000,avg_success,900000.0,0.0
7127,FlashSAC,h1-stair-v0,3000,avg_success,1000000.0,0.0
7128,FlashSAC,h1-stair-v0,4000,avg_return,0.0,3.00047936431015
7129,FlashSAC,h1-stair-v0,4000,avg_return,100000.0,35.044270456152844
7130,FlashSAC,h1-stair-v0,4000,avg_return,200000.0,67.47035647840623
7131,FlashSAC,h1-stair-v0,4000,avg_return,300000.0,119.70576453387996
7132,FlashSAC,h1-stair-v0,4000,avg_return,400000.0,212.08227406548627
7133,FlashSAC,h1-stair-v0,4000,avg_return,500000.0,412.0327422710823
7134,FlashSAC,h1-stair-v0,4000,avg_return,600000.0,465.5214763219992
7135,FlashSAC,h1-stair-v0,4000,avg_return,700000.0,450.2340291449678
7136,FlashSAC,h1-stair-v0,4000,avg_return,800000.0,352.6522349281791
7137,FlashSAC,h1-stair-v0,4000,avg_return,900000.0,531.5388388532656
7138,FlashSAC,h1-stair-v0,4000,avg_return,1000000.0,532.6753747065586
7139,FlashSAC,h1-stair-v0,4000,avg_success,0.0,0.0
7140,FlashSAC,h1-stair-v0,4000,avg_success,100000.0,0.0
7141,FlashSAC,h1-stair-v0,4000,avg_success,200000.0,0.0
7142,FlashSAC,h1-stair-v0,4000,avg_success,300000.0,0.0
7143,FlashSAC,h1-stair-v0,4000,avg_success,400000.0,0.0
7144,FlashSAC,h1-stair-v0,4000,avg_success,500000.0,0.0
7145,FlashSAC,h1-stair-v0,4000,avg_success,600000.0,0.0
7146,FlashSAC,h1-stair-v0,4000,avg_success,700000.0,0.0
7147,FlashSAC,h1-stair-v0,4000,avg_success,800000.0,0.0
7148,FlashSAC,h1-stair-v0,4000,avg_success,900000.0,0.0
7149,FlashSAC,h1-stair-v0,4000,avg_success,1000000.0,0.0
7150,FlashSAC,h1-stand-v0,0,avg_return,0.0,14.614780735816945
7151,FlashSAC,h1-stand-v0,0,avg_return,100000.0,56.10401931349245
7152,FlashSAC,h1-stand-v0,0,avg_return,200000.0,321.23671334472533
7153,FlashSAC,h1-stand-v0,0,avg_return,300000.0,830.7577561872084
7154,FlashSAC,h1-stand-v0,0,avg_return,400000.0,852.0667907831063
7155,FlashSAC,h1-stand-v0,0,avg_return,500000.0,873.0320948506798
7156,FlashSAC,h1-stand-v0,0,avg_return,600000.0,867.5629608338475
7157,FlashSAC,h1-stand-v0,0,avg_return,700000.0,907.6069871449616
7158,FlashSAC,h1-stand-v0,0,avg_return,800000.0,431.0621451589861
7159,FlashSAC,h1-stand-v0,0,avg_return,900000.0,644.2244624285298
7160,FlashSAC,h1-stand-v0,0,avg_return,1000000.0,916.1466572249302
7161,FlashSAC,h1-stand-v0,0,avg_success,0.0,0.0
7162,FlashSAC,h1-stand-v0,0,avg_success,100000.0,0.0
7163,FlashSAC,h1-stand-v0,0,avg_success,200000.0,0.0
7164,FlashSAC,h1-stand-v0,0,avg_success,300000.0,0.0
7165,FlashSAC,h1-stand-v0,0,avg_success,400000.0,0.0
7166,FlashSAC,h1-stand-v0,0,avg_success,500000.0,0.0
7167,FlashSAC,h1-stand-v0,0,avg_success,600000.0,0.0
7168,FlashSAC,h1-stand-v0,0,avg_success,700000.0,0.0
7169,FlashSAC,h1-stand-v0,0,avg_success,800000.0,0.0
7170,FlashSAC,h1-stand-v0,0,avg_success,900000.0,0.0
7171,FlashSAC,h1-stand-v0,0,avg_success,1000000.0,0.0
7172,FlashSAC,h1-stand-v0,1000,avg_return,0.0,14.897119779898324
7173,FlashSAC,h1-stand-v0,1000,avg_return,100000.0,53.253019354946936
7174,FlashSAC,h1-stand-v0,1000,avg_return,200000.0,170.5077948959944
7175,FlashSAC,h1-stand-v0,1000,avg_return,300000.0,836.4680616592581
7176,FlashSAC,h1-stand-v0,1000,avg_return,400000.0,839.1613984227072
7177,FlashSAC,h1-stand-v0,1000,avg_return,500000.0,848.8798193419852
7178,FlashSAC,h1-stand-v0,1000,avg_return,600000.0,899.7895980010815
7179,FlashSAC,h1-stand-v0,1000,avg_return,700000.0,883.4880608295966
7180,FlashSAC,h1-stand-v0,1000,avg_return,800000.0,914.1984399954766
7181,FlashSAC,h1-stand-v0,1000,avg_return,900000.0,915.1289710231296
7182,FlashSAC,h1-stand-v0,1000,avg_return,1000000.0,901.847856019015
7183,FlashSAC,h1-stand-v0,1000,avg_success,0.0,0.0
7184,FlashSAC,h1-stand-v0,1000,avg_success,100000.0,0.0
7185,FlashSAC,h1-stand-v0,1000,avg_success,200000.0,0.0
7186,FlashSAC,h1-stand-v0,1000,avg_success,300000.0,0.0
7187,FlashSAC,h1-stand-v0,1000,avg_success,400000.0,0.0
7188,FlashSAC,h1-stand-v0,1000,avg_success,500000.0,0.0
7189,FlashSAC,h1-stand-v0,1000,avg_success,600000.0,0.0
7190,FlashSAC,h1-stand-v0,1000,avg_success,700000.0,0.0
7191,FlashSAC,h1-stand-v0,1000,avg_success,800000.0,0.0
7192,FlashSAC,h1-stand-v0,1000,avg_success,900000.0,0.0
7193,FlashSAC,h1-stand-v0,1000,avg_success,1000000.0,0.0
7194,FlashSAC,h1-stand-v0,2000,avg_return,0.0,21.10399229423516
7195,FlashSAC,h1-stand-v0,2000,avg_return,100000.0,40.64778946618052
7196,FlashSAC,h1-stand-v0,2000,avg_return,200000.0,184.4277083629043
7197,FlashSAC,h1-stand-v0,2000,avg_return,300000.0,648.2775314150268
7198,FlashSAC,h1-stand-v0,2000,avg_return,400000.0,844.7186721345528
7199,FlashSAC,h1-stand-v0,2000,avg_return,500000.0,867.9853936433552
7200,FlashSAC,h1-stand-v0,2000,avg_return,600000.0,919.1353316884528
7201,FlashSAC,h1-stand-v0,2000,avg_return,700000.0,908.5236055465095
7202,FlashSAC,h1-stand-v0,2000,avg_return,800000.0,727.8251092550857
7203,FlashSAC,h1-stand-v0,2000,avg_return,900000.0,910.0020850305212
7204,FlashSAC,h1-stand-v0,2000,avg_return,1000000.0,919.308537804134
7205,FlashSAC,h1-stand-v0,2000,avg_success,0.0,0.0
7206,FlashSAC,h1-stand-v0,2000,avg_success,100000.0,0.0
7207,FlashSAC,h1-stand-v0,2000,avg_success,200000.0,0.0
7208,FlashSAC,h1-stand-v0,2000,avg_success,300000.0,0.0
7209,FlashSAC,h1-stand-v0,2000,avg_success,400000.0,0.0
7210,FlashSAC,h1-stand-v0,2000,avg_success,500000.0,0.0
7211,FlashSAC,h1-stand-v0,2000,avg_success,600000.0,0.0
7212,FlashSAC,h1-stand-v0,2000,avg_success,700000.0,0.0
7213,FlashSAC,h1-stand-v0,2000,avg_success,800000.0,0.0
7214,FlashSAC,h1-stand-v0,2000,avg_success,900000.0,0.0
7215,FlashSAC,h1-stand-v0,2000,avg_success,1000000.0,0.0
7216,FlashSAC,h1-stand-v0,3000,avg_return,0.0,22.477618588796105
7217,FlashSAC,h1-stand-v0,3000,avg_return,100000.0,109.73793971298248
7218,FlashSAC,h1-stand-v0,3000,avg_return,200000.0,174.04223585991866
7219,FlashSAC,h1-stand-v0,3000,avg_return,300000.0,848.4398446536827
7220,FlashSAC,h1-stand-v0,3000,avg_return,400000.0,773.9130985180495
7221,FlashSAC,h1-stand-v0,3000,avg_return,500000.0,885.4178971020934
7222,FlashSAC,h1-stand-v0,3000,avg_return,600000.0,810.9335187974922
7223,FlashSAC,h1-stand-v0,3000,avg_return,700000.0,826.6286482496017
7224,FlashSAC,h1-stand-v0,3000,avg_return,800000.0,737.9257708226777
7225,FlashSAC,h1-stand-v0,3000,avg_return,900000.0,342.1900187299396
7226,FlashSAC,h1-stand-v0,3000,avg_return,1000000.0,588.255320963446
7227,FlashSAC,h1-stand-v0,3000,avg_success,0.0,0.0
7228,FlashSAC,h1-stand-v0,3000,avg_success,100000.0,0.0
7229,FlashSAC,h1-stand-v0,3000,avg_success,200000.0,0.0
7230,FlashSAC,h1-stand-v0,3000,avg_success,300000.0,0.0
7231,FlashSAC,h1-stand-v0,3000,avg_success,400000.0,0.0
7232,FlashSAC,h1-stand-v0,3000,avg_success,500000.0,0.0
7233,FlashSAC,h1-stand-v0,3000,avg_success,600000.0,0.0
7234,FlashSAC,h1-stand-v0,3000,avg_success,700000.0,0.0
7235,FlashSAC,h1-stand-v0,3000,avg_success,800000.0,0.0
7236,FlashSAC,h1-stand-v0,3000,avg_success,900000.0,0.0
7237,FlashSAC,h1-stand-v0,3000,avg_success,1000000.0,0.0
7238,FlashSAC,h1-stand-v0,4000,avg_return,0.0,18.191568384953456
7239,FlashSAC,h1-stand-v0,4000,avg_return,100000.0,52.64474317702079
7240,FlashSAC,h1-stand-v0,4000,avg_return,200000.0,125.16079734381312
7241,FlashSAC,h1-stand-v0,4000,avg_return,300000.0,852.792029372748
7242,FlashSAC,h1-stand-v0,4000,avg_return,400000.0,861.0145895112644
7243,FlashSAC,h1-stand-v0,4000,avg_return,500000.0,896.5533636276833
7244,FlashSAC,h1-stand-v0,4000,avg_return,600000.0,897.4416172444761
7245,FlashSAC,h1-stand-v0,4000,avg_return,700000.0,921.4860565728784
7246,FlashSAC,h1-stand-v0,4000,avg_return,800000.0,824.4197276528556
7247,FlashSAC,h1-stand-v0,4000,avg_return,900000.0,884.7784577754542
7248,FlashSAC,h1-stand-v0,4000,avg_return,1000000.0,923.8811313768848
7249,FlashSAC,h1-stand-v0,4000,avg_success,0.0,0.0
7250,FlashSAC,h1-stand-v0,4000,avg_success,100000.0,0.0
7251,FlashSAC,h1-stand-v0,4000,avg_success,200000.0,0.0
7252,FlashSAC,h1-stand-v0,4000,avg_success,300000.0,0.0
7253,FlashSAC,h1-stand-v0,4000,avg_success,400000.0,0.0
7254,FlashSAC,h1-stand-v0,4000,avg_success,500000.0,0.0
7255,FlashSAC,h1-stand-v0,4000,avg_success,600000.0,0.0
7256,FlashSAC,h1-stand-v0,4000,avg_success,700000.0,0.0
7257,FlashSAC,h1-stand-v0,4000,avg_success,800000.0,0.0
7258,FlashSAC,h1-stand-v0,4000,avg_success,900000.0,0.0
7259,FlashSAC,h1-stand-v0,4000,avg_success,1000000.0,0.0
7260,FlashSAC,h1-walk-v0,0,avg_return,0.0,3.5216615443818347
7261,FlashSAC,h1-walk-v0,0,avg_return,100000.0,43.37143902139098
7262,FlashSAC,h1-walk-v0,0,avg_return,200000.0,75.49056566776311
7263,FlashSAC,h1-walk-v0,0,avg_return,300000.0,221.99656897897293
7264,FlashSAC,h1-walk-v0,0,avg_return,400000.0,411.6493180495374
7265,FlashSAC,h1-walk-v0,0,avg_return,500000.0,801.7597678888279
7266,FlashSAC,h1-walk-v0,0,avg_return,600000.0,865.4110675968747
7267,FlashSAC,h1-walk-v0,0,avg_return,700000.0,869.5498522527519
7268,FlashSAC,h1-walk-v0,0,avg_return,800000.0,871.2085209641259
7269,FlashSAC,h1-walk-v0,0,avg_return,900000.0,879.7338383646809
7270,FlashSAC,h1-walk-v0,0,avg_return,1000000.0,883.4984567107106
7271,FlashSAC,h1-walk-v0,0,avg_success,0.0,0.0
7272,FlashSAC,h1-walk-v0,0,avg_success,100000.0,0.0
7273,FlashSAC,h1-walk-v0,0,avg_success,200000.0,0.0
7274,FlashSAC,h1-walk-v0,0,avg_success,300000.0,0.0
7275,FlashSAC,h1-walk-v0,0,avg_success,400000.0,0.0
7276,FlashSAC,h1-walk-v0,0,avg_success,500000.0,0.0
7277,FlashSAC,h1-walk-v0,0,avg_success,600000.0,0.0
7278,FlashSAC,h1-walk-v0,0,avg_success,700000.0,0.0
7279,FlashSAC,h1-walk-v0,0,avg_success,800000.0,0.0
7280,FlashSAC,h1-walk-v0,0,avg_success,900000.0,0.0
7281,FlashSAC,h1-walk-v0,0,avg_success,1000000.0,0.0
7282,FlashSAC,h1-walk-v0,1000,avg_return,0.0,2.9700622715815954
7283,FlashSAC,h1-walk-v0,1000,avg_return,100000.0,50.88506464240098
7284,FlashSAC,h1-walk-v0,1000,avg_return,200000.0,105.86405364310252
7285,FlashSAC,h1-walk-v0,1000,avg_return,300000.0,156.11319348361613
7286,FlashSAC,h1-walk-v0,1000,avg_return,400000.0,436.2169196502005
7287,FlashSAC,h1-walk-v0,1000,avg_return,500000.0,839.8783919516748
7288,FlashSAC,h1-walk-v0,1000,avg_return,600000.0,875.4466266280315
7289,FlashSAC,h1-walk-v0,1000,avg_return,700000.0,876.1445522673716
7290,FlashSAC,h1-walk-v0,1000,avg_return,800000.0,886.7444881067194
7291,FlashSAC,h1-walk-v0,1000,avg_return,900000.0,895.3594593776039
7292,FlashSAC,h1-walk-v0,1000,avg_return,1000000.0,896.9384392051153
7293,FlashSAC,h1-walk-v0,1000,avg_success,0.0,0.0
7294,FlashSAC,h1-walk-v0,1000,avg_success,100000.0,0.0
7295,FlashSAC,h1-walk-v0,1000,avg_success,200000.0,0.0
7296,FlashSAC,h1-walk-v0,1000,avg_success,300000.0,0.0
7297,FlashSAC,h1-walk-v0,1000,avg_success,400000.0,0.0
7298,FlashSAC,h1-walk-v0,1000,avg_success,500000.0,0.0
7299,FlashSAC,h1-walk-v0,1000,avg_success,600000.0,0.0
7300,FlashSAC,h1-walk-v0,1000,avg_success,700000.0,0.0
7301,FlashSAC,h1-walk-v0,1000,avg_success,800000.0,0.0
7302,FlashSAC,h1-walk-v0,1000,avg_success,900000.0,0.0
7303,FlashSAC,h1-walk-v0,1000,avg_success,1000000.0,0.0
7304,FlashSAC,h1-walk-v0,2000,avg_return,0.0,4.817174744617273
7305,FlashSAC,h1-walk-v0,2000,avg_return,100000.0,62.13160134988371
7306,FlashSAC,h1-walk-v0,2000,avg_return,200000.0,176.58646920623
7307,FlashSAC,h1-walk-v0,2000,avg_return,300000.0,616.9826448887368
7308,FlashSAC,h1-walk-v0,2000,avg_return,400000.0,854.5830833922093
7309,FlashSAC,h1-walk-v0,2000,avg_return,500000.0,863.9556362943528
7310,FlashSAC,h1-walk-v0,2000,avg_return,600000.0,873.0899495961534
7311,FlashSAC,h1-walk-v0,2000,avg_return,700000.0,883.1330642797128
7312,FlashSAC,h1-walk-v0,2000,avg_return,800000.0,882.8305410869085
7313,FlashSAC,h1-walk-v0,2000,avg_return,900000.0,894.9798050436095
7314,FlashSAC,h1-walk-v0,2000,avg_return,1000000.0,890.9420699688545
7315,FlashSAC,h1-walk-v0,2000,avg_success,0.0,0.0
7316,FlashSAC,h1-walk-v0,2000,avg_success,100000.0,0.0
7317,FlashSAC,h1-walk-v0,2000,avg_success,200000.0,0.0
7318,FlashSAC,h1-walk-v0,2000,avg_success,300000.0,0.0
7319,FlashSAC,h1-walk-v0,2000,avg_success,400000.0,0.0
7320,FlashSAC,h1-walk-v0,2000,avg_success,500000.0,0.0
7321,FlashSAC,h1-walk-v0,2000,avg_success,600000.0,0.0
7322,FlashSAC,h1-walk-v0,2000,avg_success,700000.0,0.0
7323,FlashSAC,h1-walk-v0,2000,avg_success,800000.0,0.0
7324,FlashSAC,h1-walk-v0,2000,avg_success,900000.0,0.0
7325,FlashSAC,h1-walk-v0,2000,avg_success,1000000.0,0.0
7326,FlashSAC,h1-walk-v0,3000,avg_return,0.0,5.911143972197858
7327,FlashSAC,h1-walk-v0,3000,avg_return,100000.0,44.94249373030763
7328,FlashSAC,h1-walk-v0,3000,avg_return,200000.0,97.40354810697627
7329,FlashSAC,h1-walk-v0,3000,avg_return,300000.0,274.2681280237081
7330,FlashSAC,h1-walk-v0,3000,avg_return,400000.0,672.9176343754361
7331,FlashSAC,h1-walk-v0,3000,avg_return,500000.0,848.0020301961796
7332,FlashSAC,h1-walk-v0,3000,avg_return,600000.0,872.3328016384128
7333,FlashSAC,h1-walk-v0,3000,avg_return,700000.0,874.8650671780392
7334,FlashSAC,h1-walk-v0,3000,avg_return,800000.0,876.7647537100346
7335,FlashSAC,h1-walk-v0,3000,avg_return,900000.0,888.9771969862671
7336,FlashSAC,h1-walk-v0,3000,avg_return,1000000.0,886.8001687868986
7337,FlashSAC,h1-walk-v0,3000,avg_success,0.0,0.0
7338,FlashSAC,h1-walk-v0,3000,avg_success,100000.0,0.0
7339,FlashSAC,h1-walk-v0,3000,avg_success,200000.0,0.0
7340,FlashSAC,h1-walk-v0,3000,avg_success,300000.0,0.0
7341,FlashSAC,h1-walk-v0,3000,avg_success,400000.0,0.0
7342,FlashSAC,h1-walk-v0,3000,avg_success,500000.0,0.0
7343,FlashSAC,h1-walk-v0,3000,avg_success,600000.0,0.0
7344,FlashSAC,h1-walk-v0,3000,avg_success,700000.0,0.0
7345,FlashSAC,h1-walk-v0,3000,avg_success,800000.0,0.0
7346,FlashSAC,h1-walk-v0,3000,avg_success,900000.0,0.0
7347,FlashSAC,h1-walk-v0,3000,avg_success,1000000.0,0.0
7348,FlashSAC,h1-walk-v0,4000,avg_return,0.0,4.122581010131189
7349,FlashSAC,h1-walk-v0,4000,avg_return,100000.0,44.68234378137934
7350,FlashSAC,h1-walk-v0,4000,avg_return,200000.0,120.99772398576933
7351,FlashSAC,h1-walk-v0,4000,avg_return,300000.0,243.47760009638947
7352,FlashSAC,h1-walk-v0,4000,avg_return,400000.0,662.0257913921621
7353,FlashSAC,h1-walk-v0,4000,avg_return,500000.0,873.3187852816584
7354,FlashSAC,h1-walk-v0,4000,avg_return,600000.0,861.1334010700928
7355,FlashSAC,h1-walk-v0,4000,avg_return,700000.0,877.4652515154064
7356,FlashSAC,h1-walk-v0,4000,avg_return,800000.0,886.0411124909666
7357,FlashSAC,h1-walk-v0,4000,avg_return,900000.0,885.592609542458
7358,FlashSAC,h1-walk-v0,4000,avg_return,1000000.0,898.275390503035
7359,FlashSAC,h1-walk-v0,4000,avg_success,0.0,0.0
7360,FlashSAC,h1-walk-v0,4000,avg_success,100000.0,0.0
7361,FlashSAC,h1-walk-v0,4000,avg_success,200000.0,0.0
7362,FlashSAC,h1-walk-v0,4000,avg_success,300000.0,0.0
7363,FlashSAC,h1-walk-v0,4000,avg_success,400000.0,0.0
7364,FlashSAC,h1-walk-v0,4000,avg_success,500000.0,0.0
7365,FlashSAC,h1-walk-v0,4000,avg_success,600000.0,0.0
7366,FlashSAC,h1-walk-v0,4000,avg_success,700000.0,0.0
7367,FlashSAC,h1-walk-v0,4000,avg_success,800000.0,0.0
7368,FlashSAC,h1-walk-v0,4000,avg_success,900000.0,0.0
7369,FlashSAC,h1-walk-v0,4000,avg_success,1000000.0,0.0
7370,FlashSAC,humanoid-run,0,avg_return,0.0,0.7634324911292765
7371,FlashSAC,humanoid-run,0,avg_return,100000.0,1.0366756160663086
7372,FlashSAC,humanoid-run,0,avg_return,200000.0,1.283054308457554
7373,FlashSAC,humanoid-run,0,avg_return,300000.0,1.3201271898465148
7374,FlashSAC,humanoid-run,0,avg_return,400000.0,1.4773061051404988
7375,FlashSAC,humanoid-run,0,avg_return,500000.0,1.546036030489894
7376,FlashSAC,humanoid-run,0,avg_return,600000.0,50.301140544277125
7377,FlashSAC,humanoid-run,0,avg_return,700000.0,94.97526882103296
7378,FlashSAC,humanoid-run,0,avg_return,800000.0,114.1530013794836
7379,FlashSAC,humanoid-run,0,avg_return,900000.0,124.29371844675316
7380,FlashSAC,humanoid-run,0,avg_return,1000000.0,132.18245154850285
7381,FlashSAC,humanoid-run,0,avg_success,0.0,0.0
7382,FlashSAC,humanoid-run,0,avg_success,100000.0,0.0
7383,FlashSAC,humanoid-run,0,avg_success,200000.0,0.0
7384,FlashSAC,humanoid-run,0,avg_success,300000.0,0.0
7385,FlashSAC,humanoid-run,0,avg_success,400000.0,0.0
7386,FlashSAC,humanoid-run,0,avg_success,500000.0,0.0
7387,FlashSAC,humanoid-run,0,avg_success,600000.0,0.0
7388,FlashSAC,humanoid-run,0,avg_success,700000.0,0.0
7389,FlashSAC,humanoid-run,0,avg_success,800000.0,0.0
7390,FlashSAC,humanoid-run,0,avg_success,900000.0,0.0
7391,FlashSAC,humanoid-run,0,avg_success,1000000.0,0.0
7392,FlashSAC,humanoid-run,1000,avg_return,0.0,0.9503192695817608
7393,FlashSAC,humanoid-run,1000,avg_return,100000.0,1.695723902051168
7394,FlashSAC,humanoid-run,1000,avg_return,200000.0,96.8674283637543
7395,FlashSAC,humanoid-run,1000,avg_return,300000.0,139.53815306905184
7396,FlashSAC,humanoid-run,1000,avg_return,400000.0,219.0998630079172
7397,FlashSAC,humanoid-run,1000,avg_return,500000.0,364.2858796607412
7398,FlashSAC,humanoid-run,1000,avg_return,600000.0,436.9023930358209
7399,FlashSAC,humanoid-run,1000,avg_return,700000.0,476.7672662074988
7400,FlashSAC,humanoid-run,1000,avg_return,800000.0,524.9663628042581
7401,FlashSAC,humanoid-run,1000,avg_return,900000.0,560.0141637333135
7402,FlashSAC,humanoid-run,1000,avg_return,1000000.0,580.602358667651
7403,FlashSAC,humanoid-run,1000,avg_success,0.0,0.0
7404,FlashSAC,humanoid-run,1000,avg_success,100000.0,0.0
7405,FlashSAC,humanoid-run,1000,avg_success,200000.0,0.0
7406,FlashSAC,humanoid-run,1000,avg_success,300000.0,0.0
7407,FlashSAC,humanoid-run,1000,avg_success,400000.0,0.0
7408,FlashSAC,humanoid-run,1000,avg_success,500000.0,0.0
7409,FlashSAC,humanoid-run,1000,avg_success,600000.0,0.0
7410,FlashSAC,humanoid-run,1000,avg_success,700000.0,0.0
7411,FlashSAC,humanoid-run,1000,avg_success,800000.0,0.0
7412,FlashSAC,humanoid-run,1000,avg_success,900000.0,0.0
7413,FlashSAC,humanoid-run,1000,avg_success,1000000.0,0.0
7414,FlashSAC,humanoid-run,2000,avg_return,0.0,0.8285517508839506
7415,FlashSAC,humanoid-run,2000,avg_return,100000.0,1.2208120390130484
7416,FlashSAC,humanoid-run,2000,avg_return,200000.0,54.61510206407492
7417,FlashSAC,humanoid-run,2000,avg_return,300000.0,147.28524101362626
7418,FlashSAC,humanoid-run,2000,avg_return,400000.0,175.1393494541085
7419,FlashSAC,humanoid-run,2000,avg_return,500000.0,183.94196403396225
7420,FlashSAC,humanoid-run,2000,avg_return,600000.0,195.1327347718316
7421,FlashSAC,humanoid-run,2000,avg_return,700000.0,208.7227844259622
7422,FlashSAC,humanoid-run,2000,avg_return,800000.0,214.1715491634272
7423,FlashSAC,humanoid-run,2000,avg_return,900000.0,229.86957654828905
7424,FlashSAC,humanoid-run,2000,avg_return,1000000.0,238.1220444421052
7425,FlashSAC,humanoid-run,2000,avg_success,0.0,0.0
7426,FlashSAC,humanoid-run,2000,avg_success,100000.0,0.0
7427,FlashSAC,humanoid-run,2000,avg_success,200000.0,0.0
7428,FlashSAC,humanoid-run,2000,avg_success,300000.0,0.0
7429,FlashSAC,humanoid-run,2000,avg_success,400000.0,0.0
7430,FlashSAC,humanoid-run,2000,avg_success,500000.0,0.0
7431,FlashSAC,humanoid-run,2000,avg_success,600000.0,0.0
7432,FlashSAC,humanoid-run,2000,avg_success,700000.0,0.0
7433,FlashSAC,humanoid-run,2000,avg_success,800000.0,0.0
7434,FlashSAC,humanoid-run,2000,avg_success,900000.0,0.0
7435,FlashSAC,humanoid-run,2000,avg_success,1000000.0,0.0
7436,FlashSAC,humanoid-run,3000,avg_return,0.0,0.8780799112782107
7437,FlashSAC,humanoid-run,3000,avg_return,100000.0,11.20730281704582
7438,FlashSAC,humanoid-run,3000,avg_return,200000.0,126.71538637423431
7439,FlashSAC,humanoid-run,3000,avg_return,300000.0,158.83305720307644
7440,FlashSAC,humanoid-run,3000,avg_return,400000.0,179.64853898327922
7441,FlashSAC,humanoid-run,3000,avg_return,500000.0,198.6220400668874
7442,FlashSAC,humanoid-run,3000,avg_return,600000.0,245.5887625455053
7443,FlashSAC,humanoid-run,3000,avg_return,700000.0,291.76496959523314
7444,FlashSAC,humanoid-run,3000,avg_return,800000.0,348.75627354162475
7445,FlashSAC,humanoid-run,3000,avg_return,900000.0,352.79985777714484
7446,FlashSAC,humanoid-run,3000,avg_return,1000000.0,445.8559351957789
7447,FlashSAC,humanoid-run,3000,avg_success,0.0,0.0
7448,FlashSAC,humanoid-run,3000,avg_success,100000.0,0.0
7449,FlashSAC,humanoid-run,3000,avg_success,200000.0,0.0
7450,FlashSAC,humanoid-run,3000,avg_success,300000.0,0.0
7451,FlashSAC,humanoid-run,3000,avg_success,400000.0,0.0
7452,FlashSAC,humanoid-run,3000,avg_success,500000.0,0.0
7453,FlashSAC,humanoid-run,3000,avg_success,600000.0,0.0
7454,FlashSAC,humanoid-run,3000,avg_success,700000.0,0.0
7455,FlashSAC,humanoid-run,3000,avg_success,800000.0,0.0
7456,FlashSAC,humanoid-run,3000,avg_success,900000.0,0.0
7457,FlashSAC,humanoid-run,3000,avg_success,1000000.0,0.0
7458,FlashSAC,humanoid-run,4000,avg_return,0.0,0.8171439960459304
7459,FlashSAC,humanoid-run,4000,avg_return,100000.0,1.3707315844541197
7460,FlashSAC,humanoid-run,4000,avg_return,200000.0,93.21664968058816
7461,FlashSAC,humanoid-run,4000,avg_return,300000.0,137.63779269630163
7462,FlashSAC,humanoid-run,4000,avg_return,400000.0,192.07271851598364
7463,FlashSAC,humanoid-run,4000,avg_return,500000.0,237.15286242257608
7464,FlashSAC,humanoid-run,4000,avg_return,600000.0,269.9333867514091
7465,FlashSAC,humanoid-run,4000,avg_return,700000.0,282.5882440111871
7466,FlashSAC,humanoid-run,4000,avg_return,800000.0,359.80050808258136
7467,FlashSAC,humanoid-run,4000,avg_return,900000.0,424.9177326058085
7468,FlashSAC,humanoid-run,4000,avg_return,1000000.0,459.21399052350745
7469,FlashSAC,humanoid-run,4000,avg_success,0.0,0.0
7470,FlashSAC,humanoid-run,4000,avg_success,100000.0,0.0
7471,FlashSAC,humanoid-run,4000,avg_success,200000.0,0.0
7472,FlashSAC,humanoid-run,4000,avg_success,300000.0,0.0
7473,FlashSAC,humanoid-run,4000,avg_success,400000.0,0.0
7474,FlashSAC,humanoid-run,4000,avg_success,500000.0,0.0
7475,FlashSAC,humanoid-run,4000,avg_success,600000.0,0.0
7476,FlashSAC,humanoid-run,4000,avg_success,700000.0,0.0
7477,FlashSAC,humanoid-run,4000,avg_success,800000.0,0.0
7478,FlashSAC,humanoid-run,4000,avg_success,900000.0,0.0
7479,FlashSAC,humanoid-run,4000,avg_success,1000000.0,0.0
7480,FlashSAC,humanoid-stand,0,avg_return,0.0,4.451257014402089
7481,FlashSAC,humanoid-stand,0,avg_return,100000.0,5.757609566841638
7482,FlashSAC,humanoid-stand,0,avg_return,200000.0,7.696107366015358
7483,FlashSAC,humanoid-stand,0,avg_return,300000.0,414.6367869392275
7484,FlashSAC,humanoid-stand,0,avg_return,400000.0,860.3113507236588
7485,FlashSAC,humanoid-stand,0,avg_return,500000.0,906.4321239250332
7486,FlashSAC,humanoid-stand,0,avg_return,600000.0,932.4726124110508
7487,FlashSAC,humanoid-stand,0,avg_return,700000.0,939.950917506487
7488,FlashSAC,humanoid-stand,0,avg_return,800000.0,947.8789718191524
7489,FlashSAC,humanoid-stand,0,avg_return,900000.0,929.9892156498962
7490,FlashSAC,humanoid-stand,0,avg_return,1000000.0,954.4443093493212
7491,FlashSAC,humanoid-stand,0,avg_success,0.0,0.0
7492,FlashSAC,humanoid-stand,0,avg_success,100000.0,0.0
7493,FlashSAC,humanoid-stand,0,avg_success,200000.0,0.0
7494,FlashSAC,humanoid-stand,0,avg_success,300000.0,0.0
7495,FlashSAC,humanoid-stand,0,avg_success,400000.0,0.0
7496,FlashSAC,humanoid-stand,0,avg_success,500000.0,0.0
7497,FlashSAC,humanoid-stand,0,avg_success,600000.0,0.0
7498,FlashSAC,humanoid-stand,0,avg_success,700000.0,0.0
7499,FlashSAC,humanoid-stand,0,avg_success,800000.0,0.0
7500,FlashSAC,humanoid-stand,0,avg_success,900000.0,0.0
7501,FlashSAC,humanoid-stand,0,avg_success,1000000.0,0.0
7502,FlashSAC,humanoid-stand,1000,avg_return,0.0,5.500743670960552
7503,FlashSAC,humanoid-stand,1000,avg_return,100000.0,7.503348392961374
7504,FlashSAC,humanoid-stand,1000,avg_return,200000.0,8.071424474053655
7505,FlashSAC,humanoid-stand,1000,avg_return,300000.0,337.75344443199515
7506,FlashSAC,humanoid-stand,1000,avg_return,400000.0,545.3444003121572
7507,FlashSAC,humanoid-stand,1000,avg_return,500000.0,638.3635860084884
7508,FlashSAC,humanoid-stand,1000,avg_return,600000.0,882.8335932390561
7509,FlashSAC,humanoid-stand,1000,avg_return,700000.0,922.7189873536933
7510,FlashSAC,humanoid-stand,1000,avg_return,800000.0,940.5947914771388
7511,FlashSAC,humanoid-stand,1000,avg_return,900000.0,944.816311298684
7512,FlashSAC,humanoid-stand,1000,avg_return,1000000.0,952.5578076883834
7513,FlashSAC,humanoid-stand,1000,avg_success,0.0,0.0
7514,FlashSAC,humanoid-stand,1000,avg_success,100000.0,0.0
7515,FlashSAC,humanoid-stand,1000,avg_success,200000.0,0.0
7516,FlashSAC,humanoid-stand,1000,avg_success,300000.0,0.0
7517,FlashSAC,humanoid-stand,1000,avg_success,400000.0,0.0
7518,FlashSAC,humanoid-stand,1000,avg_success,500000.0,0.0
7519,FlashSAC,humanoid-stand,1000,avg_success,600000.0,0.0
7520,FlashSAC,humanoid-stand,1000,avg_success,700000.0,0.0
7521,FlashSAC,humanoid-stand,1000,avg_success,800000.0,0.0
7522,FlashSAC,humanoid-stand,1000,avg_success,900000.0,0.0
7523,FlashSAC,humanoid-stand,1000,avg_success,1000000.0,0.0
7524,FlashSAC,humanoid-stand,2000,avg_return,0.0,4.771872088369815
7525,FlashSAC,humanoid-stand,2000,avg_return,100000.0,7.958553682037118
7526,FlashSAC,humanoid-stand,2000,avg_return,200000.0,408.54433635896487
7527,FlashSAC,humanoid-stand,2000,avg_return,300000.0,856.4682198474968
7528,FlashSAC,humanoid-stand,2000,avg_return,400000.0,930.6616255702636
7529,FlashSAC,humanoid-stand,2000,avg_return,500000.0,936.5159909784492
7530,FlashSAC,humanoid-stand,2000,avg_return,600000.0,939.33926757364
7531,FlashSAC,humanoid-stand,2000,avg_return,700000.0,942.502013182892
7532,FlashSAC,humanoid-stand,2000,avg_return,800000.0,957.861782927828
7533,FlashSAC,humanoid-stand,2000,avg_return,900000.0,940.2098527477972
7534,FlashSAC,humanoid-stand,2000,avg_return,1000000.0,949.9485182686371
7535,FlashSAC,humanoid-stand,2000,avg_success,0.0,0.0
7536,FlashSAC,humanoid-stand,2000,avg_success,100000.0,0.0
7537,FlashSAC,humanoid-stand,2000,avg_success,200000.0,0.0
7538,FlashSAC,humanoid-stand,2000,avg_success,300000.0,0.0
7539,FlashSAC,humanoid-stand,2000,avg_success,400000.0,0.0
7540,FlashSAC,humanoid-stand,2000,avg_success,500000.0,0.0
7541,FlashSAC,humanoid-stand,2000,avg_success,600000.0,0.0
7542,FlashSAC,humanoid-stand,2000,avg_success,700000.0,0.0
7543,FlashSAC,humanoid-stand,2000,avg_success,800000.0,0.0
7544,FlashSAC,humanoid-stand,2000,avg_success,900000.0,0.0
7545,FlashSAC,humanoid-stand,2000,avg_success,1000000.0,0.0
7546,FlashSAC,humanoid-stand,3000,avg_return,0.0,5.070223100318095
7547,FlashSAC,humanoid-stand,3000,avg_return,100000.0,6.794727331388163
7548,FlashSAC,humanoid-stand,3000,avg_return,200000.0,299.44011123815665
7549,FlashSAC,humanoid-stand,3000,avg_return,300000.0,538.2609701411977
7550,FlashSAC,humanoid-stand,3000,avg_return,400000.0,626.8776880820421
7551,FlashSAC,humanoid-stand,3000,avg_return,500000.0,923.0559763113184
7552,FlashSAC,humanoid-stand,3000,avg_return,600000.0,945.8093153579445
7553,FlashSAC,humanoid-stand,3000,avg_return,700000.0,944.66964808123
7554,FlashSAC,humanoid-stand,3000,avg_return,800000.0,952.934348526308
7555,FlashSAC,humanoid-stand,3000,avg_return,900000.0,953.7135297240584
7556,FlashSAC,humanoid-stand,3000,avg_return,1000000.0,950.0170261981802
7557,FlashSAC,humanoid-stand,3000,avg_success,0.0,0.0
7558,FlashSAC,humanoid-stand,3000,avg_success,100000.0,0.0
7559,FlashSAC,humanoid-stand,3000,avg_success,200000.0,0.0
7560,FlashSAC,humanoid-stand,3000,avg_success,300000.0,0.0
7561,FlashSAC,humanoid-stand,3000,avg_success,400000.0,0.0
7562,FlashSAC,humanoid-stand,3000,avg_success,500000.0,0.0
7563,FlashSAC,humanoid-stand,3000,avg_success,600000.0,0.0
7564,FlashSAC,humanoid-stand,3000,avg_success,700000.0,0.0
7565,FlashSAC,humanoid-stand,3000,avg_success,800000.0,0.0
7566,FlashSAC,humanoid-stand,3000,avg_success,900000.0,0.0
7567,FlashSAC,humanoid-stand,3000,avg_success,1000000.0,0.0
7568,FlashSAC,humanoid-stand,4000,avg_return,0.0,4.75044249126526
7569,FlashSAC,humanoid-stand,4000,avg_return,100000.0,7.241067812244293
7570,FlashSAC,humanoid-stand,4000,avg_return,200000.0,394.7992073304221
7571,FlashSAC,humanoid-stand,4000,avg_return,300000.0,572.941951215564
7572,FlashSAC,humanoid-stand,4000,avg_return,400000.0,729.8228591249826
7573,FlashSAC,humanoid-stand,4000,avg_return,500000.0,933.4684313477832
7574,FlashSAC,humanoid-stand,4000,avg_return,600000.0,952.7715880939752
7575,FlashSAC,humanoid-stand,4000,avg_return,700000.0,939.6217253300034
7576,FlashSAC,humanoid-stand,4000,avg_return,800000.0,946.3372435908
7577,FlashSAC,humanoid-stand,4000,avg_return,900000.0,958.4141313782336
7578,FlashSAC,humanoid-stand,4000,avg_return,1000000.0,957.390337278197
7579,FlashSAC,humanoid-stand,4000,avg_success,0.0,0.0
7580,FlashSAC,humanoid-stand,4000,avg_success,100000.0,0.0
7581,FlashSAC,humanoid-stand,4000,avg_success,200000.0,0.0
7582,FlashSAC,humanoid-stand,4000,avg_success,300000.0,0.0
7583,FlashSAC,humanoid-stand,4000,avg_success,400000.0,0.0
7584,FlashSAC,humanoid-stand,4000,avg_success,500000.0,0.0
7585,FlashSAC,humanoid-stand,4000,avg_success,600000.0,0.0
7586,FlashSAC,humanoid-stand,4000,avg_success,700000.0,0.0
7587,FlashSAC,humanoid-stand,4000,avg_success,800000.0,0.0
7588,FlashSAC,humanoid-stand,4000,avg_success,900000.0,0.0
7589,FlashSAC,humanoid-stand,4000,avg_success,1000000.0,0.0
7590,FlashSAC,humanoid-walk,0,avg_return,0.0,0.9490332168139304
7591,FlashSAC,humanoid-walk,0,avg_return,100000.0,124.52354863977554
7592,FlashSAC,humanoid-walk,0,avg_return,200000.0,458.7906099696029
7593,FlashSAC,humanoid-walk,0,avg_return,300000.0,611.737428468754
7594,FlashSAC,humanoid-walk,0,avg_return,400000.0,658.4308317072471
7595,FlashSAC,humanoid-walk,0,avg_return,500000.0,913.8843056675574
7596,FlashSAC,humanoid-walk,0,avg_return,600000.0,917.4969917897856
7597,FlashSAC,humanoid-walk,0,avg_return,700000.0,921.3439657447898
7598,FlashSAC,humanoid-walk,0,avg_return,800000.0,938.3919927426422
7599,FlashSAC,humanoid-walk,0,avg_return,900000.0,941.407984350048
7600,FlashSAC,humanoid-walk,0,avg_return,1000000.0,937.9219951634152
7601,FlashSAC,humanoid-walk,0,avg_success,0.0,0.0
7602,FlashSAC,humanoid-walk,0,avg_success,100000.0,0.0
7603,FlashSAC,humanoid-walk,0,avg_success,200000.0,0.0
7604,FlashSAC,humanoid-walk,0,avg_success,300000.0,0.0
7605,FlashSAC,humanoid-walk,0,avg_success,400000.0,0.0
7606,FlashSAC,humanoid-walk,0,avg_success,500000.0,0.0
7607,FlashSAC,humanoid-walk,0,avg_success,600000.0,0.0
7608,FlashSAC,humanoid-walk,0,avg_success,700000.0,0.0
7609,FlashSAC,humanoid-walk,0,avg_success,800000.0,0.0
7610,FlashSAC,humanoid-walk,0,avg_success,900000.0,0.0
7611,FlashSAC,humanoid-walk,0,avg_success,1000000.0,0.0
7612,FlashSAC,humanoid-walk,1000,avg_return,0.0,1.2359976460445825
7613,FlashSAC,humanoid-walk,1000,avg_return,100000.0,2.2009692913874
7614,FlashSAC,humanoid-walk,1000,avg_return,200000.0,355.2758583732206
7615,FlashSAC,humanoid-walk,1000,avg_return,300000.0,543.0547391741164
7616,FlashSAC,humanoid-walk,1000,avg_return,400000.0,879.8079481046791
7617,FlashSAC,humanoid-walk,1000,avg_return,500000.0,908.2313509381756
7618,FlashSAC,humanoid-walk,1000,avg_return,600000.0,928.5133511125445
7619,FlashSAC,humanoid-walk,1000,avg_return,700000.0,934.626349731907
7620,FlashSAC,humanoid-walk,1000,avg_return,800000.0,936.3079651038556
7621,FlashSAC,humanoid-walk,1000,avg_return,900000.0,934.3258152114016
7622,FlashSAC,humanoid-walk,1000,avg_return,1000000.0,934.5695349702986
7623,FlashSAC,humanoid-walk,1000,avg_success,0.0,0.0
7624,FlashSAC,humanoid-walk,1000,avg_success,100000.0,0.0
7625,FlashSAC,humanoid-walk,1000,avg_success,200000.0,0.0
7626,FlashSAC,humanoid-walk,1000,avg_success,300000.0,0.0
7627,FlashSAC,humanoid-walk,1000,avg_success,400000.0,0.0
7628,FlashSAC,humanoid-walk,1000,avg_success,500000.0,0.0
7629,FlashSAC,humanoid-walk,1000,avg_success,600000.0,0.0
7630,FlashSAC,humanoid-walk,1000,avg_success,700000.0,0.0
7631,FlashSAC,humanoid-walk,1000,avg_success,800000.0,0.0
7632,FlashSAC,humanoid-walk,1000,avg_success,900000.0,0.0
7633,FlashSAC,humanoid-walk,1000,avg_success,1000000.0,0.0
7634,FlashSAC,humanoid-walk,2000,avg_return,0.0,1.0987628377819545
7635,FlashSAC,humanoid-walk,2000,avg_return,100000.0,303.1704664227412
7636,FlashSAC,humanoid-walk,2000,avg_return,200000.0,483.1844880893837
7637,FlashSAC,humanoid-walk,2000,avg_return,300000.0,580.4610603323932
7638,FlashSAC,humanoid-walk,2000,avg_return,400000.0,644.3663215079623
7639,FlashSAC,humanoid-walk,2000,avg_return,500000.0,895.2682609623629
7640,FlashSAC,humanoid-walk,2000,avg_return,600000.0,923.1616709392982
7641,FlashSAC,humanoid-walk,2000,avg_return,700000.0,929.9515946265564
7642,FlashSAC,humanoid-walk,2000,avg_return,800000.0,943.873141941526
7643,FlashSAC,humanoid-walk,2000,avg_return,900000.0,945.6509813382638
7644,FlashSAC,humanoid-walk,2000,avg_return,1000000.0,948.7633356418816
7645,FlashSAC,humanoid-walk,2000,avg_success,0.0,0.0
7646,FlashSAC,humanoid-walk,2000,avg_success,100000.0,0.0
7647,FlashSAC,humanoid-walk,2000,avg_success,200000.0,0.0
7648,FlashSAC,humanoid-walk,2000,avg_success,300000.0,0.0
7649,FlashSAC,humanoid-walk,2000,avg_success,400000.0,0.0
7650,FlashSAC,humanoid-walk,2000,avg_success,500000.0,0.0
7651,FlashSAC,humanoid-walk,2000,avg_success,600000.0,0.0
7652,FlashSAC,humanoid-walk,2000,avg_success,700000.0,0.0
7653,FlashSAC,humanoid-walk,2000,avg_success,800000.0,0.0
7654,FlashSAC,humanoid-walk,2000,avg_success,900000.0,0.0
7655,FlashSAC,humanoid-walk,2000,avg_success,1000000.0,0.0
7656,FlashSAC,humanoid-walk,3000,avg_return,0.0,1.1592485090902498
7657,FlashSAC,humanoid-walk,3000,avg_return,100000.0,1.990330991138174
7658,FlashSAC,humanoid-walk,3000,avg_return,200000.0,349.81578820745284
7659,FlashSAC,humanoid-walk,3000,avg_return,300000.0,502.62817423883394
7660,FlashSAC,humanoid-walk,3000,avg_return,400000.0,616.1482283604765
7661,FlashSAC,humanoid-walk,3000,avg_return,500000.0,911.5078851299572
7662,FlashSAC,humanoid-walk,3000,avg_return,600000.0,931.441611736501
7663,FlashSAC,humanoid-walk,3000,avg_return,700000.0,935.705524313116
7664,FlashSAC,humanoid-walk,3000,avg_return,800000.0,939.1911844882316
7665,FlashSAC,humanoid-walk,3000,avg_return,900000.0,937.8350192695324
7666,FlashSAC,humanoid-walk,3000,avg_return,1000000.0,944.2352141316724
7667,FlashSAC,humanoid-walk,3000,avg_success,0.0,0.0
7668,FlashSAC,humanoid-walk,3000,avg_success,100000.0,0.0
7669,FlashSAC,humanoid-walk,3000,avg_success,200000.0,0.0
7670,FlashSAC,humanoid-walk,3000,avg_success,300000.0,0.0
7671,FlashSAC,humanoid-walk,3000,avg_success,400000.0,0.0
7672,FlashSAC,humanoid-walk,3000,avg_success,500000.0,0.0
7673,FlashSAC,humanoid-walk,3000,avg_success,600000.0,0.0
7674,FlashSAC,humanoid-walk,3000,avg_success,700000.0,0.0
7675,FlashSAC,humanoid-walk,3000,avg_success,800000.0,0.0
7676,FlashSAC,humanoid-walk,3000,avg_success,900000.0,0.0
7677,FlashSAC,humanoid-walk,3000,avg_success,1000000.0,0.0
7678,FlashSAC,humanoid-walk,4000,avg_return,0.0,1.0350925372837865
7679,FlashSAC,humanoid-walk,4000,avg_return,100000.0,180.530421296501
7680,FlashSAC,humanoid-walk,4000,avg_return,200000.0,450.0222652182755
7681,FlashSAC,humanoid-walk,4000,avg_return,300000.0,583.4184324558414
7682,FlashSAC,humanoid-walk,4000,avg_return,400000.0,644.991042889642
7683,FlashSAC,humanoid-walk,4000,avg_return,500000.0,719.2520138606084
7684,FlashSAC,humanoid-walk,4000,avg_return,600000.0,758.9444074848184
7685,FlashSAC,humanoid-walk,4000,avg_return,700000.0,890.7000735690931
7686,FlashSAC,humanoid-walk,4000,avg_return,800000.0,914.2994988094176
7687,FlashSAC,humanoid-walk,4000,avg_return,900000.0,928.3112714541916
7688,FlashSAC,humanoid-walk,4000,avg_return,1000000.0,935.074275743638
7689,FlashSAC,humanoid-walk,4000,avg_success,0.0,0.0
7690,FlashSAC,humanoid-walk,4000,avg_success,100000.0,0.0
7691,FlashSAC,humanoid-walk,4000,avg_success,200000.0,0.0
7692,FlashSAC,humanoid-walk,4000,avg_success,300000.0,0.0
7693,FlashSAC,humanoid-walk,4000,avg_success,400000.0,0.0
7694,FlashSAC,humanoid-walk,4000,avg_success,500000.0,0.0
7695,FlashSAC,humanoid-walk,4000,avg_success,600000.0,0.0
7696,FlashSAC,humanoid-walk,4000,avg_success,700000.0,0.0
7697,FlashSAC,humanoid-walk,4000,avg_success,800000.0,0.0
7698,FlashSAC,humanoid-walk,4000,avg_success,900000.0,0.0
7699,FlashSAC,humanoid-walk,4000,avg_success,1000000.0,0.0
7700,FlashSAC,myo-key-turn,0,avg_return,0.0,-6441.905113811329
7701,FlashSAC,myo-key-turn,0,avg_return,100000.0,2433.0644905975128
7702,FlashSAC,myo-key-turn,0,avg_return,200000.0,2787.1653462060945
7703,FlashSAC,myo-key-turn,0,avg_return,300000.0,3227.2195072028285
7704,FlashSAC,myo-key-turn,0,avg_return,400000.0,3666.859755396941
7705,FlashSAC,myo-key-turn,0,avg_return,500000.0,3915.362890646263
7706,FlashSAC,myo-key-turn,0,avg_return,600000.0,3972.012000487872
7707,FlashSAC,myo-key-turn,0,avg_return,700000.0,3906.871280584792
7708,FlashSAC,myo-key-turn,0,avg_return,800000.0,4245.330495884527
7709,FlashSAC,myo-key-turn,0,avg_return,900000.0,4246.226002431414
7710,FlashSAC,myo-key-turn,0,avg_return,1000000.0,4184.81867331332
7711,FlashSAC,myo-key-turn,0,avg_success,0.0,0.0
7712,FlashSAC,myo-key-turn,0,avg_success,100000.0,1.0
7713,FlashSAC,myo-key-turn,0,avg_success,200000.0,1.0
7714,FlashSAC,myo-key-turn,0,avg_success,300000.0,1.0
7715,FlashSAC,myo-key-turn,0,avg_success,400000.0,1.0
7716,FlashSAC,myo-key-turn,0,avg_success,500000.0,1.0
7717,FlashSAC,myo-key-turn,0,avg_success,600000.0,1.0
7718,FlashSAC,myo-key-turn,0,avg_success,700000.0,1.0
7719,FlashSAC,myo-key-turn,0,avg_success,800000.0,1.0
7720,FlashSAC,myo-key-turn,0,avg_success,900000.0,1.0
7721,FlashSAC,myo-key-turn,0,avg_success,1000000.0,1.0
7722,FlashSAC,myo-key-turn,1000,avg_return,0.0,-4628.6188795579255
7723,FlashSAC,myo-key-turn,1000,avg_return,100000.0,2561.6005458003924
7724,FlashSAC,myo-key-turn,1000,avg_return,200000.0,3371.0769228025265
7725,FlashSAC,myo-key-turn,1000,avg_return,300000.0,3589.527531845748
7726,FlashSAC,myo-key-turn,1000,avg_return,400000.0,3715.034747340577
7727,FlashSAC,myo-key-turn,1000,avg_return,500000.0,3978.645554285127
7728,FlashSAC,myo-key-turn,1000,avg_return,600000.0,4089.6730043257407
7729,FlashSAC,myo-key-turn,1000,avg_return,700000.0,4236.25303216782
7730,FlashSAC,myo-key-turn,1000,avg_return,800000.0,4299.627432649453
7731,FlashSAC,myo-key-turn,1000,avg_return,900000.0,4256.682459936896
7732,FlashSAC,myo-key-turn,1000,avg_return,1000000.0,4326.739022822972
7733,FlashSAC,myo-key-turn,1000,avg_success,0.0,0.0
7734,FlashSAC,myo-key-turn,1000,avg_success,100000.0,1.0
7735,FlashSAC,myo-key-turn,1000,avg_success,200000.0,1.0
7736,FlashSAC,myo-key-turn,1000,avg_success,300000.0,1.0
7737,FlashSAC,myo-key-turn,1000,avg_success,400000.0,1.0
7738,FlashSAC,myo-key-turn,1000,avg_success,500000.0,1.0
7739,FlashSAC,myo-key-turn,1000,avg_success,600000.0,1.0
7740,FlashSAC,myo-key-turn,1000,avg_success,700000.0,1.0
7741,FlashSAC,myo-key-turn,1000,avg_success,800000.0,1.0
7742,FlashSAC,myo-key-turn,1000,avg_success,900000.0,1.0
7743,FlashSAC,myo-key-turn,1000,avg_success,1000000.0,1.0
7744,FlashSAC,myo-key-turn,2000,avg_return,0.0,-183.96193832724367
7745,FlashSAC,myo-key-turn,2000,avg_return,100000.0,1595.568997808647
7746,FlashSAC,myo-key-turn,2000,avg_return,200000.0,2626.673113794186
7747,FlashSAC,myo-key-turn,2000,avg_return,300000.0,3110.9311266125737
7748,FlashSAC,myo-key-turn,2000,avg_return,400000.0,3390.4735445738834
7749,FlashSAC,myo-key-turn,2000,avg_return,500000.0,3451.7424449035225
7750,FlashSAC,myo-key-turn,2000,avg_return,600000.0,3518.2165165173765
7751,FlashSAC,myo-key-turn,2000,avg_return,700000.0,3539.005274012014
7752,FlashSAC,myo-key-turn,2000,avg_return,800000.0,3578.5888132691007
7753,FlashSAC,myo-key-turn,2000,avg_return,900000.0,3633.972348762112
7754,FlashSAC,myo-key-turn,2000,avg_return,1000000.0,3415.0491219811765
7755,FlashSAC,myo-key-turn,2000,avg_success,0.0,0.0
7756,FlashSAC,myo-key-turn,2000,avg_success,100000.0,1.0
7757,FlashSAC,myo-key-turn,2000,avg_success,200000.0,1.0
7758,FlashSAC,myo-key-turn,2000,avg_success,300000.0,1.0
7759,FlashSAC,myo-key-turn,2000,avg_success,400000.0,1.0
7760,FlashSAC,myo-key-turn,2000,avg_success,500000.0,1.0
7761,FlashSAC,myo-key-turn,2000,avg_success,600000.0,1.0
7762,FlashSAC,myo-key-turn,2000,avg_success,700000.0,1.0
7763,FlashSAC,myo-key-turn,2000,avg_success,800000.0,1.0
7764,FlashSAC,myo-key-turn,2000,avg_success,900000.0,1.0
7765,FlashSAC,myo-key-turn,2000,avg_success,1000000.0,1.0
7766,FlashSAC,myo-key-turn,3000,avg_return,0.0,-123.91772847278976
7767,FlashSAC,myo-key-turn,3000,avg_return,100000.0,2224.361381748593
7768,FlashSAC,myo-key-turn,3000,avg_return,200000.0,2305.454857444902
7769,FlashSAC,myo-key-turn,3000,avg_return,300000.0,2185.767735681058
7770,FlashSAC,myo-key-turn,3000,avg_return,400000.0,2778.38324723745
7771,FlashSAC,myo-key-turn,3000,avg_return,500000.0,2970.3939052866936
7772,FlashSAC,myo-key-turn,3000,avg_return,600000.0,3062.2389991729365
7773,FlashSAC,myo-key-turn,3000,avg_return,700000.0,3060.57194697286
7774,FlashSAC,myo-key-turn,3000,avg_return,800000.0,3324.577167508332
7775,FlashSAC,myo-key-turn,3000,avg_return,900000.0,3393.2777927290545
7776,FlashSAC,myo-key-turn,3000,avg_return,1000000.0,3482.114366997861
7777,FlashSAC,myo-key-turn,3000,avg_success,0.0,0.0
7778,FlashSAC,myo-key-turn,3000,avg_success,100000.0,1.0
7779,FlashSAC,myo-key-turn,3000,avg_success,200000.0,1.0
7780,FlashSAC,myo-key-turn,3000,avg_success,300000.0,1.0
7781,FlashSAC,myo-key-turn,3000,avg_success,400000.0,1.0
7782,FlashSAC,myo-key-turn,3000,avg_success,500000.0,1.0
7783,FlashSAC,myo-key-turn,3000,avg_success,600000.0,1.0
7784,FlashSAC,myo-key-turn,3000,avg_success,700000.0,1.0
7785,FlashSAC,myo-key-turn,3000,avg_success,800000.0,1.0
7786,FlashSAC,myo-key-turn,3000,avg_success,900000.0,1.0
7787,FlashSAC,myo-key-turn,3000,avg_success,1000000.0,1.0
7788,FlashSAC,myo-key-turn,4000,avg_return,0.0,-4049.587732841635
7789,FlashSAC,myo-key-turn,4000,avg_return,100000.0,2245.368452130686
7790,FlashSAC,myo-key-turn,4000,avg_return,200000.0,3002.724033075696
7791,FlashSAC,myo-key-turn,4000,avg_return,300000.0,3084.1035426432263
7792,FlashSAC,myo-key-turn,4000,avg_return,400000.0,3558.179911662621
7793,FlashSAC,myo-key-turn,4000,avg_return,500000.0,3809.567974448584
7794,FlashSAC,myo-key-turn,4000,avg_return,600000.0,2051.859427809646
7795,FlashSAC,myo-key-turn,4000,avg_return,700000.0,3900.887269895626
7796,FlashSAC,myo-key-turn,4000,avg_return,800000.0,3913.4877903173865
7797,FlashSAC,myo-key-turn,4000,avg_return,900000.0,4060.51911482876
7798,FlashSAC,myo-key-turn,4000,avg_return,1000000.0,4071.655392315847
7799,FlashSAC,myo-key-turn,4000,avg_success,0.0,0.0
7800,FlashSAC,myo-key-turn,4000,avg_success,100000.0,1.0
7801,FlashSAC,myo-key-turn,4000,avg_success,200000.0,1.0
7802,FlashSAC,myo-key-turn,4000,avg_success,300000.0,1.0
7803,FlashSAC,myo-key-turn,4000,avg_success,400000.0,1.0
7804,FlashSAC,myo-key-turn,4000,avg_success,500000.0,1.0
7805,FlashSAC,myo-key-turn,4000,avg_success,600000.0,1.0
7806,FlashSAC,myo-key-turn,4000,avg_success,700000.0,1.0
7807,FlashSAC,myo-key-turn,4000,avg_success,800000.0,1.0
7808,FlashSAC,myo-key-turn,4000,avg_success,900000.0,1.0
7809,FlashSAC,myo-key-turn,4000,avg_success,1000000.0,1.0
7810,FlashSAC,myo-key-turn-hard,0,avg_return,0.0,-3696.428660239804
7811,FlashSAC,myo-key-turn-hard,0,avg_return,100000.0,1278.247319893174
7812,FlashSAC,myo-key-turn-hard,0,avg_return,200000.0,1811.415327828097
7813,FlashSAC,myo-key-turn-hard,0,avg_return,300000.0,2154.835104623603
7814,FlashSAC,myo-key-turn-hard,0,avg_return,400000.0,2479.2106134493147
7815,FlashSAC,myo-key-turn-hard,0,avg_return,500000.0,2377.8807615831934
7816,FlashSAC,myo-key-turn-hard,0,avg_return,600000.0,2930.8806178883
7817,FlashSAC,myo-key-turn-hard,0,avg_return,700000.0,3056.9609851075734
7818,FlashSAC,myo-key-turn-hard,0,avg_return,800000.0,2996.703631246063
7819,FlashSAC,myo-key-turn-hard,0,avg_return,900000.0,2903.074594128778
7820,FlashSAC,myo-key-turn-hard,0,avg_return,1000000.0,3364.142985673156
7821,FlashSAC,myo-key-turn-hard,0,avg_success,0.0,0.0
7822,FlashSAC,myo-key-turn-hard,0,avg_success,100000.0,0.0
7823,FlashSAC,myo-key-turn-hard,0,avg_success,200000.0,0.08
7824,FlashSAC,myo-key-turn-hard,0,avg_success,300000.0,0.74
7825,FlashSAC,myo-key-turn-hard,0,avg_success,400000.0,0.78
7826,FlashSAC,myo-key-turn-hard,0,avg_success,500000.0,0.84
7827,FlashSAC,myo-key-turn-hard,0,avg_success,600000.0,0.98
7828,FlashSAC,myo-key-turn-hard,0,avg_success,700000.0,1.0
7829,FlashSAC,myo-key-turn-hard,0,avg_success,800000.0,0.98
7830,FlashSAC,myo-key-turn-hard,0,avg_success,900000.0,0.98
7831,FlashSAC,myo-key-turn-hard,0,avg_success,1000000.0,1.0
7832,FlashSAC,myo-key-turn-hard,1000,avg_return,0.0,-2860.6865593742464
7833,FlashSAC,myo-key-turn-hard,1000,avg_return,100000.0,1236.9313840146526
7834,FlashSAC,myo-key-turn-hard,1000,avg_return,200000.0,2031.5136598849856
7835,FlashSAC,myo-key-turn-hard,1000,avg_return,300000.0,2262.846412065135
7836,FlashSAC,myo-key-turn-hard,1000,avg_return,400000.0,2602.3020405318557
7837,FlashSAC,myo-key-turn-hard,1000,avg_return,500000.0,2776.7027994843224
7838,FlashSAC,myo-key-turn-hard,1000,avg_return,600000.0,2759.4597462098573
7839,FlashSAC,myo-key-turn-hard,1000,avg_return,700000.0,2957.068231364803
7840,FlashSAC,myo-key-turn-hard,1000,avg_return,800000.0,2788.2744059785405
7841,FlashSAC,myo-key-turn-hard,1000,avg_return,900000.0,2747.642786975344
7842,FlashSAC,myo-key-turn-hard,1000,avg_return,1000000.0,2961.4600379474555
7843,FlashSAC,myo-key-turn-hard,1000,avg_success,0.0,0.0
7844,FlashSAC,myo-key-turn-hard,1000,avg_success,100000.0,0.0
7845,FlashSAC,myo-key-turn-hard,1000,avg_success,200000.0,0.56
7846,FlashSAC,myo-key-turn-hard,1000,avg_success,300000.0,0.9
7847,FlashSAC,myo-key-turn-hard,1000,avg_success,400000.0,0.96
7848,FlashSAC,myo-key-turn-hard,1000,avg_success,500000.0,0.94
7849,FlashSAC,myo-key-turn-hard,1000,avg_success,600000.0,0.94
7850,FlashSAC,myo-key-turn-hard,1000,avg_success,700000.0,1.0
7851,FlashSAC,myo-key-turn-hard,1000,avg_success,800000.0,0.96
7852,FlashSAC,myo-key-turn-hard,1000,avg_success,900000.0,0.92
7853,FlashSAC,myo-key-turn-hard,1000,avg_success,1000000.0,0.98
7854,FlashSAC,myo-key-turn-hard,2000,avg_return,0.0,-2660.22281751068
7855,FlashSAC,myo-key-turn-hard,2000,avg_return,100000.0,1485.9391077231617
7856,FlashSAC,myo-key-turn-hard,2000,avg_return,200000.0,1878.5937462867648
7857,FlashSAC,myo-key-turn-hard,2000,avg_return,300000.0,2232.9324448001503
7858,FlashSAC,myo-key-turn-hard,2000,avg_return,400000.0,2286.718491123669
7859,FlashSAC,myo-key-turn-hard,2000,avg_return,500000.0,2404.287238983727
7860,FlashSAC,myo-key-turn-hard,2000,avg_return,600000.0,2358.50299309737
7861,FlashSAC,myo-key-turn-hard,2000,avg_return,700000.0,2405.4605585266063
7862,FlashSAC,myo-key-turn-hard,2000,avg_return,800000.0,2501.616768880076
7863,FlashSAC,myo-key-turn-hard,2000,avg_return,900000.0,2784.0657440933905
7864,FlashSAC,myo-key-turn-hard,2000,avg_return,1000000.0,2675.9367232054087
7865,FlashSAC,myo-key-turn-hard,2000,avg_success,0.0,0.0
7866,FlashSAC,myo-key-turn-hard,2000,avg_success,100000.0,0.0
7867,FlashSAC,myo-key-turn-hard,2000,avg_success,200000.0,0.68
7868,FlashSAC,myo-key-turn-hard,2000,avg_success,300000.0,0.88
7869,FlashSAC,myo-key-turn-hard,2000,avg_success,400000.0,0.88
7870,FlashSAC,myo-key-turn-hard,2000,avg_success,500000.0,0.98
7871,FlashSAC,myo-key-turn-hard,2000,avg_success,600000.0,0.92
7872,FlashSAC,myo-key-turn-hard,2000,avg_success,700000.0,0.9
7873,FlashSAC,myo-key-turn-hard,2000,avg_success,800000.0,0.86
7874,FlashSAC,myo-key-turn-hard,2000,avg_success,900000.0,0.98
7875,FlashSAC,myo-key-turn-hard,2000,avg_success,1000000.0,0.94
7876,FlashSAC,myo-key-turn-hard,3000,avg_return,0.0,-301.87538811662233
7877,FlashSAC,myo-key-turn-hard,3000,avg_return,100000.0,1311.8317959198844
7878,FlashSAC,myo-key-turn-hard,3000,avg_return,200000.0,1706.52346530362
7879,FlashSAC,myo-key-turn-hard,3000,avg_return,300000.0,2372.9249757708494
7880,FlashSAC,myo-key-turn-hard,3000,avg_return,400000.0,2618.43065031022
7881,FlashSAC,myo-key-turn-hard,3000,avg_return,500000.0,2954.158423330207
7882,FlashSAC,myo-key-turn-hard,3000,avg_return,600000.0,2839.878975727984
7883,FlashSAC,myo-key-turn-hard,3000,avg_return,700000.0,3484.2319134432564
7884,FlashSAC,myo-key-turn-hard,3000,avg_return,800000.0,3510.115518666423
7885,FlashSAC,myo-key-turn-hard,3000,avg_return,900000.0,3677.652490831965
7886,FlashSAC,myo-key-turn-hard,3000,avg_return,1000000.0,3764.8496730535994
7887,FlashSAC,myo-key-turn-hard,3000,avg_success,0.0,0.0
7888,FlashSAC,myo-key-turn-hard,3000,avg_success,100000.0,0.0
7889,FlashSAC,myo-key-turn-hard,3000,avg_success,200000.0,0.02
7890,FlashSAC,myo-key-turn-hard,3000,avg_success,300000.0,0.82
7891,FlashSAC,myo-key-turn-hard,3000,avg_success,400000.0,0.86
7892,FlashSAC,myo-key-turn-hard,3000,avg_success,500000.0,0.96
7893,FlashSAC,myo-key-turn-hard,3000,avg_success,600000.0,0.92
7894,FlashSAC,myo-key-turn-hard,3000,avg_success,700000.0,1.0
7895,FlashSAC,myo-key-turn-hard,3000,avg_success,800000.0,0.98
7896,FlashSAC,myo-key-turn-hard,3000,avg_success,900000.0,1.0
7897,FlashSAC,myo-key-turn-hard,3000,avg_success,1000000.0,1.0
7898,FlashSAC,myo-key-turn-hard,4000,avg_return,0.0,-4282.376910752844
7899,FlashSAC,myo-key-turn-hard,4000,avg_return,100000.0,1310.1319810438742
7900,FlashSAC,myo-key-turn-hard,4000,avg_return,200000.0,1747.0427712249862
7901,FlashSAC,myo-key-turn-hard,4000,avg_return,300000.0,2196.194003004192
7902,FlashSAC,myo-key-turn-hard,4000,avg_return,400000.0,2004.391036259648
7903,FlashSAC,myo-key-turn-hard,4000,avg_return,500000.0,2564.289120739491
7904,FlashSAC,myo-key-turn-hard,4000,avg_return,600000.0,2641.258415123865
7905,FlashSAC,myo-key-turn-hard,4000,avg_return,700000.0,2828.434023916409
7906,FlashSAC,myo-key-turn-hard,4000,avg_return,800000.0,2903.700049650188
7907,FlashSAC,myo-key-turn-hard,4000,avg_return,900000.0,2955.8530540477404
7908,FlashSAC,myo-key-turn-hard,4000,avg_return,1000000.0,2983.374164298251
7909,FlashSAC,myo-key-turn-hard,4000,avg_success,0.0,0.0
7910,FlashSAC,myo-key-turn-hard,4000,avg_success,100000.0,0.16
7911,FlashSAC,myo-key-turn-hard,4000,avg_success,200000.0,0.74
7912,FlashSAC,myo-key-turn-hard,4000,avg_success,300000.0,0.86
7913,FlashSAC,myo-key-turn-hard,4000,avg_success,400000.0,0.92
7914,FlashSAC,myo-key-turn-hard,4000,avg_success,500000.0,0.84
7915,FlashSAC,myo-key-turn-hard,4000,avg_success,600000.0,0.9
7916,FlashSAC,myo-key-turn-hard,4000,avg_success,700000.0,1.0
7917,FlashSAC,myo-key-turn-hard,4000,avg_success,800000.0,1.0
7918,FlashSAC,myo-key-turn-hard,4000,avg_success,900000.0,1.0
7919,FlashSAC,myo-key-turn-hard,4000,avg_success,1000000.0,0.96
7920,FlashSAC,myo-obj-hold,0,avg_return,0.0,-237.402997719118
7921,FlashSAC,myo-obj-hold,0,avg_return,100000.0,546.7811682172387
7922,FlashSAC,myo-obj-hold,0,avg_return,200000.0,571.102770194469
7923,FlashSAC,myo-obj-hold,0,avg_return,300000.0,574.717662788858
7924,FlashSAC,myo-obj-hold,0,avg_return,400000.0,573.3978272278457
7925,FlashSAC,myo-obj-hold,0,avg_return,500000.0,578.5674272740862
7926,FlashSAC,myo-obj-hold,0,avg_return,600000.0,578.2222900723586
7927,FlashSAC,myo-obj-hold,0,avg_return,700000.0,578.1781556268587
7928,FlashSAC,myo-obj-hold,0,avg_return,800000.0,576.7942557360373
7929,FlashSAC,myo-obj-hold,0,avg_return,900000.0,577.7507311504273
7930,FlashSAC,myo-obj-hold,0,avg_return,1000000.0,579.247723788179
7931,FlashSAC,myo-obj-hold,0,avg_success,0.0,0.0
7932,FlashSAC,myo-obj-hold,0,avg_success,100000.0,1.0
7933,FlashSAC,myo-obj-hold,0,avg_success,200000.0,1.0
7934,FlashSAC,myo-obj-hold,0,avg_success,300000.0,1.0
7935,FlashSAC,myo-obj-hold,0,avg_success,400000.0,1.0
7936,FlashSAC,myo-obj-hold,0,avg_success,500000.0,1.0
7937,FlashSAC,myo-obj-hold,0,avg_success,600000.0,1.0
7938,FlashSAC,myo-obj-hold,0,avg_success,700000.0,1.0
7939,FlashSAC,myo-obj-hold,0,avg_success,800000.0,1.0
7940,FlashSAC,myo-obj-hold,0,avg_success,900000.0,1.0
7941,FlashSAC,myo-obj-hold,0,avg_success,1000000.0,1.0
7942,FlashSAC,myo-obj-hold,1000,avg_return,0.0,-210.41017363090052
7943,FlashSAC,myo-obj-hold,1000,avg_return,100000.0,550.4827113255408
7944,FlashSAC,myo-obj-hold,1000,avg_return,200000.0,565.4718953067115
7945,FlashSAC,myo-obj-hold,1000,avg_return,300000.0,567.2258311335091
7946,FlashSAC,myo-obj-hold,1000,avg_return,400000.0,567.5838653670762
7947,FlashSAC,myo-obj-hold,1000,avg_return,500000.0,568.3649988465978
7948,FlashSAC,myo-obj-hold,1000,avg_return,600000.0,571.7800961611022
7949,FlashSAC,myo-obj-hold,1000,avg_return,700000.0,570.8402902992316
7950,FlashSAC,myo-obj-hold,1000,avg_return,800000.0,572.7495153633621
7951,FlashSAC,myo-obj-hold,1000,avg_return,900000.0,574.6806124559421
7952,FlashSAC,myo-obj-hold,1000,avg_return,1000000.0,574.1072340746255
7953,FlashSAC,myo-obj-hold,1000,avg_success,0.0,0.0
7954,FlashSAC,myo-obj-hold,1000,avg_success,100000.0,1.0
7955,FlashSAC,myo-obj-hold,1000,avg_success,200000.0,1.0
7956,FlashSAC,myo-obj-hold,1000,avg_success,300000.0,1.0
7957,FlashSAC,myo-obj-hold,1000,avg_success,400000.0,1.0
7958,FlashSAC,myo-obj-hold,1000,avg_success,500000.0,1.0
7959,FlashSAC,myo-obj-hold,1000,avg_success,600000.0,1.0
7960,FlashSAC,myo-obj-hold,1000,avg_success,700000.0,1.0
7961,FlashSAC,myo-obj-hold,1000,avg_success,800000.0,1.0
7962,FlashSAC,myo-obj-hold,1000,avg_success,900000.0,1.0
7963,FlashSAC,myo-obj-hold,1000,avg_success,1000000.0,1.0
7964,FlashSAC,myo-obj-hold,2000,avg_return,0.0,-235.4879616414847
7965,FlashSAC,myo-obj-hold,2000,avg_return,100000.0,505.5653521804284
7966,FlashSAC,myo-obj-hold,2000,avg_return,200000.0,563.1200881283909
7967,FlashSAC,myo-obj-hold,2000,avg_return,300000.0,571.6961055358723
7968,FlashSAC,myo-obj-hold,2000,avg_return,400000.0,572.4061541156535
7969,FlashSAC,myo-obj-hold,2000,avg_return,500000.0,572.3181105247563
7970,FlashSAC,myo-obj-hold,2000,avg_return,600000.0,571.4583636726978
7971,FlashSAC,myo-obj-hold,2000,avg_return,700000.0,573.5972032477034
7972,FlashSAC,myo-obj-hold,2000,avg_return,800000.0,575.030060010099
7973,FlashSAC,myo-obj-hold,2000,avg_return,900000.0,573.5839455705641
7974,FlashSAC,myo-obj-hold,2000,avg_return,1000000.0,572.193724772843
7975,FlashSAC,myo-obj-hold,2000,avg_success,0.0,0.0
7976,FlashSAC,myo-obj-hold,2000,avg_success,100000.0,1.0
7977,FlashSAC,myo-obj-hold,2000,avg_success,200000.0,1.0
7978,FlashSAC,myo-obj-hold,2000,avg_success,300000.0,1.0
7979,FlashSAC,myo-obj-hold,2000,avg_success,400000.0,1.0
7980,FlashSAC,myo-obj-hold,2000,avg_success,500000.0,1.0
7981,FlashSAC,myo-obj-hold,2000,avg_success,600000.0,1.0
7982,FlashSAC,myo-obj-hold,2000,avg_success,700000.0,1.0
7983,FlashSAC,myo-obj-hold,2000,avg_success,800000.0,1.0
7984,FlashSAC,myo-obj-hold,2000,avg_success,900000.0,1.0
7985,FlashSAC,myo-obj-hold,2000,avg_success,1000000.0,1.0
7986,FlashSAC,myo-obj-hold,3000,avg_return,0.0,-902.7072117737988
7987,FlashSAC,myo-obj-hold,3000,avg_return,100000.0,533.775513806007
7988,FlashSAC,myo-obj-hold,3000,avg_return,200000.0,560.3272476766278
7989,FlashSAC,myo-obj-hold,3000,avg_return,300000.0,568.8698035389566
7990,FlashSAC,myo-obj-hold,3000,avg_return,400000.0,571.7090003738241
7991,FlashSAC,myo-obj-hold,3000,avg_return,500000.0,568.7051226941285
7992,FlashSAC,myo-obj-hold,3000,avg_return,600000.0,529.1706137767968
7993,FlashSAC,myo-obj-hold,3000,avg_return,700000.0,571.9911256506057
7994,FlashSAC,myo-obj-hold,3000,avg_return,800000.0,570.4940362494518
7995,FlashSAC,myo-obj-hold,3000,avg_return,900000.0,575.124071696881
7996,FlashSAC,myo-obj-hold,3000,avg_return,1000000.0,573.316714428359
7997,FlashSAC,myo-obj-hold,3000,avg_success,0.0,0.0
7998,FlashSAC,myo-obj-hold,3000,avg_success,100000.0,1.0
7999,FlashSAC,myo-obj-hold,3000,avg_success,200000.0,1.0
8000,FlashSAC,myo-obj-hold,3000,avg_success,300000.0,1.0
8001,FlashSAC,myo-obj-hold,3000,avg_success,400000.0,1.0
8002,FlashSAC,myo-obj-hold,3000,avg_success,500000.0,1.0
8003,FlashSAC,myo-obj-hold,3000,avg_success,600000.0,1.0
8004,FlashSAC,myo-obj-hold,3000,avg_success,700000.0,1.0
8005,FlashSAC,myo-obj-hold,3000,avg_success,800000.0,1.0
8006,FlashSAC,myo-obj-hold,3000,avg_success,900000.0,1.0
8007,FlashSAC,myo-obj-hold,3000,avg_success,1000000.0,1.0
8008,FlashSAC,myo-obj-hold,4000,avg_return,0.0,-229.0757661618541
8009,FlashSAC,myo-obj-hold,4000,avg_return,100000.0,537.3806848578278
8010,FlashSAC,myo-obj-hold,4000,avg_return,200000.0,565.2071392325159
8011,FlashSAC,myo-obj-hold,4000,avg_return,300000.0,567.5401863711393
8012,FlashSAC,myo-obj-hold,4000,avg_return,400000.0,566.483849546707
8013,FlashSAC,myo-obj-hold,4000,avg_return,500000.0,570.3188883266957
8014,FlashSAC,myo-obj-hold,4000,avg_return,600000.0,571.1429874747281
8015,FlashSAC,myo-obj-hold,4000,avg_return,700000.0,573.5647796034064
8016,FlashSAC,myo-obj-hold,4000,avg_return,800000.0,573.2412952075498
8017,FlashSAC,myo-obj-hold,4000,avg_return,900000.0,573.9797818546548
8018,FlashSAC,myo-obj-hold,4000,avg_return,1000000.0,573.0001306812615
8019,FlashSAC,myo-obj-hold,4000,avg_success,0.0,0.0
8020,FlashSAC,myo-obj-hold,4000,avg_success,100000.0,1.0
8021,FlashSAC,myo-obj-hold,4000,avg_success,200000.0,1.0
8022,FlashSAC,myo-obj-hold,4000,avg_success,300000.0,1.0
8023,FlashSAC,myo-obj-hold,4000,avg_success,400000.0,1.0
8024,FlashSAC,myo-obj-hold,4000,avg_success,500000.0,1.0
8025,FlashSAC,myo-obj-hold,4000,avg_success,600000.0,1.0
8026,FlashSAC,myo-obj-hold,4000,avg_success,700000.0,1.0
8027,FlashSAC,myo-obj-hold,4000,avg_success,800000.0,1.0
8028,FlashSAC,myo-obj-hold,4000,avg_success,900000.0,1.0
8029,FlashSAC,myo-obj-hold,4000,avg_success,1000000.0,1.0
8030,FlashSAC,myo-obj-hold-hard,0,avg_return,0.0,-245.58425115500523
8031,FlashSAC,myo-obj-hold-hard,0,avg_return,100000.0,26.291136762036093
8032,FlashSAC,myo-obj-hold-hard,0,avg_return,200000.0,215.341067946198
8033,FlashSAC,myo-obj-hold-hard,0,avg_return,300000.0,356.2903434425652
8034,FlashSAC,myo-obj-hold-hard,0,avg_return,400000.0,342.2970303323221
8035,FlashSAC,myo-obj-hold-hard,0,avg_return,500000.0,420.10730919547416
8036,FlashSAC,myo-obj-hold-hard,0,avg_return,600000.0,458.8554949975479
8037,FlashSAC,myo-obj-hold-hard,0,avg_return,700000.0,444.6755674035636
8038,FlashSAC,myo-obj-hold-hard,0,avg_return,800000.0,444.8149819515236
8039,FlashSAC,myo-obj-hold-hard,0,avg_return,900000.0,490.3018930257311
8040,FlashSAC,myo-obj-hold-hard,0,avg_return,1000000.0,467.193049830118
8041,FlashSAC,myo-obj-hold-hard,0,avg_success,0.0,0.04
8042,FlashSAC,myo-obj-hold-hard,0,avg_success,100000.0,0.78
8043,FlashSAC,myo-obj-hold-hard,0,avg_success,200000.0,0.84
8044,FlashSAC,myo-obj-hold-hard,0,avg_success,300000.0,0.92
8045,FlashSAC,myo-obj-hold-hard,0,avg_success,400000.0,0.94
8046,FlashSAC,myo-obj-hold-hard,0,avg_success,500000.0,1.0
8047,FlashSAC,myo-obj-hold-hard,0,avg_success,600000.0,0.98
8048,FlashSAC,myo-obj-hold-hard,0,avg_success,700000.0,1.0
8049,FlashSAC,myo-obj-hold-hard,0,avg_success,800000.0,0.98
8050,FlashSAC,myo-obj-hold-hard,0,avg_success,900000.0,1.0
8051,FlashSAC,myo-obj-hold-hard,0,avg_success,1000000.0,1.0
8052,FlashSAC,myo-obj-hold-hard,1000,avg_return,0.0,-253.80215595782823
8053,FlashSAC,myo-obj-hold-hard,1000,avg_return,100000.0,84.69371209668499
8054,FlashSAC,myo-obj-hold-hard,1000,avg_return,200000.0,234.2078236153371
8055,FlashSAC,myo-obj-hold-hard,1000,avg_return,300000.0,286.68715866485564
8056,FlashSAC,myo-obj-hold-hard,1000,avg_return,400000.0,359.07918272935
8057,FlashSAC,myo-obj-hold-hard,1000,avg_return,500000.0,406.1623976816281
8058,FlashSAC,myo-obj-hold-hard,1000,avg_return,600000.0,449.504819298313
8059,FlashSAC,myo-obj-hold-hard,1000,avg_return,700000.0,459.56925500806
8060,FlashSAC,myo-obj-hold-hard,1000,avg_return,800000.0,449.2083459447607
8061,FlashSAC,myo-obj-hold-hard,1000,avg_return,900000.0,453.4278331297033
8062,FlashSAC,myo-obj-hold-hard,1000,avg_return,1000000.0,445.8660501940669
8063,FlashSAC,myo-obj-hold-hard,1000,avg_success,0.0,0.1
8064,FlashSAC,myo-obj-hold-hard,1000,avg_success,100000.0,0.74
8065,FlashSAC,myo-obj-hold-hard,1000,avg_success,200000.0,0.92
8066,FlashSAC,myo-obj-hold-hard,1000,avg_success,300000.0,0.96
8067,FlashSAC,myo-obj-hold-hard,1000,avg_success,400000.0,0.96
8068,FlashSAC,myo-obj-hold-hard,1000,avg_success,500000.0,0.92
8069,FlashSAC,myo-obj-hold-hard,1000,avg_success,600000.0,1.0
8070,FlashSAC,myo-obj-hold-hard,1000,avg_success,700000.0,0.98
8071,FlashSAC,myo-obj-hold-hard,1000,avg_success,800000.0,1.0
8072,FlashSAC,myo-obj-hold-hard,1000,avg_success,900000.0,0.98
8073,FlashSAC,myo-obj-hold-hard,1000,avg_success,1000000.0,0.98
8074,FlashSAC,myo-obj-hold-hard,2000,avg_return,0.0,-263.4100810804047
8075,FlashSAC,myo-obj-hold-hard,2000,avg_return,100000.0,157.43343383649676
8076,FlashSAC,myo-obj-hold-hard,2000,avg_return,200000.0,326.89600202242605
8077,FlashSAC,myo-obj-hold-hard,2000,avg_return,300000.0,406.5025684982856
8078,FlashSAC,myo-obj-hold-hard,2000,avg_return,400000.0,416.7068549026319
8079,FlashSAC,myo-obj-hold-hard,2000,avg_return,500000.0,476.5457068167885
8080,FlashSAC,myo-obj-hold-hard,2000,avg_return,600000.0,504.726299544069
8081,FlashSAC,myo-obj-hold-hard,2000,avg_return,700000.0,526.9593963160424
8082,FlashSAC,myo-obj-hold-hard,2000,avg_return,800000.0,486.7674788910088
8083,FlashSAC,myo-obj-hold-hard,2000,avg_return,900000.0,510.2214832202735
8084,FlashSAC,myo-obj-hold-hard,2000,avg_return,1000000.0,530.170740866181
8085,FlashSAC,myo-obj-hold-hard,2000,avg_success,0.0,0.04
8086,FlashSAC,myo-obj-hold-hard,2000,avg_success,100000.0,0.88
8087,FlashSAC,myo-obj-hold-hard,2000,avg_success,200000.0,1.0
8088,FlashSAC,myo-obj-hold-hard,2000,avg_success,300000.0,0.98
8089,FlashSAC,myo-obj-hold-hard,2000,avg_success,400000.0,0.94
8090,FlashSAC,myo-obj-hold-hard,2000,avg_success,500000.0,0.98
8091,FlashSAC,myo-obj-hold-hard,2000,avg_success,600000.0,1.0
8092,FlashSAC,myo-obj-hold-hard,2000,avg_success,700000.0,1.0
8093,FlashSAC,myo-obj-hold-hard,2000,avg_success,800000.0,0.98
8094,FlashSAC,myo-obj-hold-hard,2000,avg_success,900000.0,1.0
8095,FlashSAC,myo-obj-hold-hard,2000,avg_success,1000000.0,1.0
8096,FlashSAC,myo-obj-hold-hard,3000,avg_return,0.0,-755.900565084956
8097,FlashSAC,myo-obj-hold-hard,3000,avg_return,100000.0,45.11341752069237
8098,FlashSAC,myo-obj-hold-hard,3000,avg_return,200000.0,349.5012734127444
8099,FlashSAC,myo-obj-hold-hard,3000,avg_return,300000.0,385.5434376432997
8100,FlashSAC,myo-obj-hold-hard,3000,avg_return,400000.0,418.8374131746176
8101,FlashSAC,myo-obj-hold-hard,3000,avg_return,500000.0,423.19687756995785
8102,FlashSAC,myo-obj-hold-hard,3000,avg_return,600000.0,496.00531480358296
8103,FlashSAC,myo-obj-hold-hard,3000,avg_return,700000.0,476.8972695858776
8104,FlashSAC,myo-obj-hold-hard,3000,avg_return,800000.0,513.3101184639138
8105,FlashSAC,myo-obj-hold-hard,3000,avg_return,900000.0,495.98575474207945
8106,FlashSAC,myo-obj-hold-hard,3000,avg_return,1000000.0,514.8052553539641
8107,FlashSAC,myo-obj-hold-hard,3000,avg_success,0.0,0.02
8108,FlashSAC,myo-obj-hold-hard,3000,avg_success,100000.0,0.88
8109,FlashSAC,myo-obj-hold-hard,3000,avg_success,200000.0,0.92
8110,FlashSAC,myo-obj-hold-hard,3000,avg_success,300000.0,0.9
8111,FlashSAC,myo-obj-hold-hard,3000,avg_success,400000.0,0.96
8112,FlashSAC,myo-obj-hold-hard,3000,avg_success,500000.0,0.96
8113,FlashSAC,myo-obj-hold-hard,3000,avg_success,600000.0,1.0
8114,FlashSAC,myo-obj-hold-hard,3000,avg_success,700000.0,1.0
8115,FlashSAC,myo-obj-hold-hard,3000,avg_success,800000.0,0.98
8116,FlashSAC,myo-obj-hold-hard,3000,avg_success,900000.0,0.98
8117,FlashSAC,myo-obj-hold-hard,3000,avg_success,1000000.0,0.98
8118,FlashSAC,myo-obj-hold-hard,4000,avg_return,0.0,-240.61785590243468
8119,FlashSAC,myo-obj-hold-hard,4000,avg_return,100000.0,66.30031082054407
8120,FlashSAC,myo-obj-hold-hard,4000,avg_return,200000.0,255.33884653860824
8121,FlashSAC,myo-obj-hold-hard,4000,avg_return,300000.0,287.38984463073984
8122,FlashSAC,myo-obj-hold-hard,4000,avg_return,400000.0,355.45194920765294
8123,FlashSAC,myo-obj-hold-hard,4000,avg_return,500000.0,376.511139199606
8124,FlashSAC,myo-obj-hold-hard,4000,avg_return,600000.0,409.94226557744906
8125,FlashSAC,myo-obj-hold-hard,4000,avg_return,700000.0,448.04800939528445
8126,FlashSAC,myo-obj-hold-hard,4000,avg_return,800000.0,454.8376757616903
8127,FlashSAC,myo-obj-hold-hard,4000,avg_return,900000.0,475.0431784172805
8128,FlashSAC,myo-obj-hold-hard,4000,avg_return,1000000.0,434.84899334769847
8129,FlashSAC,myo-obj-hold-hard,4000,avg_success,0.0,0.02
8130,FlashSAC,myo-obj-hold-hard,4000,avg_success,100000.0,0.74
8131,FlashSAC,myo-obj-hold-hard,4000,avg_success,200000.0,0.82
8132,FlashSAC,myo-obj-hold-hard,4000,avg_success,300000.0,0.88
8133,FlashSAC,myo-obj-hold-hard,4000,avg_success,400000.0,0.98
8134,FlashSAC,myo-obj-hold-hard,4000,avg_success,500000.0,0.94
8135,FlashSAC,myo-obj-hold-hard,4000,avg_success,600000.0,0.9
8136,FlashSAC,myo-obj-hold-hard,4000,avg_success,700000.0,0.98
8137,FlashSAC,myo-obj-hold-hard,4000,avg_success,800000.0,1.0
8138,FlashSAC,myo-obj-hold-hard,4000,avg_success,900000.0,0.98
8139,FlashSAC,myo-obj-hold-hard,4000,avg_success,1000000.0,0.98
8140,FlashSAC,myo-pen-twirl,0,avg_return,0.0,-47.03844273333026
8141,FlashSAC,myo-pen-twirl,0,avg_return,100000.0,-27788.942809725733
8142,FlashSAC,myo-pen-twirl,0,avg_return,200000.0,1139.0363015303287
8143,FlashSAC,myo-pen-twirl,0,avg_return,300000.0,1520.9138672746174
8144,FlashSAC,myo-pen-twirl,0,avg_return,400000.0,1505.1727675303534
8145,FlashSAC,myo-pen-twirl,0,avg_return,500000.0,501.961422449524
8146,FlashSAC,myo-pen-twirl,0,avg_return,600000.0,1472.516494334087
8147,FlashSAC,myo-pen-twirl,0,avg_return,700000.0,649.026772764671
8148,FlashSAC,myo-pen-twirl,0,avg_return,800000.0,1219.591573330994
8149,FlashSAC,myo-pen-twirl,0,avg_return,900000.0,576.2099747348138
8150,FlashSAC,myo-pen-twirl,0,avg_return,1000000.0,575.8585390496874
8151,FlashSAC,myo-pen-twirl,0,avg_success,0.0,0.0
8152,FlashSAC,myo-pen-twirl,0,avg_success,100000.0,1.0
8153,FlashSAC,myo-pen-twirl,0,avg_success,200000.0,1.0
8154,FlashSAC,myo-pen-twirl,0,avg_success,300000.0,1.0
8155,FlashSAC,myo-pen-twirl,0,avg_success,400000.0,1.0
8156,FlashSAC,myo-pen-twirl,0,avg_success,500000.0,1.0
8157,FlashSAC,myo-pen-twirl,0,avg_success,600000.0,1.0
8158,FlashSAC,myo-pen-twirl,0,avg_success,700000.0,1.0
8159,FlashSAC,myo-pen-twirl,0,avg_success,800000.0,1.0
8160,FlashSAC,myo-pen-twirl,0,avg_success,900000.0,1.0
8161,FlashSAC,myo-pen-twirl,0,avg_success,1000000.0,1.0
8162,FlashSAC,myo-pen-twirl,1000,avg_return,0.0,-19.06008932934756
8163,FlashSAC,myo-pen-twirl,1000,avg_return,100000.0,656.4362401012686
8164,FlashSAC,myo-pen-twirl,1000,avg_return,200000.0,1583.3615527586887
8165,FlashSAC,myo-pen-twirl,1000,avg_return,300000.0,1897.363982563297
8166,FlashSAC,myo-pen-twirl,1000,avg_return,400000.0,2258.0097168050656
8167,FlashSAC,myo-pen-twirl,1000,avg_return,500000.0,2322.4192014334008
8168,FlashSAC,myo-pen-twirl,1000,avg_return,600000.0,2322.276984430375
8169,FlashSAC,myo-pen-twirl,1000,avg_return,700000.0,2321.646315096375
8170,FlashSAC,myo-pen-twirl,1000,avg_return,800000.0,2273.081538184954
8171,FlashSAC,myo-pen-twirl,1000,avg_return,900000.0,2272.9987177904745
8172,FlashSAC,myo-pen-twirl,1000,avg_return,1000000.0,2263.177302854448
8173,FlashSAC,myo-pen-twirl,1000,avg_success,0.0,0.0
8174,FlashSAC,myo-pen-twirl,1000,avg_success,100000.0,1.0
8175,FlashSAC,myo-pen-twirl,1000,avg_success,200000.0,1.0
8176,FlashSAC,myo-pen-twirl,1000,avg_success,300000.0,1.0
8177,FlashSAC,myo-pen-twirl,1000,avg_success,400000.0,1.0
8178,FlashSAC,myo-pen-twirl,1000,avg_success,500000.0,1.0
8179,FlashSAC,myo-pen-twirl,1000,avg_success,600000.0,1.0
8180,FlashSAC,myo-pen-twirl,1000,avg_success,700000.0,1.0
8181,FlashSAC,myo-pen-twirl,1000,avg_success,800000.0,1.0
8182,FlashSAC,myo-pen-twirl,1000,avg_success,900000.0,1.0
8183,FlashSAC,myo-pen-twirl,1000,avg_success,1000000.0,1.0
8184,FlashSAC,myo-pen-twirl,2000,avg_return,0.0,-17.062651876246996
8185,FlashSAC,myo-pen-twirl,2000,avg_return,100000.0,1410.834410518378
8186,FlashSAC,myo-pen-twirl,2000,avg_return,200000.0,2079.255564018525
8187,FlashSAC,myo-pen-twirl,2000,avg_return,300000.0,2080.830700118593
8188,FlashSAC,myo-pen-twirl,2000,avg_return,400000.0,2080.7761749515635
8189,FlashSAC,myo-pen-twirl,2000,avg_return,500000.0,2080.748015453403
8190,FlashSAC,myo-pen-twirl,2000,avg_return,600000.0,2080.8235311108983
8191,FlashSAC,myo-pen-twirl,2000,avg_return,700000.0,2080.867992925449
8192,FlashSAC,myo-pen-twirl,2000,avg_return,800000.0,2081.161592915765
8193,FlashSAC,myo-pen-twirl,2000,avg_return,900000.0,2080.750635905344
8194,FlashSAC,myo-pen-twirl,2000,avg_return,1000000.0,2064.5546346777887
8195,FlashSAC,myo-pen-twirl,2000,avg_success,0.0,0.0
8196,FlashSAC,myo-pen-twirl,2000,avg_success,100000.0,1.0
8197,FlashSAC,myo-pen-twirl,2000,avg_success,200000.0,1.0
8198,FlashSAC,myo-pen-twirl,2000,avg_success,300000.0,1.0
8199,FlashSAC,myo-pen-twirl,2000,avg_success,400000.0,1.0
8200,FlashSAC,myo-pen-twirl,2000,avg_success,500000.0,1.0
8201,FlashSAC,myo-pen-twirl,2000,avg_success,600000.0,1.0
8202,FlashSAC,myo-pen-twirl,2000,avg_success,700000.0,1.0
8203,FlashSAC,myo-pen-twirl,2000,avg_success,800000.0,1.0
8204,FlashSAC,myo-pen-twirl,2000,avg_success,900000.0,1.0
8205,FlashSAC,myo-pen-twirl,2000,avg_success,1000000.0,1.0
8206,FlashSAC,myo-pen-twirl,3000,avg_return,0.0,-11.823551171782771
8207,FlashSAC,myo-pen-twirl,3000,avg_return,100000.0,1532.2133614221095
8208,FlashSAC,myo-pen-twirl,3000,avg_return,200000.0,1082.7318149143875
8209,FlashSAC,myo-pen-twirl,3000,avg_return,300000.0,1714.3184128213782
8210,FlashSAC,myo-pen-twirl,3000,avg_return,400000.0,1867.625505909728
8211,FlashSAC,myo-pen-twirl,3000,avg_return,500000.0,2264.934556741683
8212,FlashSAC,myo-pen-twirl,3000,avg_return,600000.0,2319.2793850717185
8213,FlashSAC,myo-pen-twirl,3000,avg_return,700000.0,2320.116439696749
8214,FlashSAC,myo-pen-twirl,3000,avg_return,800000.0,2319.8162499922746
8215,FlashSAC,myo-pen-twirl,3000,avg_return,900000.0,2327.350123424081
8216,FlashSAC,myo-pen-twirl,3000,avg_return,1000000.0,2319.869508288125
8217,FlashSAC,myo-pen-twirl,3000,avg_success,0.0,0.0
8218,FlashSAC,myo-pen-twirl,3000,avg_success,100000.0,1.0
8219,FlashSAC,myo-pen-twirl,3000,avg_success,200000.0,1.0
8220,FlashSAC,myo-pen-twirl,3000,avg_success,300000.0,1.0
8221,FlashSAC,myo-pen-twirl,3000,avg_success,400000.0,1.0
8222,FlashSAC,myo-pen-twirl,3000,avg_success,500000.0,1.0
8223,FlashSAC,myo-pen-twirl,3000,avg_success,600000.0,1.0
8224,FlashSAC,myo-pen-twirl,3000,avg_success,700000.0,1.0
8225,FlashSAC,myo-pen-twirl,3000,avg_success,800000.0,1.0
8226,FlashSAC,myo-pen-twirl,3000,avg_success,900000.0,1.0
8227,FlashSAC,myo-pen-twirl,3000,avg_success,1000000.0,1.0
8228,FlashSAC,myo-pen-twirl,4000,avg_return,0.0,-31.184817328656436
8229,FlashSAC,myo-pen-twirl,4000,avg_return,100000.0,24.60154874218041
8230,FlashSAC,myo-pen-twirl,4000,avg_return,200000.0,26.11458859128065
8231,FlashSAC,myo-pen-twirl,4000,avg_return,300000.0,25.997463897437875
8232,FlashSAC,myo-pen-twirl,4000,avg_return,400000.0,26.886461616017872
8233,FlashSAC,myo-pen-twirl,4000,avg_return,500000.0,26.47624620521589
8234,FlashSAC,myo-pen-twirl,4000,avg_return,600000.0,26.07384583381734
8235,FlashSAC,myo-pen-twirl,4000,avg_return,700000.0,21.65153257961218
8236,FlashSAC,myo-pen-twirl,4000,avg_return,800000.0,26.967732970949587
8237,FlashSAC,myo-pen-twirl,4000,avg_return,900000.0,27.02895676537039
8238,FlashSAC,myo-pen-twirl,4000,avg_return,1000000.0,27.39724011044009
8239,FlashSAC,myo-pen-twirl,4000,avg_success,0.0,0.0
8240,FlashSAC,myo-pen-twirl,4000,avg_success,100000.0,0.0
8241,FlashSAC,myo-pen-twirl,4000,avg_success,200000.0,0.0
8242,FlashSAC,myo-pen-twirl,4000,avg_success,300000.0,0.0
8243,FlashSAC,myo-pen-twirl,4000,avg_success,400000.0,0.0
8244,FlashSAC,myo-pen-twirl,4000,avg_success,500000.0,0.0
8245,FlashSAC,myo-pen-twirl,4000,avg_success,600000.0,0.0
8246,FlashSAC,myo-pen-twirl,4000,avg_success,700000.0,0.0
8247,FlashSAC,myo-pen-twirl,4000,avg_success,800000.0,0.0
8248,FlashSAC,myo-pen-twirl,4000,avg_success,900000.0,0.0
8249,FlashSAC,myo-pen-twirl,4000,avg_success,1000000.0,0.0
8250,FlashSAC,myo-pen-twirl-hard,0,avg_return,0.0,-29.88045410939456
8251,FlashSAC,myo-pen-twirl-hard,0,avg_return,100000.0,440.50523830322544
8252,FlashSAC,myo-pen-twirl-hard,0,avg_return,200000.0,850.3292350755264
8253,FlashSAC,myo-pen-twirl-hard,0,avg_return,300000.0,868.9745460196687
8254,FlashSAC,myo-pen-twirl-hard,0,avg_return,400000.0,1130.591025622694
8255,FlashSAC,myo-pen-twirl-hard,0,avg_return,500000.0,1226.8853785352446
8256,FlashSAC,myo-pen-twirl-hard,0,avg_return,600000.0,1446.94970068593
8257,FlashSAC,myo-pen-twirl-hard,0,avg_return,700000.0,1342.991228118845
8258,FlashSAC,myo-pen-twirl-hard,0,avg_return,800000.0,1454.4337966342428
8259,FlashSAC,myo-pen-twirl-hard,0,avg_return,900000.0,1315.984496550241
8260,FlashSAC,myo-pen-twirl-hard,0,avg_return,1000000.0,1622.8903255158468
8261,FlashSAC,myo-pen-twirl-hard,0,avg_success,0.0,0.04
8262,FlashSAC,myo-pen-twirl-hard,0,avg_success,100000.0,0.38
8263,FlashSAC,myo-pen-twirl-hard,0,avg_success,200000.0,0.54
8264,FlashSAC,myo-pen-twirl-hard,0,avg_success,300000.0,0.7
8265,FlashSAC,myo-pen-twirl-hard,0,avg_success,400000.0,0.78
8266,FlashSAC,myo-pen-twirl-hard,0,avg_success,500000.0,0.78
8267,FlashSAC,myo-pen-twirl-hard,0,avg_success,600000.0,0.78
8268,FlashSAC,myo-pen-twirl-hard,0,avg_success,700000.0,0.7
8269,FlashSAC,myo-pen-twirl-hard,0,avg_success,800000.0,0.84
8270,FlashSAC,myo-pen-twirl-hard,0,avg_success,900000.0,0.78
8271,FlashSAC,myo-pen-twirl-hard,0,avg_success,1000000.0,0.82
8272,FlashSAC,myo-pen-twirl-hard,1000,avg_return,0.0,-9.862021398113068
8273,FlashSAC,myo-pen-twirl-hard,1000,avg_return,100000.0,569.5479629449233
8274,FlashSAC,myo-pen-twirl-hard,1000,avg_return,200000.0,869.4319001824613
8275,FlashSAC,myo-pen-twirl-hard,1000,avg_return,300000.0,1045.762527273101
8276,FlashSAC,myo-pen-twirl-hard,1000,avg_return,400000.0,888.8520046187305
8277,FlashSAC,myo-pen-twirl-hard,1000,avg_return,500000.0,1258.639765609482
8278,FlashSAC,myo-pen-twirl-hard,1000,avg_return,600000.0,1239.793736268606
8279,FlashSAC,myo-pen-twirl-hard,1000,avg_return,700000.0,1674.7059203641843
8280,FlashSAC,myo-pen-twirl-hard,1000,avg_return,800000.0,860.4841728318404
8281,FlashSAC,myo-pen-twirl-hard,1000,avg_return,900000.0,1368.688338618721
8282,FlashSAC,myo-pen-twirl-hard,1000,avg_return,1000000.0,1439.878645271491
8283,FlashSAC,myo-pen-twirl-hard,1000,avg_success,0.0,0.0
8284,FlashSAC,myo-pen-twirl-hard,1000,avg_success,100000.0,0.44
8285,FlashSAC,myo-pen-twirl-hard,1000,avg_success,200000.0,0.56
8286,FlashSAC,myo-pen-twirl-hard,1000,avg_success,300000.0,0.76
8287,FlashSAC,myo-pen-twirl-hard,1000,avg_success,400000.0,0.6
8288,FlashSAC,myo-pen-twirl-hard,1000,avg_success,500000.0,0.78
8289,FlashSAC,myo-pen-twirl-hard,1000,avg_success,600000.0,0.74
8290,FlashSAC,myo-pen-twirl-hard,1000,avg_success,700000.0,0.92
8291,FlashSAC,myo-pen-twirl-hard,1000,avg_success,800000.0,0.84
8292,FlashSAC,myo-pen-twirl-hard,1000,avg_success,900000.0,0.76
8293,FlashSAC,myo-pen-twirl-hard,1000,avg_success,1000000.0,0.84
8294,FlashSAC,myo-pen-twirl-hard,2000,avg_return,0.0,-14.037761097892592
8295,FlashSAC,myo-pen-twirl-hard,2000,avg_return,100000.0,520.1807438469989
8296,FlashSAC,myo-pen-twirl-hard,2000,avg_return,200000.0,1366.7783666287066
8297,FlashSAC,myo-pen-twirl-hard,2000,avg_return,300000.0,1112.4752243717046
8298,FlashSAC,myo-pen-twirl-hard,2000,avg_return,400000.0,1148.5420992598752
8299,FlashSAC,myo-pen-twirl-hard,2000,avg_return,500000.0,1465.0240910546545
8300,FlashSAC,myo-pen-twirl-hard,2000,avg_return,600000.0,1427.6264318144154
8301,FlashSAC,myo-pen-twirl-hard,2000,avg_return,700000.0,1388.4109164580618
8302,FlashSAC,myo-pen-twirl-hard,2000,avg_return,800000.0,1222.4347896347756
8303,FlashSAC,myo-pen-twirl-hard,2000,avg_return,900000.0,1408.390542065987
8304,FlashSAC,myo-pen-twirl-hard,2000,avg_return,1000000.0,1635.9776600377008
8305,FlashSAC,myo-pen-twirl-hard,2000,avg_success,0.0,0.0
8306,FlashSAC,myo-pen-twirl-hard,2000,avg_success,100000.0,0.4
8307,FlashSAC,myo-pen-twirl-hard,2000,avg_success,200000.0,0.88
8308,FlashSAC,myo-pen-twirl-hard,2000,avg_success,300000.0,0.7
8309,FlashSAC,myo-pen-twirl-hard,2000,avg_success,400000.0,0.88
8310,FlashSAC,myo-pen-twirl-hard,2000,avg_success,500000.0,0.84
8311,FlashSAC,myo-pen-twirl-hard,2000,avg_success,600000.0,0.92
8312,FlashSAC,myo-pen-twirl-hard,2000,avg_success,700000.0,0.9
8313,FlashSAC,myo-pen-twirl-hard,2000,avg_success,800000.0,0.8
8314,FlashSAC,myo-pen-twirl-hard,2000,avg_success,900000.0,0.78
8315,FlashSAC,myo-pen-twirl-hard,2000,avg_success,1000000.0,0.92
8316,FlashSAC,myo-pen-twirl-hard,3000,avg_return,0.0,-9.77002459719476
8317,FlashSAC,myo-pen-twirl-hard,3000,avg_return,100000.0,502.6792750660023
8318,FlashSAC,myo-pen-twirl-hard,3000,avg_return,200000.0,895.8847639111457
8319,FlashSAC,myo-pen-twirl-hard,3000,avg_return,300000.0,1173.7930348695568
8320,FlashSAC,myo-pen-twirl-hard,3000,avg_return,400000.0,1525.0417861981673
8321,FlashSAC,myo-pen-twirl-hard,3000,avg_return,500000.0,1130.3931393600153
8322,FlashSAC,myo-pen-twirl-hard,3000,avg_return,600000.0,1080.0488647006378
8323,FlashSAC,myo-pen-twirl-hard,3000,avg_return,700000.0,1184.7347804560643
8324,FlashSAC,myo-pen-twirl-hard,3000,avg_return,800000.0,1489.6313832518383
8325,FlashSAC,myo-pen-twirl-hard,3000,avg_return,900000.0,1468.679645302105
8326,FlashSAC,myo-pen-twirl-hard,3000,avg_return,1000000.0,1277.662665496728
8327,FlashSAC,myo-pen-twirl-hard,3000,avg_success,0.0,0.02
8328,FlashSAC,myo-pen-twirl-hard,3000,avg_success,100000.0,0.56
8329,FlashSAC,myo-pen-twirl-hard,3000,avg_success,200000.0,0.82
8330,FlashSAC,myo-pen-twirl-hard,3000,avg_success,300000.0,0.82
8331,FlashSAC,myo-pen-twirl-hard,3000,avg_success,400000.0,0.88
8332,FlashSAC,myo-pen-twirl-hard,3000,avg_success,500000.0,0.8
8333,FlashSAC,myo-pen-twirl-hard,3000,avg_success,600000.0,0.74
8334,FlashSAC,myo-pen-twirl-hard,3000,avg_success,700000.0,0.76
8335,FlashSAC,myo-pen-twirl-hard,3000,avg_success,800000.0,0.82
8336,FlashSAC,myo-pen-twirl-hard,3000,avg_success,900000.0,0.96
8337,FlashSAC,myo-pen-twirl-hard,3000,avg_success,1000000.0,0.82
8338,FlashSAC,myo-pen-twirl-hard,4000,avg_return,0.0,-13.612705516567008
8339,FlashSAC,myo-pen-twirl-hard,4000,avg_return,100000.0,644.3965689117472
8340,FlashSAC,myo-pen-twirl-hard,4000,avg_return,200000.0,934.0653610401614
8341,FlashSAC,myo-pen-twirl-hard,4000,avg_return,300000.0,1010.7273664379692
8342,FlashSAC,myo-pen-twirl-hard,4000,avg_return,400000.0,1196.2103324234895
8343,FlashSAC,myo-pen-twirl-hard,4000,avg_return,500000.0,1364.0673560606083
8344,FlashSAC,myo-pen-twirl-hard,4000,avg_return,600000.0,886.4864711652871
8345,FlashSAC,myo-pen-twirl-hard,4000,avg_return,700000.0,1449.56091754564
8346,FlashSAC,myo-pen-twirl-hard,4000,avg_return,800000.0,1216.4269462359723
8347,FlashSAC,myo-pen-twirl-hard,4000,avg_return,900000.0,1303.5772335376664
8348,FlashSAC,myo-pen-twirl-hard,4000,avg_return,1000000.0,1085.6432848742545
8349,FlashSAC,myo-pen-twirl-hard,4000,avg_success,0.0,0.04
8350,FlashSAC,myo-pen-twirl-hard,4000,avg_success,100000.0,0.56
8351,FlashSAC,myo-pen-twirl-hard,4000,avg_success,200000.0,0.7
8352,FlashSAC,myo-pen-twirl-hard,4000,avg_success,300000.0,0.66
8353,FlashSAC,myo-pen-twirl-hard,4000,avg_success,400000.0,0.76
8354,FlashSAC,myo-pen-twirl-hard,4000,avg_success,500000.0,0.82
8355,FlashSAC,myo-pen-twirl-hard,4000,avg_success,600000.0,0.76
8356,FlashSAC,myo-pen-twirl-hard,4000,avg_success,700000.0,0.9
8357,FlashSAC,myo-pen-twirl-hard,4000,avg_success,800000.0,0.86
8358,FlashSAC,myo-pen-twirl-hard,4000,avg_success,900000.0,0.82
8359,FlashSAC,myo-pen-twirl-hard,4000,avg_success,1000000.0,0.74
8360,FlashSAC,myo-pose,0,avg_return,0.0,-414.68395373107137
8361,FlashSAC,myo-pose,0,avg_return,100000.0,673.4632138214533
8362,FlashSAC,myo-pose,0,avg_return,200000.0,694.7234455685325
8363,FlashSAC,myo-pose,0,avg_return,300000.0,721.8081617843401
8364,FlashSAC,myo-pose,0,avg_return,400000.0,725.4870385375568
8365,FlashSAC,myo-pose,0,avg_return,500000.0,729.6990562068833
8366,FlashSAC,myo-pose,0,avg_return,600000.0,732.2872991278199
8367,FlashSAC,myo-pose,0,avg_return,700000.0,728.6579478791768
8368,FlashSAC,myo-pose,0,avg_return,800000.0,733.9071263270072
8369,FlashSAC,myo-pose,0,avg_return,900000.0,734.5531418487609
8370,FlashSAC,myo-pose,0,avg_return,1000000.0,736.2647680756735
8371,FlashSAC,myo-pose,0,avg_success,0.0,0.0
8372,FlashSAC,myo-pose,0,avg_success,100000.0,1.0
8373,FlashSAC,myo-pose,0,avg_success,200000.0,1.0
8374,FlashSAC,myo-pose,0,avg_success,300000.0,1.0
8375,FlashSAC,myo-pose,0,avg_success,400000.0,1.0
8376,FlashSAC,myo-pose,0,avg_success,500000.0,1.0
8377,FlashSAC,myo-pose,0,avg_success,600000.0,1.0
8378,FlashSAC,myo-pose,0,avg_success,700000.0,1.0
8379,FlashSAC,myo-pose,0,avg_success,800000.0,1.0
8380,FlashSAC,myo-pose,0,avg_success,900000.0,1.0
8381,FlashSAC,myo-pose,0,avg_success,1000000.0,1.0
8382,FlashSAC,myo-pose,1000,avg_return,0.0,-282.2113636412588
8383,FlashSAC,myo-pose,1000,avg_return,100000.0,682.4638828525257
8384,FlashSAC,myo-pose,1000,avg_return,200000.0,695.5813876798447
8385,FlashSAC,myo-pose,1000,avg_return,300000.0,718.9661230978697
8386,FlashSAC,myo-pose,1000,avg_return,400000.0,723.5056651466236
8387,FlashSAC,myo-pose,1000,avg_return,500000.0,726.9021163637108
8388,FlashSAC,myo-pose,1000,avg_return,600000.0,725.8289348254484
8389,FlashSAC,myo-pose,1000,avg_return,700000.0,731.5620270138634
8390,FlashSAC,myo-pose,1000,avg_return,800000.0,729.1504638942852
8391,FlashSAC,myo-pose,1000,avg_return,900000.0,735.6971994510728
8392,FlashSAC,myo-pose,1000,avg_return,1000000.0,736.6874168287084
8393,FlashSAC,myo-pose,1000,avg_success,0.0,0.0
8394,FlashSAC,myo-pose,1000,avg_success,100000.0,1.0
8395,FlashSAC,myo-pose,1000,avg_success,200000.0,1.0
8396,FlashSAC,myo-pose,1000,avg_success,300000.0,1.0
8397,FlashSAC,myo-pose,1000,avg_success,400000.0,1.0
8398,FlashSAC,myo-pose,1000,avg_success,500000.0,1.0
8399,FlashSAC,myo-pose,1000,avg_success,600000.0,1.0
8400,FlashSAC,myo-pose,1000,avg_success,700000.0,1.0
8401,FlashSAC,myo-pose,1000,avg_success,800000.0,1.0
8402,FlashSAC,myo-pose,1000,avg_success,900000.0,1.0
8403,FlashSAC,myo-pose,1000,avg_success,1000000.0,1.0
8404,FlashSAC,myo-pose,2000,avg_return,0.0,-368.66066111066976
8405,FlashSAC,myo-pose,2000,avg_return,100000.0,684.4222767443721
8406,FlashSAC,myo-pose,2000,avg_return,200000.0,705.6976037852696
8407,FlashSAC,myo-pose,2000,avg_return,300000.0,727.7944920464777
8408,FlashSAC,myo-pose,2000,avg_return,400000.0,730.2891379270494
8409,FlashSAC,myo-pose,2000,avg_return,500000.0,733.3551340233702
8410,FlashSAC,myo-pose,2000,avg_return,600000.0,735.9461009666943
8411,FlashSAC,myo-pose,2000,avg_return,700000.0,736.8841976322116
8412,FlashSAC,myo-pose,2000,avg_return,800000.0,736.5110661409537
8413,FlashSAC,myo-pose,2000,avg_return,900000.0,737.505310301417
8414,FlashSAC,myo-pose,2000,avg_return,1000000.0,738.457044132628
8415,FlashSAC,myo-pose,2000,avg_success,0.0,0.0
8416,FlashSAC,myo-pose,2000,avg_success,100000.0,1.0
8417,FlashSAC,myo-pose,2000,avg_success,200000.0,1.0
8418,FlashSAC,myo-pose,2000,avg_success,300000.0,1.0
8419,FlashSAC,myo-pose,2000,avg_success,400000.0,1.0
8420,FlashSAC,myo-pose,2000,avg_success,500000.0,1.0
8421,FlashSAC,myo-pose,2000,avg_success,600000.0,1.0
8422,FlashSAC,myo-pose,2000,avg_success,700000.0,1.0
8423,FlashSAC,myo-pose,2000,avg_success,800000.0,1.0
8424,FlashSAC,myo-pose,2000,avg_success,900000.0,1.0
8425,FlashSAC,myo-pose,2000,avg_success,1000000.0,1.0
8426,FlashSAC,myo-pose,3000,avg_return,0.0,-371.598567226602
8427,FlashSAC,myo-pose,3000,avg_return,100000.0,685.2789698571764
8428,FlashSAC,myo-pose,3000,avg_return,200000.0,703.7017658097527
8429,FlashSAC,myo-pose,3000,avg_return,300000.0,725.3391838891378
8430,FlashSAC,myo-pose,3000,avg_return,400000.0,728.2438277414586
8431,FlashSAC,myo-pose,3000,avg_return,500000.0,733.1144385689413
8432,FlashSAC,myo-pose,3000,avg_return,600000.0,733.6309450830256
8433,FlashSAC,myo-pose,3000,avg_return,700000.0,735.4621538904377
8434,FlashSAC,myo-pose,3000,avg_return,800000.0,725.6123062036681
8435,FlashSAC,myo-pose,3000,avg_return,900000.0,736.683197676448
8436,FlashSAC,myo-pose,3000,avg_return,1000000.0,739.4882726224519
8437,FlashSAC,myo-pose,3000,avg_success,0.0,0.0
8438,FlashSAC,myo-pose,3000,avg_success,100000.0,1.0
8439,FlashSAC,myo-pose,3000,avg_success,200000.0,1.0
8440,FlashSAC,myo-pose,3000,avg_success,300000.0,1.0
8441,FlashSAC,myo-pose,3000,avg_success,400000.0,1.0
8442,FlashSAC,myo-pose,3000,avg_success,500000.0,1.0
8443,FlashSAC,myo-pose,3000,avg_success,600000.0,1.0
8444,FlashSAC,myo-pose,3000,avg_success,700000.0,1.0
8445,FlashSAC,myo-pose,3000,avg_success,800000.0,1.0
8446,FlashSAC,myo-pose,3000,avg_success,900000.0,1.0
8447,FlashSAC,myo-pose,3000,avg_success,1000000.0,1.0
8448,FlashSAC,myo-pose,4000,avg_return,0.0,-311.899331330449
8449,FlashSAC,myo-pose,4000,avg_return,100000.0,691.6836392684107
8450,FlashSAC,myo-pose,4000,avg_return,200000.0,708.11019734993
8451,FlashSAC,myo-pose,4000,avg_return,300000.0,724.4820463881298
8452,FlashSAC,myo-pose,4000,avg_return,400000.0,728.5774204685395
8453,FlashSAC,myo-pose,4000,avg_return,500000.0,728.6133634036589
8454,FlashSAC,myo-pose,4000,avg_return,600000.0,731.2051590391472
8455,FlashSAC,myo-pose,4000,avg_return,700000.0,730.2857847356364
8456,FlashSAC,myo-pose,4000,avg_return,800000.0,735.2701552293299
8457,FlashSAC,myo-pose,4000,avg_return,900000.0,736.2035209275035
8458,FlashSAC,myo-pose,4000,avg_return,1000000.0,735.7247871470182
8459,FlashSAC,myo-pose,4000,avg_success,0.0,0.0
8460,FlashSAC,myo-pose,4000,avg_success,100000.0,1.0
8461,FlashSAC,myo-pose,4000,avg_success,200000.0,1.0
8462,FlashSAC,myo-pose,4000,avg_success,300000.0,1.0
8463,FlashSAC,myo-pose,4000,avg_success,400000.0,1.0
8464,FlashSAC,myo-pose,4000,avg_success,500000.0,1.0
8465,FlashSAC,myo-pose,4000,avg_success,600000.0,1.0
8466,FlashSAC,myo-pose,4000,avg_success,700000.0,1.0
8467,FlashSAC,myo-pose,4000,avg_success,800000.0,1.0
8468,FlashSAC,myo-pose,4000,avg_success,900000.0,1.0
8469,FlashSAC,myo-pose,4000,avg_success,1000000.0,1.0
8470,FlashSAC,myo-pose-hard,0,avg_return,0.0,-348.2553646975006
8471,FlashSAC,myo-pose-hard,0,avg_return,100000.0,-182.32872573125653
8472,FlashSAC,myo-pose-hard,0,avg_return,200000.0,-156.8601584561782
8473,FlashSAC,myo-pose-hard,0,avg_return,300000.0,-115.06421526887684
8474,FlashSAC,myo-pose-hard,0,avg_return,400000.0,-127.81906195518702
8475,FlashSAC,myo-pose-hard,0,avg_return,500000.0,-135.6770796513634
8476,FlashSAC,myo-pose-hard,0,avg_return,600000.0,-110.13476846079116
8477,FlashSAC,myo-pose-hard,0,avg_return,700000.0,-104.56261915220868
8478,FlashSAC,myo-pose-hard,0,avg_return,800000.0,-9.00608556404825
8479,FlashSAC,myo-pose-hard,0,avg_return,900000.0,-39.69347933516659
8480,FlashSAC,myo-pose-hard,0,avg_return,1000000.0,4.16506401569344
8481,FlashSAC,myo-pose-hard,0,avg_success,0.0,0.0
8482,FlashSAC,myo-pose-hard,0,avg_success,100000.0,0.0
8483,FlashSAC,myo-pose-hard,0,avg_success,200000.0,0.0
8484,FlashSAC,myo-pose-hard,0,avg_success,300000.0,0.0
8485,FlashSAC,myo-pose-hard,0,avg_success,400000.0,0.0
8486,FlashSAC,myo-pose-hard,0,avg_success,500000.0,0.0
8487,FlashSAC,myo-pose-hard,0,avg_success,600000.0,0.02
8488,FlashSAC,myo-pose-hard,0,avg_success,700000.0,0.02
8489,FlashSAC,myo-pose-hard,0,avg_success,800000.0,0.0
8490,FlashSAC,myo-pose-hard,0,avg_success,900000.0,0.0
8491,FlashSAC,myo-pose-hard,0,avg_success,1000000.0,0.0
8492,FlashSAC,myo-pose-hard,1000,avg_return,0.0,-327.9433810405356
8493,FlashSAC,myo-pose-hard,1000,avg_return,100000.0,-181.6790424428796
8494,FlashSAC,myo-pose-hard,1000,avg_return,200000.0,-164.33573041526267
8495,FlashSAC,myo-pose-hard,1000,avg_return,300000.0,-123.69297672104948
8496,FlashSAC,myo-pose-hard,1000,avg_return,400000.0,-114.98285740452016
8497,FlashSAC,myo-pose-hard,1000,avg_return,500000.0,-91.46263797560964
8498,FlashSAC,myo-pose-hard,1000,avg_return,600000.0,-93.15063501325032
8499,FlashSAC,myo-pose-hard,1000,avg_return,700000.0,-56.697062298049495
8500,FlashSAC,myo-pose-hard,1000,avg_return,800000.0,-74.63094127097743
8501,FlashSAC,myo-pose-hard,1000,avg_return,900000.0,-57.09564023944775
8502,FlashSAC,myo-pose-hard,1000,avg_return,1000000.0,-15.143361693754068
8503,FlashSAC,myo-pose-hard,1000,avg_success,0.0,0.0
8504,FlashSAC,myo-pose-hard,1000,avg_success,100000.0,0.0
8505,FlashSAC,myo-pose-hard,1000,avg_success,200000.0,0.0
8506,FlashSAC,myo-pose-hard,1000,avg_success,300000.0,0.0
8507,FlashSAC,myo-pose-hard,1000,avg_success,400000.0,0.0
8508,FlashSAC,myo-pose-hard,1000,avg_success,500000.0,0.0
8509,FlashSAC,myo-pose-hard,1000,avg_success,600000.0,0.0
8510,FlashSAC,myo-pose-hard,1000,avg_success,700000.0,0.02
8511,FlashSAC,myo-pose-hard,1000,avg_success,800000.0,0.0
8512,FlashSAC,myo-pose-hard,1000,avg_success,900000.0,0.02
8513,FlashSAC,myo-pose-hard,1000,avg_success,1000000.0,0.0
8514,FlashSAC,myo-pose-hard,2000,avg_return,0.0,-331.9564044393893
8515,FlashSAC,myo-pose-hard,2000,avg_return,100000.0,-178.08929998453965
8516,FlashSAC,myo-pose-hard,2000,avg_return,200000.0,-165.1183023628508
8517,FlashSAC,myo-pose-hard,2000,avg_return,300000.0,-122.93035112834436
8518,FlashSAC,myo-pose-hard,2000,avg_return,400000.0,-121.01461220656228
8519,FlashSAC,myo-pose-hard,2000,avg_return,500000.0,-79.20376886078724
8520,FlashSAC,myo-pose-hard,2000,avg_return,600000.0,-87.60741399702498
8521,FlashSAC,myo-pose-hard,2000,avg_return,700000.0,-62.49939109877264
8522,FlashSAC,myo-pose-hard,2000,avg_return,800000.0,-86.93000632130108
8523,FlashSAC,myo-pose-hard,2000,avg_return,900000.0,-48.298975730178206
8524,FlashSAC,myo-pose-hard,2000,avg_return,1000000.0,-39.64747395372598
8525,FlashSAC,myo-pose-hard,2000,avg_success,0.0,0.0
8526,FlashSAC,myo-pose-hard,2000,avg_success,100000.0,0.0
8527,FlashSAC,myo-pose-hard,2000,avg_success,200000.0,0.0
8528,FlashSAC,myo-pose-hard,2000,avg_success,300000.0,0.0
8529,FlashSAC,myo-pose-hard,2000,avg_success,400000.0,0.0
8530,FlashSAC,myo-pose-hard,2000,avg_success,500000.0,0.0
8531,FlashSAC,myo-pose-hard,2000,avg_success,600000.0,0.0
8532,FlashSAC,myo-pose-hard,2000,avg_success,700000.0,0.02
8533,FlashSAC,myo-pose-hard,2000,avg_success,800000.0,0.0
8534,FlashSAC,myo-pose-hard,2000,avg_success,900000.0,0.0
8535,FlashSAC,myo-pose-hard,2000,avg_success,1000000.0,0.0
8536,FlashSAC,myo-pose-hard,3000,avg_return,0.0,-343.5717593542145
8537,FlashSAC,myo-pose-hard,3000,avg_return,100000.0,-178.51293254011696
8538,FlashSAC,myo-pose-hard,3000,avg_return,200000.0,-149.4147703424973
8539,FlashSAC,myo-pose-hard,3000,avg_return,300000.0,-143.68887142234126
8540,FlashSAC,myo-pose-hard,3000,avg_return,400000.0,-126.4476199664629
8541,FlashSAC,myo-pose-hard,3000,avg_return,500000.0,-85.46215023272543
8542,FlashSAC,myo-pose-hard,3000,avg_return,600000.0,-102.18092883109188
8543,FlashSAC,myo-pose-hard,3000,avg_return,700000.0,-97.8114527476336
8544,FlashSAC,myo-pose-hard,3000,avg_return,800000.0,-54.71072997961727
8545,FlashSAC,myo-pose-hard,3000,avg_return,900000.0,-90.58711229339612
8546,FlashSAC,myo-pose-hard,3000,avg_return,1000000.0,-25.349266041331187
8547,FlashSAC,myo-pose-hard,3000,avg_success,0.0,0.0
8548,FlashSAC,myo-pose-hard,3000,avg_success,100000.0,0.0
8549,FlashSAC,myo-pose-hard,3000,avg_success,200000.0,0.0
8550,FlashSAC,myo-pose-hard,3000,avg_success,300000.0,0.0
8551,FlashSAC,myo-pose-hard,3000,avg_success,400000.0,0.0
8552,FlashSAC,myo-pose-hard,3000,avg_success,500000.0,0.0
8553,FlashSAC,myo-pose-hard,3000,avg_success,600000.0,0.0
8554,FlashSAC,myo-pose-hard,3000,avg_success,700000.0,0.0
8555,FlashSAC,myo-pose-hard,3000,avg_success,800000.0,0.0
8556,FlashSAC,myo-pose-hard,3000,avg_success,900000.0,0.0
8557,FlashSAC,myo-pose-hard,3000,avg_success,1000000.0,0.0
8558,FlashSAC,myo-pose-hard,4000,avg_return,0.0,-345.0033826944193
8559,FlashSAC,myo-pose-hard,4000,avg_return,100000.0,-187.41719968498649
8560,FlashSAC,myo-pose-hard,4000,avg_return,200000.0,-150.9875216852808
8561,FlashSAC,myo-pose-hard,4000,avg_return,300000.0,-155.57604165888307
8562,FlashSAC,myo-pose-hard,4000,avg_return,400000.0,-140.09291574939908
8563,FlashSAC,myo-pose-hard,4000,avg_return,500000.0,-102.70027286424308
8564,FlashSAC,myo-pose-hard,4000,avg_return,600000.0,-114.0473815538698
8565,FlashSAC,myo-pose-hard,4000,avg_return,700000.0,-74.59696075960731
8566,FlashSAC,myo-pose-hard,4000,avg_return,800000.0,-45.44314964139496
8567,FlashSAC,myo-pose-hard,4000,avg_return,900000.0,-55.60963991508026
8568,FlashSAC,myo-pose-hard,4000,avg_return,1000000.0,-33.904626926208216
8569,FlashSAC,myo-pose-hard,4000,avg_success,0.0,0.0
8570,FlashSAC,myo-pose-hard,4000,avg_success,100000.0,0.0
8571,FlashSAC,myo-pose-hard,4000,avg_success,200000.0,0.0
8572,FlashSAC,myo-pose-hard,4000,avg_success,300000.0,0.0
8573,FlashSAC,myo-pose-hard,4000,avg_success,400000.0,0.0
8574,FlashSAC,myo-pose-hard,4000,avg_success,500000.0,0.02
8575,FlashSAC,myo-pose-hard,4000,avg_success,600000.0,0.0
8576,FlashSAC,myo-pose-hard,4000,avg_success,700000.0,0.0
8577,FlashSAC,myo-pose-hard,4000,avg_success,800000.0,0.02
8578,FlashSAC,myo-pose-hard,4000,avg_success,900000.0,0.0
8579,FlashSAC,myo-pose-hard,4000,avg_success,1000000.0,0.02
8580,FlashSAC,myo-reach,0,avg_return,0.0,-54.3625890613625
8581,FlashSAC,myo-reach,0,avg_return,100000.0,771.807935195801
8582,FlashSAC,myo-reach,0,avg_return,200000.0,772.8799304030082
8583,FlashSAC,myo-reach,0,avg_return,300000.0,777.1740884333537
8584,FlashSAC,myo-reach,0,avg_return,400000.0,777.107662724196
8585,FlashSAC,myo-reach,0,avg_return,500000.0,777.6625035925161
8586,FlashSAC,myo-reach,0,avg_return,600000.0,781.6378015975263
8587,FlashSAC,myo-reach,0,avg_return,700000.0,777.6892256283068
8588,FlashSAC,myo-reach,0,avg_return,800000.0,776.6097416235538
8589,FlashSAC,myo-reach,0,avg_return,900000.0,781.752740714268
8590,FlashSAC,myo-reach,0,avg_return,1000000.0,781.5333508262546
8591,FlashSAC,myo-reach,0,avg_success,0.0,0.0
8592,FlashSAC,myo-reach,0,avg_success,100000.0,1.0
8593,FlashSAC,myo-reach,0,avg_success,200000.0,1.0
8594,FlashSAC,myo-reach,0,avg_success,300000.0,1.0
8595,FlashSAC,myo-reach,0,avg_success,400000.0,1.0
8596,FlashSAC,myo-reach,0,avg_success,500000.0,1.0
8597,FlashSAC,myo-reach,0,avg_success,600000.0,1.0
8598,FlashSAC,myo-reach,0,avg_success,700000.0,1.0
8599,FlashSAC,myo-reach,0,avg_success,800000.0,1.0
8600,FlashSAC,myo-reach,0,avg_success,900000.0,1.0
8601,FlashSAC,myo-reach,0,avg_success,1000000.0,1.0
8602,FlashSAC,myo-reach,1000,avg_return,0.0,-52.0014457624416
8603,FlashSAC,myo-reach,1000,avg_return,100000.0,771.2297026748633
8604,FlashSAC,myo-reach,1000,avg_return,200000.0,772.3474434172174
8605,FlashSAC,myo-reach,1000,avg_return,300000.0,776.5030423315662
8606,FlashSAC,myo-reach,1000,avg_return,400000.0,777.4845916387844
8607,FlashSAC,myo-reach,1000,avg_return,500000.0,773.5180577879553
8608,FlashSAC,myo-reach,1000,avg_return,600000.0,781.4884488814695
8609,FlashSAC,myo-reach,1000,avg_return,700000.0,777.4630183284048
8610,FlashSAC,myo-reach,1000,avg_return,800000.0,781.6533906961663
8611,FlashSAC,myo-reach,1000,avg_return,900000.0,781.1414838253299
8612,FlashSAC,myo-reach,1000,avg_return,1000000.0,780.9805495406907
8613,FlashSAC,myo-reach,1000,avg_success,0.0,0.0
8614,FlashSAC,myo-reach,1000,avg_success,100000.0,1.0
8615,FlashSAC,myo-reach,1000,avg_success,200000.0,1.0
8616,FlashSAC,myo-reach,1000,avg_success,300000.0,1.0
8617,FlashSAC,myo-reach,1000,avg_success,400000.0,1.0
8618,FlashSAC,myo-reach,1000,avg_success,500000.0,1.0
8619,FlashSAC,myo-reach,1000,avg_success,600000.0,1.0
8620,FlashSAC,myo-reach,1000,avg_success,700000.0,1.0
8621,FlashSAC,myo-reach,1000,avg_success,800000.0,1.0
8622,FlashSAC,myo-reach,1000,avg_success,900000.0,1.0
8623,FlashSAC,myo-reach,1000,avg_success,1000000.0,1.0
8624,FlashSAC,myo-reach,2000,avg_return,0.0,-21.38417777323178
8625,FlashSAC,myo-reach,2000,avg_return,100000.0,776.0766597008848
8626,FlashSAC,myo-reach,2000,avg_return,200000.0,776.6713811856089
8627,FlashSAC,myo-reach,2000,avg_return,300000.0,776.7257524036759
8628,FlashSAC,myo-reach,2000,avg_return,400000.0,777.3299859266223
8629,FlashSAC,myo-reach,2000,avg_return,500000.0,776.9938776630343
8630,FlashSAC,myo-reach,2000,avg_return,600000.0,777.3140847150833
8631,FlashSAC,myo-reach,2000,avg_return,700000.0,776.9320353877313
8632,FlashSAC,myo-reach,2000,avg_return,800000.0,781.1304321806236
8633,FlashSAC,myo-reach,2000,avg_return,900000.0,781.8312182050845
8634,FlashSAC,myo-reach,2000,avg_return,1000000.0,781.6955125334349
8635,FlashSAC,myo-reach,2000,avg_success,0.0,0.0
8636,FlashSAC,myo-reach,2000,avg_success,100000.0,1.0
8637,FlashSAC,myo-reach,2000,avg_success,200000.0,1.0
8638,FlashSAC,myo-reach,2000,avg_success,300000.0,1.0
8639,FlashSAC,myo-reach,2000,avg_success,400000.0,1.0
8640,FlashSAC,myo-reach,2000,avg_success,500000.0,1.0
8641,FlashSAC,myo-reach,2000,avg_success,600000.0,1.0
8642,FlashSAC,myo-reach,2000,avg_success,700000.0,1.0
8643,FlashSAC,myo-reach,2000,avg_success,800000.0,1.0
8644,FlashSAC,myo-reach,2000,avg_success,900000.0,1.0
8645,FlashSAC,myo-reach,2000,avg_success,1000000.0,1.0
8646,FlashSAC,myo-reach,3000,avg_return,0.0,-16.25466968931161
8647,FlashSAC,myo-reach,3000,avg_return,100000.0,772.010273636078
8648,FlashSAC,myo-reach,3000,avg_return,200000.0,773.2403393208962
8649,FlashSAC,myo-reach,3000,avg_return,300000.0,773.2244440991634
8650,FlashSAC,myo-reach,3000,avg_return,400000.0,777.3744424867414
8651,FlashSAC,myo-reach,3000,avg_return,500000.0,777.4969698571435
8652,FlashSAC,myo-reach,3000,avg_return,600000.0,780.8859980374317
8653,FlashSAC,myo-reach,3000,avg_return,700000.0,780.6132047440291
8654,FlashSAC,myo-reach,3000,avg_return,800000.0,781.6624654811296
8655,FlashSAC,myo-reach,3000,avg_return,900000.0,781.777528043212
8656,FlashSAC,myo-reach,3000,avg_return,1000000.0,781.001578807859
8657,FlashSAC,myo-reach,3000,avg_success,0.0,0.0
8658,FlashSAC,myo-reach,3000,avg_success,100000.0,1.0
8659,FlashSAC,myo-reach,3000,avg_success,200000.0,1.0
8660,FlashSAC,myo-reach,3000,avg_success,300000.0,1.0
8661,FlashSAC,myo-reach,3000,avg_success,400000.0,1.0
8662,FlashSAC,myo-reach,3000,avg_success,500000.0,1.0
8663,FlashSAC,myo-reach,3000,avg_success,600000.0,1.0
8664,FlashSAC,myo-reach,3000,avg_success,700000.0,1.0
8665,FlashSAC,myo-reach,3000,avg_success,800000.0,1.0
8666,FlashSAC,myo-reach,3000,avg_success,900000.0,1.0
8667,FlashSAC,myo-reach,3000,avg_success,1000000.0,1.0
8668,FlashSAC,myo-reach,4000,avg_return,0.0,-19.30415501355303
8669,FlashSAC,myo-reach,4000,avg_return,100000.0,771.9777780058148
8670,FlashSAC,myo-reach,4000,avg_return,200000.0,776.6161416062897
8671,FlashSAC,myo-reach,4000,avg_return,300000.0,777.5339924139123
8672,FlashSAC,myo-reach,4000,avg_return,400000.0,777.3193154489294
8673,FlashSAC,myo-reach,4000,avg_return,500000.0,777.3907710500598
8674,FlashSAC,myo-reach,4000,avg_return,600000.0,777.2721453427727
8675,FlashSAC,myo-reach,4000,avg_return,700000.0,781.7217629740511
8676,FlashSAC,myo-reach,4000,avg_return,800000.0,777.7179687388629
8677,FlashSAC,myo-reach,4000,avg_return,900000.0,781.6453371164841
8678,FlashSAC,myo-reach,4000,avg_return,1000000.0,781.7301433279036
8679,FlashSAC,myo-reach,4000,avg_success,0.0,0.0
8680,FlashSAC,myo-reach,4000,avg_success,100000.0,1.0
8681,FlashSAC,myo-reach,4000,avg_success,200000.0,1.0
8682,FlashSAC,myo-reach,4000,avg_success,300000.0,1.0
8683,FlashSAC,myo-reach,4000,avg_success,400000.0,1.0
8684,FlashSAC,myo-reach,4000,avg_success,500000.0,1.0
8685,FlashSAC,myo-reach,4000,avg_success,600000.0,1.0
8686,FlashSAC,myo-reach,4000,avg_success,700000.0,1.0
8687,FlashSAC,myo-reach,4000,avg_success,800000.0,1.0
8688,FlashSAC,myo-reach,4000,avg_success,900000.0,1.0
8689,FlashSAC,myo-reach,4000,avg_success,1000000.0,1.0
8690,FlashSAC,myo-reach-hard,0,avg_return,0.0,-50.495020902435016
8691,FlashSAC,myo-reach-hard,0,avg_return,100000.0,628.0148612682144
8692,FlashSAC,myo-reach-hard,0,avg_return,200000.0,685.7797456648359
8693,FlashSAC,myo-reach-hard,0,avg_return,300000.0,684.4762347587816
8694,FlashSAC,myo-reach-hard,0,avg_return,400000.0,711.2053962357785
8695,FlashSAC,myo-reach-hard,0,avg_return,500000.0,678.1956657329257
8696,FlashSAC,myo-reach-hard,0,avg_return,600000.0,744.5335867126411
8697,FlashSAC,myo-reach-hard,0,avg_return,700000.0,704.7877297310885
8698,FlashSAC,myo-reach-hard,0,avg_return,800000.0,721.0184977727232
8699,FlashSAC,myo-reach-hard,0,avg_return,900000.0,721.0426523100557
8700,FlashSAC,myo-reach-hard,0,avg_return,1000000.0,685.0699193310217
8701,FlashSAC,myo-reach-hard,0,avg_success,0.0,0.0
8702,FlashSAC,myo-reach-hard,0,avg_success,100000.0,0.72
8703,FlashSAC,myo-reach-hard,0,avg_success,200000.0,0.88
8704,FlashSAC,myo-reach-hard,0,avg_success,300000.0,0.86
8705,FlashSAC,myo-reach-hard,0,avg_success,400000.0,0.92
8706,FlashSAC,myo-reach-hard,0,avg_success,500000.0,0.86
8707,FlashSAC,myo-reach-hard,0,avg_success,600000.0,0.96
8708,FlashSAC,myo-reach-hard,0,avg_success,700000.0,0.88
8709,FlashSAC,myo-reach-hard,0,avg_success,800000.0,0.96
8710,FlashSAC,myo-reach-hard,0,avg_success,900000.0,0.94
8711,FlashSAC,myo-reach-hard,0,avg_success,1000000.0,0.82
8712,FlashSAC,myo-reach-hard,1000,avg_return,0.0,-50.396727592566
8713,FlashSAC,myo-reach-hard,1000,avg_return,100000.0,644.5909029226141
8714,FlashSAC,myo-reach-hard,1000,avg_return,200000.0,725.6115490943376
8715,FlashSAC,myo-reach-hard,1000,avg_return,300000.0,680.3765841950798
8716,FlashSAC,myo-reach-hard,1000,avg_return,400000.0,660.1400334139638
8717,FlashSAC,myo-reach-hard,1000,avg_return,500000.0,729.5328677550684
8718,FlashSAC,myo-reach-hard,1000,avg_return,600000.0,659.4725661820288
8719,FlashSAC,myo-reach-hard,1000,avg_return,700000.0,737.7689595553102
8720,FlashSAC,myo-reach-hard,1000,avg_return,800000.0,665.9377093935726
8721,FlashSAC,myo-reach-hard,1000,avg_return,900000.0,741.7472045822557
8722,FlashSAC,myo-reach-hard,1000,avg_return,1000000.0,722.0264167184902
8723,FlashSAC,myo-reach-hard,1000,avg_success,0.0,0.0
8724,FlashSAC,myo-reach-hard,1000,avg_success,100000.0,0.84
8725,FlashSAC,myo-reach-hard,1000,avg_success,200000.0,0.92
8726,FlashSAC,myo-reach-hard,1000,avg_success,300000.0,0.86
8727,FlashSAC,myo-reach-hard,1000,avg_success,400000.0,0.8
8728,FlashSAC,myo-reach-hard,1000,avg_success,500000.0,0.94
8729,FlashSAC,myo-reach-hard,1000,avg_success,600000.0,0.92
8730,FlashSAC,myo-reach-hard,1000,avg_success,700000.0,0.94
8731,FlashSAC,myo-reach-hard,1000,avg_success,800000.0,0.88
8732,FlashSAC,myo-reach-hard,1000,avg_success,900000.0,0.96
8733,FlashSAC,myo-reach-hard,1000,avg_success,1000000.0,0.92
8734,FlashSAC,myo-reach-hard,2000,avg_return,0.0,-50.672806084417545
8735,FlashSAC,myo-reach-hard,2000,avg_return,100000.0,542.0404357230346
8736,FlashSAC,myo-reach-hard,2000,avg_return,200000.0,639.8250625748052
8737,FlashSAC,myo-reach-hard,2000,avg_return,300000.0,655.737312517524
8738,FlashSAC,myo-reach-hard,2000,avg_return,400000.0,676.8439274994116
8739,FlashSAC,myo-reach-hard,2000,avg_return,500000.0,703.891271024205
8740,FlashSAC,myo-reach-hard,2000,avg_return,600000.0,693.0883974497625
8741,FlashSAC,myo-reach-hard,2000,avg_return,700000.0,717.3482880916366
8742,FlashSAC,myo-reach-hard,2000,avg_return,800000.0,686.0270324852625
8743,FlashSAC,myo-reach-hard,2000,avg_return,900000.0,724.0816098921393
8744,FlashSAC,myo-reach-hard,2000,avg_return,1000000.0,743.5420153880078
8745,FlashSAC,myo-reach-hard,2000,avg_success,0.0,0.0
8746,FlashSAC,myo-reach-hard,2000,avg_success,100000.0,0.64
8747,FlashSAC,myo-reach-hard,2000,avg_success,200000.0,0.88
8748,FlashSAC,myo-reach-hard,2000,avg_success,300000.0,0.88
8749,FlashSAC,myo-reach-hard,2000,avg_success,400000.0,0.9
8750,FlashSAC,myo-reach-hard,2000,avg_success,500000.0,0.92
8751,FlashSAC,myo-reach-hard,2000,avg_success,600000.0,0.88
8752,FlashSAC,myo-reach-hard,2000,avg_success,700000.0,0.94
8753,FlashSAC,myo-reach-hard,2000,avg_success,800000.0,0.84
8754,FlashSAC,myo-reach-hard,2000,avg_success,900000.0,0.92
8755,FlashSAC,myo-reach-hard,2000,avg_success,1000000.0,0.96
8756,FlashSAC,myo-reach-hard,3000,avg_return,0.0,-50.41528420141406
8757,FlashSAC,myo-reach-hard,3000,avg_return,100000.0,607.0901143576291
8758,FlashSAC,myo-reach-hard,3000,avg_return,200000.0,672.0835782327118
8759,FlashSAC,myo-reach-hard,3000,avg_return,300000.0,708.647586493655
8760,FlashSAC,myo-reach-hard,3000,avg_return,400000.0,713.4333517921539
8761,FlashSAC,myo-reach-hard,3000,avg_return,500000.0,747.2301453745442
8762,FlashSAC,myo-reach-hard,3000,avg_return,600000.0,702.330585938505
8763,FlashSAC,myo-reach-hard,3000,avg_return,700000.0,712.5238914000979
8764,FlashSAC,myo-reach-hard,3000,avg_return,800000.0,703.7403704561897
8765,FlashSAC,myo-reach-hard,3000,avg_return,900000.0,705.6970692028657
8766,FlashSAC,myo-reach-hard,3000,avg_return,1000000.0,735.5405066253413
8767,FlashSAC,myo-reach-hard,3000,avg_success,0.0,0.0
8768,FlashSAC,myo-reach-hard,3000,avg_success,100000.0,0.68
8769,FlashSAC,myo-reach-hard,3000,avg_success,200000.0,0.8
8770,FlashSAC,myo-reach-hard,3000,avg_success,300000.0,0.92
8771,FlashSAC,myo-reach-hard,3000,avg_success,400000.0,0.92
8772,FlashSAC,myo-reach-hard,3000,avg_success,500000.0,0.98
8773,FlashSAC,myo-reach-hard,3000,avg_success,600000.0,0.92
8774,FlashSAC,myo-reach-hard,3000,avg_success,700000.0,0.94
8775,FlashSAC,myo-reach-hard,3000,avg_success,800000.0,0.92
8776,FlashSAC,myo-reach-hard,3000,avg_success,900000.0,0.94
8777,FlashSAC,myo-reach-hard,3000,avg_success,1000000.0,0.96
8778,FlashSAC,myo-reach-hard,4000,avg_return,0.0,-50.459783270655045
8779,FlashSAC,myo-reach-hard,4000,avg_return,100000.0,640.158568979108
8780,FlashSAC,myo-reach-hard,4000,avg_return,200000.0,653.804205562933
8781,FlashSAC,myo-reach-hard,4000,avg_return,300000.0,668.5466429271994
8782,FlashSAC,myo-reach-hard,4000,avg_return,400000.0,660.866498657027
8783,FlashSAC,myo-reach-hard,4000,avg_return,500000.0,659.4633577472821
8784,FlashSAC,myo-reach-hard,4000,avg_return,600000.0,727.4827713608622
8785,FlashSAC,myo-reach-hard,4000,avg_return,700000.0,713.3849935620849
8786,FlashSAC,myo-reach-hard,4000,avg_return,800000.0,724.5489499924068
8787,FlashSAC,myo-reach-hard,4000,avg_return,900000.0,719.5914116495259
8788,FlashSAC,myo-reach-hard,4000,avg_return,1000000.0,710.5689773946211
8789,FlashSAC,myo-reach-hard,4000,avg_success,0.0,0.0
8790,FlashSAC,myo-reach-hard,4000,avg_success,100000.0,0.84
8791,FlashSAC,myo-reach-hard,4000,avg_success,200000.0,0.76
8792,FlashSAC,myo-reach-hard,4000,avg_success,300000.0,0.84
8793,FlashSAC,myo-reach-hard,4000,avg_success,400000.0,0.84
8794,FlashSAC,myo-reach-hard,4000,avg_success,500000.0,0.78
8795,FlashSAC,myo-reach-hard,4000,avg_success,600000.0,0.96
8796,FlashSAC,myo-reach-hard,4000,avg_success,700000.0,0.88
8797,FlashSAC,myo-reach-hard,4000,avg_success,800000.0,0.94
8798,FlashSAC,myo-reach-hard,4000,avg_success,900000.0,0.92
8799,FlashSAC,myo-reach-hard,4000,avg_success,1000000.0,0.92
8800,FlashSAC,panda-grasp,0,avg_return,0.0,0.0219263224860762
8801,FlashSAC,panda-grasp,0,avg_return,5496832.0,0.915495197986715
8802,FlashSAC,panda-grasp,0,avg_return,10493952.0,1.7331327186946623
8803,FlashSAC,panda-grasp,0,avg_return,15491072.0,2.0311743982706503
8804,FlashSAC,panda-grasp,0,avg_return,20488192.0,2.186638628729113
8805,FlashSAC,panda-grasp,0,avg_return,25485312.0,2.2204641271299863
8806,FlashSAC,panda-grasp,0,avg_return,30482432.0,2.2449247477783985
8807,FlashSAC,panda-grasp,0,avg_return,35479552.0,2.240962116676151
8808,FlashSAC,panda-grasp,0,avg_return,40476672.0,2.24786317000337
8809,FlashSAC,panda-grasp,0,avg_return,45473792.0,2.2426820171142694
8810,FlashSAC,panda-grasp,0,avg_return,50000896.0,2.2490081642731496
8811,FlashSAC,panda-grasp,0,avg_success,0.0,0.0
8812,FlashSAC,panda-grasp,0,avg_success,5496832.0,0.0
8813,FlashSAC,panda-grasp,0,avg_success,10493952.0,0.0
8814,FlashSAC,panda-grasp,0,avg_success,15491072.0,0.0
8815,FlashSAC,panda-grasp,0,avg_success,20488192.0,0.0
8816,FlashSAC,panda-grasp,0,avg_success,25485312.0,0.0
8817,FlashSAC,panda-grasp,0,avg_success,30482432.0,0.0
8818,FlashSAC,panda-grasp,0,avg_success,35479552.0,0.0
8819,FlashSAC,panda-grasp,0,avg_success,40476672.0,0.0
8820,FlashSAC,panda-grasp,0,avg_success,45473792.0,0.0
8821,FlashSAC,panda-grasp,0,avg_success,50000896.0,0.0
8822,FlashSAC,panda-grasp,1000,avg_return,0.0,0.1530690885095244
8823,FlashSAC,panda-grasp,1000,avg_return,5496832.0,0.9075794399477104
8824,FlashSAC,panda-grasp,1000,avg_return,10493952.0,1.6955630963149133
8825,FlashSAC,panda-grasp,1000,avg_return,15491072.0,2.049271122108152
8826,FlashSAC,panda-grasp,1000,avg_return,20488192.0,2.1486059733034466
8827,FlashSAC,panda-grasp,1000,avg_return,25485312.0,2.218676129644976
8828,FlashSAC,panda-grasp,1000,avg_return,30482432.0,2.2401039099324294
8829,FlashSAC,panda-grasp,1000,avg_return,35479552.0,2.246933149631978
8830,FlashSAC,panda-grasp,1000,avg_return,40476672.0,2.2387346953335765
8831,FlashSAC,panda-grasp,1000,avg_return,45473792.0,2.249864593517657
8832,FlashSAC,panda-grasp,1000,avg_return,50000896.0,2.2355986778323924
8833,FlashSAC,panda-grasp,1000,avg_success,0.0,0.0
8834,FlashSAC,panda-grasp,1000,avg_success,5496832.0,0.0
8835,FlashSAC,panda-grasp,1000,avg_success,10493952.0,0.0
8836,FlashSAC,panda-grasp,1000,avg_success,15491072.0,0.0
8837,FlashSAC,panda-grasp,1000,avg_success,20488192.0,0.0
8838,FlashSAC,panda-grasp,1000,avg_success,25485312.0,0.0
8839,FlashSAC,panda-grasp,1000,avg_success,30482432.0,0.0
8840,FlashSAC,panda-grasp,1000,avg_success,35479552.0,0.0
8841,FlashSAC,panda-grasp,1000,avg_success,40476672.0,0.0
8842,FlashSAC,panda-grasp,1000,avg_success,45473792.0,0.0
8843,FlashSAC,panda-grasp,1000,avg_success,50000896.0,0.0
8844,FlashSAC,panda-grasp,2000,avg_return,0.0,0.0641077803005132
8845,FlashSAC,panda-grasp,2000,avg_return,5496832.0,1.050636313486052
8846,FlashSAC,panda-grasp,2000,avg_return,10493952.0,1.7946386857825445
8847,FlashSAC,panda-grasp,2000,avg_return,15491072.0,2.069620417180957
8848,FlashSAC,panda-grasp,2000,avg_return,20488192.0,2.171144781888245
8849,FlashSAC,panda-grasp,2000,avg_return,25485312.0,2.2254866076628232
8850,FlashSAC,panda-grasp,2000,avg_return,30482432.0,2.2254808551948315
8851,FlashSAC,panda-grasp,2000,avg_return,35479552.0,2.227734240236714
8852,FlashSAC,panda-grasp,2000,avg_return,40476672.0,2.23961232631126
8853,FlashSAC,panda-grasp,2000,avg_return,45473792.0,2.2416181049890724
8854,FlashSAC,panda-grasp,2000,avg_return,50000896.0,2.25046330087865
8855,FlashSAC,panda-grasp,2000,avg_success,0.0,0.0
8856,FlashSAC,panda-grasp,2000,avg_success,5496832.0,0.0
8857,FlashSAC,panda-grasp,2000,avg_success,10493952.0,0.0
8858,FlashSAC,panda-grasp,2000,avg_success,15491072.0,0.0
8859,FlashSAC,panda-grasp,2000,avg_success,20488192.0,0.0
8860,FlashSAC,panda-grasp,2000,avg_success,25485312.0,0.0
8861,FlashSAC,panda-grasp,2000,avg_success,30482432.0,0.0
8862,FlashSAC,panda-grasp,2000,avg_success,35479552.0,0.0
8863,FlashSAC,panda-grasp,2000,avg_success,40476672.0,0.0
8864,FlashSAC,panda-grasp,2000,avg_success,45473792.0,0.0
8865,FlashSAC,panda-grasp,2000,avg_success,50000896.0,0.0
8866,FlashSAC,panda-grasp,3000,avg_return,0.0,0.080909046601354
8867,FlashSAC,panda-grasp,3000,avg_return,5496832.0,0.9455644934110836
8868,FlashSAC,panda-grasp,3000,avg_return,10493952.0,1.8081008447608689
8869,FlashSAC,panda-grasp,3000,avg_return,15491072.0,2.0640482698839406
8870,FlashSAC,panda-grasp,3000,avg_return,20488192.0,2.179876134406207
8871,FlashSAC,panda-grasp,3000,avg_return,25485312.0,2.2305623077712724
8872,FlashSAC,panda-grasp,3000,avg_return,30482432.0,2.2425599541086854
8873,FlashSAC,panda-grasp,3000,avg_return,35479552.0,2.247783410567465
8874,FlashSAC,panda-grasp,3000,avg_return,40476672.0,2.2405745435463373
8875,FlashSAC,panda-grasp,3000,avg_return,45473792.0,2.2476315729889222
8876,FlashSAC,panda-grasp,3000,avg_return,50000896.0,2.238101211886608
8877,FlashSAC,panda-grasp,3000,avg_success,0.0,0.0
8878,FlashSAC,panda-grasp,3000,avg_success,5496832.0,0.0
8879,FlashSAC,panda-grasp,3000,avg_success,10493952.0,0.0
8880,FlashSAC,panda-grasp,3000,avg_success,15491072.0,0.0
8881,FlashSAC,panda-grasp,3000,avg_success,20488192.0,0.0
8882,FlashSAC,panda-grasp,3000,avg_success,25485312.0,0.0
8883,FlashSAC,panda-grasp,3000,avg_success,30482432.0,0.0
8884,FlashSAC,panda-grasp,3000,avg_success,35479552.0,0.0
8885,FlashSAC,panda-grasp,3000,avg_success,40476672.0,0.0
8886,FlashSAC,panda-grasp,3000,avg_success,45473792.0,0.0
8887,FlashSAC,panda-grasp,3000,avg_success,50000896.0,0.0
8888,FlashSAC,panda-grasp,4000,avg_return,0.0,0.0353247900326738
8889,FlashSAC,panda-grasp,4000,avg_return,5496832.0,1.00019553908308
8890,FlashSAC,panda-grasp,4000,avg_return,10493952.0,1.7976432078919018
8891,FlashSAC,panda-grasp,4000,avg_return,15491072.0,2.1072392097566777
8892,FlashSAC,panda-grasp,4000,avg_return,20488192.0,2.1935881171493463
8893,FlashSAC,panda-grasp,4000,avg_return,25485312.0,2.224144333773985
8894,FlashSAC,panda-grasp,4000,avg_return,30482432.0,2.240347115721363
8895,FlashSAC,panda-grasp,4000,avg_return,35479552.0,2.241018455535425
8896,FlashSAC,panda-grasp,4000,avg_return,40476672.0,2.2477858422208783
8897,FlashSAC,panda-grasp,4000,avg_return,45473792.0,2.255905769717621
8898,FlashSAC,panda-grasp,4000,avg_return,50000896.0,2.258631101389668
8899,FlashSAC,panda-grasp,4000,avg_success,0.0,0.0
8900,FlashSAC,panda-grasp,4000,avg_success,5496832.0,0.0
8901,FlashSAC,panda-grasp,4000,avg_success,10493952.0,0.0
8902,FlashSAC,panda-grasp,4000,avg_success,15491072.0,0.0
8903,FlashSAC,panda-grasp,4000,avg_success,20488192.0,0.0
8904,FlashSAC,panda-grasp,4000,avg_success,25485312.0,0.0
8905,FlashSAC,panda-grasp,4000,avg_success,30482432.0,0.0
8906,FlashSAC,panda-grasp,4000,avg_success,35479552.0,0.0
8907,FlashSAC,panda-grasp,4000,avg_success,40476672.0,0.0
8908,FlashSAC,panda-grasp,4000,avg_success,45473792.0,0.0
8909,FlashSAC,panda-grasp,4000,avg_success,50000896.0,0.0
8910,FlashSAC,pendulum-swingup,0,avg_return,0.0,1.46
8911,FlashSAC,pendulum-swingup,0,avg_return,100000.0,491.88
8912,FlashSAC,pendulum-swingup,0,avg_return,200000.0,825.38
8913,FlashSAC,pendulum-swingup,0,avg_return,300000.0,831.36
8914,FlashSAC,pendulum-swingup,0,avg_return,400000.0,572.46
8915,FlashSAC,pendulum-swingup,0,avg_return,500000.0,459.18
8916,FlashSAC,pendulum-swingup,0,avg_return,600000.0,590.0
8917,FlashSAC,pendulum-swingup,0,avg_return,700000.0,838.56
8918,FlashSAC,pendulum-swingup,0,avg_return,800000.0,836.1
8919,FlashSAC,pendulum-swingup,0,avg_return,900000.0,834.92
8920,FlashSAC,pendulum-swingup,0,avg_return,1000000.0,845.48
8921,FlashSAC,pendulum-swingup,0,avg_success,0.0,0.0
8922,FlashSAC,pendulum-swingup,0,avg_success,100000.0,0.0
8923,FlashSAC,pendulum-swingup,0,avg_success,200000.0,0.0
8924,FlashSAC,pendulum-swingup,0,avg_success,300000.0,0.0
8925,FlashSAC,pendulum-swingup,0,avg_success,400000.0,0.0
8926,FlashSAC,pendulum-swingup,0,avg_success,500000.0,0.0
8927,FlashSAC,pendulum-swingup,0,avg_success,600000.0,0.0
8928,FlashSAC,pendulum-swingup,0,avg_success,700000.0,0.0
8929,FlashSAC,pendulum-swingup,0,avg_success,800000.0,0.0
8930,FlashSAC,pendulum-swingup,0,avg_success,900000.0,0.0
8931,FlashSAC,pendulum-swingup,0,avg_success,1000000.0,0.0
8932,FlashSAC,pendulum-swingup,1000,avg_return,0.0,0.06
8933,FlashSAC,pendulum-swingup,1000,avg_return,100000.0,20.08
8934,FlashSAC,pendulum-swingup,1000,avg_return,200000.0,0.0
8935,FlashSAC,pendulum-swingup,1000,avg_return,300000.0,789.66
8936,FlashSAC,pendulum-swingup,1000,avg_return,400000.0,819.58
8937,FlashSAC,pendulum-swingup,1000,avg_return,500000.0,839.48
8938,FlashSAC,pendulum-swingup,1000,avg_return,600000.0,653.48
8939,FlashSAC,pendulum-swingup,1000,avg_return,700000.0,816.82
8940,FlashSAC,pendulum-swingup,1000,avg_return,800000.0,842.06
8941,FlashSAC,pendulum-swingup,1000,avg_return,900000.0,831.42
8942,FlashSAC,pendulum-swingup,1000,avg_return,1000000.0,823.06
8943,FlashSAC,pendulum-swingup,1000,avg_success,0.0,0.0
8944,FlashSAC,pendulum-swingup,1000,avg_success,100000.0,0.0
8945,FlashSAC,pendulum-swingup,1000,avg_success,200000.0,0.0
8946,FlashSAC,pendulum-swingup,1000,avg_success,300000.0,0.0
8947,FlashSAC,pendulum-swingup,1000,avg_success,400000.0,0.0
8948,FlashSAC,pendulum-swingup,1000,avg_success,500000.0,0.0
8949,FlashSAC,pendulum-swingup,1000,avg_success,600000.0,0.0
8950,FlashSAC,pendulum-swingup,1000,avg_success,700000.0,0.0
8951,FlashSAC,pendulum-swingup,1000,avg_success,800000.0,0.0
8952,FlashSAC,pendulum-swingup,1000,avg_success,900000.0,0.0
8953,FlashSAC,pendulum-swingup,1000,avg_success,1000000.0,0.0
8954,FlashSAC,pendulum-swingup,2000,avg_return,0.0,6.2
8955,FlashSAC,pendulum-swingup,2000,avg_return,100000.0,99.8
8956,FlashSAC,pendulum-swingup,2000,avg_return,200000.0,116.12
8957,FlashSAC,pendulum-swingup,2000,avg_return,300000.0,755.0
8958,FlashSAC,pendulum-swingup,2000,avg_return,400000.0,835.76
8959,FlashSAC,pendulum-swingup,2000,avg_return,500000.0,848.92
8960,FlashSAC,pendulum-swingup,2000,avg_return,600000.0,822.96
8961,FlashSAC,pendulum-swingup,2000,avg_return,700000.0,824.0
8962,FlashSAC,pendulum-swingup,2000,avg_return,800000.0,834.68
8963,FlashSAC,pendulum-swingup,2000,avg_return,900000.0,840.14
8964,FlashSAC,pendulum-swingup,2000,avg_return,1000000.0,837.32
8965,FlashSAC,pendulum-swingup,2000,avg_success,0.0,0.0
8966,FlashSAC,pendulum-swingup,2000,avg_success,100000.0,0.0
8967,FlashSAC,pendulum-swingup,2000,avg_success,200000.0,0.0
8968,FlashSAC,pendulum-swingup,2000,avg_success,300000.0,0.0
8969,FlashSAC,pendulum-swingup,2000,avg_success,400000.0,0.0
8970,FlashSAC,pendulum-swingup,2000,avg_success,500000.0,0.0
8971,FlashSAC,pendulum-swingup,2000,avg_success,600000.0,0.0
8972,FlashSAC,pendulum-swingup,2000,avg_success,700000.0,0.0
8973,FlashSAC,pendulum-swingup,2000,avg_success,800000.0,0.0
8974,FlashSAC,pendulum-swingup,2000,avg_success,900000.0,0.0
8975,FlashSAC,pendulum-swingup,2000,avg_success,1000000.0,0.0
8976,FlashSAC,pendulum-swingup,3000,avg_return,0.0,7.4
8977,FlashSAC,pendulum-swingup,3000,avg_return,100000.0,35.52
8978,FlashSAC,pendulum-swingup,3000,avg_return,200000.0,814.42
8979,FlashSAC,pendulum-swingup,3000,avg_return,300000.0,790.42
8980,FlashSAC,pendulum-swingup,3000,avg_return,400000.0,662.3
8981,FlashSAC,pendulum-swingup,3000,avg_return,500000.0,474.04
8982,FlashSAC,pendulum-swingup,3000,avg_return,600000.0,633.28
8983,FlashSAC,pendulum-swingup,3000,avg_return,700000.0,758.06
8984,FlashSAC,pendulum-swingup,3000,avg_return,800000.0,803.78
8985,FlashSAC,pendulum-swingup,3000,avg_return,900000.0,805.64
8986,FlashSAC,pendulum-swingup,3000,avg_return,1000000.0,858.5
8987,FlashSAC,pendulum-swingup,3000,avg_success,0.0,0.0
8988,FlashSAC,pendulum-swingup,3000,avg_success,100000.0,0.0
8989,FlashSAC,pendulum-swingup,3000,avg_success,200000.0,0.0
8990,FlashSAC,pendulum-swingup,3000,avg_success,300000.0,0.0
8991,FlashSAC,pendulum-swingup,3000,avg_success,400000.0,0.0
8992,FlashSAC,pendulum-swingup,3000,avg_success,500000.0,0.0
8993,FlashSAC,pendulum-swingup,3000,avg_success,600000.0,0.0
8994,FlashSAC,pendulum-swingup,3000,avg_success,700000.0,0.0
8995,FlashSAC,pendulum-swingup,3000,avg_success,800000.0,0.0
8996,FlashSAC,pendulum-swingup,3000,avg_success,900000.0,0.0
8997,FlashSAC,pendulum-swingup,3000,avg_success,1000000.0,0.0
8998,FlashSAC,pendulum-swingup,4000,avg_return,0.0,0.1
8999,FlashSAC,pendulum-swingup,4000,avg_return,100000.0,20.0
9000,FlashSAC,pendulum-swingup,4000,avg_return,200000.0,78.34
9001,FlashSAC,pendulum-swingup,4000,avg_return,300000.0,604.48
9002,FlashSAC,pendulum-swingup,4000,avg_return,400000.0,823.78
9003,FlashSAC,pendulum-swingup,4000,avg_return,500000.0,840.26
9004,FlashSAC,pendulum-swingup,4000,avg_return,600000.0,845.84
9005,FlashSAC,pendulum-swingup,4000,avg_return,700000.0,845.44
9006,FlashSAC,pendulum-swingup,4000,avg_return,800000.0,841.58
9007,FlashSAC,pendulum-swingup,4000,avg_return,900000.0,850.42
9008,FlashSAC,pendulum-swingup,4000,avg_return,1000000.0,811.32
9009,FlashSAC,pendulum-swingup,4000,avg_success,0.0,0.0
9010,FlashSAC,pendulum-swingup,4000,avg_success,100000.0,0.0
9011,FlashSAC,pendulum-swingup,4000,avg_success,200000.0,0.0
9012,FlashSAC,pendulum-swingup,4000,avg_success,300000.0,0.0
9013,FlashSAC,pendulum-swingup,4000,avg_success,400000.0,0.0
9014,FlashSAC,pendulum-swingup,4000,avg_success,500000.0,0.0
9015,FlashSAC,pendulum-swingup,4000,avg_success,600000.0,0.0
9016,FlashSAC,pendulum-swingup,4000,avg_success,700000.0,0.0
9017,FlashSAC,pendulum-swingup,4000,avg_success,800000.0,0.0
9018,FlashSAC,pendulum-swingup,4000,avg_success,900000.0,0.0
9019,FlashSAC,pendulum-swingup,4000,avg_success,1000000.0,0.0
