,exp_name,env_name,seed,metric,env_step,value
0,WarpSAC-L,Ant-v4,1,avg_return,0,-109.17
1,WarpSAC-L,Ant-v4,1,avg_return,50000,550.3743
2,WarpSAC-L,Ant-v4,1,avg_return,100000,5051.4755
3,WarpSAC-L,Ant-v4,1,avg_return,150000,5593.1988
4,WarpSAC-L,Ant-v4,1,avg_return,200000,4954.075
5,WarpSAC-L,Ant-v4,1,avg_return,250000,6172.5756
6,WarpSAC-L,Ant-v4,1,avg_return,300000,4829.7471
7,WarpSAC-L,Ant-v4,1,avg_return,350000,6262.1762
8,WarpSAC-L,Ant-v4,1,avg_return,400000,6624.6725
9,WarpSAC-L,Ant-v4,1,avg_return,450000,6347.8354
10,WarpSAC-L,Ant-v4,1,avg_return,500000,5845.7673
11,WarpSAC-L,Ant-v4,1,avg_return,550000,6888.5363
12,WarpSAC-L,Ant-v4,1,avg_return,600000,6892.6448
13,WarpSAC-L,Ant-v4,1,avg_return,650000,7313.6474
14,WarpSAC-L,Ant-v4,1,avg_return,700000,7479.6044
15,WarpSAC-L,Ant-v4,1,avg_return,750000,7247.8379
16,WarpSAC-L,Ant-v4,1,avg_return,800000,7169.1072
17,WarpSAC-L,Ant-v4,1,avg_return,850000,7336.0001
18,WarpSAC-L,Ant-v4,1,avg_return,900000,7308.0238
19,WarpSAC-L,Ant-v4,1,avg_return,950000,7685.4019
20,WarpSAC-L,Ant-v4,1,avg_return,1000000,7485.5371
21,WarpSAC-L,Ant-v4,1,avg_success,0,0.0
22,WarpSAC-L,Ant-v4,1,avg_success,50000,0.0
23,WarpSAC-L,Ant-v4,1,avg_success,100000,0.0
24,WarpSAC-L,Ant-v4,1,avg_success,150000,0.0
25,WarpSAC-L,Ant-v4,1,avg_success,200000,0.0
26,WarpSAC-L,Ant-v4,1,avg_success,250000,0.0
27,WarpSAC-L,Ant-v4,1,avg_success,300000,0.0
28,WarpSAC-L,Ant-v4,1,avg_success,350000,0.0
29,WarpSAC-L,Ant-v4,1,avg_success,400000,0.0
30,WarpSAC-L,Ant-v4,1,avg_success,450000,0.0
31,WarpSAC-L,Ant-v4,1,avg_success,500000,0.0
32,WarpSAC-L,Ant-v4,1,avg_success,550000,0.0
33,WarpSAC-L,Ant-v4,1,avg_success,600000,0.0
34,WarpSAC-L,Ant-v4,1,avg_success,650000,0.0
35,WarpSAC-L,Ant-v4,1,avg_success,700000,0.0
36,WarpSAC-L,Ant-v4,1,avg_success,750000,0.0
37,WarpSAC-L,Ant-v4,1,avg_success,800000,0.0
38,WarpSAC-L,Ant-v4,1,avg_success,850000,0.0
39,WarpSAC-L,Ant-v4,1,avg_success,900000,0.0
40,WarpSAC-L,Ant-v4,1,avg_success,950000,0.0
41,WarpSAC-L,Ant-v4,1,avg_success,1000000,0.0
42,WarpSAC-L,Ant-v4,2,avg_return,0,-62.7564
43,WarpSAC-L,Ant-v4,2,avg_return,50000,528.9889
44,WarpSAC-L,Ant-v4,2,avg_return,100000,4676.7463
45,WarpSAC-L,Ant-v4,2,avg_return,150000,4466.1658
46,WarpSAC-L,Ant-v4,2,avg_return,200000,5524.7006
47,WarpSAC-L,Ant-v4,2,avg_return,250000,6203.9895
48,WarpSAC-L,Ant-v4,2,avg_return,300000,6118.6793
49,WarpSAC-L,Ant-v4,2,avg_return,350000,5925.8622
50,WarpSAC-L,Ant-v4,2,avg_return,400000,6252.3888
51,WarpSAC-L,Ant-v4,2,avg_return,450000,6499.7792
52,WarpSAC-L,Ant-v4,2,avg_return,500000,6471.3379
53,WarpSAC-L,Ant-v4,2,avg_return,550000,6977.6855
54,WarpSAC-L,Ant-v4,2,avg_return,600000,7451.0424
55,WarpSAC-L,Ant-v4,2,avg_return,650000,7184.2206
56,WarpSAC-L,Ant-v4,2,avg_return,700000,7591.8366
57,WarpSAC-L,Ant-v4,2,avg_return,750000,7630.9902
58,WarpSAC-L,Ant-v4,2,avg_return,800000,7668.9755
59,WarpSAC-L,Ant-v4,2,avg_return,850000,7800.6717
60,WarpSAC-L,Ant-v4,2,avg_return,900000,7859.1561
61,WarpSAC-L,Ant-v4,2,avg_return,950000,7979.821
62,WarpSAC-L,Ant-v4,2,avg_return,1000000,7891.9441
63,WarpSAC-L,Ant-v4,2,avg_success,0,0.0
64,WarpSAC-L,Ant-v4,2,avg_success,50000,0.0
65,WarpSAC-L,Ant-v4,2,avg_success,100000,0.0
66,WarpSAC-L,Ant-v4,2,avg_success,150000,0.0
67,WarpSAC-L,Ant-v4,2,avg_success,200000,0.0
68,WarpSAC-L,Ant-v4,2,avg_success,250000,0.0
69,WarpSAC-L,Ant-v4,2,avg_success,300000,0.0
70,WarpSAC-L,Ant-v4,2,avg_success,350000,0.0
71,WarpSAC-L,Ant-v4,2,avg_success,400000,0.0
72,WarpSAC-L,Ant-v4,2,avg_success,450000,0.0
73,WarpSAC-L,Ant-v4,2,avg_success,500000,0.0
74,WarpSAC-L,Ant-v4,2,avg_success,550000,0.0
75,WarpSAC-L,Ant-v4,2,avg_success,600000,0.0
76,WarpSAC-L,Ant-v4,2,avg_success,650000,0.0
77,WarpSAC-L,Ant-v4,2,avg_success,700000,0.0
78,WarpSAC-L,Ant-v4,2,avg_success,750000,0.0
79,WarpSAC-L,Ant-v4,2,avg_success,800000,0.0
80,WarpSAC-L,Ant-v4,2,avg_success,850000,0.0
81,WarpSAC-L,Ant-v4,2,avg_success,900000,0.0
82,WarpSAC-L,Ant-v4,2,avg_success,950000,0.0
83,WarpSAC-L,Ant-v4,2,avg_success,1000000,0.0
84,WarpSAC-L,Ant-v4,3,avg_return,0,-170.7609
85,WarpSAC-L,Ant-v4,3,avg_return,50000,1165.6881
86,WarpSAC-L,Ant-v4,3,avg_return,100000,4729.0928
87,WarpSAC-L,Ant-v4,3,avg_return,150000,5026.6225
88,WarpSAC-L,Ant-v4,3,avg_return,200000,5282.8923
89,WarpSAC-L,Ant-v4,3,avg_return,250000,5768.9764
90,WarpSAC-L,Ant-v4,3,avg_return,300000,6077.0122
91,WarpSAC-L,Ant-v4,3,avg_return,350000,6545.5426
92,WarpSAC-L,Ant-v4,3,avg_return,400000,6621.729
93,WarpSAC-L,Ant-v4,3,avg_return,450000,6631.4814
94,WarpSAC-L,Ant-v4,3,avg_return,500000,7038.1882
95,WarpSAC-L,Ant-v4,3,avg_return,550000,7084.6415
96,WarpSAC-L,Ant-v4,3,avg_return,600000,7242.5272
97,WarpSAC-L,Ant-v4,3,avg_return,650000,7518.5182
98,WarpSAC-L,Ant-v4,3,avg_return,700000,7476.2854
99,WarpSAC-L,Ant-v4,3,avg_return,750000,7288.6301
100,WarpSAC-L,Ant-v4,3,avg_return,800000,7521.8828
101,WarpSAC-L,Ant-v4,3,avg_return,850000,7411.9072
102,WarpSAC-L,Ant-v4,3,avg_return,900000,7436.2194
103,WarpSAC-L,Ant-v4,3,avg_return,950000,7396.1889
104,WarpSAC-L,Ant-v4,3,avg_return,1000000,7528.8333
105,WarpSAC-L,Ant-v4,3,avg_success,0,0.0
106,WarpSAC-L,Ant-v4,3,avg_success,50000,0.0
107,WarpSAC-L,Ant-v4,3,avg_success,100000,0.0
108,WarpSAC-L,Ant-v4,3,avg_success,150000,0.0
109,WarpSAC-L,Ant-v4,3,avg_success,200000,0.0
110,WarpSAC-L,Ant-v4,3,avg_success,250000,0.0
111,WarpSAC-L,Ant-v4,3,avg_success,300000,0.0
112,WarpSAC-L,Ant-v4,3,avg_success,350000,0.0
113,WarpSAC-L,Ant-v4,3,avg_success,400000,0.0
114,WarpSAC-L,Ant-v4,3,avg_success,450000,0.0
115,WarpSAC-L,Ant-v4,3,avg_success,500000,0.0
116,WarpSAC-L,Ant-v4,3,avg_success,550000,0.0
117,WarpSAC-L,Ant-v4,3,avg_success,600000,0.0
118,WarpSAC-L,Ant-v4,3,avg_success,650000,0.0
119,WarpSAC-L,Ant-v4,3,avg_success,700000,0.0
120,WarpSAC-L,Ant-v4,3,avg_success,750000,0.0
121,WarpSAC-L,Ant-v4,3,avg_success,800000,0.0
122,WarpSAC-L,Ant-v4,3,avg_success,850000,0.0
123,WarpSAC-L,Ant-v4,3,avg_success,900000,0.0
124,WarpSAC-L,Ant-v4,3,avg_success,950000,0.0
125,WarpSAC-L,Ant-v4,3,avg_success,1000000,0.0
126,WarpSAC-L,Ant-v4,4,avg_return,0,-447.2165
127,WarpSAC-L,Ant-v4,4,avg_return,50000,598.899
128,WarpSAC-L,Ant-v4,4,avg_return,100000,3342.1982
129,WarpSAC-L,Ant-v4,4,avg_return,150000,4031.9836
130,WarpSAC-L,Ant-v4,4,avg_return,200000,5497.8709
131,WarpSAC-L,Ant-v4,4,avg_return,250000,5759.9468
132,WarpSAC-L,Ant-v4,4,avg_return,300000,6468.3466
133,WarpSAC-L,Ant-v4,4,avg_return,350000,6568.2508
134,WarpSAC-L,Ant-v4,4,avg_return,400000,6866.7644
135,WarpSAC-L,Ant-v4,4,avg_return,450000,6989.4321
136,WarpSAC-L,Ant-v4,4,avg_return,500000,7255.4395
137,WarpSAC-L,Ant-v4,4,avg_return,550000,7038.7317
138,WarpSAC-L,Ant-v4,4,avg_return,600000,7316.9682
139,WarpSAC-L,Ant-v4,4,avg_return,650000,7317.3028
140,WarpSAC-L,Ant-v4,4,avg_return,700000,7633.0539
141,WarpSAC-L,Ant-v4,4,avg_return,750000,7486.9653
142,WarpSAC-L,Ant-v4,4,avg_return,800000,7610.3306
143,WarpSAC-L,Ant-v4,4,avg_return,850000,7806.4635
144,WarpSAC-L,Ant-v4,4,avg_return,900000,7847.8763
145,WarpSAC-L,Ant-v4,4,avg_return,950000,7732.8707
146,WarpSAC-L,Ant-v4,4,avg_return,1000000,8012.9111
147,WarpSAC-L,Ant-v4,4,avg_success,0,0.0
148,WarpSAC-L,Ant-v4,4,avg_success,50000,0.0
149,WarpSAC-L,Ant-v4,4,avg_success,100000,0.0
150,WarpSAC-L,Ant-v4,4,avg_success,150000,0.0
151,WarpSAC-L,Ant-v4,4,avg_success,200000,0.0
152,WarpSAC-L,Ant-v4,4,avg_success,250000,0.0
153,WarpSAC-L,Ant-v4,4,avg_success,300000,0.0
154,WarpSAC-L,Ant-v4,4,avg_success,350000,0.0
155,WarpSAC-L,Ant-v4,4,avg_success,400000,0.0
156,WarpSAC-L,Ant-v4,4,avg_success,450000,0.0
157,WarpSAC-L,Ant-v4,4,avg_success,500000,0.0
158,WarpSAC-L,Ant-v4,4,avg_success,550000,0.0
159,WarpSAC-L,Ant-v4,4,avg_success,600000,0.0
160,WarpSAC-L,Ant-v4,4,avg_success,650000,0.0
161,WarpSAC-L,Ant-v4,4,avg_success,700000,0.0
162,WarpSAC-L,Ant-v4,4,avg_success,750000,0.0
163,WarpSAC-L,Ant-v4,4,avg_success,800000,0.0
164,WarpSAC-L,Ant-v4,4,avg_success,850000,0.0
165,WarpSAC-L,Ant-v4,4,avg_success,900000,0.0
166,WarpSAC-L,Ant-v4,4,avg_success,950000,0.0
167,WarpSAC-L,Ant-v4,4,avg_success,1000000,0.0
168,WarpSAC-L,Ant-v4,5,avg_return,0,-101.181
169,WarpSAC-L,Ant-v4,5,avg_return,50000,813.7325
170,WarpSAC-L,Ant-v4,5,avg_return,100000,2781.4273
171,WarpSAC-L,Ant-v4,5,avg_return,150000,4812.778
172,WarpSAC-L,Ant-v4,5,avg_return,200000,4287.4493
173,WarpSAC-L,Ant-v4,5,avg_return,250000,4918.2039
174,WarpSAC-L,Ant-v4,5,avg_return,300000,6140.8188
175,WarpSAC-L,Ant-v4,5,avg_return,350000,6146.098
176,WarpSAC-L,Ant-v4,5,avg_return,400000,6553.0658
177,WarpSAC-L,Ant-v4,5,avg_return,450000,6798.0115
178,WarpSAC-L,Ant-v4,5,avg_return,500000,7170.937
179,WarpSAC-L,Ant-v4,5,avg_return,550000,7462.8368
180,WarpSAC-L,Ant-v4,5,avg_return,600000,7409.7696
181,WarpSAC-L,Ant-v4,5,avg_return,650000,7581.2094
182,WarpSAC-L,Ant-v4,5,avg_return,700000,7630.4959
183,WarpSAC-L,Ant-v4,5,avg_return,750000,7629.4741
184,WarpSAC-L,Ant-v4,5,avg_return,800000,7761.529
185,WarpSAC-L,Ant-v4,5,avg_return,850000,7869.7257
186,WarpSAC-L,Ant-v4,5,avg_return,900000,7844.7064
187,WarpSAC-L,Ant-v4,5,avg_return,950000,7930.5187
188,WarpSAC-L,Ant-v4,5,avg_return,1000000,7806.8693
189,WarpSAC-L,Ant-v4,5,avg_success,0,0.0
190,WarpSAC-L,Ant-v4,5,avg_success,50000,0.0
191,WarpSAC-L,Ant-v4,5,avg_success,100000,0.0
192,WarpSAC-L,Ant-v4,5,avg_success,150000,0.0
193,WarpSAC-L,Ant-v4,5,avg_success,200000,0.0
194,WarpSAC-L,Ant-v4,5,avg_success,250000,0.0
195,WarpSAC-L,Ant-v4,5,avg_success,300000,0.0
196,WarpSAC-L,Ant-v4,5,avg_success,350000,0.0
197,WarpSAC-L,Ant-v4,5,avg_success,400000,0.0
198,WarpSAC-L,Ant-v4,5,avg_success,450000,0.0
199,WarpSAC-L,Ant-v4,5,avg_success,500000,0.0
200,WarpSAC-L,Ant-v4,5,avg_success,550000,0.0
201,WarpSAC-L,Ant-v4,5,avg_success,600000,0.0
202,WarpSAC-L,Ant-v4,5,avg_success,650000,0.0
203,WarpSAC-L,Ant-v4,5,avg_success,700000,0.0
204,WarpSAC-L,Ant-v4,5,avg_success,750000,0.0
205,WarpSAC-L,Ant-v4,5,avg_success,800000,0.0
206,WarpSAC-L,Ant-v4,5,avg_success,850000,0.0
207,WarpSAC-L,Ant-v4,5,avg_success,900000,0.0
208,WarpSAC-L,Ant-v4,5,avg_success,950000,0.0
209,WarpSAC-L,Ant-v4,5,avg_success,1000000,0.0
210,WarpSAC-L,G1JoystickFlatTerrain,1,avg_return,0,-5.1731
211,WarpSAC-L,G1JoystickFlatTerrain,1,avg_return,2499584,-3.8023
212,WarpSAC-L,G1JoystickFlatTerrain,1,avg_return,4999168,-3.2659
213,WarpSAC-L,G1JoystickFlatTerrain,1,avg_return,7498752,1.6809
214,WarpSAC-L,G1JoystickFlatTerrain,1,avg_return,9998336,10.5088
215,WarpSAC-L,G1JoystickFlatTerrain,1,avg_return,12497920,16.9149
216,WarpSAC-L,G1JoystickFlatTerrain,1,avg_return,14997504,19.965
217,WarpSAC-L,G1JoystickFlatTerrain,1,avg_return,17497088,26.2646
218,WarpSAC-L,G1JoystickFlatTerrain,1,avg_return,19996672,32.1057
219,WarpSAC-L,G1JoystickFlatTerrain,1,avg_return,22496256,35.9224
220,WarpSAC-L,G1JoystickFlatTerrain,1,avg_return,24995840,34.6503
221,WarpSAC-L,G1JoystickFlatTerrain,1,avg_return,27495424,35.8483
222,WarpSAC-L,G1JoystickFlatTerrain,1,avg_return,29995008,37.2396
223,WarpSAC-L,G1JoystickFlatTerrain,1,avg_return,32494592,38.6004
224,WarpSAC-L,G1JoystickFlatTerrain,1,avg_return,34994176,40.1945
225,WarpSAC-L,G1JoystickFlatTerrain,1,avg_return,37493760,39.3449
226,WarpSAC-L,G1JoystickFlatTerrain,1,avg_return,39993344,39.1932
227,WarpSAC-L,G1JoystickFlatTerrain,1,avg_return,42492928,40.2716
228,WarpSAC-L,G1JoystickFlatTerrain,1,avg_return,44992512,39.6988
229,WarpSAC-L,G1JoystickFlatTerrain,1,avg_return,47492096,39.9866
230,WarpSAC-L,G1JoystickFlatTerrain,1,avg_return,49991680,38.7998
231,WarpSAC-L,G1JoystickFlatTerrain,1,avg_return,50000896,40.2062
232,WarpSAC-L,G1JoystickFlatTerrain,1,avg_success,0,0.0
233,WarpSAC-L,G1JoystickFlatTerrain,1,avg_success,2499584,0.0
234,WarpSAC-L,G1JoystickFlatTerrain,1,avg_success,4999168,0.0
235,WarpSAC-L,G1JoystickFlatTerrain,1,avg_success,7498752,0.0
236,WarpSAC-L,G1JoystickFlatTerrain,1,avg_success,9998336,0.0
237,WarpSAC-L,G1JoystickFlatTerrain,1,avg_success,12497920,0.0
238,WarpSAC-L,G1JoystickFlatTerrain,1,avg_success,14997504,0.0
239,WarpSAC-L,G1JoystickFlatTerrain,1,avg_success,17497088,0.0
240,WarpSAC-L,G1JoystickFlatTerrain,1,avg_success,19996672,0.0
241,WarpSAC-L,G1JoystickFlatTerrain,1,avg_success,22496256,0.0
242,WarpSAC-L,G1JoystickFlatTerrain,1,avg_success,24995840,0.0
243,WarpSAC-L,G1JoystickFlatTerrain,1,avg_success,27495424,0.0
244,WarpSAC-L,G1JoystickFlatTerrain,1,avg_success,29995008,0.0
245,WarpSAC-L,G1JoystickFlatTerrain,1,avg_success,32494592,0.0
246,WarpSAC-L,G1JoystickFlatTerrain,1,avg_success,34994176,0.0
247,WarpSAC-L,G1JoystickFlatTerrain,1,avg_success,37493760,0.0
248,WarpSAC-L,G1JoystickFlatTerrain,1,avg_success,39993344,0.0
249,WarpSAC-L,G1JoystickFlatTerrain,1,avg_success,42492928,0.0
250,WarpSAC-L,G1JoystickFlatTerrain,1,avg_success,44992512,0.0
251,WarpSAC-L,G1JoystickFlatTerrain,1,avg_success,47492096,0.0
252,WarpSAC-L,G1JoystickFlatTerrain,1,avg_success,49991680,0.0
253,WarpSAC-L,G1JoystickFlatTerrain,1,avg_success,50000896,0.0
254,WarpSAC-L,G1JoystickFlatTerrain,2,avg_return,0,-4.5809
255,WarpSAC-L,G1JoystickFlatTerrain,2,avg_return,2499584,-3.9609
256,WarpSAC-L,G1JoystickFlatTerrain,2,avg_return,4999168,-3.86
257,WarpSAC-L,G1JoystickFlatTerrain,2,avg_return,7498752,4.7974
258,WarpSAC-L,G1JoystickFlatTerrain,2,avg_return,9998336,13.8721
259,WarpSAC-L,G1JoystickFlatTerrain,2,avg_return,12497920,17.3717
260,WarpSAC-L,G1JoystickFlatTerrain,2,avg_return,14997504,19.7114
261,WarpSAC-L,G1JoystickFlatTerrain,2,avg_return,17497088,27.7275
262,WarpSAC-L,G1JoystickFlatTerrain,2,avg_return,19996672,29.7393
263,WarpSAC-L,G1JoystickFlatTerrain,2,avg_return,22496256,33.7482
264,WarpSAC-L,G1JoystickFlatTerrain,2,avg_return,24995840,36.1019
265,WarpSAC-L,G1JoystickFlatTerrain,2,avg_return,27495424,38.1565
266,WarpSAC-L,G1JoystickFlatTerrain,2,avg_return,29995008,38.5822
267,WarpSAC-L,G1JoystickFlatTerrain,2,avg_return,32494592,39.399
268,WarpSAC-L,G1JoystickFlatTerrain,2,avg_return,34994176,38.7277
269,WarpSAC-L,G1JoystickFlatTerrain,2,avg_return,37493760,40.3055
270,WarpSAC-L,G1JoystickFlatTerrain,2,avg_return,39993344,37.033
271,WarpSAC-L,G1JoystickFlatTerrain,2,avg_return,42492928,37.1796
272,WarpSAC-L,G1JoystickFlatTerrain,2,avg_return,44992512,39.7978
273,WarpSAC-L,G1JoystickFlatTerrain,2,avg_return,47492096,38.3153
274,WarpSAC-L,G1JoystickFlatTerrain,2,avg_return,49991680,40.993
275,WarpSAC-L,G1JoystickFlatTerrain,2,avg_return,50000896,40.0159
276,WarpSAC-L,G1JoystickFlatTerrain,2,avg_success,0,0.0
277,WarpSAC-L,G1JoystickFlatTerrain,2,avg_success,2499584,0.0
278,WarpSAC-L,G1JoystickFlatTerrain,2,avg_success,4999168,0.0
279,WarpSAC-L,G1JoystickFlatTerrain,2,avg_success,7498752,0.0
280,WarpSAC-L,G1JoystickFlatTerrain,2,avg_success,9998336,0.0
281,WarpSAC-L,G1JoystickFlatTerrain,2,avg_success,12497920,0.0
282,WarpSAC-L,G1JoystickFlatTerrain,2,avg_success,14997504,0.0
283,WarpSAC-L,G1JoystickFlatTerrain,2,avg_success,17497088,0.0
284,WarpSAC-L,G1JoystickFlatTerrain,2,avg_success,19996672,0.0
285,WarpSAC-L,G1JoystickFlatTerrain,2,avg_success,22496256,0.0
286,WarpSAC-L,G1JoystickFlatTerrain,2,avg_success,24995840,0.0
287,WarpSAC-L,G1JoystickFlatTerrain,2,avg_success,27495424,0.0
288,WarpSAC-L,G1JoystickFlatTerrain,2,avg_success,29995008,0.0
289,WarpSAC-L,G1JoystickFlatTerrain,2,avg_success,32494592,0.0
290,WarpSAC-L,G1JoystickFlatTerrain,2,avg_success,34994176,0.0
291,WarpSAC-L,G1JoystickFlatTerrain,2,avg_success,37493760,0.0
292,WarpSAC-L,G1JoystickFlatTerrain,2,avg_success,39993344,0.0
293,WarpSAC-L,G1JoystickFlatTerrain,2,avg_success,42492928,0.0
294,WarpSAC-L,G1JoystickFlatTerrain,2,avg_success,44992512,0.0
295,WarpSAC-L,G1JoystickFlatTerrain,2,avg_success,47492096,0.0
296,WarpSAC-L,G1JoystickFlatTerrain,2,avg_success,49991680,0.0
297,WarpSAC-L,G1JoystickFlatTerrain,2,avg_success,50000896,0.0
298,WarpSAC-L,G1JoystickFlatTerrain,3,avg_return,0,-7.636
299,WarpSAC-L,G1JoystickFlatTerrain,3,avg_return,2499584,-3.5508
300,WarpSAC-L,G1JoystickFlatTerrain,3,avg_return,4999168,-3.5408
301,WarpSAC-L,G1JoystickFlatTerrain,3,avg_return,7498752,1.6638
302,WarpSAC-L,G1JoystickFlatTerrain,3,avg_return,9998336,13.5292
303,WarpSAC-L,G1JoystickFlatTerrain,3,avg_return,12497920,17.9115
304,WarpSAC-L,G1JoystickFlatTerrain,3,avg_return,14997504,21.3756
305,WarpSAC-L,G1JoystickFlatTerrain,3,avg_return,17497088,25.9367
306,WarpSAC-L,G1JoystickFlatTerrain,3,avg_return,19996672,32.6796
307,WarpSAC-L,G1JoystickFlatTerrain,3,avg_return,22496256,35.1589
308,WarpSAC-L,G1JoystickFlatTerrain,3,avg_return,24995840,35.1422
309,WarpSAC-L,G1JoystickFlatTerrain,3,avg_return,27495424,37.2522
310,WarpSAC-L,G1JoystickFlatTerrain,3,avg_return,29995008,38.2457
311,WarpSAC-L,G1JoystickFlatTerrain,3,avg_return,32494592,38.882
312,WarpSAC-L,G1JoystickFlatTerrain,3,avg_return,34994176,38.3062
313,WarpSAC-L,G1JoystickFlatTerrain,3,avg_return,37493760,37.6341
314,WarpSAC-L,G1JoystickFlatTerrain,3,avg_return,39993344,40.1681
315,WarpSAC-L,G1JoystickFlatTerrain,3,avg_return,42492928,37.9614
316,WarpSAC-L,G1JoystickFlatTerrain,3,avg_return,44992512,37.1875
317,WarpSAC-L,G1JoystickFlatTerrain,3,avg_return,47492096,41.0942
318,WarpSAC-L,G1JoystickFlatTerrain,3,avg_return,49991680,40.3444
319,WarpSAC-L,G1JoystickFlatTerrain,3,avg_return,50000896,40.9866
320,WarpSAC-L,G1JoystickFlatTerrain,3,avg_success,0,0.0
321,WarpSAC-L,G1JoystickFlatTerrain,3,avg_success,2499584,0.0
322,WarpSAC-L,G1JoystickFlatTerrain,3,avg_success,4999168,0.0
323,WarpSAC-L,G1JoystickFlatTerrain,3,avg_success,7498752,0.0
324,WarpSAC-L,G1JoystickFlatTerrain,3,avg_success,9998336,0.0
325,WarpSAC-L,G1JoystickFlatTerrain,3,avg_success,12497920,0.0
326,WarpSAC-L,G1JoystickFlatTerrain,3,avg_success,14997504,0.0
327,WarpSAC-L,G1JoystickFlatTerrain,3,avg_success,17497088,0.0
328,WarpSAC-L,G1JoystickFlatTerrain,3,avg_success,19996672,0.0
329,WarpSAC-L,G1JoystickFlatTerrain,3,avg_success,22496256,0.0
330,WarpSAC-L,G1JoystickFlatTerrain,3,avg_success,24995840,0.0
331,WarpSAC-L,G1JoystickFlatTerrain,3,avg_success,27495424,0.0
332,WarpSAC-L,G1JoystickFlatTerrain,3,avg_success,29995008,0.0
333,WarpSAC-L,G1JoystickFlatTerrain,3,avg_success,32494592,0.0
334,WarpSAC-L,G1JoystickFlatTerrain,3,avg_success,34994176,0.0
335,WarpSAC-L,G1JoystickFlatTerrain,3,avg_success,37493760,0.0
336,WarpSAC-L,G1JoystickFlatTerrain,3,avg_success,39993344,0.0
337,WarpSAC-L,G1JoystickFlatTerrain,3,avg_success,42492928,0.0
338,WarpSAC-L,G1JoystickFlatTerrain,3,avg_success,44992512,0.0
339,WarpSAC-L,G1JoystickFlatTerrain,3,avg_success,47492096,0.0
340,WarpSAC-L,G1JoystickFlatTerrain,3,avg_success,49991680,0.0
341,WarpSAC-L,G1JoystickFlatTerrain,3,avg_success,50000896,0.0
342,WarpSAC-L,G1JoystickFlatTerrain,4,avg_return,0,-5.6329
343,WarpSAC-L,G1JoystickFlatTerrain,4,avg_return,2499584,-3.69
344,WarpSAC-L,G1JoystickFlatTerrain,4,avg_return,4999168,-3.8181
345,WarpSAC-L,G1JoystickFlatTerrain,4,avg_return,7498752,4.558
346,WarpSAC-L,G1JoystickFlatTerrain,4,avg_return,9998336,13.0831
347,WarpSAC-L,G1JoystickFlatTerrain,4,avg_return,12497920,16.6153
348,WarpSAC-L,G1JoystickFlatTerrain,4,avg_return,14997504,21.3656
349,WarpSAC-L,G1JoystickFlatTerrain,4,avg_return,17497088,28.2878
350,WarpSAC-L,G1JoystickFlatTerrain,4,avg_return,19996672,31.5725
351,WarpSAC-L,G1JoystickFlatTerrain,4,avg_return,22496256,36.1625
352,WarpSAC-L,G1JoystickFlatTerrain,4,avg_return,24995840,35.32
353,WarpSAC-L,G1JoystickFlatTerrain,4,avg_return,27495424,38.2708
354,WarpSAC-L,G1JoystickFlatTerrain,4,avg_return,29995008,38.7359
355,WarpSAC-L,G1JoystickFlatTerrain,4,avg_return,32494592,38.5576
356,WarpSAC-L,G1JoystickFlatTerrain,4,avg_return,34994176,37.5416
357,WarpSAC-L,G1JoystickFlatTerrain,4,avg_return,37493760,40.7344
358,WarpSAC-L,G1JoystickFlatTerrain,4,avg_return,39993344,38.1757
359,WarpSAC-L,G1JoystickFlatTerrain,4,avg_return,42492928,39.0216
360,WarpSAC-L,G1JoystickFlatTerrain,4,avg_return,44992512,41.303
361,WarpSAC-L,G1JoystickFlatTerrain,4,avg_return,47492096,41.0356
362,WarpSAC-L,G1JoystickFlatTerrain,4,avg_return,49991680,40.3407
363,WarpSAC-L,G1JoystickFlatTerrain,4,avg_return,50000896,40.3808
364,WarpSAC-L,G1JoystickFlatTerrain,4,avg_success,0,0.0
365,WarpSAC-L,G1JoystickFlatTerrain,4,avg_success,2499584,0.0
366,WarpSAC-L,G1JoystickFlatTerrain,4,avg_success,4999168,0.0
367,WarpSAC-L,G1JoystickFlatTerrain,4,avg_success,7498752,0.0
368,WarpSAC-L,G1JoystickFlatTerrain,4,avg_success,9998336,0.0
369,WarpSAC-L,G1JoystickFlatTerrain,4,avg_success,12497920,0.0
370,WarpSAC-L,G1JoystickFlatTerrain,4,avg_success,14997504,0.0
371,WarpSAC-L,G1JoystickFlatTerrain,4,avg_success,17497088,0.0
372,WarpSAC-L,G1JoystickFlatTerrain,4,avg_success,19996672,0.0
373,WarpSAC-L,G1JoystickFlatTerrain,4,avg_success,22496256,0.0
374,WarpSAC-L,G1JoystickFlatTerrain,4,avg_success,24995840,0.0
375,WarpSAC-L,G1JoystickFlatTerrain,4,avg_success,27495424,0.0
376,WarpSAC-L,G1JoystickFlatTerrain,4,avg_success,29995008,0.0
377,WarpSAC-L,G1JoystickFlatTerrain,4,avg_success,32494592,0.0
378,WarpSAC-L,G1JoystickFlatTerrain,4,avg_success,34994176,0.0
379,WarpSAC-L,G1JoystickFlatTerrain,4,avg_success,37493760,0.0
380,WarpSAC-L,G1JoystickFlatTerrain,4,avg_success,39993344,0.0
381,WarpSAC-L,G1JoystickFlatTerrain,4,avg_success,42492928,0.0
382,WarpSAC-L,G1JoystickFlatTerrain,4,avg_success,44992512,0.0
383,WarpSAC-L,G1JoystickFlatTerrain,4,avg_success,47492096,0.0
384,WarpSAC-L,G1JoystickFlatTerrain,4,avg_success,49991680,0.0
385,WarpSAC-L,G1JoystickFlatTerrain,4,avg_success,50000896,0.0
386,WarpSAC-L,G1JoystickFlatTerrain,5,avg_return,0,-4.0896
387,WarpSAC-L,G1JoystickFlatTerrain,5,avg_return,2499584,-3.5454
388,WarpSAC-L,G1JoystickFlatTerrain,5,avg_return,4999168,-3.4344
389,WarpSAC-L,G1JoystickFlatTerrain,5,avg_return,7498752,1.0714
390,WarpSAC-L,G1JoystickFlatTerrain,5,avg_return,9998336,13.0686
391,WarpSAC-L,G1JoystickFlatTerrain,5,avg_return,12497920,19.5742
392,WarpSAC-L,G1JoystickFlatTerrain,5,avg_return,14997504,23.402
393,WarpSAC-L,G1JoystickFlatTerrain,5,avg_return,17497088,29.9457
394,WarpSAC-L,G1JoystickFlatTerrain,5,avg_return,19996672,34.2127
395,WarpSAC-L,G1JoystickFlatTerrain,5,avg_return,22496256,35.7211
396,WarpSAC-L,G1JoystickFlatTerrain,5,avg_return,24995840,37.4306
397,WarpSAC-L,G1JoystickFlatTerrain,5,avg_return,27495424,36.2538
398,WarpSAC-L,G1JoystickFlatTerrain,5,avg_return,29995008,39.0668
399,WarpSAC-L,G1JoystickFlatTerrain,5,avg_return,32494592,37.9194
400,WarpSAC-L,G1JoystickFlatTerrain,5,avg_return,34994176,39.4295
401,WarpSAC-L,G1JoystickFlatTerrain,5,avg_return,37493760,37.5786
402,WarpSAC-L,G1JoystickFlatTerrain,5,avg_return,39993344,39.515
403,WarpSAC-L,G1JoystickFlatTerrain,5,avg_return,42492928,39.572
404,WarpSAC-L,G1JoystickFlatTerrain,5,avg_return,44992512,39.3353
405,WarpSAC-L,G1JoystickFlatTerrain,5,avg_return,47492096,39.8986
406,WarpSAC-L,G1JoystickFlatTerrain,5,avg_return,49991680,41.6005
407,WarpSAC-L,G1JoystickFlatTerrain,5,avg_return,50000896,40.7415
408,WarpSAC-L,G1JoystickFlatTerrain,5,avg_success,0,0.0
409,WarpSAC-L,G1JoystickFlatTerrain,5,avg_success,2499584,0.0
410,WarpSAC-L,G1JoystickFlatTerrain,5,avg_success,4999168,0.0
411,WarpSAC-L,G1JoystickFlatTerrain,5,avg_success,7498752,0.0
412,WarpSAC-L,G1JoystickFlatTerrain,5,avg_success,9998336,0.0
413,WarpSAC-L,G1JoystickFlatTerrain,5,avg_success,12497920,0.0
414,WarpSAC-L,G1JoystickFlatTerrain,5,avg_success,14997504,0.0
415,WarpSAC-L,G1JoystickFlatTerrain,5,avg_success,17497088,0.0
416,WarpSAC-L,G1JoystickFlatTerrain,5,avg_success,19996672,0.0
417,WarpSAC-L,G1JoystickFlatTerrain,5,avg_success,22496256,0.0
418,WarpSAC-L,G1JoystickFlatTerrain,5,avg_success,24995840,0.0
419,WarpSAC-L,G1JoystickFlatTerrain,5,avg_success,27495424,0.0
420,WarpSAC-L,G1JoystickFlatTerrain,5,avg_success,29995008,0.0
421,WarpSAC-L,G1JoystickFlatTerrain,5,avg_success,32494592,0.0
422,WarpSAC-L,G1JoystickFlatTerrain,5,avg_success,34994176,0.0
423,WarpSAC-L,G1JoystickFlatTerrain,5,avg_success,37493760,0.0
424,WarpSAC-L,G1JoystickFlatTerrain,5,avg_success,39993344,0.0
425,WarpSAC-L,G1JoystickFlatTerrain,5,avg_success,42492928,0.0
426,WarpSAC-L,G1JoystickFlatTerrain,5,avg_success,44992512,0.0
427,WarpSAC-L,G1JoystickFlatTerrain,5,avg_success,47492096,0.0
428,WarpSAC-L,G1JoystickFlatTerrain,5,avg_success,49991680,0.0
429,WarpSAC-L,G1JoystickFlatTerrain,5,avg_success,50000896,0.0
430,WarpSAC-L,G1JoystickRoughTerrain,1,avg_return,0,-5.2996
431,WarpSAC-L,G1JoystickRoughTerrain,1,avg_return,2499584,-3.7498
432,WarpSAC-L,G1JoystickRoughTerrain,1,avg_return,4999168,-3.387
433,WarpSAC-L,G1JoystickRoughTerrain,1,avg_return,7498752,-1.3954
434,WarpSAC-L,G1JoystickRoughTerrain,1,avg_return,9998336,11.5541
435,WarpSAC-L,G1JoystickRoughTerrain,1,avg_return,12497920,18.5888
436,WarpSAC-L,G1JoystickRoughTerrain,1,avg_return,14997504,20.2398
437,WarpSAC-L,G1JoystickRoughTerrain,1,avg_return,17497088,25.4871
438,WarpSAC-L,G1JoystickRoughTerrain,1,avg_return,19996672,29.5467
439,WarpSAC-L,G1JoystickRoughTerrain,1,avg_return,22496256,-3.0798
440,WarpSAC-L,G1JoystickRoughTerrain,1,avg_return,24995840,28.0648
441,WarpSAC-L,G1JoystickRoughTerrain,1,avg_return,27495424,31.412
442,WarpSAC-L,G1JoystickRoughTerrain,1,avg_return,29995008,33.1928
443,WarpSAC-L,G1JoystickRoughTerrain,1,avg_return,32494592,34.2491
444,WarpSAC-L,G1JoystickRoughTerrain,1,avg_return,34994176,35.5831
445,WarpSAC-L,G1JoystickRoughTerrain,1,avg_return,37493760,33.2003
446,WarpSAC-L,G1JoystickRoughTerrain,1,avg_return,39993344,34.0381
447,WarpSAC-L,G1JoystickRoughTerrain,1,avg_return,42492928,34.9765
448,WarpSAC-L,G1JoystickRoughTerrain,1,avg_return,44992512,34.8652
449,WarpSAC-L,G1JoystickRoughTerrain,1,avg_return,47492096,36.2069
450,WarpSAC-L,G1JoystickRoughTerrain,1,avg_return,49991680,34.8461
451,WarpSAC-L,G1JoystickRoughTerrain,1,avg_return,50000896,36.0103
452,WarpSAC-L,G1JoystickRoughTerrain,1,avg_success,0,0.0
453,WarpSAC-L,G1JoystickRoughTerrain,1,avg_success,2499584,0.0
454,WarpSAC-L,G1JoystickRoughTerrain,1,avg_success,4999168,0.0
455,WarpSAC-L,G1JoystickRoughTerrain,1,avg_success,7498752,0.0
456,WarpSAC-L,G1JoystickRoughTerrain,1,avg_success,9998336,0.0
457,WarpSAC-L,G1JoystickRoughTerrain,1,avg_success,12497920,0.0
458,WarpSAC-L,G1JoystickRoughTerrain,1,avg_success,14997504,0.0
459,WarpSAC-L,G1JoystickRoughTerrain,1,avg_success,17497088,0.0
460,WarpSAC-L,G1JoystickRoughTerrain,1,avg_success,19996672,0.0
461,WarpSAC-L,G1JoystickRoughTerrain,1,avg_success,22496256,0.0
462,WarpSAC-L,G1JoystickRoughTerrain,1,avg_success,24995840,0.0
463,WarpSAC-L,G1JoystickRoughTerrain,1,avg_success,27495424,0.0
464,WarpSAC-L,G1JoystickRoughTerrain,1,avg_success,29995008,0.0
465,WarpSAC-L,G1JoystickRoughTerrain,1,avg_success,32494592,0.0
466,WarpSAC-L,G1JoystickRoughTerrain,1,avg_success,34994176,0.0
467,WarpSAC-L,G1JoystickRoughTerrain,1,avg_success,37493760,0.0
468,WarpSAC-L,G1JoystickRoughTerrain,1,avg_success,39993344,0.0
469,WarpSAC-L,G1JoystickRoughTerrain,1,avg_success,42492928,0.0
470,WarpSAC-L,G1JoystickRoughTerrain,1,avg_success,44992512,0.0
471,WarpSAC-L,G1JoystickRoughTerrain,1,avg_success,47492096,0.0
472,WarpSAC-L,G1JoystickRoughTerrain,1,avg_success,49991680,0.0
473,WarpSAC-L,G1JoystickRoughTerrain,1,avg_success,50000896,0.0
474,WarpSAC-L,G1JoystickRoughTerrain,2,avg_return,0,-4.6396
475,WarpSAC-L,G1JoystickRoughTerrain,2,avg_return,2499584,-3.8396
476,WarpSAC-L,G1JoystickRoughTerrain,2,avg_return,4999168,-3.7836
477,WarpSAC-L,G1JoystickRoughTerrain,2,avg_return,7498752,-1.7221
478,WarpSAC-L,G1JoystickRoughTerrain,2,avg_return,9998336,13.9804
479,WarpSAC-L,G1JoystickRoughTerrain,2,avg_return,12497920,18.7749
480,WarpSAC-L,G1JoystickRoughTerrain,2,avg_return,14997504,21.6216
481,WarpSAC-L,G1JoystickRoughTerrain,2,avg_return,17497088,25.7713
482,WarpSAC-L,G1JoystickRoughTerrain,2,avg_return,19996672,27.0728
483,WarpSAC-L,G1JoystickRoughTerrain,2,avg_return,22496256,31.3516
484,WarpSAC-L,G1JoystickRoughTerrain,2,avg_return,24995840,32.1395
485,WarpSAC-L,G1JoystickRoughTerrain,2,avg_return,27495424,32.5213
486,WarpSAC-L,G1JoystickRoughTerrain,2,avg_return,29995008,33.6854
487,WarpSAC-L,G1JoystickRoughTerrain,2,avg_return,32494592,33.757
488,WarpSAC-L,G1JoystickRoughTerrain,2,avg_return,34994176,32.8153
489,WarpSAC-L,G1JoystickRoughTerrain,2,avg_return,37493760,34.7261
490,WarpSAC-L,G1JoystickRoughTerrain,2,avg_return,39993344,34.4795
491,WarpSAC-L,G1JoystickRoughTerrain,2,avg_return,42492928,33.313
492,WarpSAC-L,G1JoystickRoughTerrain,2,avg_return,44992512,34.7603
493,WarpSAC-L,G1JoystickRoughTerrain,2,avg_return,47492096,35.4222
494,WarpSAC-L,G1JoystickRoughTerrain,2,avg_return,49991680,36.0253
495,WarpSAC-L,G1JoystickRoughTerrain,2,avg_return,50000896,35.5275
496,WarpSAC-L,G1JoystickRoughTerrain,2,avg_success,0,0.0
497,WarpSAC-L,G1JoystickRoughTerrain,2,avg_success,2499584,0.0
498,WarpSAC-L,G1JoystickRoughTerrain,2,avg_success,4999168,0.0
499,WarpSAC-L,G1JoystickRoughTerrain,2,avg_success,7498752,0.0
500,WarpSAC-L,G1JoystickRoughTerrain,2,avg_success,9998336,0.0
501,WarpSAC-L,G1JoystickRoughTerrain,2,avg_success,12497920,0.0
502,WarpSAC-L,G1JoystickRoughTerrain,2,avg_success,14997504,0.0
503,WarpSAC-L,G1JoystickRoughTerrain,2,avg_success,17497088,0.0
504,WarpSAC-L,G1JoystickRoughTerrain,2,avg_success,19996672,0.0
505,WarpSAC-L,G1JoystickRoughTerrain,2,avg_success,22496256,0.0
506,WarpSAC-L,G1JoystickRoughTerrain,2,avg_success,24995840,0.0
507,WarpSAC-L,G1JoystickRoughTerrain,2,avg_success,27495424,0.0
508,WarpSAC-L,G1JoystickRoughTerrain,2,avg_success,29995008,0.0
509,WarpSAC-L,G1JoystickRoughTerrain,2,avg_success,32494592,0.0
510,WarpSAC-L,G1JoystickRoughTerrain,2,avg_success,34994176,0.0
511,WarpSAC-L,G1JoystickRoughTerrain,2,avg_success,37493760,0.0
512,WarpSAC-L,G1JoystickRoughTerrain,2,avg_success,39993344,0.0
513,WarpSAC-L,G1JoystickRoughTerrain,2,avg_success,42492928,0.0
514,WarpSAC-L,G1JoystickRoughTerrain,2,avg_success,44992512,0.0
515,WarpSAC-L,G1JoystickRoughTerrain,2,avg_success,47492096,0.0
516,WarpSAC-L,G1JoystickRoughTerrain,2,avg_success,49991680,0.0
517,WarpSAC-L,G1JoystickRoughTerrain,2,avg_success,50000896,0.0
518,WarpSAC-L,G1JoystickRoughTerrain,3,avg_return,0,-7.858
519,WarpSAC-L,G1JoystickRoughTerrain,3,avg_return,2499584,-3.6844
520,WarpSAC-L,G1JoystickRoughTerrain,3,avg_return,4999168,-3.7206
521,WarpSAC-L,G1JoystickRoughTerrain,3,avg_return,7498752,-2.0376
522,WarpSAC-L,G1JoystickRoughTerrain,3,avg_return,9998336,14.6403
523,WarpSAC-L,G1JoystickRoughTerrain,3,avg_return,12497920,18.8502
524,WarpSAC-L,G1JoystickRoughTerrain,3,avg_return,14997504,22.3832
525,WarpSAC-L,G1JoystickRoughTerrain,3,avg_return,17497088,24.4081
526,WarpSAC-L,G1JoystickRoughTerrain,3,avg_return,19996672,27.5083
527,WarpSAC-L,G1JoystickRoughTerrain,3,avg_return,22496256,31.6339
528,WarpSAC-L,G1JoystickRoughTerrain,3,avg_return,24995840,25.0225
529,WarpSAC-L,G1JoystickRoughTerrain,3,avg_return,27495424,32.7088
530,WarpSAC-L,G1JoystickRoughTerrain,3,avg_return,29995008,31.0365
531,WarpSAC-L,G1JoystickRoughTerrain,3,avg_return,32494592,32.5719
532,WarpSAC-L,G1JoystickRoughTerrain,3,avg_return,34994176,32.8434
533,WarpSAC-L,G1JoystickRoughTerrain,3,avg_return,37493760,33.5863
534,WarpSAC-L,G1JoystickRoughTerrain,3,avg_return,39993344,34.2256
535,WarpSAC-L,G1JoystickRoughTerrain,3,avg_return,42492928,35.3767
536,WarpSAC-L,G1JoystickRoughTerrain,3,avg_return,44992512,35.4719
537,WarpSAC-L,G1JoystickRoughTerrain,3,avg_return,47492096,36.5257
538,WarpSAC-L,G1JoystickRoughTerrain,3,avg_return,49991680,36.8239
539,WarpSAC-L,G1JoystickRoughTerrain,3,avg_return,50000896,35.1815
540,WarpSAC-L,G1JoystickRoughTerrain,3,avg_success,0,0.0
541,WarpSAC-L,G1JoystickRoughTerrain,3,avg_success,2499584,0.0
542,WarpSAC-L,G1JoystickRoughTerrain,3,avg_success,4999168,0.0
543,WarpSAC-L,G1JoystickRoughTerrain,3,avg_success,7498752,0.0
544,WarpSAC-L,G1JoystickRoughTerrain,3,avg_success,9998336,0.0
545,WarpSAC-L,G1JoystickRoughTerrain,3,avg_success,12497920,0.0
546,WarpSAC-L,G1JoystickRoughTerrain,3,avg_success,14997504,0.0
547,WarpSAC-L,G1JoystickRoughTerrain,3,avg_success,17497088,0.0
548,WarpSAC-L,G1JoystickRoughTerrain,3,avg_success,19996672,0.0
549,WarpSAC-L,G1JoystickRoughTerrain,3,avg_success,22496256,0.0
550,WarpSAC-L,G1JoystickRoughTerrain,3,avg_success,24995840,0.0
551,WarpSAC-L,G1JoystickRoughTerrain,3,avg_success,27495424,0.0
552,WarpSAC-L,G1JoystickRoughTerrain,3,avg_success,29995008,0.0
553,WarpSAC-L,G1JoystickRoughTerrain,3,avg_success,32494592,0.0
554,WarpSAC-L,G1JoystickRoughTerrain,3,avg_success,34994176,0.0
555,WarpSAC-L,G1JoystickRoughTerrain,3,avg_success,37493760,0.0
556,WarpSAC-L,G1JoystickRoughTerrain,3,avg_success,39993344,0.0
557,WarpSAC-L,G1JoystickRoughTerrain,3,avg_success,42492928,0.0
558,WarpSAC-L,G1JoystickRoughTerrain,3,avg_success,44992512,0.0
559,WarpSAC-L,G1JoystickRoughTerrain,3,avg_success,47492096,0.0
560,WarpSAC-L,G1JoystickRoughTerrain,3,avg_success,49991680,0.0
561,WarpSAC-L,G1JoystickRoughTerrain,3,avg_success,50000896,0.0
562,WarpSAC-L,G1JoystickRoughTerrain,4,avg_return,0,-5.8322
563,WarpSAC-L,G1JoystickRoughTerrain,4,avg_return,2499584,-3.5865
564,WarpSAC-L,G1JoystickRoughTerrain,4,avg_return,4999168,-3.6098
565,WarpSAC-L,G1JoystickRoughTerrain,4,avg_return,7498752,-1.2125
566,WarpSAC-L,G1JoystickRoughTerrain,4,avg_return,9998336,13.8984
567,WarpSAC-L,G1JoystickRoughTerrain,4,avg_return,12497920,17.7138
568,WarpSAC-L,G1JoystickRoughTerrain,4,avg_return,14997504,21.9424
569,WarpSAC-L,G1JoystickRoughTerrain,4,avg_return,17497088,27.1042
570,WarpSAC-L,G1JoystickRoughTerrain,4,avg_return,19996672,28.936
571,WarpSAC-L,G1JoystickRoughTerrain,4,avg_return,22496256,31.6691
572,WarpSAC-L,G1JoystickRoughTerrain,4,avg_return,24995840,32.2338
573,WarpSAC-L,G1JoystickRoughTerrain,4,avg_return,27495424,34.4564
574,WarpSAC-L,G1JoystickRoughTerrain,4,avg_return,29995008,32.6156
575,WarpSAC-L,G1JoystickRoughTerrain,4,avg_return,32494592,34.8228
576,WarpSAC-L,G1JoystickRoughTerrain,4,avg_return,34994176,33.8997
577,WarpSAC-L,G1JoystickRoughTerrain,4,avg_return,37493760,36.0993
578,WarpSAC-L,G1JoystickRoughTerrain,4,avg_return,39993344,33.8003
579,WarpSAC-L,G1JoystickRoughTerrain,4,avg_return,42492928,35.9638
580,WarpSAC-L,G1JoystickRoughTerrain,4,avg_return,44992512,34.9352
581,WarpSAC-L,G1JoystickRoughTerrain,4,avg_return,47492096,36.1562
582,WarpSAC-L,G1JoystickRoughTerrain,4,avg_return,49991680,35.9801
583,WarpSAC-L,G1JoystickRoughTerrain,4,avg_return,50000896,35.1708
584,WarpSAC-L,G1JoystickRoughTerrain,4,avg_success,0,0.0
585,WarpSAC-L,G1JoystickRoughTerrain,4,avg_success,2499584,0.0
586,WarpSAC-L,G1JoystickRoughTerrain,4,avg_success,4999168,0.0
587,WarpSAC-L,G1JoystickRoughTerrain,4,avg_success,7498752,0.0
588,WarpSAC-L,G1JoystickRoughTerrain,4,avg_success,9998336,0.0
589,WarpSAC-L,G1JoystickRoughTerrain,4,avg_success,12497920,0.0
590,WarpSAC-L,G1JoystickRoughTerrain,4,avg_success,14997504,0.0
591,WarpSAC-L,G1JoystickRoughTerrain,4,avg_success,17497088,0.0
592,WarpSAC-L,G1JoystickRoughTerrain,4,avg_success,19996672,0.0
593,WarpSAC-L,G1JoystickRoughTerrain,4,avg_success,22496256,0.0
594,WarpSAC-L,G1JoystickRoughTerrain,4,avg_success,24995840,0.0
595,WarpSAC-L,G1JoystickRoughTerrain,4,avg_success,27495424,0.0
596,WarpSAC-L,G1JoystickRoughTerrain,4,avg_success,29995008,0.0
597,WarpSAC-L,G1JoystickRoughTerrain,4,avg_success,32494592,0.0
598,WarpSAC-L,G1JoystickRoughTerrain,4,avg_success,34994176,0.0
599,WarpSAC-L,G1JoystickRoughTerrain,4,avg_success,37493760,0.0
600,WarpSAC-L,G1JoystickRoughTerrain,4,avg_success,39993344,0.0
601,WarpSAC-L,G1JoystickRoughTerrain,4,avg_success,42492928,0.0
602,WarpSAC-L,G1JoystickRoughTerrain,4,avg_success,44992512,0.0
603,WarpSAC-L,G1JoystickRoughTerrain,4,avg_success,47492096,0.0
604,WarpSAC-L,G1JoystickRoughTerrain,4,avg_success,49991680,0.0
605,WarpSAC-L,G1JoystickRoughTerrain,4,avg_success,50000896,0.0
606,WarpSAC-L,G1JoystickRoughTerrain,5,avg_return,0,-4.7847
607,WarpSAC-L,G1JoystickRoughTerrain,5,avg_return,2499584,-3.5427
608,WarpSAC-L,G1JoystickRoughTerrain,5,avg_return,4999168,-3.3971
609,WarpSAC-L,G1JoystickRoughTerrain,5,avg_return,7498752,-2.162
610,WarpSAC-L,G1JoystickRoughTerrain,5,avg_return,9998336,14.5703
611,WarpSAC-L,G1JoystickRoughTerrain,5,avg_return,12497920,19.6086
612,WarpSAC-L,G1JoystickRoughTerrain,5,avg_return,14997504,22.4713
613,WarpSAC-L,G1JoystickRoughTerrain,5,avg_return,17497088,25.8639
614,WarpSAC-L,G1JoystickRoughTerrain,5,avg_return,19996672,27.8997
615,WarpSAC-L,G1JoystickRoughTerrain,5,avg_return,22496256,31.3198
616,WarpSAC-L,G1JoystickRoughTerrain,5,avg_return,24995840,22.1234
617,WarpSAC-L,G1JoystickRoughTerrain,5,avg_return,27495424,33.7683
618,WarpSAC-L,G1JoystickRoughTerrain,5,avg_return,29995008,33.7362
619,WarpSAC-L,G1JoystickRoughTerrain,5,avg_return,32494592,33.7753
620,WarpSAC-L,G1JoystickRoughTerrain,5,avg_return,34994176,33.5341
621,WarpSAC-L,G1JoystickRoughTerrain,5,avg_return,37493760,33.7242
622,WarpSAC-L,G1JoystickRoughTerrain,5,avg_return,39993344,33.9209
623,WarpSAC-L,G1JoystickRoughTerrain,5,avg_return,42492928,31.9739
624,WarpSAC-L,G1JoystickRoughTerrain,5,avg_return,44992512,32.2813
625,WarpSAC-L,G1JoystickRoughTerrain,5,avg_return,47492096,32.5794
626,WarpSAC-L,G1JoystickRoughTerrain,5,avg_return,49991680,34.132
627,WarpSAC-L,G1JoystickRoughTerrain,5,avg_return,50000896,33.5547
628,WarpSAC-L,G1JoystickRoughTerrain,5,avg_success,0,0.0
629,WarpSAC-L,G1JoystickRoughTerrain,5,avg_success,2499584,0.0
630,WarpSAC-L,G1JoystickRoughTerrain,5,avg_success,4999168,0.0
631,WarpSAC-L,G1JoystickRoughTerrain,5,avg_success,7498752,0.0
632,WarpSAC-L,G1JoystickRoughTerrain,5,avg_success,9998336,0.0
633,WarpSAC-L,G1JoystickRoughTerrain,5,avg_success,12497920,0.0
634,WarpSAC-L,G1JoystickRoughTerrain,5,avg_success,14997504,0.0
635,WarpSAC-L,G1JoystickRoughTerrain,5,avg_success,17497088,0.0
636,WarpSAC-L,G1JoystickRoughTerrain,5,avg_success,19996672,0.0
637,WarpSAC-L,G1JoystickRoughTerrain,5,avg_success,22496256,0.0
638,WarpSAC-L,G1JoystickRoughTerrain,5,avg_success,24995840,0.0
639,WarpSAC-L,G1JoystickRoughTerrain,5,avg_success,27495424,0.0
640,WarpSAC-L,G1JoystickRoughTerrain,5,avg_success,29995008,0.0
641,WarpSAC-L,G1JoystickRoughTerrain,5,avg_success,32494592,0.0
642,WarpSAC-L,G1JoystickRoughTerrain,5,avg_success,34994176,0.0
643,WarpSAC-L,G1JoystickRoughTerrain,5,avg_success,37493760,0.0
644,WarpSAC-L,G1JoystickRoughTerrain,5,avg_success,39993344,0.0
645,WarpSAC-L,G1JoystickRoughTerrain,5,avg_success,42492928,0.0
646,WarpSAC-L,G1JoystickRoughTerrain,5,avg_success,44992512,0.0
647,WarpSAC-L,G1JoystickRoughTerrain,5,avg_success,47492096,0.0
648,WarpSAC-L,G1JoystickRoughTerrain,5,avg_success,49991680,0.0
649,WarpSAC-L,G1JoystickRoughTerrain,5,avg_success,50000896,0.0
650,WarpSAC-L,HalfCheetah-v4,1,avg_return,0,-675.0995
651,WarpSAC-L,HalfCheetah-v4,1,avg_return,50000,6128.032
652,WarpSAC-L,HalfCheetah-v4,1,avg_return,100000,7729.7549
653,WarpSAC-L,HalfCheetah-v4,1,avg_return,150000,8890.2836
654,WarpSAC-L,HalfCheetah-v4,1,avg_return,200000,9586.3949
655,WarpSAC-L,HalfCheetah-v4,1,avg_return,250000,9549.7322
656,WarpSAC-L,HalfCheetah-v4,1,avg_return,300000,10176.1288
657,WarpSAC-L,HalfCheetah-v4,1,avg_return,350000,10630.5559
658,WarpSAC-L,HalfCheetah-v4,1,avg_return,400000,11039.6013
659,WarpSAC-L,HalfCheetah-v4,1,avg_return,450000,12008.3466
660,WarpSAC-L,HalfCheetah-v4,1,avg_return,500000,12119.4792
661,WarpSAC-L,HalfCheetah-v4,1,avg_return,550000,12274.0165
662,WarpSAC-L,HalfCheetah-v4,1,avg_return,600000,12464.4708
663,WarpSAC-L,HalfCheetah-v4,1,avg_return,650000,12566.888
664,WarpSAC-L,HalfCheetah-v4,1,avg_return,700000,12618.7903
665,WarpSAC-L,HalfCheetah-v4,1,avg_return,750000,11545.5522
666,WarpSAC-L,HalfCheetah-v4,1,avg_return,800000,12185.9649
667,WarpSAC-L,HalfCheetah-v4,1,avg_return,850000,15024.0523
668,WarpSAC-L,HalfCheetah-v4,1,avg_return,900000,15073.9661
669,WarpSAC-L,HalfCheetah-v4,1,avg_return,950000,14617.8257
670,WarpSAC-L,HalfCheetah-v4,1,avg_return,1000000,14846.5401
671,WarpSAC-L,HalfCheetah-v4,1,avg_success,0,0.0
672,WarpSAC-L,HalfCheetah-v4,1,avg_success,50000,0.0
673,WarpSAC-L,HalfCheetah-v4,1,avg_success,100000,0.0
674,WarpSAC-L,HalfCheetah-v4,1,avg_success,150000,0.0
675,WarpSAC-L,HalfCheetah-v4,1,avg_success,200000,0.0
676,WarpSAC-L,HalfCheetah-v4,1,avg_success,250000,0.0
677,WarpSAC-L,HalfCheetah-v4,1,avg_success,300000,0.0
678,WarpSAC-L,HalfCheetah-v4,1,avg_success,350000,0.0
679,WarpSAC-L,HalfCheetah-v4,1,avg_success,400000,0.0
680,WarpSAC-L,HalfCheetah-v4,1,avg_success,450000,0.0
681,WarpSAC-L,HalfCheetah-v4,1,avg_success,500000,0.0
682,WarpSAC-L,HalfCheetah-v4,1,avg_success,550000,0.0
683,WarpSAC-L,HalfCheetah-v4,1,avg_success,600000,0.0
684,WarpSAC-L,HalfCheetah-v4,1,avg_success,650000,0.0
685,WarpSAC-L,HalfCheetah-v4,1,avg_success,700000,0.0
686,WarpSAC-L,HalfCheetah-v4,1,avg_success,750000,0.0
687,WarpSAC-L,HalfCheetah-v4,1,avg_success,800000,0.0
688,WarpSAC-L,HalfCheetah-v4,1,avg_success,850000,0.0
689,WarpSAC-L,HalfCheetah-v4,1,avg_success,900000,0.0
690,WarpSAC-L,HalfCheetah-v4,1,avg_success,950000,0.0
691,WarpSAC-L,HalfCheetah-v4,1,avg_success,1000000,0.0
692,WarpSAC-L,HalfCheetah-v4,2,avg_return,0,75.5116
693,WarpSAC-L,HalfCheetah-v4,2,avg_return,50000,6805.4831
694,WarpSAC-L,HalfCheetah-v4,2,avg_return,100000,10107.199
695,WarpSAC-L,HalfCheetah-v4,2,avg_return,150000,11043.8788
696,WarpSAC-L,HalfCheetah-v4,2,avg_return,200000,7923.5811
697,WarpSAC-L,HalfCheetah-v4,2,avg_return,250000,11716.463
698,WarpSAC-L,HalfCheetah-v4,2,avg_return,300000,12379.658
699,WarpSAC-L,HalfCheetah-v4,2,avg_return,350000,12005.5838
700,WarpSAC-L,HalfCheetah-v4,2,avg_return,400000,12954.7129
701,WarpSAC-L,HalfCheetah-v4,2,avg_return,450000,12791.6315
702,WarpSAC-L,HalfCheetah-v4,2,avg_return,500000,12946.5394
703,WarpSAC-L,HalfCheetah-v4,2,avg_return,550000,14073.5751
704,WarpSAC-L,HalfCheetah-v4,2,avg_return,600000,14466.4126
705,WarpSAC-L,HalfCheetah-v4,2,avg_return,650000,14837.0986
706,WarpSAC-L,HalfCheetah-v4,2,avg_return,700000,13671.802
707,WarpSAC-L,HalfCheetah-v4,2,avg_return,750000,14660.3167
708,WarpSAC-L,HalfCheetah-v4,2,avg_return,800000,14792.2532
709,WarpSAC-L,HalfCheetah-v4,2,avg_return,850000,14433.9223
710,WarpSAC-L,HalfCheetah-v4,2,avg_return,900000,15076.7481
711,WarpSAC-L,HalfCheetah-v4,2,avg_return,950000,15024.7564
712,WarpSAC-L,HalfCheetah-v4,2,avg_return,1000000,15010.5452
713,WarpSAC-L,HalfCheetah-v4,2,avg_success,0,0.0
714,WarpSAC-L,HalfCheetah-v4,2,avg_success,50000,0.0
715,WarpSAC-L,HalfCheetah-v4,2,avg_success,100000,0.0
716,WarpSAC-L,HalfCheetah-v4,2,avg_success,150000,0.0
717,WarpSAC-L,HalfCheetah-v4,2,avg_success,200000,0.0
718,WarpSAC-L,HalfCheetah-v4,2,avg_success,250000,0.0
719,WarpSAC-L,HalfCheetah-v4,2,avg_success,300000,0.0
720,WarpSAC-L,HalfCheetah-v4,2,avg_success,350000,0.0
721,WarpSAC-L,HalfCheetah-v4,2,avg_success,400000,0.0
722,WarpSAC-L,HalfCheetah-v4,2,avg_success,450000,0.0
723,WarpSAC-L,HalfCheetah-v4,2,avg_success,500000,0.0
724,WarpSAC-L,HalfCheetah-v4,2,avg_success,550000,0.0
725,WarpSAC-L,HalfCheetah-v4,2,avg_success,600000,0.0
726,WarpSAC-L,HalfCheetah-v4,2,avg_success,650000,0.0
727,WarpSAC-L,HalfCheetah-v4,2,avg_success,700000,0.0
728,WarpSAC-L,HalfCheetah-v4,2,avg_success,750000,0.0
729,WarpSAC-L,HalfCheetah-v4,2,avg_success,800000,0.0
730,WarpSAC-L,HalfCheetah-v4,2,avg_success,850000,0.0
731,WarpSAC-L,HalfCheetah-v4,2,avg_success,900000,0.0
732,WarpSAC-L,HalfCheetah-v4,2,avg_success,950000,0.0
733,WarpSAC-L,HalfCheetah-v4,2,avg_success,1000000,0.0
734,WarpSAC-L,HalfCheetah-v4,3,avg_return,0,217.6566
735,WarpSAC-L,HalfCheetah-v4,3,avg_return,50000,7285.9837
736,WarpSAC-L,HalfCheetah-v4,3,avg_return,100000,9732.8116
737,WarpSAC-L,HalfCheetah-v4,3,avg_return,150000,10178.8275
738,WarpSAC-L,HalfCheetah-v4,3,avg_return,200000,10749.2096
739,WarpSAC-L,HalfCheetah-v4,3,avg_return,250000,10835.093
740,WarpSAC-L,HalfCheetah-v4,3,avg_return,300000,10967.2219
741,WarpSAC-L,HalfCheetah-v4,3,avg_return,350000,11071.8951
742,WarpSAC-L,HalfCheetah-v4,3,avg_return,400000,11351.291
743,WarpSAC-L,HalfCheetah-v4,3,avg_return,450000,11532.6808
744,WarpSAC-L,HalfCheetah-v4,3,avg_return,500000,12011.5923
745,WarpSAC-L,HalfCheetah-v4,3,avg_return,550000,12339.7426
746,WarpSAC-L,HalfCheetah-v4,3,avg_return,600000,12269.3264
747,WarpSAC-L,HalfCheetah-v4,3,avg_return,650000,12465.1022
748,WarpSAC-L,HalfCheetah-v4,3,avg_return,700000,12480.4736
749,WarpSAC-L,HalfCheetah-v4,3,avg_return,750000,13985.9771
750,WarpSAC-L,HalfCheetah-v4,3,avg_return,800000,14296.9898
751,WarpSAC-L,HalfCheetah-v4,3,avg_return,850000,14359.5124
752,WarpSAC-L,HalfCheetah-v4,3,avg_return,900000,14695.032
753,WarpSAC-L,HalfCheetah-v4,3,avg_return,950000,14710.5414
754,WarpSAC-L,HalfCheetah-v4,3,avg_return,1000000,15087.5979
755,WarpSAC-L,HalfCheetah-v4,3,avg_success,0,0.0
756,WarpSAC-L,HalfCheetah-v4,3,avg_success,50000,0.0
757,WarpSAC-L,HalfCheetah-v4,3,avg_success,100000,0.0
758,WarpSAC-L,HalfCheetah-v4,3,avg_success,150000,0.0
759,WarpSAC-L,HalfCheetah-v4,3,avg_success,200000,0.0
760,WarpSAC-L,HalfCheetah-v4,3,avg_success,250000,0.0
761,WarpSAC-L,HalfCheetah-v4,3,avg_success,300000,0.0
762,WarpSAC-L,HalfCheetah-v4,3,avg_success,350000,0.0
763,WarpSAC-L,HalfCheetah-v4,3,avg_success,400000,0.0
764,WarpSAC-L,HalfCheetah-v4,3,avg_success,450000,0.0
765,WarpSAC-L,HalfCheetah-v4,3,avg_success,500000,0.0
766,WarpSAC-L,HalfCheetah-v4,3,avg_success,550000,0.0
767,WarpSAC-L,HalfCheetah-v4,3,avg_success,600000,0.0
768,WarpSAC-L,HalfCheetah-v4,3,avg_success,650000,0.0
769,WarpSAC-L,HalfCheetah-v4,3,avg_success,700000,0.0
770,WarpSAC-L,HalfCheetah-v4,3,avg_success,750000,0.0
771,WarpSAC-L,HalfCheetah-v4,3,avg_success,800000,0.0
772,WarpSAC-L,HalfCheetah-v4,3,avg_success,850000,0.0
773,WarpSAC-L,HalfCheetah-v4,3,avg_success,900000,0.0
774,WarpSAC-L,HalfCheetah-v4,3,avg_success,950000,0.0
775,WarpSAC-L,HalfCheetah-v4,3,avg_success,1000000,0.0
776,WarpSAC-L,HalfCheetah-v4,4,avg_return,0,-646.8377
777,WarpSAC-L,HalfCheetah-v4,4,avg_return,50000,7458.4917
778,WarpSAC-L,HalfCheetah-v4,4,avg_return,100000,9473.8479
779,WarpSAC-L,HalfCheetah-v4,4,avg_return,150000,8827.2638
780,WarpSAC-L,HalfCheetah-v4,4,avg_return,200000,11088.5891
781,WarpSAC-L,HalfCheetah-v4,4,avg_return,250000,11520.6193
782,WarpSAC-L,HalfCheetah-v4,4,avg_return,300000,11709.5253
783,WarpSAC-L,HalfCheetah-v4,4,avg_return,350000,11810.4052
784,WarpSAC-L,HalfCheetah-v4,4,avg_return,400000,12492.5873
785,WarpSAC-L,HalfCheetah-v4,4,avg_return,450000,12662.3219
786,WarpSAC-L,HalfCheetah-v4,4,avg_return,500000,13346.3011
787,WarpSAC-L,HalfCheetah-v4,4,avg_return,550000,14166.9765
788,WarpSAC-L,HalfCheetah-v4,4,avg_return,600000,13925.2017
789,WarpSAC-L,HalfCheetah-v4,4,avg_return,650000,14688.8115
790,WarpSAC-L,HalfCheetah-v4,4,avg_return,700000,14472.8325
791,WarpSAC-L,HalfCheetah-v4,4,avg_return,750000,14651.0648
792,WarpSAC-L,HalfCheetah-v4,4,avg_return,800000,14736.2597
793,WarpSAC-L,HalfCheetah-v4,4,avg_return,850000,14026.205
794,WarpSAC-L,HalfCheetah-v4,4,avg_return,900000,14645.813
795,WarpSAC-L,HalfCheetah-v4,4,avg_return,950000,14855.8527
796,WarpSAC-L,HalfCheetah-v4,4,avg_return,1000000,14762.967
797,WarpSAC-L,HalfCheetah-v4,4,avg_success,0,0.0
798,WarpSAC-L,HalfCheetah-v4,4,avg_success,50000,0.0
799,WarpSAC-L,HalfCheetah-v4,4,avg_success,100000,0.0
800,WarpSAC-L,HalfCheetah-v4,4,avg_success,150000,0.0
801,WarpSAC-L,HalfCheetah-v4,4,avg_success,200000,0.0
802,WarpSAC-L,HalfCheetah-v4,4,avg_success,250000,0.0
803,WarpSAC-L,HalfCheetah-v4,4,avg_success,300000,0.0
804,WarpSAC-L,HalfCheetah-v4,4,avg_success,350000,0.0
805,WarpSAC-L,HalfCheetah-v4,4,avg_success,400000,0.0
806,WarpSAC-L,HalfCheetah-v4,4,avg_success,450000,0.0
807,WarpSAC-L,HalfCheetah-v4,4,avg_success,500000,0.0
808,WarpSAC-L,HalfCheetah-v4,4,avg_success,550000,0.0
809,WarpSAC-L,HalfCheetah-v4,4,avg_success,600000,0.0
810,WarpSAC-L,HalfCheetah-v4,4,avg_success,650000,0.0
811,WarpSAC-L,HalfCheetah-v4,4,avg_success,700000,0.0
812,WarpSAC-L,HalfCheetah-v4,4,avg_success,750000,0.0
813,WarpSAC-L,HalfCheetah-v4,4,avg_success,800000,0.0
814,WarpSAC-L,HalfCheetah-v4,4,avg_success,850000,0.0
815,WarpSAC-L,HalfCheetah-v4,4,avg_success,900000,0.0
816,WarpSAC-L,HalfCheetah-v4,4,avg_success,950000,0.0
817,WarpSAC-L,HalfCheetah-v4,4,avg_success,1000000,0.0
818,WarpSAC-L,HalfCheetah-v4,5,avg_return,0,-520.3365
819,WarpSAC-L,HalfCheetah-v4,5,avg_return,50000,8387.9303
820,WarpSAC-L,HalfCheetah-v4,5,avg_return,100000,9869.1387
821,WarpSAC-L,HalfCheetah-v4,5,avg_return,150000,10134.7735
822,WarpSAC-L,HalfCheetah-v4,5,avg_return,200000,10479.5264
823,WarpSAC-L,HalfCheetah-v4,5,avg_return,250000,10445.9783
824,WarpSAC-L,HalfCheetah-v4,5,avg_return,300000,9575.8159
825,WarpSAC-L,HalfCheetah-v4,5,avg_return,350000,11372.0705
826,WarpSAC-L,HalfCheetah-v4,5,avg_return,400000,12058.6352
827,WarpSAC-L,HalfCheetah-v4,5,avg_return,450000,12627.0452
828,WarpSAC-L,HalfCheetah-v4,5,avg_return,500000,13548.3727
829,WarpSAC-L,HalfCheetah-v4,5,avg_return,550000,14029.8334
830,WarpSAC-L,HalfCheetah-v4,5,avg_return,600000,14095.2911
831,WarpSAC-L,HalfCheetah-v4,5,avg_return,650000,14123.0195
832,WarpSAC-L,HalfCheetah-v4,5,avg_return,700000,14126.3208
833,WarpSAC-L,HalfCheetah-v4,5,avg_return,750000,14387.6485
834,WarpSAC-L,HalfCheetah-v4,5,avg_return,800000,14343.6011
835,WarpSAC-L,HalfCheetah-v4,5,avg_return,850000,14618.3786
836,WarpSAC-L,HalfCheetah-v4,5,avg_return,900000,14503.7044
837,WarpSAC-L,HalfCheetah-v4,5,avg_return,950000,14987.0331
838,WarpSAC-L,HalfCheetah-v4,5,avg_return,1000000,14930.7893
839,WarpSAC-L,HalfCheetah-v4,5,avg_success,0,0.0
840,WarpSAC-L,HalfCheetah-v4,5,avg_success,50000,0.0
841,WarpSAC-L,HalfCheetah-v4,5,avg_success,100000,0.0
842,WarpSAC-L,HalfCheetah-v4,5,avg_success,150000,0.0
843,WarpSAC-L,HalfCheetah-v4,5,avg_success,200000,0.0
844,WarpSAC-L,HalfCheetah-v4,5,avg_success,250000,0.0
845,WarpSAC-L,HalfCheetah-v4,5,avg_success,300000,0.0
846,WarpSAC-L,HalfCheetah-v4,5,avg_success,350000,0.0
847,WarpSAC-L,HalfCheetah-v4,5,avg_success,400000,0.0
848,WarpSAC-L,HalfCheetah-v4,5,avg_success,450000,0.0
849,WarpSAC-L,HalfCheetah-v4,5,avg_success,500000,0.0
850,WarpSAC-L,HalfCheetah-v4,5,avg_success,550000,0.0
851,WarpSAC-L,HalfCheetah-v4,5,avg_success,600000,0.0
852,WarpSAC-L,HalfCheetah-v4,5,avg_success,650000,0.0
853,WarpSAC-L,HalfCheetah-v4,5,avg_success,700000,0.0
854,WarpSAC-L,HalfCheetah-v4,5,avg_success,750000,0.0
855,WarpSAC-L,HalfCheetah-v4,5,avg_success,800000,0.0
856,WarpSAC-L,HalfCheetah-v4,5,avg_success,850000,0.0
857,WarpSAC-L,HalfCheetah-v4,5,avg_success,900000,0.0
858,WarpSAC-L,HalfCheetah-v4,5,avg_success,950000,0.0
859,WarpSAC-L,HalfCheetah-v4,5,avg_success,1000000,0.0
860,WarpSAC-L,Hopper-v4,1,avg_return,0,4.4728
861,WarpSAC-L,Hopper-v4,1,avg_return,50000,1930.1666
862,WarpSAC-L,Hopper-v4,1,avg_return,100000,1266.7191
863,WarpSAC-L,Hopper-v4,1,avg_return,150000,3764.0296
864,WarpSAC-L,Hopper-v4,1,avg_return,200000,3537.5625
865,WarpSAC-L,Hopper-v4,1,avg_return,250000,2060.9019
866,WarpSAC-L,Hopper-v4,1,avg_return,300000,3644.6694
867,WarpSAC-L,Hopper-v4,1,avg_return,350000,1977.8002
868,WarpSAC-L,Hopper-v4,1,avg_return,400000,4098.0568
869,WarpSAC-L,Hopper-v4,1,avg_return,450000,700.5011
870,WarpSAC-L,Hopper-v4,1,avg_return,500000,3269.5472
871,WarpSAC-L,Hopper-v4,1,avg_return,550000,4151.8377
872,WarpSAC-L,Hopper-v4,1,avg_return,600000,2854.685
873,WarpSAC-L,Hopper-v4,1,avg_return,650000,4139.2151
874,WarpSAC-L,Hopper-v4,1,avg_return,700000,2016.6622
875,WarpSAC-L,Hopper-v4,1,avg_return,750000,2343.5384
876,WarpSAC-L,Hopper-v4,1,avg_return,800000,4104.5599
877,WarpSAC-L,Hopper-v4,1,avg_return,850000,4195.3919
878,WarpSAC-L,Hopper-v4,1,avg_return,900000,3499.6578
879,WarpSAC-L,Hopper-v4,1,avg_return,950000,4235.9362
880,WarpSAC-L,Hopper-v4,1,avg_return,1000000,4135.6921
881,WarpSAC-L,Hopper-v4,1,avg_success,0,0.0
882,WarpSAC-L,Hopper-v4,1,avg_success,50000,0.0
883,WarpSAC-L,Hopper-v4,1,avg_success,100000,0.0
884,WarpSAC-L,Hopper-v4,1,avg_success,150000,0.0
885,WarpSAC-L,Hopper-v4,1,avg_success,200000,0.0
886,WarpSAC-L,Hopper-v4,1,avg_success,250000,0.0
887,WarpSAC-L,Hopper-v4,1,avg_success,300000,0.0
888,WarpSAC-L,Hopper-v4,1,avg_success,350000,0.0
889,WarpSAC-L,Hopper-v4,1,avg_success,400000,0.0
890,WarpSAC-L,Hopper-v4,1,avg_success,450000,0.0
891,WarpSAC-L,Hopper-v4,1,avg_success,500000,0.0
892,WarpSAC-L,Hopper-v4,1,avg_success,550000,0.0
893,WarpSAC-L,Hopper-v4,1,avg_success,600000,0.0
894,WarpSAC-L,Hopper-v4,1,avg_success,650000,0.0
895,WarpSAC-L,Hopper-v4,1,avg_success,700000,0.0
896,WarpSAC-L,Hopper-v4,1,avg_success,750000,0.0
897,WarpSAC-L,Hopper-v4,1,avg_success,800000,0.0
898,WarpSAC-L,Hopper-v4,1,avg_success,850000,0.0
899,WarpSAC-L,Hopper-v4,1,avg_success,900000,0.0
900,WarpSAC-L,Hopper-v4,1,avg_success,950000,0.0
901,WarpSAC-L,Hopper-v4,1,avg_success,1000000,0.0
902,WarpSAC-L,Hopper-v4,2,avg_return,0,150.9847
903,WarpSAC-L,Hopper-v4,2,avg_return,50000,3195.3139
904,WarpSAC-L,Hopper-v4,2,avg_return,100000,828.5873
905,WarpSAC-L,Hopper-v4,2,avg_return,150000,1520.1693
906,WarpSAC-L,Hopper-v4,2,avg_return,200000,2400.7611
907,WarpSAC-L,Hopper-v4,2,avg_return,250000,4120.3626
908,WarpSAC-L,Hopper-v4,2,avg_return,300000,2901.9919
909,WarpSAC-L,Hopper-v4,2,avg_return,350000,4141.0457
910,WarpSAC-L,Hopper-v4,2,avg_return,400000,4166.602
911,WarpSAC-L,Hopper-v4,2,avg_return,450000,3489.6254
912,WarpSAC-L,Hopper-v4,2,avg_return,500000,4039.9723
913,WarpSAC-L,Hopper-v4,2,avg_return,550000,4188.8468
914,WarpSAC-L,Hopper-v4,2,avg_return,600000,4192.4661
915,WarpSAC-L,Hopper-v4,2,avg_return,650000,3547.2433
916,WarpSAC-L,Hopper-v4,2,avg_return,700000,4158.8709
917,WarpSAC-L,Hopper-v4,2,avg_return,750000,4229.161
918,WarpSAC-L,Hopper-v4,2,avg_return,800000,4114.737
919,WarpSAC-L,Hopper-v4,2,avg_return,850000,4002.8354
920,WarpSAC-L,Hopper-v4,2,avg_return,900000,4269.2145
921,WarpSAC-L,Hopper-v4,2,avg_return,950000,2880.0487
922,WarpSAC-L,Hopper-v4,2,avg_return,1000000,2439.5234
923,WarpSAC-L,Hopper-v4,2,avg_success,0,0.0
924,WarpSAC-L,Hopper-v4,2,avg_success,50000,0.0
925,WarpSAC-L,Hopper-v4,2,avg_success,100000,0.0
926,WarpSAC-L,Hopper-v4,2,avg_success,150000,0.0
927,WarpSAC-L,Hopper-v4,2,avg_success,200000,0.0
928,WarpSAC-L,Hopper-v4,2,avg_success,250000,0.0
929,WarpSAC-L,Hopper-v4,2,avg_success,300000,0.0
930,WarpSAC-L,Hopper-v4,2,avg_success,350000,0.0
931,WarpSAC-L,Hopper-v4,2,avg_success,400000,0.0
932,WarpSAC-L,Hopper-v4,2,avg_success,450000,0.0
933,WarpSAC-L,Hopper-v4,2,avg_success,500000,0.0
934,WarpSAC-L,Hopper-v4,2,avg_success,550000,0.0
935,WarpSAC-L,Hopper-v4,2,avg_success,600000,0.0
936,WarpSAC-L,Hopper-v4,2,avg_success,650000,0.0
937,WarpSAC-L,Hopper-v4,2,avg_success,700000,0.0
938,WarpSAC-L,Hopper-v4,2,avg_success,750000,0.0
939,WarpSAC-L,Hopper-v4,2,avg_success,800000,0.0
940,WarpSAC-L,Hopper-v4,2,avg_success,850000,0.0
941,WarpSAC-L,Hopper-v4,2,avg_success,900000,0.0
942,WarpSAC-L,Hopper-v4,2,avg_success,950000,0.0
943,WarpSAC-L,Hopper-v4,2,avg_success,1000000,0.0
944,WarpSAC-L,Hopper-v4,3,avg_return,0,6.4815
945,WarpSAC-L,Hopper-v4,3,avg_return,50000,3113.0703
946,WarpSAC-L,Hopper-v4,3,avg_return,100000,1713.1287
947,WarpSAC-L,Hopper-v4,3,avg_return,150000,1537.8123
948,WarpSAC-L,Hopper-v4,3,avg_return,200000,1932.2587
949,WarpSAC-L,Hopper-v4,3,avg_return,250000,3416.1467
950,WarpSAC-L,Hopper-v4,3,avg_return,300000,3939.8528
951,WarpSAC-L,Hopper-v4,3,avg_return,350000,2237.7751
952,WarpSAC-L,Hopper-v4,3,avg_return,400000,2114.7716
953,WarpSAC-L,Hopper-v4,3,avg_return,450000,4125.0766
954,WarpSAC-L,Hopper-v4,3,avg_return,500000,3512.6869
955,WarpSAC-L,Hopper-v4,3,avg_return,550000,3155.6637
956,WarpSAC-L,Hopper-v4,3,avg_return,600000,4199.8307
957,WarpSAC-L,Hopper-v4,3,avg_return,650000,4208.9058
958,WarpSAC-L,Hopper-v4,3,avg_return,700000,4279.7314
959,WarpSAC-L,Hopper-v4,3,avg_return,750000,3923.9756
960,WarpSAC-L,Hopper-v4,3,avg_return,800000,4212.4182
961,WarpSAC-L,Hopper-v4,3,avg_return,850000,4193.0021
962,WarpSAC-L,Hopper-v4,3,avg_return,900000,4146.613
963,WarpSAC-L,Hopper-v4,3,avg_return,950000,4248.3042
964,WarpSAC-L,Hopper-v4,3,avg_return,1000000,4284.3102
965,WarpSAC-L,Hopper-v4,3,avg_success,0,0.0
966,WarpSAC-L,Hopper-v4,3,avg_success,50000,0.0
967,WarpSAC-L,Hopper-v4,3,avg_success,100000,0.0
968,WarpSAC-L,Hopper-v4,3,avg_success,150000,0.0
969,WarpSAC-L,Hopper-v4,3,avg_success,200000,0.0
970,WarpSAC-L,Hopper-v4,3,avg_success,250000,0.0
971,WarpSAC-L,Hopper-v4,3,avg_success,300000,0.0
972,WarpSAC-L,Hopper-v4,3,avg_success,350000,0.0
973,WarpSAC-L,Hopper-v4,3,avg_success,400000,0.0
974,WarpSAC-L,Hopper-v4,3,avg_success,450000,0.0
975,WarpSAC-L,Hopper-v4,3,avg_success,500000,0.0
976,WarpSAC-L,Hopper-v4,3,avg_success,550000,0.0
977,WarpSAC-L,Hopper-v4,3,avg_success,600000,0.0
978,WarpSAC-L,Hopper-v4,3,avg_success,650000,0.0
979,WarpSAC-L,Hopper-v4,3,avg_success,700000,0.0
980,WarpSAC-L,Hopper-v4,3,avg_success,750000,0.0
981,WarpSAC-L,Hopper-v4,3,avg_success,800000,0.0
982,WarpSAC-L,Hopper-v4,3,avg_success,850000,0.0
983,WarpSAC-L,Hopper-v4,3,avg_success,900000,0.0
984,WarpSAC-L,Hopper-v4,3,avg_success,950000,0.0
985,WarpSAC-L,Hopper-v4,3,avg_success,1000000,0.0
986,WarpSAC-L,Hopper-v4,4,avg_return,0,3.6735
987,WarpSAC-L,Hopper-v4,4,avg_return,50000,1363.7849
988,WarpSAC-L,Hopper-v4,4,avg_return,100000,1430.5609
989,WarpSAC-L,Hopper-v4,4,avg_return,150000,1565.3147
990,WarpSAC-L,Hopper-v4,4,avg_return,200000,3925.3197
991,WarpSAC-L,Hopper-v4,4,avg_return,250000,2976.6254
992,WarpSAC-L,Hopper-v4,4,avg_return,300000,3149.3373
993,WarpSAC-L,Hopper-v4,4,avg_return,350000,1562.7205
994,WarpSAC-L,Hopper-v4,4,avg_return,400000,3770.9751
995,WarpSAC-L,Hopper-v4,4,avg_return,450000,4105.434
996,WarpSAC-L,Hopper-v4,4,avg_return,500000,1944.8042
997,WarpSAC-L,Hopper-v4,4,avg_return,550000,3356.05
998,WarpSAC-L,Hopper-v4,4,avg_return,600000,4155.6033
999,WarpSAC-L,Hopper-v4,4,avg_return,650000,874.4948
1000,WarpSAC-L,Hopper-v4,4,avg_return,700000,3489.0517
1001,WarpSAC-L,Hopper-v4,4,avg_return,750000,4007.1292
1002,WarpSAC-L,Hopper-v4,4,avg_return,800000,4143.4603
1003,WarpSAC-L,Hopper-v4,4,avg_return,850000,3837.7104
1004,WarpSAC-L,Hopper-v4,4,avg_return,900000,4146.713
1005,WarpSAC-L,Hopper-v4,4,avg_return,950000,3911.0653
1006,WarpSAC-L,Hopper-v4,4,avg_return,1000000,4171.326
1007,WarpSAC-L,Hopper-v4,4,avg_success,0,0.0
1008,WarpSAC-L,Hopper-v4,4,avg_success,50000,0.0
1009,WarpSAC-L,Hopper-v4,4,avg_success,100000,0.0
1010,WarpSAC-L,Hopper-v4,4,avg_success,150000,0.0
1011,WarpSAC-L,Hopper-v4,4,avg_success,200000,0.0
1012,WarpSAC-L,Hopper-v4,4,avg_success,250000,0.0
1013,WarpSAC-L,Hopper-v4,4,avg_success,300000,0.0
1014,WarpSAC-L,Hopper-v4,4,avg_success,350000,0.0
1015,WarpSAC-L,Hopper-v4,4,avg_success,400000,0.0
1016,WarpSAC-L,Hopper-v4,4,avg_success,450000,0.0
1017,WarpSAC-L,Hopper-v4,4,avg_success,500000,0.0
1018,WarpSAC-L,Hopper-v4,4,avg_success,550000,0.0
1019,WarpSAC-L,Hopper-v4,4,avg_success,600000,0.0
1020,WarpSAC-L,Hopper-v4,4,avg_success,650000,0.0
1021,WarpSAC-L,Hopper-v4,4,avg_success,700000,0.0
1022,WarpSAC-L,Hopper-v4,4,avg_success,750000,0.0
1023,WarpSAC-L,Hopper-v4,4,avg_success,800000,0.0
1024,WarpSAC-L,Hopper-v4,4,avg_success,850000,0.0
1025,WarpSAC-L,Hopper-v4,4,avg_success,900000,0.0
1026,WarpSAC-L,Hopper-v4,4,avg_success,950000,0.0
1027,WarpSAC-L,Hopper-v4,4,avg_success,1000000,0.0
1028,WarpSAC-L,Hopper-v4,5,avg_return,0,149.3407
1029,WarpSAC-L,Hopper-v4,5,avg_return,50000,1669.8388
1030,WarpSAC-L,Hopper-v4,5,avg_return,100000,2622.4076
1031,WarpSAC-L,Hopper-v4,5,avg_return,150000,3487.5245
1032,WarpSAC-L,Hopper-v4,5,avg_return,200000,3108.5805
1033,WarpSAC-L,Hopper-v4,5,avg_return,250000,3116.6739
1034,WarpSAC-L,Hopper-v4,5,avg_return,300000,3856.2509
1035,WarpSAC-L,Hopper-v4,5,avg_return,350000,2633.5561
1036,WarpSAC-L,Hopper-v4,5,avg_return,400000,4232.1935
1037,WarpSAC-L,Hopper-v4,5,avg_return,450000,1899.9238
1038,WarpSAC-L,Hopper-v4,5,avg_return,500000,3257.0176
1039,WarpSAC-L,Hopper-v4,5,avg_return,550000,3670.4217
1040,WarpSAC-L,Hopper-v4,5,avg_return,600000,3301.1035
1041,WarpSAC-L,Hopper-v4,5,avg_return,650000,4215.0029
1042,WarpSAC-L,Hopper-v4,5,avg_return,700000,1181.5959
1043,WarpSAC-L,Hopper-v4,5,avg_return,750000,4250.0288
1044,WarpSAC-L,Hopper-v4,5,avg_return,800000,4260.2724
1045,WarpSAC-L,Hopper-v4,5,avg_return,850000,4260.4093
1046,WarpSAC-L,Hopper-v4,5,avg_return,900000,4257.1203
1047,WarpSAC-L,Hopper-v4,5,avg_return,950000,4022.518
1048,WarpSAC-L,Hopper-v4,5,avg_return,1000000,4338.8117
1049,WarpSAC-L,Hopper-v4,5,avg_success,0,0.0
1050,WarpSAC-L,Hopper-v4,5,avg_success,50000,0.0
1051,WarpSAC-L,Hopper-v4,5,avg_success,100000,0.0
1052,WarpSAC-L,Hopper-v4,5,avg_success,150000,0.0
1053,WarpSAC-L,Hopper-v4,5,avg_success,200000,0.0
1054,WarpSAC-L,Hopper-v4,5,avg_success,250000,0.0
1055,WarpSAC-L,Hopper-v4,5,avg_success,300000,0.0
1056,WarpSAC-L,Hopper-v4,5,avg_success,350000,0.0
1057,WarpSAC-L,Hopper-v4,5,avg_success,400000,0.0
1058,WarpSAC-L,Hopper-v4,5,avg_success,450000,0.0
1059,WarpSAC-L,Hopper-v4,5,avg_success,500000,0.0
1060,WarpSAC-L,Hopper-v4,5,avg_success,550000,0.0
1061,WarpSAC-L,Hopper-v4,5,avg_success,600000,0.0
1062,WarpSAC-L,Hopper-v4,5,avg_success,650000,0.0
1063,WarpSAC-L,Hopper-v4,5,avg_success,700000,0.0
1064,WarpSAC-L,Hopper-v4,5,avg_success,750000,0.0
1065,WarpSAC-L,Hopper-v4,5,avg_success,800000,0.0
1066,WarpSAC-L,Hopper-v4,5,avg_success,850000,0.0
1067,WarpSAC-L,Hopper-v4,5,avg_success,900000,0.0
1068,WarpSAC-L,Hopper-v4,5,avg_success,950000,0.0
1069,WarpSAC-L,Hopper-v4,5,avg_success,1000000,0.0
1070,WarpSAC-L,Humanoid-v4,1,avg_return,0,239.999
1071,WarpSAC-L,Humanoid-v4,1,avg_return,50000,907.1229
1072,WarpSAC-L,Humanoid-v4,1,avg_return,100000,7523.5096
1073,WarpSAC-L,Humanoid-v4,1,avg_return,150000,7684.0419
1074,WarpSAC-L,Humanoid-v4,1,avg_return,200000,10774.4141
1075,WarpSAC-L,Humanoid-v4,1,avg_return,250000,10981.8303
1076,WarpSAC-L,Humanoid-v4,1,avg_return,300000,9678.7908
1077,WarpSAC-L,Humanoid-v4,1,avg_return,350000,11736.9855
1078,WarpSAC-L,Humanoid-v4,1,avg_return,400000,11899.7351
1079,WarpSAC-L,Humanoid-v4,1,avg_return,450000,5240.9156
1080,WarpSAC-L,Humanoid-v4,1,avg_return,500000,12390.2544
1081,WarpSAC-L,Humanoid-v4,1,avg_return,550000,12462.607
1082,WarpSAC-L,Humanoid-v4,1,avg_return,600000,12803.1751
1083,WarpSAC-L,Humanoid-v4,1,avg_return,650000,12808.8728
1084,WarpSAC-L,Humanoid-v4,1,avg_return,700000,13161.5291
1085,WarpSAC-L,Humanoid-v4,1,avg_return,750000,13341.9576
1086,WarpSAC-L,Humanoid-v4,1,avg_return,800000,13368.3498
1087,WarpSAC-L,Humanoid-v4,1,avg_return,850000,13187.4033
1088,WarpSAC-L,Humanoid-v4,1,avg_return,900000,13553.2492
1089,WarpSAC-L,Humanoid-v4,1,avg_return,950000,13437.9608
1090,WarpSAC-L,Humanoid-v4,1,avg_return,1000000,13728.0059
1091,WarpSAC-L,Humanoid-v4,1,avg_success,0,0.0
1092,WarpSAC-L,Humanoid-v4,1,avg_success,50000,0.0
1093,WarpSAC-L,Humanoid-v4,1,avg_success,100000,0.0
1094,WarpSAC-L,Humanoid-v4,1,avg_success,150000,0.0
1095,WarpSAC-L,Humanoid-v4,1,avg_success,200000,0.0
1096,WarpSAC-L,Humanoid-v4,1,avg_success,250000,0.0
1097,WarpSAC-L,Humanoid-v4,1,avg_success,300000,0.0
1098,WarpSAC-L,Humanoid-v4,1,avg_success,350000,0.0
1099,WarpSAC-L,Humanoid-v4,1,avg_success,400000,0.0
1100,WarpSAC-L,Humanoid-v4,1,avg_success,450000,0.0
1101,WarpSAC-L,Humanoid-v4,1,avg_success,500000,0.0
1102,WarpSAC-L,Humanoid-v4,1,avg_success,550000,0.0
1103,WarpSAC-L,Humanoid-v4,1,avg_success,600000,0.0
1104,WarpSAC-L,Humanoid-v4,1,avg_success,650000,0.0
1105,WarpSAC-L,Humanoid-v4,1,avg_success,700000,0.0
1106,WarpSAC-L,Humanoid-v4,1,avg_success,750000,0.0
1107,WarpSAC-L,Humanoid-v4,1,avg_success,800000,0.0
1108,WarpSAC-L,Humanoid-v4,1,avg_success,850000,0.0
1109,WarpSAC-L,Humanoid-v4,1,avg_success,900000,0.0
1110,WarpSAC-L,Humanoid-v4,1,avg_success,950000,0.0
1111,WarpSAC-L,Humanoid-v4,1,avg_success,1000000,0.0
1112,WarpSAC-L,Humanoid-v4,2,avg_return,0,273.7772
1113,WarpSAC-L,Humanoid-v4,2,avg_return,50000,841.0555
1114,WarpSAC-L,Humanoid-v4,2,avg_return,100000,811.6985
1115,WarpSAC-L,Humanoid-v4,2,avg_return,150000,9405.1058
1116,WarpSAC-L,Humanoid-v4,2,avg_return,200000,10571.428
1117,WarpSAC-L,Humanoid-v4,2,avg_return,250000,7962.34
1118,WarpSAC-L,Humanoid-v4,2,avg_return,300000,11671.7906
1119,WarpSAC-L,Humanoid-v4,2,avg_return,350000,7220.4307
1120,WarpSAC-L,Humanoid-v4,2,avg_return,400000,1006.2253
1121,WarpSAC-L,Humanoid-v4,2,avg_return,450000,12333.9477
1122,WarpSAC-L,Humanoid-v4,2,avg_return,500000,12379.5407
1123,WarpSAC-L,Humanoid-v4,2,avg_return,550000,12684.0507
1124,WarpSAC-L,Humanoid-v4,2,avg_return,600000,12741.1985
1125,WarpSAC-L,Humanoid-v4,2,avg_return,650000,12791.2147
1126,WarpSAC-L,Humanoid-v4,2,avg_return,700000,12189.4084
1127,WarpSAC-L,Humanoid-v4,2,avg_return,750000,13157.6899
1128,WarpSAC-L,Humanoid-v4,2,avg_return,800000,13230.3449
1129,WarpSAC-L,Humanoid-v4,2,avg_return,850000,13194.5964
1130,WarpSAC-L,Humanoid-v4,2,avg_return,900000,13274.4961
1131,WarpSAC-L,Humanoid-v4,2,avg_return,950000,13395.8169
1132,WarpSAC-L,Humanoid-v4,2,avg_return,1000000,13448.4742
1133,WarpSAC-L,Humanoid-v4,2,avg_success,0,0.0
1134,WarpSAC-L,Humanoid-v4,2,avg_success,50000,0.0
1135,WarpSAC-L,Humanoid-v4,2,avg_success,100000,0.0
1136,WarpSAC-L,Humanoid-v4,2,avg_success,150000,0.0
1137,WarpSAC-L,Humanoid-v4,2,avg_success,200000,0.0
1138,WarpSAC-L,Humanoid-v4,2,avg_success,250000,0.0
1139,WarpSAC-L,Humanoid-v4,2,avg_success,300000,0.0
1140,WarpSAC-L,Humanoid-v4,2,avg_success,350000,0.0
1141,WarpSAC-L,Humanoid-v4,2,avg_success,400000,0.0
1142,WarpSAC-L,Humanoid-v4,2,avg_success,450000,0.0
1143,WarpSAC-L,Humanoid-v4,2,avg_success,500000,0.0
1144,WarpSAC-L,Humanoid-v4,2,avg_success,550000,0.0
1145,WarpSAC-L,Humanoid-v4,2,avg_success,600000,0.0
1146,WarpSAC-L,Humanoid-v4,2,avg_success,650000,0.0
1147,WarpSAC-L,Humanoid-v4,2,avg_success,700000,0.0
1148,WarpSAC-L,Humanoid-v4,2,avg_success,750000,0.0
1149,WarpSAC-L,Humanoid-v4,2,avg_success,800000,0.0
1150,WarpSAC-L,Humanoid-v4,2,avg_success,850000,0.0
1151,WarpSAC-L,Humanoid-v4,2,avg_success,900000,0.0
1152,WarpSAC-L,Humanoid-v4,2,avg_success,950000,0.0
1153,WarpSAC-L,Humanoid-v4,2,avg_success,1000000,0.0
1154,WarpSAC-L,Humanoid-v4,3,avg_return,0,74.2
1155,WarpSAC-L,Humanoid-v4,3,avg_return,50000,818.3046
1156,WarpSAC-L,Humanoid-v4,3,avg_return,100000,7508.9922
1157,WarpSAC-L,Humanoid-v4,3,avg_return,150000,4282.3463
1158,WarpSAC-L,Humanoid-v4,3,avg_return,200000,709.1624
1159,WarpSAC-L,Humanoid-v4,3,avg_return,250000,9342.4706
1160,WarpSAC-L,Humanoid-v4,3,avg_return,300000,10610.5598
1161,WarpSAC-L,Humanoid-v4,3,avg_return,350000,11651.5642
1162,WarpSAC-L,Humanoid-v4,3,avg_return,400000,11788.7272
1163,WarpSAC-L,Humanoid-v4,3,avg_return,450000,3122.1259
1164,WarpSAC-L,Humanoid-v4,3,avg_return,500000,12097.784
1165,WarpSAC-L,Humanoid-v4,3,avg_return,550000,12136.9392
1166,WarpSAC-L,Humanoid-v4,3,avg_return,600000,12209.6677
1167,WarpSAC-L,Humanoid-v4,3,avg_return,650000,9266.5825
1168,WarpSAC-L,Humanoid-v4,3,avg_return,700000,12442.1976
1169,WarpSAC-L,Humanoid-v4,3,avg_return,750000,12318.8763
1170,WarpSAC-L,Humanoid-v4,3,avg_return,800000,12484.0997
1171,WarpSAC-L,Humanoid-v4,3,avg_return,850000,12570.7399
1172,WarpSAC-L,Humanoid-v4,3,avg_return,900000,12707.302
1173,WarpSAC-L,Humanoid-v4,3,avg_return,950000,12654.9059
1174,WarpSAC-L,Humanoid-v4,3,avg_return,1000000,12824.0743
1175,WarpSAC-L,Humanoid-v4,3,avg_success,0,0.0
1176,WarpSAC-L,Humanoid-v4,3,avg_success,50000,0.0
1177,WarpSAC-L,Humanoid-v4,3,avg_success,100000,0.0
1178,WarpSAC-L,Humanoid-v4,3,avg_success,150000,0.0
1179,WarpSAC-L,Humanoid-v4,3,avg_success,200000,0.0
1180,WarpSAC-L,Humanoid-v4,3,avg_success,250000,0.0
1181,WarpSAC-L,Humanoid-v4,3,avg_success,300000,0.0
1182,WarpSAC-L,Humanoid-v4,3,avg_success,350000,0.0
1183,WarpSAC-L,Humanoid-v4,3,avg_success,400000,0.0
1184,WarpSAC-L,Humanoid-v4,3,avg_success,450000,0.0
1185,WarpSAC-L,Humanoid-v4,3,avg_success,500000,0.0
1186,WarpSAC-L,Humanoid-v4,3,avg_success,550000,0.0
1187,WarpSAC-L,Humanoid-v4,3,avg_success,600000,0.0
1188,WarpSAC-L,Humanoid-v4,3,avg_success,650000,0.0
1189,WarpSAC-L,Humanoid-v4,3,avg_success,700000,0.0
1190,WarpSAC-L,Humanoid-v4,3,avg_success,750000,0.0
1191,WarpSAC-L,Humanoid-v4,3,avg_success,800000,0.0
1192,WarpSAC-L,Humanoid-v4,3,avg_success,850000,0.0
1193,WarpSAC-L,Humanoid-v4,3,avg_success,900000,0.0
1194,WarpSAC-L,Humanoid-v4,3,avg_success,950000,0.0
1195,WarpSAC-L,Humanoid-v4,3,avg_success,1000000,0.0
1196,WarpSAC-L,Humanoid-v4,4,avg_return,0,105.7463
1197,WarpSAC-L,Humanoid-v4,4,avg_return,50000,804.4632
1198,WarpSAC-L,Humanoid-v4,4,avg_return,100000,8065.0608
1199,WarpSAC-L,Humanoid-v4,4,avg_return,150000,10202.3416
1200,WarpSAC-L,Humanoid-v4,4,avg_return,200000,9315.8162
1201,WarpSAC-L,Humanoid-v4,4,avg_return,250000,10491.8071
1202,WarpSAC-L,Humanoid-v4,4,avg_return,300000,9909.736
1203,WarpSAC-L,Humanoid-v4,4,avg_return,350000,10991.4725
1204,WarpSAC-L,Humanoid-v4,4,avg_return,400000,11634.901
1205,WarpSAC-L,Humanoid-v4,4,avg_return,450000,9115.0145
1206,WarpSAC-L,Humanoid-v4,4,avg_return,500000,12412.2744
1207,WarpSAC-L,Humanoid-v4,4,avg_return,550000,12174.9219
1208,WarpSAC-L,Humanoid-v4,4,avg_return,600000,10111.502
1209,WarpSAC-L,Humanoid-v4,4,avg_return,650000,12280.9694
1210,WarpSAC-L,Humanoid-v4,4,avg_return,700000,9206.3083
1211,WarpSAC-L,Humanoid-v4,4,avg_return,750000,3510.3786
1212,WarpSAC-L,Humanoid-v4,4,avg_return,800000,11267.5669
1213,WarpSAC-L,Humanoid-v4,4,avg_return,850000,13051.9446
1214,WarpSAC-L,Humanoid-v4,4,avg_return,900000,12995.7783
1215,WarpSAC-L,Humanoid-v4,4,avg_return,950000,13088.5339
1216,WarpSAC-L,Humanoid-v4,4,avg_return,1000000,13175.5182
1217,WarpSAC-L,Humanoid-v4,4,avg_success,0,0.0
1218,WarpSAC-L,Humanoid-v4,4,avg_success,50000,0.0
1219,WarpSAC-L,Humanoid-v4,4,avg_success,100000,0.0
1220,WarpSAC-L,Humanoid-v4,4,avg_success,150000,0.0
1221,WarpSAC-L,Humanoid-v4,4,avg_success,200000,0.0
1222,WarpSAC-L,Humanoid-v4,4,avg_success,250000,0.0
1223,WarpSAC-L,Humanoid-v4,4,avg_success,300000,0.0
1224,WarpSAC-L,Humanoid-v4,4,avg_success,350000,0.0
1225,WarpSAC-L,Humanoid-v4,4,avg_success,400000,0.0
1226,WarpSAC-L,Humanoid-v4,4,avg_success,450000,0.0
1227,WarpSAC-L,Humanoid-v4,4,avg_success,500000,0.0
1228,WarpSAC-L,Humanoid-v4,4,avg_success,550000,0.0
1229,WarpSAC-L,Humanoid-v4,4,avg_success,600000,0.0
1230,WarpSAC-L,Humanoid-v4,4,avg_success,650000,0.0
1231,WarpSAC-L,Humanoid-v4,4,avg_success,700000,0.0
1232,WarpSAC-L,Humanoid-v4,4,avg_success,750000,0.0
1233,WarpSAC-L,Humanoid-v4,4,avg_success,800000,0.0
1234,WarpSAC-L,Humanoid-v4,4,avg_success,850000,0.0
1235,WarpSAC-L,Humanoid-v4,4,avg_success,900000,0.0
1236,WarpSAC-L,Humanoid-v4,4,avg_success,950000,0.0
1237,WarpSAC-L,Humanoid-v4,4,avg_success,1000000,0.0
1238,WarpSAC-L,Humanoid-v4,5,avg_return,0,154.1244
1239,WarpSAC-L,Humanoid-v4,5,avg_return,50000,773.307
1240,WarpSAC-L,Humanoid-v4,5,avg_return,100000,1866.0549
1241,WarpSAC-L,Humanoid-v4,5,avg_return,150000,9321.7949
1242,WarpSAC-L,Humanoid-v4,5,avg_return,200000,7759.8228
1243,WarpSAC-L,Humanoid-v4,5,avg_return,250000,11312.6465
1244,WarpSAC-L,Humanoid-v4,5,avg_return,300000,11297.2594
1245,WarpSAC-L,Humanoid-v4,5,avg_return,350000,4103.3425
1246,WarpSAC-L,Humanoid-v4,5,avg_return,400000,10627.2959
1247,WarpSAC-L,Humanoid-v4,5,avg_return,450000,11525.9924
1248,WarpSAC-L,Humanoid-v4,5,avg_return,500000,12130.5925
1249,WarpSAC-L,Humanoid-v4,5,avg_return,550000,12223.5194
1250,WarpSAC-L,Humanoid-v4,5,avg_return,600000,12180.2261
1251,WarpSAC-L,Humanoid-v4,5,avg_return,650000,12622.6503
1252,WarpSAC-L,Humanoid-v4,5,avg_return,700000,8854.9804
1253,WarpSAC-L,Humanoid-v4,5,avg_return,750000,12599.5886
1254,WarpSAC-L,Humanoid-v4,5,avg_return,800000,12939.8935
1255,WarpSAC-L,Humanoid-v4,5,avg_return,850000,12979.1238
1256,WarpSAC-L,Humanoid-v4,5,avg_return,900000,13045.5622
1257,WarpSAC-L,Humanoid-v4,5,avg_return,950000,13107.0343
1258,WarpSAC-L,Humanoid-v4,5,avg_return,1000000,13189.1533
1259,WarpSAC-L,Humanoid-v4,5,avg_success,0,0.0
1260,WarpSAC-L,Humanoid-v4,5,avg_success,50000,0.0
1261,WarpSAC-L,Humanoid-v4,5,avg_success,100000,0.0
1262,WarpSAC-L,Humanoid-v4,5,avg_success,150000,0.0
1263,WarpSAC-L,Humanoid-v4,5,avg_success,200000,0.0
1264,WarpSAC-L,Humanoid-v4,5,avg_success,250000,0.0
1265,WarpSAC-L,Humanoid-v4,5,avg_success,300000,0.0
1266,WarpSAC-L,Humanoid-v4,5,avg_success,350000,0.0
1267,WarpSAC-L,Humanoid-v4,5,avg_success,400000,0.0
1268,WarpSAC-L,Humanoid-v4,5,avg_success,450000,0.0
1269,WarpSAC-L,Humanoid-v4,5,avg_success,500000,0.0
1270,WarpSAC-L,Humanoid-v4,5,avg_success,550000,0.0
1271,WarpSAC-L,Humanoid-v4,5,avg_success,600000,0.0
1272,WarpSAC-L,Humanoid-v4,5,avg_success,650000,0.0
1273,WarpSAC-L,Humanoid-v4,5,avg_success,700000,0.0
1274,WarpSAC-L,Humanoid-v4,5,avg_success,750000,0.0
1275,WarpSAC-L,Humanoid-v4,5,avg_success,800000,0.0
1276,WarpSAC-L,Humanoid-v4,5,avg_success,850000,0.0
1277,WarpSAC-L,Humanoid-v4,5,avg_success,900000,0.0
1278,WarpSAC-L,Humanoid-v4,5,avg_success,950000,0.0
1279,WarpSAC-L,Humanoid-v4,5,avg_success,1000000,0.0
1280,WarpSAC-L,Isaac-Lift-Cube-Franka-v0,1,avg_return,0,0.6916
1281,WarpSAC-L,Isaac-Lift-Cube-Franka-v0,1,avg_return,4999168,0.8645
1282,WarpSAC-L,Isaac-Lift-Cube-Franka-v0,1,avg_return,9998336,1.6329
1283,WarpSAC-L,Isaac-Lift-Cube-Franka-v0,1,avg_return,14997504,66.2006
1284,WarpSAC-L,Isaac-Lift-Cube-Franka-v0,1,avg_return,19996672,138.3997
1285,WarpSAC-L,Isaac-Lift-Cube-Franka-v0,1,avg_return,24995840,150.0151
1286,WarpSAC-L,Isaac-Lift-Cube-Franka-v0,1,avg_return,29995008,145.3083
1287,WarpSAC-L,Isaac-Lift-Cube-Franka-v0,1,avg_return,34994176,155.0092
1288,WarpSAC-L,Isaac-Lift-Cube-Franka-v0,1,avg_return,39993344,153.315
1289,WarpSAC-L,Isaac-Lift-Cube-Franka-v0,1,avg_return,44992512,152.3645
1290,WarpSAC-L,Isaac-Lift-Cube-Franka-v0,1,avg_return,49991680,153.5803
1291,WarpSAC-L,Isaac-Lift-Cube-Franka-v0,1,avg_return,50000896,150.9175
1292,WarpSAC-L,Isaac-Lift-Cube-Franka-v0,1,avg_success,0,0.0
1293,WarpSAC-L,Isaac-Lift-Cube-Franka-v0,1,avg_success,4999168,0.0
1294,WarpSAC-L,Isaac-Lift-Cube-Franka-v0,1,avg_success,9998336,0.0
1295,WarpSAC-L,Isaac-Lift-Cube-Franka-v0,1,avg_success,14997504,0.0
1296,WarpSAC-L,Isaac-Lift-Cube-Franka-v0,1,avg_success,19996672,0.0
1297,WarpSAC-L,Isaac-Lift-Cube-Franka-v0,1,avg_success,24995840,0.0
1298,WarpSAC-L,Isaac-Lift-Cube-Franka-v0,1,avg_success,29995008,0.0
1299,WarpSAC-L,Isaac-Lift-Cube-Franka-v0,1,avg_success,34994176,0.0
1300,WarpSAC-L,Isaac-Lift-Cube-Franka-v0,1,avg_success,39993344,0.0
1301,WarpSAC-L,Isaac-Lift-Cube-Franka-v0,1,avg_success,44992512,0.0
1302,WarpSAC-L,Isaac-Lift-Cube-Franka-v0,1,avg_success,49991680,0.0
1303,WarpSAC-L,Isaac-Lift-Cube-Franka-v0,1,avg_success,50000896,0.0
1304,WarpSAC-L,Isaac-Lift-Cube-Franka-v0,2,avg_return,0,0.6848
1305,WarpSAC-L,Isaac-Lift-Cube-Franka-v0,2,avg_return,4999168,1.5458
1306,WarpSAC-L,Isaac-Lift-Cube-Franka-v0,2,avg_return,9998336,66.9695
1307,WarpSAC-L,Isaac-Lift-Cube-Franka-v0,2,avg_return,14997504,136.7908
1308,WarpSAC-L,Isaac-Lift-Cube-Franka-v0,2,avg_return,19996672,150.0923
1309,WarpSAC-L,Isaac-Lift-Cube-Franka-v0,2,avg_return,24995840,153.893
1310,WarpSAC-L,Isaac-Lift-Cube-Franka-v0,2,avg_return,29995008,150.9724
1311,WarpSAC-L,Isaac-Lift-Cube-Franka-v0,2,avg_return,34994176,154.6759
1312,WarpSAC-L,Isaac-Lift-Cube-Franka-v0,2,avg_return,39993344,152.1488
1313,WarpSAC-L,Isaac-Lift-Cube-Franka-v0,2,avg_return,44992512,147.4809
1314,WarpSAC-L,Isaac-Lift-Cube-Franka-v0,2,avg_return,49991680,154.5587
1315,WarpSAC-L,Isaac-Lift-Cube-Franka-v0,2,avg_return,50000896,155.2357
1316,WarpSAC-L,Isaac-Lift-Cube-Franka-v0,2,avg_success,0,0.0
1317,WarpSAC-L,Isaac-Lift-Cube-Franka-v0,2,avg_success,4999168,0.0
1318,WarpSAC-L,Isaac-Lift-Cube-Franka-v0,2,avg_success,9998336,0.0
1319,WarpSAC-L,Isaac-Lift-Cube-Franka-v0,2,avg_success,14997504,0.0
1320,WarpSAC-L,Isaac-Lift-Cube-Franka-v0,2,avg_success,19996672,0.0
1321,WarpSAC-L,Isaac-Lift-Cube-Franka-v0,2,avg_success,24995840,0.0
1322,WarpSAC-L,Isaac-Lift-Cube-Franka-v0,2,avg_success,29995008,0.0
1323,WarpSAC-L,Isaac-Lift-Cube-Franka-v0,2,avg_success,34994176,0.0
1324,WarpSAC-L,Isaac-Lift-Cube-Franka-v0,2,avg_success,39993344,0.0
1325,WarpSAC-L,Isaac-Lift-Cube-Franka-v0,2,avg_success,44992512,0.0
1326,WarpSAC-L,Isaac-Lift-Cube-Franka-v0,2,avg_success,49991680,0.0
1327,WarpSAC-L,Isaac-Lift-Cube-Franka-v0,2,avg_success,50000896,0.0
1328,WarpSAC-L,Isaac-Lift-Cube-Franka-v0,3,avg_return,0,0.6744
1329,WarpSAC-L,Isaac-Lift-Cube-Franka-v0,3,avg_return,4999168,1.9789
1330,WarpSAC-L,Isaac-Lift-Cube-Franka-v0,3,avg_return,9998336,-8.1812
1331,WarpSAC-L,Isaac-Lift-Cube-Franka-v0,3,avg_return,14997504,125.2722
1332,WarpSAC-L,Isaac-Lift-Cube-Franka-v0,3,avg_return,19996672,143.3687
1333,WarpSAC-L,Isaac-Lift-Cube-Franka-v0,3,avg_return,24995840,151.7363
1334,WarpSAC-L,Isaac-Lift-Cube-Franka-v0,3,avg_return,29995008,154.5802
1335,WarpSAC-L,Isaac-Lift-Cube-Franka-v0,3,avg_return,34994176,155.1623
1336,WarpSAC-L,Isaac-Lift-Cube-Franka-v0,3,avg_return,39993344,153.906
1337,WarpSAC-L,Isaac-Lift-Cube-Franka-v0,3,avg_return,44992512,150.833
1338,WarpSAC-L,Isaac-Lift-Cube-Franka-v0,3,avg_return,49991680,155.0349
1339,WarpSAC-L,Isaac-Lift-Cube-Franka-v0,3,avg_return,50000896,154.0071
1340,WarpSAC-L,Isaac-Lift-Cube-Franka-v0,3,avg_success,0,0.0
1341,WarpSAC-L,Isaac-Lift-Cube-Franka-v0,3,avg_success,4999168,0.0
1342,WarpSAC-L,Isaac-Lift-Cube-Franka-v0,3,avg_success,9998336,0.0
1343,WarpSAC-L,Isaac-Lift-Cube-Franka-v0,3,avg_success,14997504,0.0
1344,WarpSAC-L,Isaac-Lift-Cube-Franka-v0,3,avg_success,19996672,0.0
1345,WarpSAC-L,Isaac-Lift-Cube-Franka-v0,3,avg_success,24995840,0.0
1346,WarpSAC-L,Isaac-Lift-Cube-Franka-v0,3,avg_success,29995008,0.0
1347,WarpSAC-L,Isaac-Lift-Cube-Franka-v0,3,avg_success,34994176,0.0
1348,WarpSAC-L,Isaac-Lift-Cube-Franka-v0,3,avg_success,39993344,0.0
1349,WarpSAC-L,Isaac-Lift-Cube-Franka-v0,3,avg_success,44992512,0.0
1350,WarpSAC-L,Isaac-Lift-Cube-Franka-v0,3,avg_success,49991680,0.0
1351,WarpSAC-L,Isaac-Lift-Cube-Franka-v0,3,avg_success,50000896,0.0
1352,WarpSAC-L,Isaac-Lift-Cube-Franka-v0,4,avg_return,0,0.6594
1353,WarpSAC-L,Isaac-Lift-Cube-Franka-v0,4,avg_return,4999168,1.6976
1354,WarpSAC-L,Isaac-Lift-Cube-Franka-v0,4,avg_return,9998336,63.9038
1355,WarpSAC-L,Isaac-Lift-Cube-Franka-v0,4,avg_return,14997504,145.5453
1356,WarpSAC-L,Isaac-Lift-Cube-Franka-v0,4,avg_return,19996672,149.2281
1357,WarpSAC-L,Isaac-Lift-Cube-Franka-v0,4,avg_return,24995840,152.3531
1358,WarpSAC-L,Isaac-Lift-Cube-Franka-v0,4,avg_return,29995008,153.8388
1359,WarpSAC-L,Isaac-Lift-Cube-Franka-v0,4,avg_return,34994176,152.8636
1360,WarpSAC-L,Isaac-Lift-Cube-Franka-v0,4,avg_return,39993344,145.1849
1361,WarpSAC-L,Isaac-Lift-Cube-Franka-v0,4,avg_return,44992512,154.4947
1362,WarpSAC-L,Isaac-Lift-Cube-Franka-v0,4,avg_return,49991680,155.8865
1363,WarpSAC-L,Isaac-Lift-Cube-Franka-v0,4,avg_return,50000896,155.899
1364,WarpSAC-L,Isaac-Lift-Cube-Franka-v0,4,avg_success,0,0.0
1365,WarpSAC-L,Isaac-Lift-Cube-Franka-v0,4,avg_success,4999168,0.0
1366,WarpSAC-L,Isaac-Lift-Cube-Franka-v0,4,avg_success,9998336,0.0
1367,WarpSAC-L,Isaac-Lift-Cube-Franka-v0,4,avg_success,14997504,0.0
1368,WarpSAC-L,Isaac-Lift-Cube-Franka-v0,4,avg_success,19996672,0.0
1369,WarpSAC-L,Isaac-Lift-Cube-Franka-v0,4,avg_success,24995840,0.0
1370,WarpSAC-L,Isaac-Lift-Cube-Franka-v0,4,avg_success,29995008,0.0
1371,WarpSAC-L,Isaac-Lift-Cube-Franka-v0,4,avg_success,34994176,0.0
1372,WarpSAC-L,Isaac-Lift-Cube-Franka-v0,4,avg_success,39993344,0.0
1373,WarpSAC-L,Isaac-Lift-Cube-Franka-v0,4,avg_success,44992512,0.0
1374,WarpSAC-L,Isaac-Lift-Cube-Franka-v0,4,avg_success,49991680,0.0
1375,WarpSAC-L,Isaac-Lift-Cube-Franka-v0,4,avg_success,50000896,0.0
1376,WarpSAC-L,Isaac-Lift-Cube-Franka-v0,5,avg_return,0,0.6842
1377,WarpSAC-L,Isaac-Lift-Cube-Franka-v0,5,avg_return,4999168,1.5348
1378,WarpSAC-L,Isaac-Lift-Cube-Franka-v0,5,avg_return,9998336,27.6138
1379,WarpSAC-L,Isaac-Lift-Cube-Franka-v0,5,avg_return,14997504,143.6688
1380,WarpSAC-L,Isaac-Lift-Cube-Franka-v0,5,avg_return,19996672,148.7926
1381,WarpSAC-L,Isaac-Lift-Cube-Franka-v0,5,avg_return,24995840,150.9172
1382,WarpSAC-L,Isaac-Lift-Cube-Franka-v0,5,avg_return,29995008,152.502
1383,WarpSAC-L,Isaac-Lift-Cube-Franka-v0,5,avg_return,34994176,156.1111
1384,WarpSAC-L,Isaac-Lift-Cube-Franka-v0,5,avg_return,39993344,154.4688
1385,WarpSAC-L,Isaac-Lift-Cube-Franka-v0,5,avg_return,44992512,156.0258
1386,WarpSAC-L,Isaac-Lift-Cube-Franka-v0,5,avg_return,49991680,156.7011
1387,WarpSAC-L,Isaac-Lift-Cube-Franka-v0,5,avg_return,50000896,154.9897
1388,WarpSAC-L,Isaac-Lift-Cube-Franka-v0,5,avg_success,0,0.0
1389,WarpSAC-L,Isaac-Lift-Cube-Franka-v0,5,avg_success,4999168,0.0
1390,WarpSAC-L,Isaac-Lift-Cube-Franka-v0,5,avg_success,9998336,0.0
1391,WarpSAC-L,Isaac-Lift-Cube-Franka-v0,5,avg_success,14997504,0.0
1392,WarpSAC-L,Isaac-Lift-Cube-Franka-v0,5,avg_success,19996672,0.0
1393,WarpSAC-L,Isaac-Lift-Cube-Franka-v0,5,avg_success,24995840,0.0
1394,WarpSAC-L,Isaac-Lift-Cube-Franka-v0,5,avg_success,29995008,0.0
1395,WarpSAC-L,Isaac-Lift-Cube-Franka-v0,5,avg_success,34994176,0.0
1396,WarpSAC-L,Isaac-Lift-Cube-Franka-v0,5,avg_success,39993344,0.0
1397,WarpSAC-L,Isaac-Lift-Cube-Franka-v0,5,avg_success,44992512,0.0
1398,WarpSAC-L,Isaac-Lift-Cube-Franka-v0,5,avg_success,49991680,0.0
1399,WarpSAC-L,Isaac-Lift-Cube-Franka-v0,5,avg_success,50000896,0.0
1400,WarpSAC-L,Isaac-Open-Drawer-Franka-v0,1,avg_return,0,7.3071
1401,WarpSAC-L,Isaac-Open-Drawer-Franka-v0,1,avg_return,4999168,93.7123
1402,WarpSAC-L,Isaac-Open-Drawer-Franka-v0,1,avg_return,9998336,96.7148
1403,WarpSAC-L,Isaac-Open-Drawer-Franka-v0,1,avg_return,14997504,97.7939
1404,WarpSAC-L,Isaac-Open-Drawer-Franka-v0,1,avg_return,19996672,99.0025
1405,WarpSAC-L,Isaac-Open-Drawer-Franka-v0,1,avg_return,24995840,98.9557
1406,WarpSAC-L,Isaac-Open-Drawer-Franka-v0,1,avg_return,29995008,99.4846
1407,WarpSAC-L,Isaac-Open-Drawer-Franka-v0,1,avg_return,34994176,98.2111
1408,WarpSAC-L,Isaac-Open-Drawer-Franka-v0,1,avg_return,39993344,98.1074
1409,WarpSAC-L,Isaac-Open-Drawer-Franka-v0,1,avg_return,44992512,97.6326
1410,WarpSAC-L,Isaac-Open-Drawer-Franka-v0,1,avg_return,49991680,97.8816
1411,WarpSAC-L,Isaac-Open-Drawer-Franka-v0,1,avg_return,50000896,97.896
1412,WarpSAC-L,Isaac-Open-Drawer-Franka-v0,1,avg_success,0,0.0
1413,WarpSAC-L,Isaac-Open-Drawer-Franka-v0,1,avg_success,4999168,0.0
1414,WarpSAC-L,Isaac-Open-Drawer-Franka-v0,1,avg_success,9998336,0.0
1415,WarpSAC-L,Isaac-Open-Drawer-Franka-v0,1,avg_success,14997504,0.0
1416,WarpSAC-L,Isaac-Open-Drawer-Franka-v0,1,avg_success,19996672,0.0
1417,WarpSAC-L,Isaac-Open-Drawer-Franka-v0,1,avg_success,24995840,0.0
1418,WarpSAC-L,Isaac-Open-Drawer-Franka-v0,1,avg_success,29995008,0.0
1419,WarpSAC-L,Isaac-Open-Drawer-Franka-v0,1,avg_success,34994176,0.0
1420,WarpSAC-L,Isaac-Open-Drawer-Franka-v0,1,avg_success,39993344,0.0
1421,WarpSAC-L,Isaac-Open-Drawer-Franka-v0,1,avg_success,44992512,0.0
1422,WarpSAC-L,Isaac-Open-Drawer-Franka-v0,1,avg_success,49991680,0.0
1423,WarpSAC-L,Isaac-Open-Drawer-Franka-v0,1,avg_success,50000896,0.0
1424,WarpSAC-L,Isaac-Open-Drawer-Franka-v0,2,avg_return,0,8.5652
1425,WarpSAC-L,Isaac-Open-Drawer-Franka-v0,2,avg_return,4999168,94.128
1426,WarpSAC-L,Isaac-Open-Drawer-Franka-v0,2,avg_return,9998336,96.2038
1427,WarpSAC-L,Isaac-Open-Drawer-Franka-v0,2,avg_return,14997504,96.8621
1428,WarpSAC-L,Isaac-Open-Drawer-Franka-v0,2,avg_return,19996672,97.5822
1429,WarpSAC-L,Isaac-Open-Drawer-Franka-v0,2,avg_return,24995840,98.4692
1430,WarpSAC-L,Isaac-Open-Drawer-Franka-v0,2,avg_return,29995008,98.3614
1431,WarpSAC-L,Isaac-Open-Drawer-Franka-v0,2,avg_return,34994176,98.0727
1432,WarpSAC-L,Isaac-Open-Drawer-Franka-v0,2,avg_return,39993344,99.6692
1433,WarpSAC-L,Isaac-Open-Drawer-Franka-v0,2,avg_return,44992512,98.8985
1434,WarpSAC-L,Isaac-Open-Drawer-Franka-v0,2,avg_return,49991680,98.6269
1435,WarpSAC-L,Isaac-Open-Drawer-Franka-v0,2,avg_return,50000896,98.6125
1436,WarpSAC-L,Isaac-Open-Drawer-Franka-v0,2,avg_success,0,0.0
1437,WarpSAC-L,Isaac-Open-Drawer-Franka-v0,2,avg_success,4999168,0.0
1438,WarpSAC-L,Isaac-Open-Drawer-Franka-v0,2,avg_success,9998336,0.0
1439,WarpSAC-L,Isaac-Open-Drawer-Franka-v0,2,avg_success,14997504,0.0
1440,WarpSAC-L,Isaac-Open-Drawer-Franka-v0,2,avg_success,19996672,0.0
1441,WarpSAC-L,Isaac-Open-Drawer-Franka-v0,2,avg_success,24995840,0.0
1442,WarpSAC-L,Isaac-Open-Drawer-Franka-v0,2,avg_success,29995008,0.0
1443,WarpSAC-L,Isaac-Open-Drawer-Franka-v0,2,avg_success,34994176,0.0
1444,WarpSAC-L,Isaac-Open-Drawer-Franka-v0,2,avg_success,39993344,0.0
1445,WarpSAC-L,Isaac-Open-Drawer-Franka-v0,2,avg_success,44992512,0.0
1446,WarpSAC-L,Isaac-Open-Drawer-Franka-v0,2,avg_success,49991680,0.0
1447,WarpSAC-L,Isaac-Open-Drawer-Franka-v0,2,avg_success,50000896,0.0
1448,WarpSAC-L,Isaac-Open-Drawer-Franka-v0,3,avg_return,0,6.1839
1449,WarpSAC-L,Isaac-Open-Drawer-Franka-v0,3,avg_return,4999168,92.6505
1450,WarpSAC-L,Isaac-Open-Drawer-Franka-v0,3,avg_return,9998336,96.4316
1451,WarpSAC-L,Isaac-Open-Drawer-Franka-v0,3,avg_return,14997504,97.5294
1452,WarpSAC-L,Isaac-Open-Drawer-Franka-v0,3,avg_return,19996672,97.6348
1453,WarpSAC-L,Isaac-Open-Drawer-Franka-v0,3,avg_return,24995840,98.5244
1454,WarpSAC-L,Isaac-Open-Drawer-Franka-v0,3,avg_return,29995008,98.2299
1455,WarpSAC-L,Isaac-Open-Drawer-Franka-v0,3,avg_return,34994176,98.329
1456,WarpSAC-L,Isaac-Open-Drawer-Franka-v0,3,avg_return,39993344,98.9908
1457,WarpSAC-L,Isaac-Open-Drawer-Franka-v0,3,avg_return,44992512,99.2053
1458,WarpSAC-L,Isaac-Open-Drawer-Franka-v0,3,avg_return,49991680,98.3352
1459,WarpSAC-L,Isaac-Open-Drawer-Franka-v0,3,avg_return,50000896,98.1504
1460,WarpSAC-L,Isaac-Open-Drawer-Franka-v0,3,avg_success,0,0.0
1461,WarpSAC-L,Isaac-Open-Drawer-Franka-v0,3,avg_success,4999168,0.0
1462,WarpSAC-L,Isaac-Open-Drawer-Franka-v0,3,avg_success,9998336,0.0
1463,WarpSAC-L,Isaac-Open-Drawer-Franka-v0,3,avg_success,14997504,0.0
1464,WarpSAC-L,Isaac-Open-Drawer-Franka-v0,3,avg_success,19996672,0.0
1465,WarpSAC-L,Isaac-Open-Drawer-Franka-v0,3,avg_success,24995840,0.0
1466,WarpSAC-L,Isaac-Open-Drawer-Franka-v0,3,avg_success,29995008,0.0
1467,WarpSAC-L,Isaac-Open-Drawer-Franka-v0,3,avg_success,34994176,0.0
1468,WarpSAC-L,Isaac-Open-Drawer-Franka-v0,3,avg_success,39993344,0.0
1469,WarpSAC-L,Isaac-Open-Drawer-Franka-v0,3,avg_success,44992512,0.0
1470,WarpSAC-L,Isaac-Open-Drawer-Franka-v0,3,avg_success,49991680,0.0
1471,WarpSAC-L,Isaac-Open-Drawer-Franka-v0,3,avg_success,50000896,0.0
1472,WarpSAC-L,Isaac-Open-Drawer-Franka-v0,4,avg_return,0,4.9687
1473,WarpSAC-L,Isaac-Open-Drawer-Franka-v0,4,avg_return,4999168,93.8373
1474,WarpSAC-L,Isaac-Open-Drawer-Franka-v0,4,avg_return,9998336,95.6901
1475,WarpSAC-L,Isaac-Open-Drawer-Franka-v0,4,avg_return,14997504,96.0632
1476,WarpSAC-L,Isaac-Open-Drawer-Franka-v0,4,avg_return,19996672,97.2943
1477,WarpSAC-L,Isaac-Open-Drawer-Franka-v0,4,avg_return,24995840,97.3052
1478,WarpSAC-L,Isaac-Open-Drawer-Franka-v0,4,avg_return,29995008,98.2269
1479,WarpSAC-L,Isaac-Open-Drawer-Franka-v0,4,avg_return,34994176,98.9423
1480,WarpSAC-L,Isaac-Open-Drawer-Franka-v0,4,avg_return,39993344,98.6643
1481,WarpSAC-L,Isaac-Open-Drawer-Franka-v0,4,avg_return,44992512,98.2375
1482,WarpSAC-L,Isaac-Open-Drawer-Franka-v0,4,avg_return,49991680,98.3411
1483,WarpSAC-L,Isaac-Open-Drawer-Franka-v0,4,avg_return,50000896,98.2926
1484,WarpSAC-L,Isaac-Open-Drawer-Franka-v0,4,avg_success,0,0.0
1485,WarpSAC-L,Isaac-Open-Drawer-Franka-v0,4,avg_success,4999168,0.0
1486,WarpSAC-L,Isaac-Open-Drawer-Franka-v0,4,avg_success,9998336,0.0
1487,WarpSAC-L,Isaac-Open-Drawer-Franka-v0,4,avg_success,14997504,0.0
1488,WarpSAC-L,Isaac-Open-Drawer-Franka-v0,4,avg_success,19996672,0.0
1489,WarpSAC-L,Isaac-Open-Drawer-Franka-v0,4,avg_success,24995840,0.0
1490,WarpSAC-L,Isaac-Open-Drawer-Franka-v0,4,avg_success,29995008,0.0
1491,WarpSAC-L,Isaac-Open-Drawer-Franka-v0,4,avg_success,34994176,0.0
1492,WarpSAC-L,Isaac-Open-Drawer-Franka-v0,4,avg_success,39993344,0.0
1493,WarpSAC-L,Isaac-Open-Drawer-Franka-v0,4,avg_success,44992512,0.0
1494,WarpSAC-L,Isaac-Open-Drawer-Franka-v0,4,avg_success,49991680,0.0
1495,WarpSAC-L,Isaac-Open-Drawer-Franka-v0,4,avg_success,50000896,0.0
1496,WarpSAC-L,Isaac-Open-Drawer-Franka-v0,5,avg_return,0,2.8987
1497,WarpSAC-L,Isaac-Open-Drawer-Franka-v0,5,avg_return,4999168,94.2062
1498,WarpSAC-L,Isaac-Open-Drawer-Franka-v0,5,avg_return,9998336,96.0769
1499,WarpSAC-L,Isaac-Open-Drawer-Franka-v0,5,avg_return,14997504,97.3445
1500,WarpSAC-L,Isaac-Open-Drawer-Franka-v0,5,avg_return,19996672,98.0439
1501,WarpSAC-L,Isaac-Open-Drawer-Franka-v0,5,avg_return,24995840,98.122
1502,WarpSAC-L,Isaac-Open-Drawer-Franka-v0,5,avg_return,29995008,98.2016
1503,WarpSAC-L,Isaac-Open-Drawer-Franka-v0,5,avg_return,34994176,97.0047
1504,WarpSAC-L,Isaac-Open-Drawer-Franka-v0,5,avg_return,39993344,97.8374
1505,WarpSAC-L,Isaac-Open-Drawer-Franka-v0,5,avg_return,44992512,98.245
1506,WarpSAC-L,Isaac-Open-Drawer-Franka-v0,5,avg_return,49991680,97.8423
1507,WarpSAC-L,Isaac-Open-Drawer-Franka-v0,5,avg_return,50000896,97.5444
1508,WarpSAC-L,Isaac-Open-Drawer-Franka-v0,5,avg_success,0,0.0
1509,WarpSAC-L,Isaac-Open-Drawer-Franka-v0,5,avg_success,4999168,0.0
1510,WarpSAC-L,Isaac-Open-Drawer-Franka-v0,5,avg_success,9998336,0.0
1511,WarpSAC-L,Isaac-Open-Drawer-Franka-v0,5,avg_success,14997504,0.0
1512,WarpSAC-L,Isaac-Open-Drawer-Franka-v0,5,avg_success,19996672,0.0
1513,WarpSAC-L,Isaac-Open-Drawer-Franka-v0,5,avg_success,24995840,0.0
1514,WarpSAC-L,Isaac-Open-Drawer-Franka-v0,5,avg_success,29995008,0.0
1515,WarpSAC-L,Isaac-Open-Drawer-Franka-v0,5,avg_success,34994176,0.0
1516,WarpSAC-L,Isaac-Open-Drawer-Franka-v0,5,avg_success,39993344,0.0
1517,WarpSAC-L,Isaac-Open-Drawer-Franka-v0,5,avg_success,44992512,0.0
1518,WarpSAC-L,Isaac-Open-Drawer-Franka-v0,5,avg_success,49991680,0.0
1519,WarpSAC-L,Isaac-Open-Drawer-Franka-v0,5,avg_success,50000896,0.0
1520,WarpSAC-L,Isaac-Repose-Cube-Allegro-Direct-v0,1,avg_return,0,-46.8177
1521,WarpSAC-L,Isaac-Repose-Cube-Allegro-Direct-v0,1,avg_return,4999168,30.7697
1522,WarpSAC-L,Isaac-Repose-Cube-Allegro-Direct-v0,1,avg_return,9998336,70.1746
1523,WarpSAC-L,Isaac-Repose-Cube-Allegro-Direct-v0,1,avg_return,14997504,1269.5107
1524,WarpSAC-L,Isaac-Repose-Cube-Allegro-Direct-v0,1,avg_return,19996672,2896.6132
1525,WarpSAC-L,Isaac-Repose-Cube-Allegro-Direct-v0,1,avg_return,24995840,3810.9154
1526,WarpSAC-L,Isaac-Repose-Cube-Allegro-Direct-v0,1,avg_return,29995008,4318.8786
1527,WarpSAC-L,Isaac-Repose-Cube-Allegro-Direct-v0,1,avg_return,34994176,4719.3715
1528,WarpSAC-L,Isaac-Repose-Cube-Allegro-Direct-v0,1,avg_return,39993344,5174.9249
1529,WarpSAC-L,Isaac-Repose-Cube-Allegro-Direct-v0,1,avg_return,44992512,5534.8382
1530,WarpSAC-L,Isaac-Repose-Cube-Allegro-Direct-v0,1,avg_return,49991680,5737.0439
1531,WarpSAC-L,Isaac-Repose-Cube-Allegro-Direct-v0,1,avg_return,50000896,5682.8478
1532,WarpSAC-L,Isaac-Repose-Cube-Allegro-Direct-v0,1,avg_success,0,0.0
1533,WarpSAC-L,Isaac-Repose-Cube-Allegro-Direct-v0,1,avg_success,4999168,0.0
1534,WarpSAC-L,Isaac-Repose-Cube-Allegro-Direct-v0,1,avg_success,9998336,0.0
1535,WarpSAC-L,Isaac-Repose-Cube-Allegro-Direct-v0,1,avg_success,14997504,0.0
1536,WarpSAC-L,Isaac-Repose-Cube-Allegro-Direct-v0,1,avg_success,19996672,0.0
1537,WarpSAC-L,Isaac-Repose-Cube-Allegro-Direct-v0,1,avg_success,24995840,0.0
1538,WarpSAC-L,Isaac-Repose-Cube-Allegro-Direct-v0,1,avg_success,29995008,0.0
1539,WarpSAC-L,Isaac-Repose-Cube-Allegro-Direct-v0,1,avg_success,34994176,0.0
1540,WarpSAC-L,Isaac-Repose-Cube-Allegro-Direct-v0,1,avg_success,39993344,0.0
1541,WarpSAC-L,Isaac-Repose-Cube-Allegro-Direct-v0,1,avg_success,44992512,0.0
1542,WarpSAC-L,Isaac-Repose-Cube-Allegro-Direct-v0,1,avg_success,49991680,0.0
1543,WarpSAC-L,Isaac-Repose-Cube-Allegro-Direct-v0,1,avg_success,50000896,0.0
1544,WarpSAC-L,Isaac-Repose-Cube-Allegro-Direct-v0,2,avg_return,0,-41.5613
1545,WarpSAC-L,Isaac-Repose-Cube-Allegro-Direct-v0,2,avg_return,4999168,34.5685
1546,WarpSAC-L,Isaac-Repose-Cube-Allegro-Direct-v0,2,avg_return,9998336,62.8127
1547,WarpSAC-L,Isaac-Repose-Cube-Allegro-Direct-v0,2,avg_return,14997504,553.0177
1548,WarpSAC-L,Isaac-Repose-Cube-Allegro-Direct-v0,2,avg_return,19996672,2576.994
1549,WarpSAC-L,Isaac-Repose-Cube-Allegro-Direct-v0,2,avg_return,24995840,3653.3451
1550,WarpSAC-L,Isaac-Repose-Cube-Allegro-Direct-v0,2,avg_return,29995008,4188.1968
1551,WarpSAC-L,Isaac-Repose-Cube-Allegro-Direct-v0,2,avg_return,34994176,4772.3529
1552,WarpSAC-L,Isaac-Repose-Cube-Allegro-Direct-v0,2,avg_return,39993344,5219.5003
1553,WarpSAC-L,Isaac-Repose-Cube-Allegro-Direct-v0,2,avg_return,44992512,5506.6509
1554,WarpSAC-L,Isaac-Repose-Cube-Allegro-Direct-v0,2,avg_return,49991680,5775.9886
1555,WarpSAC-L,Isaac-Repose-Cube-Allegro-Direct-v0,2,avg_return,50000896,5712.1206
1556,WarpSAC-L,Isaac-Repose-Cube-Allegro-Direct-v0,2,avg_success,0,0.0
1557,WarpSAC-L,Isaac-Repose-Cube-Allegro-Direct-v0,2,avg_success,4999168,0.0
1558,WarpSAC-L,Isaac-Repose-Cube-Allegro-Direct-v0,2,avg_success,9998336,0.0
1559,WarpSAC-L,Isaac-Repose-Cube-Allegro-Direct-v0,2,avg_success,14997504,0.0
1560,WarpSAC-L,Isaac-Repose-Cube-Allegro-Direct-v0,2,avg_success,19996672,0.0
1561,WarpSAC-L,Isaac-Repose-Cube-Allegro-Direct-v0,2,avg_success,24995840,0.0
1562,WarpSAC-L,Isaac-Repose-Cube-Allegro-Direct-v0,2,avg_success,29995008,0.0
1563,WarpSAC-L,Isaac-Repose-Cube-Allegro-Direct-v0,2,avg_success,34994176,0.0
1564,WarpSAC-L,Isaac-Repose-Cube-Allegro-Direct-v0,2,avg_success,39993344,0.0
1565,WarpSAC-L,Isaac-Repose-Cube-Allegro-Direct-v0,2,avg_success,44992512,0.0
1566,WarpSAC-L,Isaac-Repose-Cube-Allegro-Direct-v0,2,avg_success,49991680,0.0
1567,WarpSAC-L,Isaac-Repose-Cube-Allegro-Direct-v0,2,avg_success,50000896,0.0
1568,WarpSAC-L,Isaac-Repose-Cube-Allegro-Direct-v0,3,avg_return,0,-43.3561
1569,WarpSAC-L,Isaac-Repose-Cube-Allegro-Direct-v0,3,avg_return,4999168,50.5494
1570,WarpSAC-L,Isaac-Repose-Cube-Allegro-Direct-v0,3,avg_return,9998336,56.554
1571,WarpSAC-L,Isaac-Repose-Cube-Allegro-Direct-v0,3,avg_return,14997504,385.7972
1572,WarpSAC-L,Isaac-Repose-Cube-Allegro-Direct-v0,3,avg_return,19996672,2457.1309
1573,WarpSAC-L,Isaac-Repose-Cube-Allegro-Direct-v0,3,avg_return,24995840,3328.1685
1574,WarpSAC-L,Isaac-Repose-Cube-Allegro-Direct-v0,3,avg_return,29995008,3761.7562
1575,WarpSAC-L,Isaac-Repose-Cube-Allegro-Direct-v0,3,avg_return,34994176,4449.0981
1576,WarpSAC-L,Isaac-Repose-Cube-Allegro-Direct-v0,3,avg_return,39993344,5054.0331
1577,WarpSAC-L,Isaac-Repose-Cube-Allegro-Direct-v0,3,avg_return,44992512,5285.9871
1578,WarpSAC-L,Isaac-Repose-Cube-Allegro-Direct-v0,3,avg_return,49991680,5565.7178
1579,WarpSAC-L,Isaac-Repose-Cube-Allegro-Direct-v0,3,avg_return,50000896,5522.1524
1580,WarpSAC-L,Isaac-Repose-Cube-Allegro-Direct-v0,3,avg_success,0,0.0
1581,WarpSAC-L,Isaac-Repose-Cube-Allegro-Direct-v0,3,avg_success,4999168,0.0
1582,WarpSAC-L,Isaac-Repose-Cube-Allegro-Direct-v0,3,avg_success,9998336,0.0
1583,WarpSAC-L,Isaac-Repose-Cube-Allegro-Direct-v0,3,avg_success,14997504,0.0
1584,WarpSAC-L,Isaac-Repose-Cube-Allegro-Direct-v0,3,avg_success,19996672,0.0
1585,WarpSAC-L,Isaac-Repose-Cube-Allegro-Direct-v0,3,avg_success,24995840,0.0
1586,WarpSAC-L,Isaac-Repose-Cube-Allegro-Direct-v0,3,avg_success,29995008,0.0
1587,WarpSAC-L,Isaac-Repose-Cube-Allegro-Direct-v0,3,avg_success,34994176,0.0
1588,WarpSAC-L,Isaac-Repose-Cube-Allegro-Direct-v0,3,avg_success,39993344,0.0
1589,WarpSAC-L,Isaac-Repose-Cube-Allegro-Direct-v0,3,avg_success,44992512,0.0
1590,WarpSAC-L,Isaac-Repose-Cube-Allegro-Direct-v0,3,avg_success,49991680,0.0
1591,WarpSAC-L,Isaac-Repose-Cube-Allegro-Direct-v0,3,avg_success,50000896,0.0
1592,WarpSAC-L,Isaac-Repose-Cube-Allegro-Direct-v0,4,avg_return,0,-91.3518
1593,WarpSAC-L,Isaac-Repose-Cube-Allegro-Direct-v0,4,avg_return,4999168,40.5621
1594,WarpSAC-L,Isaac-Repose-Cube-Allegro-Direct-v0,4,avg_return,9998336,66.3178
1595,WarpSAC-L,Isaac-Repose-Cube-Allegro-Direct-v0,4,avg_return,14997504,732.6823
1596,WarpSAC-L,Isaac-Repose-Cube-Allegro-Direct-v0,4,avg_return,19996672,2550.5559
1597,WarpSAC-L,Isaac-Repose-Cube-Allegro-Direct-v0,4,avg_return,24995840,3354.7634
1598,WarpSAC-L,Isaac-Repose-Cube-Allegro-Direct-v0,4,avg_return,29995008,4091.0614
1599,WarpSAC-L,Isaac-Repose-Cube-Allegro-Direct-v0,4,avg_return,34994176,4594.7108
1600,WarpSAC-L,Isaac-Repose-Cube-Allegro-Direct-v0,4,avg_return,39993344,4948.4103
1601,WarpSAC-L,Isaac-Repose-Cube-Allegro-Direct-v0,4,avg_return,44992512,5344.8398
1602,WarpSAC-L,Isaac-Repose-Cube-Allegro-Direct-v0,4,avg_return,49991680,5657.3699
1603,WarpSAC-L,Isaac-Repose-Cube-Allegro-Direct-v0,4,avg_return,50000896,5634.1131
1604,WarpSAC-L,Isaac-Repose-Cube-Allegro-Direct-v0,4,avg_success,0,0.0
1605,WarpSAC-L,Isaac-Repose-Cube-Allegro-Direct-v0,4,avg_success,4999168,0.0
1606,WarpSAC-L,Isaac-Repose-Cube-Allegro-Direct-v0,4,avg_success,9998336,0.0
1607,WarpSAC-L,Isaac-Repose-Cube-Allegro-Direct-v0,4,avg_success,14997504,0.0
1608,WarpSAC-L,Isaac-Repose-Cube-Allegro-Direct-v0,4,avg_success,19996672,0.0
1609,WarpSAC-L,Isaac-Repose-Cube-Allegro-Direct-v0,4,avg_success,24995840,0.0
1610,WarpSAC-L,Isaac-Repose-Cube-Allegro-Direct-v0,4,avg_success,29995008,0.0
1611,WarpSAC-L,Isaac-Repose-Cube-Allegro-Direct-v0,4,avg_success,34994176,0.0
1612,WarpSAC-L,Isaac-Repose-Cube-Allegro-Direct-v0,4,avg_success,39993344,0.0
1613,WarpSAC-L,Isaac-Repose-Cube-Allegro-Direct-v0,4,avg_success,44992512,0.0
1614,WarpSAC-L,Isaac-Repose-Cube-Allegro-Direct-v0,4,avg_success,49991680,0.0
1615,WarpSAC-L,Isaac-Repose-Cube-Allegro-Direct-v0,4,avg_success,50000896,0.0
1616,WarpSAC-L,Isaac-Repose-Cube-Allegro-Direct-v0,5,avg_return,0,-37.4177
1617,WarpSAC-L,Isaac-Repose-Cube-Allegro-Direct-v0,5,avg_return,4999168,44.9549
1618,WarpSAC-L,Isaac-Repose-Cube-Allegro-Direct-v0,5,avg_return,9998336,78.9781
1619,WarpSAC-L,Isaac-Repose-Cube-Allegro-Direct-v0,5,avg_return,14997504,1221.3203
1620,WarpSAC-L,Isaac-Repose-Cube-Allegro-Direct-v0,5,avg_return,19996672,3003.3804
1621,WarpSAC-L,Isaac-Repose-Cube-Allegro-Direct-v0,5,avg_return,24995840,3697.7363
1622,WarpSAC-L,Isaac-Repose-Cube-Allegro-Direct-v0,5,avg_return,29995008,4398.708
1623,WarpSAC-L,Isaac-Repose-Cube-Allegro-Direct-v0,5,avg_return,34994176,4936.5307
1624,WarpSAC-L,Isaac-Repose-Cube-Allegro-Direct-v0,5,avg_return,39993344,5311.5228
1625,WarpSAC-L,Isaac-Repose-Cube-Allegro-Direct-v0,5,avg_return,44992512,5595.824
1626,WarpSAC-L,Isaac-Repose-Cube-Allegro-Direct-v0,5,avg_return,49991680,5867.4047
1627,WarpSAC-L,Isaac-Repose-Cube-Allegro-Direct-v0,5,avg_return,50000896,5875.4693
1628,WarpSAC-L,Isaac-Repose-Cube-Allegro-Direct-v0,5,avg_success,0,0.0
1629,WarpSAC-L,Isaac-Repose-Cube-Allegro-Direct-v0,5,avg_success,4999168,0.0
1630,WarpSAC-L,Isaac-Repose-Cube-Allegro-Direct-v0,5,avg_success,9998336,0.0
1631,WarpSAC-L,Isaac-Repose-Cube-Allegro-Direct-v0,5,avg_success,14997504,0.0
1632,WarpSAC-L,Isaac-Repose-Cube-Allegro-Direct-v0,5,avg_success,19996672,0.0
1633,WarpSAC-L,Isaac-Repose-Cube-Allegro-Direct-v0,5,avg_success,24995840,0.0
1634,WarpSAC-L,Isaac-Repose-Cube-Allegro-Direct-v0,5,avg_success,29995008,0.0
1635,WarpSAC-L,Isaac-Repose-Cube-Allegro-Direct-v0,5,avg_success,34994176,0.0
1636,WarpSAC-L,Isaac-Repose-Cube-Allegro-Direct-v0,5,avg_success,39993344,0.0
1637,WarpSAC-L,Isaac-Repose-Cube-Allegro-Direct-v0,5,avg_success,44992512,0.0
1638,WarpSAC-L,Isaac-Repose-Cube-Allegro-Direct-v0,5,avg_success,49991680,0.0
1639,WarpSAC-L,Isaac-Repose-Cube-Allegro-Direct-v0,5,avg_success,50000896,0.0
1640,WarpSAC-L,Isaac-Repose-Cube-Shadow-Direct-v0,1,avg_return,0,-178.8217
1641,WarpSAC-L,Isaac-Repose-Cube-Shadow-Direct-v0,1,avg_return,4999168,198.3511
1642,WarpSAC-L,Isaac-Repose-Cube-Shadow-Direct-v0,1,avg_return,9998336,269.6934
1643,WarpSAC-L,Isaac-Repose-Cube-Shadow-Direct-v0,1,avg_return,14997504,749.074
1644,WarpSAC-L,Isaac-Repose-Cube-Shadow-Direct-v0,1,avg_return,19996672,4763.8235
1645,WarpSAC-L,Isaac-Repose-Cube-Shadow-Direct-v0,1,avg_return,24995840,6712.021
1646,WarpSAC-L,Isaac-Repose-Cube-Shadow-Direct-v0,1,avg_return,29995008,8000.1781
1647,WarpSAC-L,Isaac-Repose-Cube-Shadow-Direct-v0,1,avg_return,34994176,8685.3256
1648,WarpSAC-L,Isaac-Repose-Cube-Shadow-Direct-v0,1,avg_return,39993344,9097.0322
1649,WarpSAC-L,Isaac-Repose-Cube-Shadow-Direct-v0,1,avg_return,44992512,9902.0451
1650,WarpSAC-L,Isaac-Repose-Cube-Shadow-Direct-v0,1,avg_return,49991680,10406.0043
1651,WarpSAC-L,Isaac-Repose-Cube-Shadow-Direct-v0,1,avg_return,50000896,10377.5619
1652,WarpSAC-L,Isaac-Repose-Cube-Shadow-Direct-v0,1,avg_success,0,0.0
1653,WarpSAC-L,Isaac-Repose-Cube-Shadow-Direct-v0,1,avg_success,4999168,0.0
1654,WarpSAC-L,Isaac-Repose-Cube-Shadow-Direct-v0,1,avg_success,9998336,0.0
1655,WarpSAC-L,Isaac-Repose-Cube-Shadow-Direct-v0,1,avg_success,14997504,0.0
1656,WarpSAC-L,Isaac-Repose-Cube-Shadow-Direct-v0,1,avg_success,19996672,0.0
1657,WarpSAC-L,Isaac-Repose-Cube-Shadow-Direct-v0,1,avg_success,24995840,0.0
1658,WarpSAC-L,Isaac-Repose-Cube-Shadow-Direct-v0,1,avg_success,29995008,0.0
1659,WarpSAC-L,Isaac-Repose-Cube-Shadow-Direct-v0,1,avg_success,34994176,0.0
1660,WarpSAC-L,Isaac-Repose-Cube-Shadow-Direct-v0,1,avg_success,39993344,0.0
1661,WarpSAC-L,Isaac-Repose-Cube-Shadow-Direct-v0,1,avg_success,44992512,0.0
1662,WarpSAC-L,Isaac-Repose-Cube-Shadow-Direct-v0,1,avg_success,49991680,0.0
1663,WarpSAC-L,Isaac-Repose-Cube-Shadow-Direct-v0,1,avg_success,50000896,0.0
1664,WarpSAC-L,Isaac-Repose-Cube-Shadow-Direct-v0,2,avg_return,0,36.8453
1665,WarpSAC-L,Isaac-Repose-Cube-Shadow-Direct-v0,2,avg_return,4999168,173.5908
1666,WarpSAC-L,Isaac-Repose-Cube-Shadow-Direct-v0,2,avg_return,9998336,266.7234
1667,WarpSAC-L,Isaac-Repose-Cube-Shadow-Direct-v0,2,avg_return,14997504,641.1005
1668,WarpSAC-L,Isaac-Repose-Cube-Shadow-Direct-v0,2,avg_return,19996672,4716.9143
1669,WarpSAC-L,Isaac-Repose-Cube-Shadow-Direct-v0,2,avg_return,24995840,6279.2566
1670,WarpSAC-L,Isaac-Repose-Cube-Shadow-Direct-v0,2,avg_return,29995008,7588.825
1671,WarpSAC-L,Isaac-Repose-Cube-Shadow-Direct-v0,2,avg_return,34994176,8346.4121
1672,WarpSAC-L,Isaac-Repose-Cube-Shadow-Direct-v0,2,avg_return,39993344,9224.4806
1673,WarpSAC-L,Isaac-Repose-Cube-Shadow-Direct-v0,2,avg_return,44992512,9637.7956
1674,WarpSAC-L,Isaac-Repose-Cube-Shadow-Direct-v0,2,avg_return,49991680,10428.1818
1675,WarpSAC-L,Isaac-Repose-Cube-Shadow-Direct-v0,2,avg_return,50000896,10397.3165
1676,WarpSAC-L,Isaac-Repose-Cube-Shadow-Direct-v0,2,avg_success,0,0.0
1677,WarpSAC-L,Isaac-Repose-Cube-Shadow-Direct-v0,2,avg_success,4999168,0.0
1678,WarpSAC-L,Isaac-Repose-Cube-Shadow-Direct-v0,2,avg_success,9998336,0.0
1679,WarpSAC-L,Isaac-Repose-Cube-Shadow-Direct-v0,2,avg_success,14997504,0.0
1680,WarpSAC-L,Isaac-Repose-Cube-Shadow-Direct-v0,2,avg_success,19996672,0.0
1681,WarpSAC-L,Isaac-Repose-Cube-Shadow-Direct-v0,2,avg_success,24995840,0.0
1682,WarpSAC-L,Isaac-Repose-Cube-Shadow-Direct-v0,2,avg_success,29995008,0.0
1683,WarpSAC-L,Isaac-Repose-Cube-Shadow-Direct-v0,2,avg_success,34994176,0.0
1684,WarpSAC-L,Isaac-Repose-Cube-Shadow-Direct-v0,2,avg_success,39993344,0.0
1685,WarpSAC-L,Isaac-Repose-Cube-Shadow-Direct-v0,2,avg_success,44992512,0.0
1686,WarpSAC-L,Isaac-Repose-Cube-Shadow-Direct-v0,2,avg_success,49991680,0.0
1687,WarpSAC-L,Isaac-Repose-Cube-Shadow-Direct-v0,2,avg_success,50000896,0.0
1688,WarpSAC-L,Isaac-Repose-Cube-Shadow-Direct-v0,3,avg_return,0,-110.565
1689,WarpSAC-L,Isaac-Repose-Cube-Shadow-Direct-v0,3,avg_return,4999168,215.2122
1690,WarpSAC-L,Isaac-Repose-Cube-Shadow-Direct-v0,3,avg_return,9998336,259.3525
1691,WarpSAC-L,Isaac-Repose-Cube-Shadow-Direct-v0,3,avg_return,14997504,903.3799
1692,WarpSAC-L,Isaac-Repose-Cube-Shadow-Direct-v0,3,avg_return,19996672,5192.5497
1693,WarpSAC-L,Isaac-Repose-Cube-Shadow-Direct-v0,3,avg_return,24995840,6922.114
1694,WarpSAC-L,Isaac-Repose-Cube-Shadow-Direct-v0,3,avg_return,29995008,7707.6003
1695,WarpSAC-L,Isaac-Repose-Cube-Shadow-Direct-v0,3,avg_return,34994176,8920.206
1696,WarpSAC-L,Isaac-Repose-Cube-Shadow-Direct-v0,3,avg_return,39993344,9345.1716
1697,WarpSAC-L,Isaac-Repose-Cube-Shadow-Direct-v0,3,avg_return,44992512,9969.4202
1698,WarpSAC-L,Isaac-Repose-Cube-Shadow-Direct-v0,3,avg_return,49991680,10802.9026
1699,WarpSAC-L,Isaac-Repose-Cube-Shadow-Direct-v0,3,avg_return,50000896,10688.7863
1700,WarpSAC-L,Isaac-Repose-Cube-Shadow-Direct-v0,3,avg_success,0,0.0
1701,WarpSAC-L,Isaac-Repose-Cube-Shadow-Direct-v0,3,avg_success,4999168,0.0
1702,WarpSAC-L,Isaac-Repose-Cube-Shadow-Direct-v0,3,avg_success,9998336,0.0
1703,WarpSAC-L,Isaac-Repose-Cube-Shadow-Direct-v0,3,avg_success,14997504,0.0
1704,WarpSAC-L,Isaac-Repose-Cube-Shadow-Direct-v0,3,avg_success,19996672,0.0
1705,WarpSAC-L,Isaac-Repose-Cube-Shadow-Direct-v0,3,avg_success,24995840,0.0
1706,WarpSAC-L,Isaac-Repose-Cube-Shadow-Direct-v0,3,avg_success,29995008,0.0
1707,WarpSAC-L,Isaac-Repose-Cube-Shadow-Direct-v0,3,avg_success,34994176,0.0
1708,WarpSAC-L,Isaac-Repose-Cube-Shadow-Direct-v0,3,avg_success,39993344,0.0
1709,WarpSAC-L,Isaac-Repose-Cube-Shadow-Direct-v0,3,avg_success,44992512,0.0
1710,WarpSAC-L,Isaac-Repose-Cube-Shadow-Direct-v0,3,avg_success,49991680,0.0
1711,WarpSAC-L,Isaac-Repose-Cube-Shadow-Direct-v0,3,avg_success,50000896,0.0
1712,WarpSAC-L,Isaac-Repose-Cube-Shadow-Direct-v0,4,avg_return,0,-97.26
1713,WarpSAC-L,Isaac-Repose-Cube-Shadow-Direct-v0,4,avg_return,4999168,218.9253
1714,WarpSAC-L,Isaac-Repose-Cube-Shadow-Direct-v0,4,avg_return,9998336,261.4107
1715,WarpSAC-L,Isaac-Repose-Cube-Shadow-Direct-v0,4,avg_return,14997504,637.3985
1716,WarpSAC-L,Isaac-Repose-Cube-Shadow-Direct-v0,4,avg_return,19996672,4061.8454
1717,WarpSAC-L,Isaac-Repose-Cube-Shadow-Direct-v0,4,avg_return,24995840,6435.9145
1718,WarpSAC-L,Isaac-Repose-Cube-Shadow-Direct-v0,4,avg_return,29995008,7482.5108
1719,WarpSAC-L,Isaac-Repose-Cube-Shadow-Direct-v0,4,avg_return,34994176,7136.6487
1720,WarpSAC-L,Isaac-Repose-Cube-Shadow-Direct-v0,4,avg_return,39993344,8654.0828
1721,WarpSAC-L,Isaac-Repose-Cube-Shadow-Direct-v0,4,avg_return,44992512,10239.8248
1722,WarpSAC-L,Isaac-Repose-Cube-Shadow-Direct-v0,4,avg_return,49991680,10716.0339
1723,WarpSAC-L,Isaac-Repose-Cube-Shadow-Direct-v0,4,avg_return,50000896,10660.3368
1724,WarpSAC-L,Isaac-Repose-Cube-Shadow-Direct-v0,4,avg_success,0,0.0
1725,WarpSAC-L,Isaac-Repose-Cube-Shadow-Direct-v0,4,avg_success,4999168,0.0
1726,WarpSAC-L,Isaac-Repose-Cube-Shadow-Direct-v0,4,avg_success,9998336,0.0
1727,WarpSAC-L,Isaac-Repose-Cube-Shadow-Direct-v0,4,avg_success,14997504,0.0
1728,WarpSAC-L,Isaac-Repose-Cube-Shadow-Direct-v0,4,avg_success,19996672,0.0
1729,WarpSAC-L,Isaac-Repose-Cube-Shadow-Direct-v0,4,avg_success,24995840,0.0
1730,WarpSAC-L,Isaac-Repose-Cube-Shadow-Direct-v0,4,avg_success,29995008,0.0
1731,WarpSAC-L,Isaac-Repose-Cube-Shadow-Direct-v0,4,avg_success,34994176,0.0
1732,WarpSAC-L,Isaac-Repose-Cube-Shadow-Direct-v0,4,avg_success,39993344,0.0
1733,WarpSAC-L,Isaac-Repose-Cube-Shadow-Direct-v0,4,avg_success,44992512,0.0
1734,WarpSAC-L,Isaac-Repose-Cube-Shadow-Direct-v0,4,avg_success,49991680,0.0
1735,WarpSAC-L,Isaac-Repose-Cube-Shadow-Direct-v0,4,avg_success,50000896,0.0
1736,WarpSAC-L,Isaac-Repose-Cube-Shadow-Direct-v0,5,avg_return,0,-241.3034
1737,WarpSAC-L,Isaac-Repose-Cube-Shadow-Direct-v0,5,avg_return,4999168,203.9995
1738,WarpSAC-L,Isaac-Repose-Cube-Shadow-Direct-v0,5,avg_return,9998336,282.2303
1739,WarpSAC-L,Isaac-Repose-Cube-Shadow-Direct-v0,5,avg_return,14997504,537.6458
1740,WarpSAC-L,Isaac-Repose-Cube-Shadow-Direct-v0,5,avg_return,19996672,4801.3688
1741,WarpSAC-L,Isaac-Repose-Cube-Shadow-Direct-v0,5,avg_return,24995840,6995.5388
1742,WarpSAC-L,Isaac-Repose-Cube-Shadow-Direct-v0,5,avg_return,29995008,8026.3709
1743,WarpSAC-L,Isaac-Repose-Cube-Shadow-Direct-v0,5,avg_return,34994176,9149.2009
1744,WarpSAC-L,Isaac-Repose-Cube-Shadow-Direct-v0,5,avg_return,39993344,9788.4114
1745,WarpSAC-L,Isaac-Repose-Cube-Shadow-Direct-v0,5,avg_return,44992512,10377.2507
1746,WarpSAC-L,Isaac-Repose-Cube-Shadow-Direct-v0,5,avg_return,49991680,10224.204
1747,WarpSAC-L,Isaac-Repose-Cube-Shadow-Direct-v0,5,avg_return,50000896,10850.1876
1748,WarpSAC-L,Isaac-Repose-Cube-Shadow-Direct-v0,5,avg_success,0,0.0
1749,WarpSAC-L,Isaac-Repose-Cube-Shadow-Direct-v0,5,avg_success,4999168,0.0
1750,WarpSAC-L,Isaac-Repose-Cube-Shadow-Direct-v0,5,avg_success,9998336,0.0
1751,WarpSAC-L,Isaac-Repose-Cube-Shadow-Direct-v0,5,avg_success,14997504,0.0
1752,WarpSAC-L,Isaac-Repose-Cube-Shadow-Direct-v0,5,avg_success,19996672,0.0
1753,WarpSAC-L,Isaac-Repose-Cube-Shadow-Direct-v0,5,avg_success,24995840,0.0
1754,WarpSAC-L,Isaac-Repose-Cube-Shadow-Direct-v0,5,avg_success,29995008,0.0
1755,WarpSAC-L,Isaac-Repose-Cube-Shadow-Direct-v0,5,avg_success,34994176,0.0
1756,WarpSAC-L,Isaac-Repose-Cube-Shadow-Direct-v0,5,avg_success,39993344,0.0
1757,WarpSAC-L,Isaac-Repose-Cube-Shadow-Direct-v0,5,avg_success,44992512,0.0
1758,WarpSAC-L,Isaac-Repose-Cube-Shadow-Direct-v0,5,avg_success,49991680,0.0
1759,WarpSAC-L,Isaac-Repose-Cube-Shadow-Direct-v0,5,avg_success,50000896,0.0
1760,WarpSAC-L,Isaac-Velocity-Flat-Anymal-C-v0,1,avg_return,0,-26.6835
1761,WarpSAC-L,Isaac-Velocity-Flat-Anymal-C-v0,1,avg_return,4999168,5.9639
1762,WarpSAC-L,Isaac-Velocity-Flat-Anymal-C-v0,1,avg_return,9998336,23.6242
1763,WarpSAC-L,Isaac-Velocity-Flat-Anymal-C-v0,1,avg_return,14997504,24.6041
1764,WarpSAC-L,Isaac-Velocity-Flat-Anymal-C-v0,1,avg_return,19996672,25.535
1765,WarpSAC-L,Isaac-Velocity-Flat-Anymal-C-v0,1,avg_return,24995840,25.8555
1766,WarpSAC-L,Isaac-Velocity-Flat-Anymal-C-v0,1,avg_return,29995008,26.0786
1767,WarpSAC-L,Isaac-Velocity-Flat-Anymal-C-v0,1,avg_return,34994176,26.1677
1768,WarpSAC-L,Isaac-Velocity-Flat-Anymal-C-v0,1,avg_return,39993344,26.2456
1769,WarpSAC-L,Isaac-Velocity-Flat-Anymal-C-v0,1,avg_return,44992512,26.3901
1770,WarpSAC-L,Isaac-Velocity-Flat-Anymal-C-v0,1,avg_return,49991680,26.3728
1771,WarpSAC-L,Isaac-Velocity-Flat-Anymal-C-v0,1,avg_return,50000896,26.3507
1772,WarpSAC-L,Isaac-Velocity-Flat-Anymal-C-v0,1,avg_success,0,0.0
1773,WarpSAC-L,Isaac-Velocity-Flat-Anymal-C-v0,1,avg_success,4999168,0.0
1774,WarpSAC-L,Isaac-Velocity-Flat-Anymal-C-v0,1,avg_success,9998336,0.0
1775,WarpSAC-L,Isaac-Velocity-Flat-Anymal-C-v0,1,avg_success,14997504,0.0
1776,WarpSAC-L,Isaac-Velocity-Flat-Anymal-C-v0,1,avg_success,19996672,0.0
1777,WarpSAC-L,Isaac-Velocity-Flat-Anymal-C-v0,1,avg_success,24995840,0.0
1778,WarpSAC-L,Isaac-Velocity-Flat-Anymal-C-v0,1,avg_success,29995008,0.0
1779,WarpSAC-L,Isaac-Velocity-Flat-Anymal-C-v0,1,avg_success,34994176,0.0
1780,WarpSAC-L,Isaac-Velocity-Flat-Anymal-C-v0,1,avg_success,39993344,0.0
1781,WarpSAC-L,Isaac-Velocity-Flat-Anymal-C-v0,1,avg_success,44992512,0.0
1782,WarpSAC-L,Isaac-Velocity-Flat-Anymal-C-v0,1,avg_success,49991680,0.0
1783,WarpSAC-L,Isaac-Velocity-Flat-Anymal-C-v0,1,avg_success,50000896,0.0
1784,WarpSAC-L,Isaac-Velocity-Flat-Anymal-C-v0,2,avg_return,0,-22.2933
1785,WarpSAC-L,Isaac-Velocity-Flat-Anymal-C-v0,2,avg_return,4999168,6.625
1786,WarpSAC-L,Isaac-Velocity-Flat-Anymal-C-v0,2,avg_return,9998336,23.8323
1787,WarpSAC-L,Isaac-Velocity-Flat-Anymal-C-v0,2,avg_return,14997504,24.889
1788,WarpSAC-L,Isaac-Velocity-Flat-Anymal-C-v0,2,avg_return,19996672,25.7179
1789,WarpSAC-L,Isaac-Velocity-Flat-Anymal-C-v0,2,avg_return,24995840,25.9751
1790,WarpSAC-L,Isaac-Velocity-Flat-Anymal-C-v0,2,avg_return,29995008,26.0846
1791,WarpSAC-L,Isaac-Velocity-Flat-Anymal-C-v0,2,avg_return,34994176,26.2848
1792,WarpSAC-L,Isaac-Velocity-Flat-Anymal-C-v0,2,avg_return,39993344,26.4121
1793,WarpSAC-L,Isaac-Velocity-Flat-Anymal-C-v0,2,avg_return,44992512,26.4442
1794,WarpSAC-L,Isaac-Velocity-Flat-Anymal-C-v0,2,avg_return,49991680,26.3123
1795,WarpSAC-L,Isaac-Velocity-Flat-Anymal-C-v0,2,avg_return,50000896,26.4238
1796,WarpSAC-L,Isaac-Velocity-Flat-Anymal-C-v0,2,avg_success,0,0.0
1797,WarpSAC-L,Isaac-Velocity-Flat-Anymal-C-v0,2,avg_success,4999168,0.0
1798,WarpSAC-L,Isaac-Velocity-Flat-Anymal-C-v0,2,avg_success,9998336,0.0
1799,WarpSAC-L,Isaac-Velocity-Flat-Anymal-C-v0,2,avg_success,14997504,0.0
1800,WarpSAC-L,Isaac-Velocity-Flat-Anymal-C-v0,2,avg_success,19996672,0.0
1801,WarpSAC-L,Isaac-Velocity-Flat-Anymal-C-v0,2,avg_success,24995840,0.0
1802,WarpSAC-L,Isaac-Velocity-Flat-Anymal-C-v0,2,avg_success,29995008,0.0
1803,WarpSAC-L,Isaac-Velocity-Flat-Anymal-C-v0,2,avg_success,34994176,0.0
1804,WarpSAC-L,Isaac-Velocity-Flat-Anymal-C-v0,2,avg_success,39993344,0.0
1805,WarpSAC-L,Isaac-Velocity-Flat-Anymal-C-v0,2,avg_success,44992512,0.0
1806,WarpSAC-L,Isaac-Velocity-Flat-Anymal-C-v0,2,avg_success,49991680,0.0
1807,WarpSAC-L,Isaac-Velocity-Flat-Anymal-C-v0,2,avg_success,50000896,0.0
1808,WarpSAC-L,Isaac-Velocity-Flat-Anymal-C-v0,3,avg_return,0,-40.6493
1809,WarpSAC-L,Isaac-Velocity-Flat-Anymal-C-v0,3,avg_return,4999168,6.7422
1810,WarpSAC-L,Isaac-Velocity-Flat-Anymal-C-v0,3,avg_return,9998336,23.5745
1811,WarpSAC-L,Isaac-Velocity-Flat-Anymal-C-v0,3,avg_return,14997504,24.8783
1812,WarpSAC-L,Isaac-Velocity-Flat-Anymal-C-v0,3,avg_return,19996672,25.3003
1813,WarpSAC-L,Isaac-Velocity-Flat-Anymal-C-v0,3,avg_return,24995840,25.7675
1814,WarpSAC-L,Isaac-Velocity-Flat-Anymal-C-v0,3,avg_return,29995008,25.9227
1815,WarpSAC-L,Isaac-Velocity-Flat-Anymal-C-v0,3,avg_return,34994176,25.992
1816,WarpSAC-L,Isaac-Velocity-Flat-Anymal-C-v0,3,avg_return,39993344,26.1133
1817,WarpSAC-L,Isaac-Velocity-Flat-Anymal-C-v0,3,avg_return,44992512,26.2676
1818,WarpSAC-L,Isaac-Velocity-Flat-Anymal-C-v0,3,avg_return,49991680,26.2002
1819,WarpSAC-L,Isaac-Velocity-Flat-Anymal-C-v0,3,avg_return,50000896,26.2708
1820,WarpSAC-L,Isaac-Velocity-Flat-Anymal-C-v0,3,avg_success,0,0.0
1821,WarpSAC-L,Isaac-Velocity-Flat-Anymal-C-v0,3,avg_success,4999168,0.0
1822,WarpSAC-L,Isaac-Velocity-Flat-Anymal-C-v0,3,avg_success,9998336,0.0
1823,WarpSAC-L,Isaac-Velocity-Flat-Anymal-C-v0,3,avg_success,14997504,0.0
1824,WarpSAC-L,Isaac-Velocity-Flat-Anymal-C-v0,3,avg_success,19996672,0.0
1825,WarpSAC-L,Isaac-Velocity-Flat-Anymal-C-v0,3,avg_success,24995840,0.0
1826,WarpSAC-L,Isaac-Velocity-Flat-Anymal-C-v0,3,avg_success,29995008,0.0
1827,WarpSAC-L,Isaac-Velocity-Flat-Anymal-C-v0,3,avg_success,34994176,0.0
1828,WarpSAC-L,Isaac-Velocity-Flat-Anymal-C-v0,3,avg_success,39993344,0.0
1829,WarpSAC-L,Isaac-Velocity-Flat-Anymal-C-v0,3,avg_success,44992512,0.0
1830,WarpSAC-L,Isaac-Velocity-Flat-Anymal-C-v0,3,avg_success,49991680,0.0
1831,WarpSAC-L,Isaac-Velocity-Flat-Anymal-C-v0,3,avg_success,50000896,0.0
1832,WarpSAC-L,Isaac-Velocity-Flat-Anymal-C-v0,4,avg_return,0,-41.7409
1833,WarpSAC-L,Isaac-Velocity-Flat-Anymal-C-v0,4,avg_return,4999168,6.266
1834,WarpSAC-L,Isaac-Velocity-Flat-Anymal-C-v0,4,avg_return,9998336,23.5348
1835,WarpSAC-L,Isaac-Velocity-Flat-Anymal-C-v0,4,avg_return,14997504,24.792
1836,WarpSAC-L,Isaac-Velocity-Flat-Anymal-C-v0,4,avg_return,19996672,25.3273
1837,WarpSAC-L,Isaac-Velocity-Flat-Anymal-C-v0,4,avg_return,24995840,25.7631
1838,WarpSAC-L,Isaac-Velocity-Flat-Anymal-C-v0,4,avg_return,29995008,26.0689
1839,WarpSAC-L,Isaac-Velocity-Flat-Anymal-C-v0,4,avg_return,34994176,26.1353
1840,WarpSAC-L,Isaac-Velocity-Flat-Anymal-C-v0,4,avg_return,39993344,26.3235
1841,WarpSAC-L,Isaac-Velocity-Flat-Anymal-C-v0,4,avg_return,44992512,26.2557
1842,WarpSAC-L,Isaac-Velocity-Flat-Anymal-C-v0,4,avg_return,49991680,26.2961
1843,WarpSAC-L,Isaac-Velocity-Flat-Anymal-C-v0,4,avg_return,50000896,26.3205
1844,WarpSAC-L,Isaac-Velocity-Flat-Anymal-C-v0,4,avg_success,0,0.0
1845,WarpSAC-L,Isaac-Velocity-Flat-Anymal-C-v0,4,avg_success,4999168,0.0
1846,WarpSAC-L,Isaac-Velocity-Flat-Anymal-C-v0,4,avg_success,9998336,0.0
1847,WarpSAC-L,Isaac-Velocity-Flat-Anymal-C-v0,4,avg_success,14997504,0.0
1848,WarpSAC-L,Isaac-Velocity-Flat-Anymal-C-v0,4,avg_success,19996672,0.0
1849,WarpSAC-L,Isaac-Velocity-Flat-Anymal-C-v0,4,avg_success,24995840,0.0
1850,WarpSAC-L,Isaac-Velocity-Flat-Anymal-C-v0,4,avg_success,29995008,0.0
1851,WarpSAC-L,Isaac-Velocity-Flat-Anymal-C-v0,4,avg_success,34994176,0.0
1852,WarpSAC-L,Isaac-Velocity-Flat-Anymal-C-v0,4,avg_success,39993344,0.0
1853,WarpSAC-L,Isaac-Velocity-Flat-Anymal-C-v0,4,avg_success,44992512,0.0
1854,WarpSAC-L,Isaac-Velocity-Flat-Anymal-C-v0,4,avg_success,49991680,0.0
1855,WarpSAC-L,Isaac-Velocity-Flat-Anymal-C-v0,4,avg_success,50000896,0.0
1856,WarpSAC-L,Isaac-Velocity-Flat-Anymal-C-v0,5,avg_return,0,-13.8087
1857,WarpSAC-L,Isaac-Velocity-Flat-Anymal-C-v0,5,avg_return,4999168,6.3096
1858,WarpSAC-L,Isaac-Velocity-Flat-Anymal-C-v0,5,avg_return,9998336,23.7623
1859,WarpSAC-L,Isaac-Velocity-Flat-Anymal-C-v0,5,avg_return,14997504,24.7631
1860,WarpSAC-L,Isaac-Velocity-Flat-Anymal-C-v0,5,avg_return,19996672,25.2229
1861,WarpSAC-L,Isaac-Velocity-Flat-Anymal-C-v0,5,avg_return,24995840,25.7828
1862,WarpSAC-L,Isaac-Velocity-Flat-Anymal-C-v0,5,avg_return,29995008,25.9852
1863,WarpSAC-L,Isaac-Velocity-Flat-Anymal-C-v0,5,avg_return,34994176,25.988
1864,WarpSAC-L,Isaac-Velocity-Flat-Anymal-C-v0,5,avg_return,39993344,26.264
1865,WarpSAC-L,Isaac-Velocity-Flat-Anymal-C-v0,5,avg_return,44992512,26.2785
1866,WarpSAC-L,Isaac-Velocity-Flat-Anymal-C-v0,5,avg_return,49991680,26.3106
1867,WarpSAC-L,Isaac-Velocity-Flat-Anymal-C-v0,5,avg_return,50000896,26.3416
1868,WarpSAC-L,Isaac-Velocity-Flat-Anymal-C-v0,5,avg_success,0,0.0
1869,WarpSAC-L,Isaac-Velocity-Flat-Anymal-C-v0,5,avg_success,4999168,0.0
1870,WarpSAC-L,Isaac-Velocity-Flat-Anymal-C-v0,5,avg_success,9998336,0.0
1871,WarpSAC-L,Isaac-Velocity-Flat-Anymal-C-v0,5,avg_success,14997504,0.0
1872,WarpSAC-L,Isaac-Velocity-Flat-Anymal-C-v0,5,avg_success,19996672,0.0
1873,WarpSAC-L,Isaac-Velocity-Flat-Anymal-C-v0,5,avg_success,24995840,0.0
1874,WarpSAC-L,Isaac-Velocity-Flat-Anymal-C-v0,5,avg_success,29995008,0.0
1875,WarpSAC-L,Isaac-Velocity-Flat-Anymal-C-v0,5,avg_success,34994176,0.0
1876,WarpSAC-L,Isaac-Velocity-Flat-Anymal-C-v0,5,avg_success,39993344,0.0
1877,WarpSAC-L,Isaac-Velocity-Flat-Anymal-C-v0,5,avg_success,44992512,0.0
1878,WarpSAC-L,Isaac-Velocity-Flat-Anymal-C-v0,5,avg_success,49991680,0.0
1879,WarpSAC-L,Isaac-Velocity-Flat-Anymal-C-v0,5,avg_success,50000896,0.0
1880,WarpSAC-L,Isaac-Velocity-Flat-Anymal-D-v0,1,avg_return,0,-30.9014
1881,WarpSAC-L,Isaac-Velocity-Flat-Anymal-D-v0,1,avg_return,4999168,6.6127
1882,WarpSAC-L,Isaac-Velocity-Flat-Anymal-D-v0,1,avg_return,9998336,23.3895
1883,WarpSAC-L,Isaac-Velocity-Flat-Anymal-D-v0,1,avg_return,14997504,25.2676
1884,WarpSAC-L,Isaac-Velocity-Flat-Anymal-D-v0,1,avg_return,19996672,25.5234
1885,WarpSAC-L,Isaac-Velocity-Flat-Anymal-D-v0,1,avg_return,24995840,25.9364
1886,WarpSAC-L,Isaac-Velocity-Flat-Anymal-D-v0,1,avg_return,29995008,26.217
1887,WarpSAC-L,Isaac-Velocity-Flat-Anymal-D-v0,1,avg_return,34994176,26.2412
1888,WarpSAC-L,Isaac-Velocity-Flat-Anymal-D-v0,1,avg_return,39993344,26.4459
1889,WarpSAC-L,Isaac-Velocity-Flat-Anymal-D-v0,1,avg_return,44992512,26.4627
1890,WarpSAC-L,Isaac-Velocity-Flat-Anymal-D-v0,1,avg_return,49991680,26.55
1891,WarpSAC-L,Isaac-Velocity-Flat-Anymal-D-v0,1,avg_return,50000896,26.559
1892,WarpSAC-L,Isaac-Velocity-Flat-Anymal-D-v0,1,avg_success,0,0.0
1893,WarpSAC-L,Isaac-Velocity-Flat-Anymal-D-v0,1,avg_success,4999168,0.0
1894,WarpSAC-L,Isaac-Velocity-Flat-Anymal-D-v0,1,avg_success,9998336,0.0
1895,WarpSAC-L,Isaac-Velocity-Flat-Anymal-D-v0,1,avg_success,14997504,0.0
1896,WarpSAC-L,Isaac-Velocity-Flat-Anymal-D-v0,1,avg_success,19996672,0.0
1897,WarpSAC-L,Isaac-Velocity-Flat-Anymal-D-v0,1,avg_success,24995840,0.0
1898,WarpSAC-L,Isaac-Velocity-Flat-Anymal-D-v0,1,avg_success,29995008,0.0
1899,WarpSAC-L,Isaac-Velocity-Flat-Anymal-D-v0,1,avg_success,34994176,0.0
1900,WarpSAC-L,Isaac-Velocity-Flat-Anymal-D-v0,1,avg_success,39993344,0.0
1901,WarpSAC-L,Isaac-Velocity-Flat-Anymal-D-v0,1,avg_success,44992512,0.0
1902,WarpSAC-L,Isaac-Velocity-Flat-Anymal-D-v0,1,avg_success,49991680,0.0
1903,WarpSAC-L,Isaac-Velocity-Flat-Anymal-D-v0,1,avg_success,50000896,0.0
1904,WarpSAC-L,Isaac-Velocity-Flat-Anymal-D-v0,2,avg_return,0,-23.4301
1905,WarpSAC-L,Isaac-Velocity-Flat-Anymal-D-v0,2,avg_return,4999168,6.4421
1906,WarpSAC-L,Isaac-Velocity-Flat-Anymal-D-v0,2,avg_return,9998336,22.9284
1907,WarpSAC-L,Isaac-Velocity-Flat-Anymal-D-v0,2,avg_return,14997504,24.9199
1908,WarpSAC-L,Isaac-Velocity-Flat-Anymal-D-v0,2,avg_return,19996672,25.3663
1909,WarpSAC-L,Isaac-Velocity-Flat-Anymal-D-v0,2,avg_return,24995840,25.8602
1910,WarpSAC-L,Isaac-Velocity-Flat-Anymal-D-v0,2,avg_return,29995008,25.9481
1911,WarpSAC-L,Isaac-Velocity-Flat-Anymal-D-v0,2,avg_return,34994176,26.2719
1912,WarpSAC-L,Isaac-Velocity-Flat-Anymal-D-v0,2,avg_return,39993344,26.3183
1913,WarpSAC-L,Isaac-Velocity-Flat-Anymal-D-v0,2,avg_return,44992512,26.3805
1914,WarpSAC-L,Isaac-Velocity-Flat-Anymal-D-v0,2,avg_return,49991680,26.3235
1915,WarpSAC-L,Isaac-Velocity-Flat-Anymal-D-v0,2,avg_return,50000896,26.3193
1916,WarpSAC-L,Isaac-Velocity-Flat-Anymal-D-v0,2,avg_success,0,0.0
1917,WarpSAC-L,Isaac-Velocity-Flat-Anymal-D-v0,2,avg_success,4999168,0.0
1918,WarpSAC-L,Isaac-Velocity-Flat-Anymal-D-v0,2,avg_success,9998336,0.0
1919,WarpSAC-L,Isaac-Velocity-Flat-Anymal-D-v0,2,avg_success,14997504,0.0
1920,WarpSAC-L,Isaac-Velocity-Flat-Anymal-D-v0,2,avg_success,19996672,0.0
1921,WarpSAC-L,Isaac-Velocity-Flat-Anymal-D-v0,2,avg_success,24995840,0.0
1922,WarpSAC-L,Isaac-Velocity-Flat-Anymal-D-v0,2,avg_success,29995008,0.0
1923,WarpSAC-L,Isaac-Velocity-Flat-Anymal-D-v0,2,avg_success,34994176,0.0
1924,WarpSAC-L,Isaac-Velocity-Flat-Anymal-D-v0,2,avg_success,39993344,0.0
1925,WarpSAC-L,Isaac-Velocity-Flat-Anymal-D-v0,2,avg_success,44992512,0.0
1926,WarpSAC-L,Isaac-Velocity-Flat-Anymal-D-v0,2,avg_success,49991680,0.0
1927,WarpSAC-L,Isaac-Velocity-Flat-Anymal-D-v0,2,avg_success,50000896,0.0
1928,WarpSAC-L,Isaac-Velocity-Flat-Anymal-D-v0,3,avg_return,0,-42.7051
1929,WarpSAC-L,Isaac-Velocity-Flat-Anymal-D-v0,3,avg_return,4999168,6.6392
1930,WarpSAC-L,Isaac-Velocity-Flat-Anymal-D-v0,3,avg_return,9998336,23.53
1931,WarpSAC-L,Isaac-Velocity-Flat-Anymal-D-v0,3,avg_return,14997504,25.0572
1932,WarpSAC-L,Isaac-Velocity-Flat-Anymal-D-v0,3,avg_return,19996672,25.4636
1933,WarpSAC-L,Isaac-Velocity-Flat-Anymal-D-v0,3,avg_return,24995840,25.8351
1934,WarpSAC-L,Isaac-Velocity-Flat-Anymal-D-v0,3,avg_return,29995008,26.0318
1935,WarpSAC-L,Isaac-Velocity-Flat-Anymal-D-v0,3,avg_return,34994176,26.2073
1936,WarpSAC-L,Isaac-Velocity-Flat-Anymal-D-v0,3,avg_return,39993344,26.3231
1937,WarpSAC-L,Isaac-Velocity-Flat-Anymal-D-v0,3,avg_return,44992512,26.3551
1938,WarpSAC-L,Isaac-Velocity-Flat-Anymal-D-v0,3,avg_return,49991680,26.4174
1939,WarpSAC-L,Isaac-Velocity-Flat-Anymal-D-v0,3,avg_return,50000896,26.3963
1940,WarpSAC-L,Isaac-Velocity-Flat-Anymal-D-v0,3,avg_success,0,0.0
1941,WarpSAC-L,Isaac-Velocity-Flat-Anymal-D-v0,3,avg_success,4999168,0.0
1942,WarpSAC-L,Isaac-Velocity-Flat-Anymal-D-v0,3,avg_success,9998336,0.0
1943,WarpSAC-L,Isaac-Velocity-Flat-Anymal-D-v0,3,avg_success,14997504,0.0
1944,WarpSAC-L,Isaac-Velocity-Flat-Anymal-D-v0,3,avg_success,19996672,0.0
1945,WarpSAC-L,Isaac-Velocity-Flat-Anymal-D-v0,3,avg_success,24995840,0.0
1946,WarpSAC-L,Isaac-Velocity-Flat-Anymal-D-v0,3,avg_success,29995008,0.0
1947,WarpSAC-L,Isaac-Velocity-Flat-Anymal-D-v0,3,avg_success,34994176,0.0
1948,WarpSAC-L,Isaac-Velocity-Flat-Anymal-D-v0,3,avg_success,39993344,0.0
1949,WarpSAC-L,Isaac-Velocity-Flat-Anymal-D-v0,3,avg_success,44992512,0.0
1950,WarpSAC-L,Isaac-Velocity-Flat-Anymal-D-v0,3,avg_success,49991680,0.0
1951,WarpSAC-L,Isaac-Velocity-Flat-Anymal-D-v0,3,avg_success,50000896,0.0
1952,WarpSAC-L,Isaac-Velocity-Flat-Anymal-D-v0,4,avg_return,0,-41.4597
1953,WarpSAC-L,Isaac-Velocity-Flat-Anymal-D-v0,4,avg_return,4999168,6.5452
1954,WarpSAC-L,Isaac-Velocity-Flat-Anymal-D-v0,4,avg_return,9998336,23.0293
1955,WarpSAC-L,Isaac-Velocity-Flat-Anymal-D-v0,4,avg_return,14997504,24.9986
1956,WarpSAC-L,Isaac-Velocity-Flat-Anymal-D-v0,4,avg_return,19996672,25.8267
1957,WarpSAC-L,Isaac-Velocity-Flat-Anymal-D-v0,4,avg_return,24995840,25.9669
1958,WarpSAC-L,Isaac-Velocity-Flat-Anymal-D-v0,4,avg_return,29995008,26.2309
1959,WarpSAC-L,Isaac-Velocity-Flat-Anymal-D-v0,4,avg_return,34994176,26.3877
1960,WarpSAC-L,Isaac-Velocity-Flat-Anymal-D-v0,4,avg_return,39993344,26.4017
1961,WarpSAC-L,Isaac-Velocity-Flat-Anymal-D-v0,4,avg_return,44992512,26.3592
1962,WarpSAC-L,Isaac-Velocity-Flat-Anymal-D-v0,4,avg_return,49991680,26.4089
1963,WarpSAC-L,Isaac-Velocity-Flat-Anymal-D-v0,4,avg_return,50000896,26.4876
1964,WarpSAC-L,Isaac-Velocity-Flat-Anymal-D-v0,4,avg_success,0,0.0
1965,WarpSAC-L,Isaac-Velocity-Flat-Anymal-D-v0,4,avg_success,4999168,0.0
1966,WarpSAC-L,Isaac-Velocity-Flat-Anymal-D-v0,4,avg_success,9998336,0.0
1967,WarpSAC-L,Isaac-Velocity-Flat-Anymal-D-v0,4,avg_success,14997504,0.0
1968,WarpSAC-L,Isaac-Velocity-Flat-Anymal-D-v0,4,avg_success,19996672,0.0
1969,WarpSAC-L,Isaac-Velocity-Flat-Anymal-D-v0,4,avg_success,24995840,0.0
1970,WarpSAC-L,Isaac-Velocity-Flat-Anymal-D-v0,4,avg_success,29995008,0.0
1971,WarpSAC-L,Isaac-Velocity-Flat-Anymal-D-v0,4,avg_success,34994176,0.0
1972,WarpSAC-L,Isaac-Velocity-Flat-Anymal-D-v0,4,avg_success,39993344,0.0
1973,WarpSAC-L,Isaac-Velocity-Flat-Anymal-D-v0,4,avg_success,44992512,0.0
1974,WarpSAC-L,Isaac-Velocity-Flat-Anymal-D-v0,4,avg_success,49991680,0.0
1975,WarpSAC-L,Isaac-Velocity-Flat-Anymal-D-v0,4,avg_success,50000896,0.0
1976,WarpSAC-L,Isaac-Velocity-Flat-Anymal-D-v0,5,avg_return,0,-18.7948
1977,WarpSAC-L,Isaac-Velocity-Flat-Anymal-D-v0,5,avg_return,4999168,6.3009
1978,WarpSAC-L,Isaac-Velocity-Flat-Anymal-D-v0,5,avg_return,9998336,23.7117
1979,WarpSAC-L,Isaac-Velocity-Flat-Anymal-D-v0,5,avg_return,14997504,24.8614
1980,WarpSAC-L,Isaac-Velocity-Flat-Anymal-D-v0,5,avg_return,19996672,25.4894
1981,WarpSAC-L,Isaac-Velocity-Flat-Anymal-D-v0,5,avg_return,24995840,25.9793
1982,WarpSAC-L,Isaac-Velocity-Flat-Anymal-D-v0,5,avg_return,29995008,26.1556
1983,WarpSAC-L,Isaac-Velocity-Flat-Anymal-D-v0,5,avg_return,34994176,26.2992
1984,WarpSAC-L,Isaac-Velocity-Flat-Anymal-D-v0,5,avg_return,39993344,26.3884
1985,WarpSAC-L,Isaac-Velocity-Flat-Anymal-D-v0,5,avg_return,44992512,26.3933
1986,WarpSAC-L,Isaac-Velocity-Flat-Anymal-D-v0,5,avg_return,49991680,26.4841
1987,WarpSAC-L,Isaac-Velocity-Flat-Anymal-D-v0,5,avg_return,50000896,26.4484
1988,WarpSAC-L,Isaac-Velocity-Flat-Anymal-D-v0,5,avg_success,0,0.0
1989,WarpSAC-L,Isaac-Velocity-Flat-Anymal-D-v0,5,avg_success,4999168,0.0
1990,WarpSAC-L,Isaac-Velocity-Flat-Anymal-D-v0,5,avg_success,9998336,0.0
1991,WarpSAC-L,Isaac-Velocity-Flat-Anymal-D-v0,5,avg_success,14997504,0.0
1992,WarpSAC-L,Isaac-Velocity-Flat-Anymal-D-v0,5,avg_success,19996672,0.0
1993,WarpSAC-L,Isaac-Velocity-Flat-Anymal-D-v0,5,avg_success,24995840,0.0
1994,WarpSAC-L,Isaac-Velocity-Flat-Anymal-D-v0,5,avg_success,29995008,0.0
1995,WarpSAC-L,Isaac-Velocity-Flat-Anymal-D-v0,5,avg_success,34994176,0.0
1996,WarpSAC-L,Isaac-Velocity-Flat-Anymal-D-v0,5,avg_success,39993344,0.0
1997,WarpSAC-L,Isaac-Velocity-Flat-Anymal-D-v0,5,avg_success,44992512,0.0
1998,WarpSAC-L,Isaac-Velocity-Flat-Anymal-D-v0,5,avg_success,49991680,0.0
1999,WarpSAC-L,Isaac-Velocity-Flat-Anymal-D-v0,5,avg_success,50000896,0.0
2000,WarpSAC-L,Isaac-Velocity-Flat-G1-v0,1,avg_return,0,-5.0732
2001,WarpSAC-L,Isaac-Velocity-Flat-G1-v0,1,avg_return,4999168,5.8559
2002,WarpSAC-L,Isaac-Velocity-Flat-G1-v0,1,avg_return,9998336,24.0098
2003,WarpSAC-L,Isaac-Velocity-Flat-G1-v0,1,avg_return,14997504,31.0609
2004,WarpSAC-L,Isaac-Velocity-Flat-G1-v0,1,avg_return,19996672,32.5651
2005,WarpSAC-L,Isaac-Velocity-Flat-G1-v0,1,avg_return,24995840,34.3058
2006,WarpSAC-L,Isaac-Velocity-Flat-G1-v0,1,avg_return,29995008,34.8532
2007,WarpSAC-L,Isaac-Velocity-Flat-G1-v0,1,avg_return,34994176,35.5569
2008,WarpSAC-L,Isaac-Velocity-Flat-G1-v0,1,avg_return,39993344,35.4934
2009,WarpSAC-L,Isaac-Velocity-Flat-G1-v0,1,avg_return,44992512,35.5411
2010,WarpSAC-L,Isaac-Velocity-Flat-G1-v0,1,avg_return,49991680,36.1571
2011,WarpSAC-L,Isaac-Velocity-Flat-G1-v0,1,avg_return,50000896,35.7474
2012,WarpSAC-L,Isaac-Velocity-Flat-G1-v0,1,avg_success,0,0.0
2013,WarpSAC-L,Isaac-Velocity-Flat-G1-v0,1,avg_success,4999168,0.0
2014,WarpSAC-L,Isaac-Velocity-Flat-G1-v0,1,avg_success,9998336,0.0
2015,WarpSAC-L,Isaac-Velocity-Flat-G1-v0,1,avg_success,14997504,0.0
2016,WarpSAC-L,Isaac-Velocity-Flat-G1-v0,1,avg_success,19996672,0.0
2017,WarpSAC-L,Isaac-Velocity-Flat-G1-v0,1,avg_success,24995840,0.0
2018,WarpSAC-L,Isaac-Velocity-Flat-G1-v0,1,avg_success,29995008,0.0
2019,WarpSAC-L,Isaac-Velocity-Flat-G1-v0,1,avg_success,34994176,0.0
2020,WarpSAC-L,Isaac-Velocity-Flat-G1-v0,1,avg_success,39993344,0.0
2021,WarpSAC-L,Isaac-Velocity-Flat-G1-v0,1,avg_success,44992512,0.0
2022,WarpSAC-L,Isaac-Velocity-Flat-G1-v0,1,avg_success,49991680,0.0
2023,WarpSAC-L,Isaac-Velocity-Flat-G1-v0,1,avg_success,50000896,0.0
2024,WarpSAC-L,Isaac-Velocity-Flat-G1-v0,2,avg_return,0,-4.8877
2025,WarpSAC-L,Isaac-Velocity-Flat-G1-v0,2,avg_return,4999168,10.3379
2026,WarpSAC-L,Isaac-Velocity-Flat-G1-v0,2,avg_return,9998336,22.583
2027,WarpSAC-L,Isaac-Velocity-Flat-G1-v0,2,avg_return,14997504,29.9857
2028,WarpSAC-L,Isaac-Velocity-Flat-G1-v0,2,avg_return,19996672,29.6792
2029,WarpSAC-L,Isaac-Velocity-Flat-G1-v0,2,avg_return,24995840,30.2517
2030,WarpSAC-L,Isaac-Velocity-Flat-G1-v0,2,avg_return,29995008,33.2782
2031,WarpSAC-L,Isaac-Velocity-Flat-G1-v0,2,avg_return,34994176,34.0391
2032,WarpSAC-L,Isaac-Velocity-Flat-G1-v0,2,avg_return,39993344,34.4214
2033,WarpSAC-L,Isaac-Velocity-Flat-G1-v0,2,avg_return,44992512,35.0356
2034,WarpSAC-L,Isaac-Velocity-Flat-G1-v0,2,avg_return,49991680,34.9979
2035,WarpSAC-L,Isaac-Velocity-Flat-G1-v0,2,avg_return,50000896,34.9651
2036,WarpSAC-L,Isaac-Velocity-Flat-G1-v0,2,avg_success,0,0.0
2037,WarpSAC-L,Isaac-Velocity-Flat-G1-v0,2,avg_success,4999168,0.0
2038,WarpSAC-L,Isaac-Velocity-Flat-G1-v0,2,avg_success,9998336,0.0
2039,WarpSAC-L,Isaac-Velocity-Flat-G1-v0,2,avg_success,14997504,0.0
2040,WarpSAC-L,Isaac-Velocity-Flat-G1-v0,2,avg_success,19996672,0.0
2041,WarpSAC-L,Isaac-Velocity-Flat-G1-v0,2,avg_success,24995840,0.0
2042,WarpSAC-L,Isaac-Velocity-Flat-G1-v0,2,avg_success,29995008,0.0
2043,WarpSAC-L,Isaac-Velocity-Flat-G1-v0,2,avg_success,34994176,0.0
2044,WarpSAC-L,Isaac-Velocity-Flat-G1-v0,2,avg_success,39993344,0.0
2045,WarpSAC-L,Isaac-Velocity-Flat-G1-v0,2,avg_success,44992512,0.0
2046,WarpSAC-L,Isaac-Velocity-Flat-G1-v0,2,avg_success,49991680,0.0
2047,WarpSAC-L,Isaac-Velocity-Flat-G1-v0,2,avg_success,50000896,0.0
2048,WarpSAC-L,Isaac-Velocity-Flat-G1-v0,3,avg_return,0,-5.0923
2049,WarpSAC-L,Isaac-Velocity-Flat-G1-v0,3,avg_return,4999168,11.9705
2050,WarpSAC-L,Isaac-Velocity-Flat-G1-v0,3,avg_return,9998336,24.1422
2051,WarpSAC-L,Isaac-Velocity-Flat-G1-v0,3,avg_return,14997504,31.1097
2052,WarpSAC-L,Isaac-Velocity-Flat-G1-v0,3,avg_return,19996672,31.5326
2053,WarpSAC-L,Isaac-Velocity-Flat-G1-v0,3,avg_return,24995840,35.6543
2054,WarpSAC-L,Isaac-Velocity-Flat-G1-v0,3,avg_return,29995008,36.9221
2055,WarpSAC-L,Isaac-Velocity-Flat-G1-v0,3,avg_return,34994176,36.5831
2056,WarpSAC-L,Isaac-Velocity-Flat-G1-v0,3,avg_return,39993344,37.1584
2057,WarpSAC-L,Isaac-Velocity-Flat-G1-v0,3,avg_return,44992512,36.973
2058,WarpSAC-L,Isaac-Velocity-Flat-G1-v0,3,avg_return,49991680,37.0478
2059,WarpSAC-L,Isaac-Velocity-Flat-G1-v0,3,avg_return,50000896,36.6866
2060,WarpSAC-L,Isaac-Velocity-Flat-G1-v0,3,avg_success,0,0.0
2061,WarpSAC-L,Isaac-Velocity-Flat-G1-v0,3,avg_success,4999168,0.0
2062,WarpSAC-L,Isaac-Velocity-Flat-G1-v0,3,avg_success,9998336,0.0
2063,WarpSAC-L,Isaac-Velocity-Flat-G1-v0,3,avg_success,14997504,0.0
2064,WarpSAC-L,Isaac-Velocity-Flat-G1-v0,3,avg_success,19996672,0.0
2065,WarpSAC-L,Isaac-Velocity-Flat-G1-v0,3,avg_success,24995840,0.0
2066,WarpSAC-L,Isaac-Velocity-Flat-G1-v0,3,avg_success,29995008,0.0
2067,WarpSAC-L,Isaac-Velocity-Flat-G1-v0,3,avg_success,34994176,0.0
2068,WarpSAC-L,Isaac-Velocity-Flat-G1-v0,3,avg_success,39993344,0.0
2069,WarpSAC-L,Isaac-Velocity-Flat-G1-v0,3,avg_success,44992512,0.0
2070,WarpSAC-L,Isaac-Velocity-Flat-G1-v0,3,avg_success,49991680,0.0
2071,WarpSAC-L,Isaac-Velocity-Flat-G1-v0,3,avg_success,50000896,0.0
2072,WarpSAC-L,Isaac-Velocity-Flat-G1-v0,4,avg_return,0,-4.8931
2073,WarpSAC-L,Isaac-Velocity-Flat-G1-v0,4,avg_return,4999168,9.4333
2074,WarpSAC-L,Isaac-Velocity-Flat-G1-v0,4,avg_return,9998336,22.6041
2075,WarpSAC-L,Isaac-Velocity-Flat-G1-v0,4,avg_return,14997504,26.141
2076,WarpSAC-L,Isaac-Velocity-Flat-G1-v0,4,avg_return,19996672,30.3195
2077,WarpSAC-L,Isaac-Velocity-Flat-G1-v0,4,avg_return,24995840,34.2951
2078,WarpSAC-L,Isaac-Velocity-Flat-G1-v0,4,avg_return,29995008,34.8846
2079,WarpSAC-L,Isaac-Velocity-Flat-G1-v0,4,avg_return,34994176,35.1698
2080,WarpSAC-L,Isaac-Velocity-Flat-G1-v0,4,avg_return,39993344,36.1697
2081,WarpSAC-L,Isaac-Velocity-Flat-G1-v0,4,avg_return,44992512,36.1622
2082,WarpSAC-L,Isaac-Velocity-Flat-G1-v0,4,avg_return,49991680,36.5791
2083,WarpSAC-L,Isaac-Velocity-Flat-G1-v0,4,avg_return,50000896,36.8137
2084,WarpSAC-L,Isaac-Velocity-Flat-G1-v0,4,avg_success,0,0.0
2085,WarpSAC-L,Isaac-Velocity-Flat-G1-v0,4,avg_success,4999168,0.0
2086,WarpSAC-L,Isaac-Velocity-Flat-G1-v0,4,avg_success,9998336,0.0
2087,WarpSAC-L,Isaac-Velocity-Flat-G1-v0,4,avg_success,14997504,0.0
2088,WarpSAC-L,Isaac-Velocity-Flat-G1-v0,4,avg_success,19996672,0.0
2089,WarpSAC-L,Isaac-Velocity-Flat-G1-v0,4,avg_success,24995840,0.0
2090,WarpSAC-L,Isaac-Velocity-Flat-G1-v0,4,avg_success,29995008,0.0
2091,WarpSAC-L,Isaac-Velocity-Flat-G1-v0,4,avg_success,34994176,0.0
2092,WarpSAC-L,Isaac-Velocity-Flat-G1-v0,4,avg_success,39993344,0.0
2093,WarpSAC-L,Isaac-Velocity-Flat-G1-v0,4,avg_success,44992512,0.0
2094,WarpSAC-L,Isaac-Velocity-Flat-G1-v0,4,avg_success,49991680,0.0
2095,WarpSAC-L,Isaac-Velocity-Flat-G1-v0,4,avg_success,50000896,0.0
2096,WarpSAC-L,Isaac-Velocity-Flat-G1-v0,5,avg_return,0,-5.3836
2097,WarpSAC-L,Isaac-Velocity-Flat-G1-v0,5,avg_return,4999168,14.1381
2098,WarpSAC-L,Isaac-Velocity-Flat-G1-v0,5,avg_return,9998336,23.3722
2099,WarpSAC-L,Isaac-Velocity-Flat-G1-v0,5,avg_return,14997504,32.1568
2100,WarpSAC-L,Isaac-Velocity-Flat-G1-v0,5,avg_return,19996672,34.2755
2101,WarpSAC-L,Isaac-Velocity-Flat-G1-v0,5,avg_return,24995840,34.8121
2102,WarpSAC-L,Isaac-Velocity-Flat-G1-v0,5,avg_return,29995008,35.6355
2103,WarpSAC-L,Isaac-Velocity-Flat-G1-v0,5,avg_return,34994176,35.5023
2104,WarpSAC-L,Isaac-Velocity-Flat-G1-v0,5,avg_return,39993344,35.9373
2105,WarpSAC-L,Isaac-Velocity-Flat-G1-v0,5,avg_return,44992512,36.9362
2106,WarpSAC-L,Isaac-Velocity-Flat-G1-v0,5,avg_return,49991680,35.342
2107,WarpSAC-L,Isaac-Velocity-Flat-G1-v0,5,avg_return,50000896,36.8927
2108,WarpSAC-L,Isaac-Velocity-Flat-G1-v0,5,avg_success,0,0.0
2109,WarpSAC-L,Isaac-Velocity-Flat-G1-v0,5,avg_success,4999168,0.0
2110,WarpSAC-L,Isaac-Velocity-Flat-G1-v0,5,avg_success,9998336,0.0
2111,WarpSAC-L,Isaac-Velocity-Flat-G1-v0,5,avg_success,14997504,0.0
2112,WarpSAC-L,Isaac-Velocity-Flat-G1-v0,5,avg_success,19996672,0.0
2113,WarpSAC-L,Isaac-Velocity-Flat-G1-v0,5,avg_success,24995840,0.0
2114,WarpSAC-L,Isaac-Velocity-Flat-G1-v0,5,avg_success,29995008,0.0
2115,WarpSAC-L,Isaac-Velocity-Flat-G1-v0,5,avg_success,34994176,0.0
2116,WarpSAC-L,Isaac-Velocity-Flat-G1-v0,5,avg_success,39993344,0.0
2117,WarpSAC-L,Isaac-Velocity-Flat-G1-v0,5,avg_success,44992512,0.0
2118,WarpSAC-L,Isaac-Velocity-Flat-G1-v0,5,avg_success,49991680,0.0
2119,WarpSAC-L,Isaac-Velocity-Flat-G1-v0,5,avg_success,50000896,0.0
2120,WarpSAC-L,Isaac-Velocity-Flat-H1-v0,1,avg_return,0,-5.1682
2121,WarpSAC-L,Isaac-Velocity-Flat-H1-v0,1,avg_return,4999168,16.9556
2122,WarpSAC-L,Isaac-Velocity-Flat-H1-v0,1,avg_return,9998336,29.0916
2123,WarpSAC-L,Isaac-Velocity-Flat-H1-v0,1,avg_return,14997504,35.4166
2124,WarpSAC-L,Isaac-Velocity-Flat-H1-v0,1,avg_return,19996672,36.6739
2125,WarpSAC-L,Isaac-Velocity-Flat-H1-v0,1,avg_return,24995840,36.779
2126,WarpSAC-L,Isaac-Velocity-Flat-H1-v0,1,avg_return,29995008,37.5602
2127,WarpSAC-L,Isaac-Velocity-Flat-H1-v0,1,avg_return,34994176,38.1165
2128,WarpSAC-L,Isaac-Velocity-Flat-H1-v0,1,avg_return,39993344,38.0441
2129,WarpSAC-L,Isaac-Velocity-Flat-H1-v0,1,avg_return,44992512,38.2851
2130,WarpSAC-L,Isaac-Velocity-Flat-H1-v0,1,avg_return,49991680,38.3041
2131,WarpSAC-L,Isaac-Velocity-Flat-H1-v0,1,avg_return,50000896,38.1402
2132,WarpSAC-L,Isaac-Velocity-Flat-H1-v0,1,avg_success,0,0.0
2133,WarpSAC-L,Isaac-Velocity-Flat-H1-v0,1,avg_success,4999168,0.0
2134,WarpSAC-L,Isaac-Velocity-Flat-H1-v0,1,avg_success,9998336,0.0
2135,WarpSAC-L,Isaac-Velocity-Flat-H1-v0,1,avg_success,14997504,0.0
2136,WarpSAC-L,Isaac-Velocity-Flat-H1-v0,1,avg_success,19996672,0.0
2137,WarpSAC-L,Isaac-Velocity-Flat-H1-v0,1,avg_success,24995840,0.0
2138,WarpSAC-L,Isaac-Velocity-Flat-H1-v0,1,avg_success,29995008,0.0
2139,WarpSAC-L,Isaac-Velocity-Flat-H1-v0,1,avg_success,34994176,0.0
2140,WarpSAC-L,Isaac-Velocity-Flat-H1-v0,1,avg_success,39993344,0.0
2141,WarpSAC-L,Isaac-Velocity-Flat-H1-v0,1,avg_success,44992512,0.0
2142,WarpSAC-L,Isaac-Velocity-Flat-H1-v0,1,avg_success,49991680,0.0
2143,WarpSAC-L,Isaac-Velocity-Flat-H1-v0,1,avg_success,50000896,0.0
2144,WarpSAC-L,Isaac-Velocity-Flat-H1-v0,2,avg_return,0,-5.3622
2145,WarpSAC-L,Isaac-Velocity-Flat-H1-v0,2,avg_return,4999168,15.9686
2146,WarpSAC-L,Isaac-Velocity-Flat-H1-v0,2,avg_return,9998336,31.3148
2147,WarpSAC-L,Isaac-Velocity-Flat-H1-v0,2,avg_return,14997504,34.3195
2148,WarpSAC-L,Isaac-Velocity-Flat-H1-v0,2,avg_return,19996672,37.2593
2149,WarpSAC-L,Isaac-Velocity-Flat-H1-v0,2,avg_return,24995840,38.3312
2150,WarpSAC-L,Isaac-Velocity-Flat-H1-v0,2,avg_return,29995008,38.5385
2151,WarpSAC-L,Isaac-Velocity-Flat-H1-v0,2,avg_return,34994176,38.8183
2152,WarpSAC-L,Isaac-Velocity-Flat-H1-v0,2,avg_return,39993344,38.4905
2153,WarpSAC-L,Isaac-Velocity-Flat-H1-v0,2,avg_return,44992512,38.9713
2154,WarpSAC-L,Isaac-Velocity-Flat-H1-v0,2,avg_return,49991680,39.2665
2155,WarpSAC-L,Isaac-Velocity-Flat-H1-v0,2,avg_return,50000896,39.1136
2156,WarpSAC-L,Isaac-Velocity-Flat-H1-v0,2,avg_success,0,0.0
2157,WarpSAC-L,Isaac-Velocity-Flat-H1-v0,2,avg_success,4999168,0.0
2158,WarpSAC-L,Isaac-Velocity-Flat-H1-v0,2,avg_success,9998336,0.0
2159,WarpSAC-L,Isaac-Velocity-Flat-H1-v0,2,avg_success,14997504,0.0
2160,WarpSAC-L,Isaac-Velocity-Flat-H1-v0,2,avg_success,19996672,0.0
2161,WarpSAC-L,Isaac-Velocity-Flat-H1-v0,2,avg_success,24995840,0.0
2162,WarpSAC-L,Isaac-Velocity-Flat-H1-v0,2,avg_success,29995008,0.0
2163,WarpSAC-L,Isaac-Velocity-Flat-H1-v0,2,avg_success,34994176,0.0
2164,WarpSAC-L,Isaac-Velocity-Flat-H1-v0,2,avg_success,39993344,0.0
2165,WarpSAC-L,Isaac-Velocity-Flat-H1-v0,2,avg_success,44992512,0.0
2166,WarpSAC-L,Isaac-Velocity-Flat-H1-v0,2,avg_success,49991680,0.0
2167,WarpSAC-L,Isaac-Velocity-Flat-H1-v0,2,avg_success,50000896,0.0
2168,WarpSAC-L,Isaac-Velocity-Flat-H1-v0,3,avg_return,0,-4.9177
2169,WarpSAC-L,Isaac-Velocity-Flat-H1-v0,3,avg_return,4999168,16.2312
2170,WarpSAC-L,Isaac-Velocity-Flat-H1-v0,3,avg_return,9998336,29.8903
2171,WarpSAC-L,Isaac-Velocity-Flat-H1-v0,3,avg_return,14997504,33.8211
2172,WarpSAC-L,Isaac-Velocity-Flat-H1-v0,3,avg_return,19996672,37.0406
2173,WarpSAC-L,Isaac-Velocity-Flat-H1-v0,3,avg_return,24995840,38.0381
2174,WarpSAC-L,Isaac-Velocity-Flat-H1-v0,3,avg_return,29995008,38.1831
2175,WarpSAC-L,Isaac-Velocity-Flat-H1-v0,3,avg_return,34994176,38.4919
2176,WarpSAC-L,Isaac-Velocity-Flat-H1-v0,3,avg_return,39993344,38.7424
2177,WarpSAC-L,Isaac-Velocity-Flat-H1-v0,3,avg_return,44992512,38.5252
2178,WarpSAC-L,Isaac-Velocity-Flat-H1-v0,3,avg_return,49991680,38.5113
2179,WarpSAC-L,Isaac-Velocity-Flat-H1-v0,3,avg_return,50000896,38.5081
2180,WarpSAC-L,Isaac-Velocity-Flat-H1-v0,3,avg_success,0,0.0
2181,WarpSAC-L,Isaac-Velocity-Flat-H1-v0,3,avg_success,4999168,0.0
2182,WarpSAC-L,Isaac-Velocity-Flat-H1-v0,3,avg_success,9998336,0.0
2183,WarpSAC-L,Isaac-Velocity-Flat-H1-v0,3,avg_success,14997504,0.0
2184,WarpSAC-L,Isaac-Velocity-Flat-H1-v0,3,avg_success,19996672,0.0
2185,WarpSAC-L,Isaac-Velocity-Flat-H1-v0,3,avg_success,24995840,0.0
2186,WarpSAC-L,Isaac-Velocity-Flat-H1-v0,3,avg_success,29995008,0.0
2187,WarpSAC-L,Isaac-Velocity-Flat-H1-v0,3,avg_success,34994176,0.0
2188,WarpSAC-L,Isaac-Velocity-Flat-H1-v0,3,avg_success,39993344,0.0
2189,WarpSAC-L,Isaac-Velocity-Flat-H1-v0,3,avg_success,44992512,0.0
2190,WarpSAC-L,Isaac-Velocity-Flat-H1-v0,3,avg_success,49991680,0.0
2191,WarpSAC-L,Isaac-Velocity-Flat-H1-v0,3,avg_success,50000896,0.0
2192,WarpSAC-L,Isaac-Velocity-Flat-H1-v0,4,avg_return,0,-5.0623
2193,WarpSAC-L,Isaac-Velocity-Flat-H1-v0,4,avg_return,4999168,13.8742
2194,WarpSAC-L,Isaac-Velocity-Flat-H1-v0,4,avg_return,9998336,31.0479
2195,WarpSAC-L,Isaac-Velocity-Flat-H1-v0,4,avg_return,14997504,32.877
2196,WarpSAC-L,Isaac-Velocity-Flat-H1-v0,4,avg_return,19996672,36.3389
2197,WarpSAC-L,Isaac-Velocity-Flat-H1-v0,4,avg_return,24995840,37.2427
2198,WarpSAC-L,Isaac-Velocity-Flat-H1-v0,4,avg_return,29995008,38.0784
2199,WarpSAC-L,Isaac-Velocity-Flat-H1-v0,4,avg_return,34994176,38.0958
2200,WarpSAC-L,Isaac-Velocity-Flat-H1-v0,4,avg_return,39993344,39.1612
2201,WarpSAC-L,Isaac-Velocity-Flat-H1-v0,4,avg_return,44992512,38.9061
2202,WarpSAC-L,Isaac-Velocity-Flat-H1-v0,4,avg_return,49991680,38.9501
2203,WarpSAC-L,Isaac-Velocity-Flat-H1-v0,4,avg_return,50000896,39.1173
2204,WarpSAC-L,Isaac-Velocity-Flat-H1-v0,4,avg_success,0,0.0
2205,WarpSAC-L,Isaac-Velocity-Flat-H1-v0,4,avg_success,4999168,0.0
2206,WarpSAC-L,Isaac-Velocity-Flat-H1-v0,4,avg_success,9998336,0.0
2207,WarpSAC-L,Isaac-Velocity-Flat-H1-v0,4,avg_success,14997504,0.0
2208,WarpSAC-L,Isaac-Velocity-Flat-H1-v0,4,avg_success,19996672,0.0
2209,WarpSAC-L,Isaac-Velocity-Flat-H1-v0,4,avg_success,24995840,0.0
2210,WarpSAC-L,Isaac-Velocity-Flat-H1-v0,4,avg_success,29995008,0.0
2211,WarpSAC-L,Isaac-Velocity-Flat-H1-v0,4,avg_success,34994176,0.0
2212,WarpSAC-L,Isaac-Velocity-Flat-H1-v0,4,avg_success,39993344,0.0
2213,WarpSAC-L,Isaac-Velocity-Flat-H1-v0,4,avg_success,44992512,0.0
2214,WarpSAC-L,Isaac-Velocity-Flat-H1-v0,4,avg_success,49991680,0.0
2215,WarpSAC-L,Isaac-Velocity-Flat-H1-v0,4,avg_success,50000896,0.0
2216,WarpSAC-L,Isaac-Velocity-Flat-H1-v0,5,avg_return,0,-4.9333
2217,WarpSAC-L,Isaac-Velocity-Flat-H1-v0,5,avg_return,4999168,15.6295
2218,WarpSAC-L,Isaac-Velocity-Flat-H1-v0,5,avg_return,9998336,30.4892
2219,WarpSAC-L,Isaac-Velocity-Flat-H1-v0,5,avg_return,14997504,34.5149
2220,WarpSAC-L,Isaac-Velocity-Flat-H1-v0,5,avg_return,19996672,35.8439
2221,WarpSAC-L,Isaac-Velocity-Flat-H1-v0,5,avg_return,24995840,37.0978
2222,WarpSAC-L,Isaac-Velocity-Flat-H1-v0,5,avg_return,29995008,37.7241
2223,WarpSAC-L,Isaac-Velocity-Flat-H1-v0,5,avg_return,34994176,37.6844
2224,WarpSAC-L,Isaac-Velocity-Flat-H1-v0,5,avg_return,39993344,37.6192
2225,WarpSAC-L,Isaac-Velocity-Flat-H1-v0,5,avg_return,44992512,37.9767
2226,WarpSAC-L,Isaac-Velocity-Flat-H1-v0,5,avg_return,49991680,37.7558
2227,WarpSAC-L,Isaac-Velocity-Flat-H1-v0,5,avg_return,50000896,37.831
2228,WarpSAC-L,Isaac-Velocity-Flat-H1-v0,5,avg_success,0,0.0
2229,WarpSAC-L,Isaac-Velocity-Flat-H1-v0,5,avg_success,4999168,0.0
2230,WarpSAC-L,Isaac-Velocity-Flat-H1-v0,5,avg_success,9998336,0.0
2231,WarpSAC-L,Isaac-Velocity-Flat-H1-v0,5,avg_success,14997504,0.0
2232,WarpSAC-L,Isaac-Velocity-Flat-H1-v0,5,avg_success,19996672,0.0
2233,WarpSAC-L,Isaac-Velocity-Flat-H1-v0,5,avg_success,24995840,0.0
2234,WarpSAC-L,Isaac-Velocity-Flat-H1-v0,5,avg_success,29995008,0.0
2235,WarpSAC-L,Isaac-Velocity-Flat-H1-v0,5,avg_success,34994176,0.0
2236,WarpSAC-L,Isaac-Velocity-Flat-H1-v0,5,avg_success,39993344,0.0
2237,WarpSAC-L,Isaac-Velocity-Flat-H1-v0,5,avg_success,44992512,0.0
2238,WarpSAC-L,Isaac-Velocity-Flat-H1-v0,5,avg_success,49991680,0.0
2239,WarpSAC-L,Isaac-Velocity-Flat-H1-v0,5,avg_success,50000896,0.0
2240,WarpSAC-L,Isaac-Velocity-Rough-Anymal-C-v0,1,avg_return,0,-17.7504
2241,WarpSAC-L,Isaac-Velocity-Rough-Anymal-C-v0,1,avg_return,4999168,8.9347
2242,WarpSAC-L,Isaac-Velocity-Rough-Anymal-C-v0,1,avg_return,9998336,15.4256
2243,WarpSAC-L,Isaac-Velocity-Rough-Anymal-C-v0,1,avg_return,14997504,16.5129
2244,WarpSAC-L,Isaac-Velocity-Rough-Anymal-C-v0,1,avg_return,19996672,16.7624
2245,WarpSAC-L,Isaac-Velocity-Rough-Anymal-C-v0,1,avg_return,24995840,17.1504
2246,WarpSAC-L,Isaac-Velocity-Rough-Anymal-C-v0,1,avg_return,29995008,17.1849
2247,WarpSAC-L,Isaac-Velocity-Rough-Anymal-C-v0,1,avg_return,34994176,17.0996
2248,WarpSAC-L,Isaac-Velocity-Rough-Anymal-C-v0,1,avg_return,39993344,17.2106
2249,WarpSAC-L,Isaac-Velocity-Rough-Anymal-C-v0,1,avg_return,44992512,17.7657
2250,WarpSAC-L,Isaac-Velocity-Rough-Anymal-C-v0,1,avg_return,49991680,17.1853
2251,WarpSAC-L,Isaac-Velocity-Rough-Anymal-C-v0,1,avg_return,50000896,19.163
2252,WarpSAC-L,Isaac-Velocity-Rough-Anymal-C-v0,1,avg_success,0,0.0
2253,WarpSAC-L,Isaac-Velocity-Rough-Anymal-C-v0,1,avg_success,4999168,0.0
2254,WarpSAC-L,Isaac-Velocity-Rough-Anymal-C-v0,1,avg_success,9998336,0.0
2255,WarpSAC-L,Isaac-Velocity-Rough-Anymal-C-v0,1,avg_success,14997504,0.0
2256,WarpSAC-L,Isaac-Velocity-Rough-Anymal-C-v0,1,avg_success,19996672,0.0
2257,WarpSAC-L,Isaac-Velocity-Rough-Anymal-C-v0,1,avg_success,24995840,0.0
2258,WarpSAC-L,Isaac-Velocity-Rough-Anymal-C-v0,1,avg_success,29995008,0.0
2259,WarpSAC-L,Isaac-Velocity-Rough-Anymal-C-v0,1,avg_success,34994176,0.0
2260,WarpSAC-L,Isaac-Velocity-Rough-Anymal-C-v0,1,avg_success,39993344,0.0
2261,WarpSAC-L,Isaac-Velocity-Rough-Anymal-C-v0,1,avg_success,44992512,0.0
2262,WarpSAC-L,Isaac-Velocity-Rough-Anymal-C-v0,1,avg_success,49991680,0.0
2263,WarpSAC-L,Isaac-Velocity-Rough-Anymal-C-v0,1,avg_success,50000896,0.0
2264,WarpSAC-L,Isaac-Velocity-Rough-Anymal-C-v0,2,avg_return,0,-20.6486
2265,WarpSAC-L,Isaac-Velocity-Rough-Anymal-C-v0,2,avg_return,4999168,9.0279
2266,WarpSAC-L,Isaac-Velocity-Rough-Anymal-C-v0,2,avg_return,9998336,14.7593
2267,WarpSAC-L,Isaac-Velocity-Rough-Anymal-C-v0,2,avg_return,14997504,16.2514
2268,WarpSAC-L,Isaac-Velocity-Rough-Anymal-C-v0,2,avg_return,19996672,16.2859
2269,WarpSAC-L,Isaac-Velocity-Rough-Anymal-C-v0,2,avg_return,24995840,16.9885
2270,WarpSAC-L,Isaac-Velocity-Rough-Anymal-C-v0,2,avg_return,29995008,17.503
2271,WarpSAC-L,Isaac-Velocity-Rough-Anymal-C-v0,2,avg_return,34994176,17.3256
2272,WarpSAC-L,Isaac-Velocity-Rough-Anymal-C-v0,2,avg_return,39993344,17.024
2273,WarpSAC-L,Isaac-Velocity-Rough-Anymal-C-v0,2,avg_return,44992512,17.3133
2274,WarpSAC-L,Isaac-Velocity-Rough-Anymal-C-v0,2,avg_return,49991680,16.8749
2275,WarpSAC-L,Isaac-Velocity-Rough-Anymal-C-v0,2,avg_return,50000896,19.049
2276,WarpSAC-L,Isaac-Velocity-Rough-Anymal-C-v0,2,avg_success,0,0.0
2277,WarpSAC-L,Isaac-Velocity-Rough-Anymal-C-v0,2,avg_success,4999168,0.0
2278,WarpSAC-L,Isaac-Velocity-Rough-Anymal-C-v0,2,avg_success,9998336,0.0
2279,WarpSAC-L,Isaac-Velocity-Rough-Anymal-C-v0,2,avg_success,14997504,0.0
2280,WarpSAC-L,Isaac-Velocity-Rough-Anymal-C-v0,2,avg_success,19996672,0.0
2281,WarpSAC-L,Isaac-Velocity-Rough-Anymal-C-v0,2,avg_success,24995840,0.0
2282,WarpSAC-L,Isaac-Velocity-Rough-Anymal-C-v0,2,avg_success,29995008,0.0
2283,WarpSAC-L,Isaac-Velocity-Rough-Anymal-C-v0,2,avg_success,34994176,0.0
2284,WarpSAC-L,Isaac-Velocity-Rough-Anymal-C-v0,2,avg_success,39993344,0.0
2285,WarpSAC-L,Isaac-Velocity-Rough-Anymal-C-v0,2,avg_success,44992512,0.0
2286,WarpSAC-L,Isaac-Velocity-Rough-Anymal-C-v0,2,avg_success,49991680,0.0
2287,WarpSAC-L,Isaac-Velocity-Rough-Anymal-C-v0,2,avg_success,50000896,0.0
2288,WarpSAC-L,Isaac-Velocity-Rough-Anymal-C-v0,3,avg_return,0,-31.8748
2289,WarpSAC-L,Isaac-Velocity-Rough-Anymal-C-v0,3,avg_return,4999168,7.7563
2290,WarpSAC-L,Isaac-Velocity-Rough-Anymal-C-v0,3,avg_return,9998336,14.9872
2291,WarpSAC-L,Isaac-Velocity-Rough-Anymal-C-v0,3,avg_return,14997504,16.2077
2292,WarpSAC-L,Isaac-Velocity-Rough-Anymal-C-v0,3,avg_return,19996672,16.0431
2293,WarpSAC-L,Isaac-Velocity-Rough-Anymal-C-v0,3,avg_return,24995840,17.1509
2294,WarpSAC-L,Isaac-Velocity-Rough-Anymal-C-v0,3,avg_return,29995008,16.0989
2295,WarpSAC-L,Isaac-Velocity-Rough-Anymal-C-v0,3,avg_return,34994176,16.8391
2296,WarpSAC-L,Isaac-Velocity-Rough-Anymal-C-v0,3,avg_return,39993344,17.1035
2297,WarpSAC-L,Isaac-Velocity-Rough-Anymal-C-v0,3,avg_return,44992512,16.6529
2298,WarpSAC-L,Isaac-Velocity-Rough-Anymal-C-v0,3,avg_return,49991680,17.3835
2299,WarpSAC-L,Isaac-Velocity-Rough-Anymal-C-v0,3,avg_return,50000896,19.2181
2300,WarpSAC-L,Isaac-Velocity-Rough-Anymal-C-v0,3,avg_success,0,0.0
2301,WarpSAC-L,Isaac-Velocity-Rough-Anymal-C-v0,3,avg_success,4999168,0.0
2302,WarpSAC-L,Isaac-Velocity-Rough-Anymal-C-v0,3,avg_success,9998336,0.0
2303,WarpSAC-L,Isaac-Velocity-Rough-Anymal-C-v0,3,avg_success,14997504,0.0
2304,WarpSAC-L,Isaac-Velocity-Rough-Anymal-C-v0,3,avg_success,19996672,0.0
2305,WarpSAC-L,Isaac-Velocity-Rough-Anymal-C-v0,3,avg_success,24995840,0.0
2306,WarpSAC-L,Isaac-Velocity-Rough-Anymal-C-v0,3,avg_success,29995008,0.0
2307,WarpSAC-L,Isaac-Velocity-Rough-Anymal-C-v0,3,avg_success,34994176,0.0
2308,WarpSAC-L,Isaac-Velocity-Rough-Anymal-C-v0,3,avg_success,39993344,0.0
2309,WarpSAC-L,Isaac-Velocity-Rough-Anymal-C-v0,3,avg_success,44992512,0.0
2310,WarpSAC-L,Isaac-Velocity-Rough-Anymal-C-v0,3,avg_success,49991680,0.0
2311,WarpSAC-L,Isaac-Velocity-Rough-Anymal-C-v0,3,avg_success,50000896,0.0
2312,WarpSAC-L,Isaac-Velocity-Rough-Anymal-C-v0,4,avg_return,0,-31.8237
2313,WarpSAC-L,Isaac-Velocity-Rough-Anymal-C-v0,4,avg_return,4999168,6.7847
2314,WarpSAC-L,Isaac-Velocity-Rough-Anymal-C-v0,4,avg_return,9998336,11.7922
2315,WarpSAC-L,Isaac-Velocity-Rough-Anymal-C-v0,4,avg_return,14997504,14.804
2316,WarpSAC-L,Isaac-Velocity-Rough-Anymal-C-v0,4,avg_return,19996672,15.1918
2317,WarpSAC-L,Isaac-Velocity-Rough-Anymal-C-v0,4,avg_return,24995840,15.4203
2318,WarpSAC-L,Isaac-Velocity-Rough-Anymal-C-v0,4,avg_return,29995008,16.3593
2319,WarpSAC-L,Isaac-Velocity-Rough-Anymal-C-v0,4,avg_return,34994176,16.6354
2320,WarpSAC-L,Isaac-Velocity-Rough-Anymal-C-v0,4,avg_return,39993344,16.4047
2321,WarpSAC-L,Isaac-Velocity-Rough-Anymal-C-v0,4,avg_return,44992512,16.7018
2322,WarpSAC-L,Isaac-Velocity-Rough-Anymal-C-v0,4,avg_return,49991680,17.2131
2323,WarpSAC-L,Isaac-Velocity-Rough-Anymal-C-v0,4,avg_return,50000896,18.9058
2324,WarpSAC-L,Isaac-Velocity-Rough-Anymal-C-v0,4,avg_success,0,0.0
2325,WarpSAC-L,Isaac-Velocity-Rough-Anymal-C-v0,4,avg_success,4999168,0.0
2326,WarpSAC-L,Isaac-Velocity-Rough-Anymal-C-v0,4,avg_success,9998336,0.0
2327,WarpSAC-L,Isaac-Velocity-Rough-Anymal-C-v0,4,avg_success,14997504,0.0
2328,WarpSAC-L,Isaac-Velocity-Rough-Anymal-C-v0,4,avg_success,19996672,0.0
2329,WarpSAC-L,Isaac-Velocity-Rough-Anymal-C-v0,4,avg_success,24995840,0.0
2330,WarpSAC-L,Isaac-Velocity-Rough-Anymal-C-v0,4,avg_success,29995008,0.0
2331,WarpSAC-L,Isaac-Velocity-Rough-Anymal-C-v0,4,avg_success,34994176,0.0
2332,WarpSAC-L,Isaac-Velocity-Rough-Anymal-C-v0,4,avg_success,39993344,0.0
2333,WarpSAC-L,Isaac-Velocity-Rough-Anymal-C-v0,4,avg_success,44992512,0.0
2334,WarpSAC-L,Isaac-Velocity-Rough-Anymal-C-v0,4,avg_success,49991680,0.0
2335,WarpSAC-L,Isaac-Velocity-Rough-Anymal-C-v0,4,avg_success,50000896,0.0
2336,WarpSAC-L,Isaac-Velocity-Rough-Anymal-C-v0,5,avg_return,0,-16.5415
2337,WarpSAC-L,Isaac-Velocity-Rough-Anymal-C-v0,5,avg_return,4999168,9.0199
2338,WarpSAC-L,Isaac-Velocity-Rough-Anymal-C-v0,5,avg_return,9998336,14.595
2339,WarpSAC-L,Isaac-Velocity-Rough-Anymal-C-v0,5,avg_return,14997504,15.2021
2340,WarpSAC-L,Isaac-Velocity-Rough-Anymal-C-v0,5,avg_return,19996672,16.9163
2341,WarpSAC-L,Isaac-Velocity-Rough-Anymal-C-v0,5,avg_return,24995840,16.4642
2342,WarpSAC-L,Isaac-Velocity-Rough-Anymal-C-v0,5,avg_return,29995008,16.8035
2343,WarpSAC-L,Isaac-Velocity-Rough-Anymal-C-v0,5,avg_return,34994176,16.432
2344,WarpSAC-L,Isaac-Velocity-Rough-Anymal-C-v0,5,avg_return,39993344,17.0423
2345,WarpSAC-L,Isaac-Velocity-Rough-Anymal-C-v0,5,avg_return,44992512,16.7878
2346,WarpSAC-L,Isaac-Velocity-Rough-Anymal-C-v0,5,avg_return,49991680,17.0239
2347,WarpSAC-L,Isaac-Velocity-Rough-Anymal-C-v0,5,avg_return,50000896,18.9638
2348,WarpSAC-L,Isaac-Velocity-Rough-Anymal-C-v0,5,avg_success,0,0.0
2349,WarpSAC-L,Isaac-Velocity-Rough-Anymal-C-v0,5,avg_success,4999168,0.0
2350,WarpSAC-L,Isaac-Velocity-Rough-Anymal-C-v0,5,avg_success,9998336,0.0
2351,WarpSAC-L,Isaac-Velocity-Rough-Anymal-C-v0,5,avg_success,14997504,0.0
2352,WarpSAC-L,Isaac-Velocity-Rough-Anymal-C-v0,5,avg_success,19996672,0.0
2353,WarpSAC-L,Isaac-Velocity-Rough-Anymal-C-v0,5,avg_success,24995840,0.0
2354,WarpSAC-L,Isaac-Velocity-Rough-Anymal-C-v0,5,avg_success,29995008,0.0
2355,WarpSAC-L,Isaac-Velocity-Rough-Anymal-C-v0,5,avg_success,34994176,0.0
2356,WarpSAC-L,Isaac-Velocity-Rough-Anymal-C-v0,5,avg_success,39993344,0.0
2357,WarpSAC-L,Isaac-Velocity-Rough-Anymal-C-v0,5,avg_success,44992512,0.0
2358,WarpSAC-L,Isaac-Velocity-Rough-Anymal-C-v0,5,avg_success,49991680,0.0
2359,WarpSAC-L,Isaac-Velocity-Rough-Anymal-C-v0,5,avg_success,50000896,0.0
2360,WarpSAC-L,Isaac-Velocity-Rough-G1-v0,1,avg_return,0,-4.7002
2361,WarpSAC-L,Isaac-Velocity-Rough-G1-v0,1,avg_return,4999168,8.4558
2362,WarpSAC-L,Isaac-Velocity-Rough-G1-v0,1,avg_return,9998336,20.3149
2363,WarpSAC-L,Isaac-Velocity-Rough-G1-v0,1,avg_return,14997504,28.6316
2364,WarpSAC-L,Isaac-Velocity-Rough-G1-v0,1,avg_return,19996672,34.4276
2365,WarpSAC-L,Isaac-Velocity-Rough-G1-v0,1,avg_return,24995840,35.5929
2366,WarpSAC-L,Isaac-Velocity-Rough-G1-v0,1,avg_return,29995008,35.469
2367,WarpSAC-L,Isaac-Velocity-Rough-G1-v0,1,avg_return,34994176,39.3401
2368,WarpSAC-L,Isaac-Velocity-Rough-G1-v0,1,avg_return,39993344,38.2991
2369,WarpSAC-L,Isaac-Velocity-Rough-G1-v0,1,avg_return,44992512,38.992
2370,WarpSAC-L,Isaac-Velocity-Rough-G1-v0,1,avg_return,49991680,40.4483
2371,WarpSAC-L,Isaac-Velocity-Rough-G1-v0,1,avg_return,50000896,42.0818
2372,WarpSAC-L,Isaac-Velocity-Rough-G1-v0,1,avg_success,0,0.0
2373,WarpSAC-L,Isaac-Velocity-Rough-G1-v0,1,avg_success,4999168,0.0
2374,WarpSAC-L,Isaac-Velocity-Rough-G1-v0,1,avg_success,9998336,0.0
2375,WarpSAC-L,Isaac-Velocity-Rough-G1-v0,1,avg_success,14997504,0.0
2376,WarpSAC-L,Isaac-Velocity-Rough-G1-v0,1,avg_success,19996672,0.0
2377,WarpSAC-L,Isaac-Velocity-Rough-G1-v0,1,avg_success,24995840,0.0
2378,WarpSAC-L,Isaac-Velocity-Rough-G1-v0,1,avg_success,29995008,0.0
2379,WarpSAC-L,Isaac-Velocity-Rough-G1-v0,1,avg_success,34994176,0.0
2380,WarpSAC-L,Isaac-Velocity-Rough-G1-v0,1,avg_success,39993344,0.0
2381,WarpSAC-L,Isaac-Velocity-Rough-G1-v0,1,avg_success,44992512,0.0
2382,WarpSAC-L,Isaac-Velocity-Rough-G1-v0,1,avg_success,49991680,0.0
2383,WarpSAC-L,Isaac-Velocity-Rough-G1-v0,1,avg_success,50000896,0.0
2384,WarpSAC-L,Isaac-Velocity-Rough-G1-v0,2,avg_return,0,-4.9656
2385,WarpSAC-L,Isaac-Velocity-Rough-G1-v0,2,avg_return,4999168,12.5669
2386,WarpSAC-L,Isaac-Velocity-Rough-G1-v0,2,avg_return,9998336,19.8084
2387,WarpSAC-L,Isaac-Velocity-Rough-G1-v0,2,avg_return,14997504,29.5171
2388,WarpSAC-L,Isaac-Velocity-Rough-G1-v0,2,avg_return,19996672,29.5129
2389,WarpSAC-L,Isaac-Velocity-Rough-G1-v0,2,avg_return,24995840,34.4326
2390,WarpSAC-L,Isaac-Velocity-Rough-G1-v0,2,avg_return,29995008,35.481
2391,WarpSAC-L,Isaac-Velocity-Rough-G1-v0,2,avg_return,34994176,35.8343
2392,WarpSAC-L,Isaac-Velocity-Rough-G1-v0,2,avg_return,39993344,36.9956
2393,WarpSAC-L,Isaac-Velocity-Rough-G1-v0,2,avg_return,44992512,36.6761
2394,WarpSAC-L,Isaac-Velocity-Rough-G1-v0,2,avg_return,49991680,38.2057
2395,WarpSAC-L,Isaac-Velocity-Rough-G1-v0,2,avg_return,50000896,39.342
2396,WarpSAC-L,Isaac-Velocity-Rough-G1-v0,2,avg_success,0,0.0
2397,WarpSAC-L,Isaac-Velocity-Rough-G1-v0,2,avg_success,4999168,0.0
2398,WarpSAC-L,Isaac-Velocity-Rough-G1-v0,2,avg_success,9998336,0.0
2399,WarpSAC-L,Isaac-Velocity-Rough-G1-v0,2,avg_success,14997504,0.0
2400,WarpSAC-L,Isaac-Velocity-Rough-G1-v0,2,avg_success,19996672,0.0
2401,WarpSAC-L,Isaac-Velocity-Rough-G1-v0,2,avg_success,24995840,0.0
2402,WarpSAC-L,Isaac-Velocity-Rough-G1-v0,2,avg_success,29995008,0.0
2403,WarpSAC-L,Isaac-Velocity-Rough-G1-v0,2,avg_success,34994176,0.0
2404,WarpSAC-L,Isaac-Velocity-Rough-G1-v0,2,avg_success,39993344,0.0
2405,WarpSAC-L,Isaac-Velocity-Rough-G1-v0,2,avg_success,44992512,0.0
2406,WarpSAC-L,Isaac-Velocity-Rough-G1-v0,2,avg_success,49991680,0.0
2407,WarpSAC-L,Isaac-Velocity-Rough-G1-v0,2,avg_success,50000896,0.0
2408,WarpSAC-L,Isaac-Velocity-Rough-G1-v0,3,avg_return,0,-4.6919
2409,WarpSAC-L,Isaac-Velocity-Rough-G1-v0,3,avg_return,4999168,11.8741
2410,WarpSAC-L,Isaac-Velocity-Rough-G1-v0,3,avg_return,9998336,22.0474
2411,WarpSAC-L,Isaac-Velocity-Rough-G1-v0,3,avg_return,14997504,27.4077
2412,WarpSAC-L,Isaac-Velocity-Rough-G1-v0,3,avg_return,19996672,33.764
2413,WarpSAC-L,Isaac-Velocity-Rough-G1-v0,3,avg_return,24995840,36.7326
2414,WarpSAC-L,Isaac-Velocity-Rough-G1-v0,3,avg_return,29995008,38.6669
2415,WarpSAC-L,Isaac-Velocity-Rough-G1-v0,3,avg_return,34994176,40.2443
2416,WarpSAC-L,Isaac-Velocity-Rough-G1-v0,3,avg_return,39993344,39.4017
2417,WarpSAC-L,Isaac-Velocity-Rough-G1-v0,3,avg_return,44992512,41.435
2418,WarpSAC-L,Isaac-Velocity-Rough-G1-v0,3,avg_return,49991680,40.2059
2419,WarpSAC-L,Isaac-Velocity-Rough-G1-v0,3,avg_return,50000896,41.6916
2420,WarpSAC-L,Isaac-Velocity-Rough-G1-v0,3,avg_success,0,0.0
2421,WarpSAC-L,Isaac-Velocity-Rough-G1-v0,3,avg_success,4999168,0.0
2422,WarpSAC-L,Isaac-Velocity-Rough-G1-v0,3,avg_success,9998336,0.0
2423,WarpSAC-L,Isaac-Velocity-Rough-G1-v0,3,avg_success,14997504,0.0
2424,WarpSAC-L,Isaac-Velocity-Rough-G1-v0,3,avg_success,19996672,0.0
2425,WarpSAC-L,Isaac-Velocity-Rough-G1-v0,3,avg_success,24995840,0.0
2426,WarpSAC-L,Isaac-Velocity-Rough-G1-v0,3,avg_success,29995008,0.0
2427,WarpSAC-L,Isaac-Velocity-Rough-G1-v0,3,avg_success,34994176,0.0
2428,WarpSAC-L,Isaac-Velocity-Rough-G1-v0,3,avg_success,39993344,0.0
2429,WarpSAC-L,Isaac-Velocity-Rough-G1-v0,3,avg_success,44992512,0.0
2430,WarpSAC-L,Isaac-Velocity-Rough-G1-v0,3,avg_success,49991680,0.0
2431,WarpSAC-L,Isaac-Velocity-Rough-G1-v0,3,avg_success,50000896,0.0
2432,WarpSAC-L,Isaac-Velocity-Rough-G1-v0,4,avg_return,0,-4.7569
2433,WarpSAC-L,Isaac-Velocity-Rough-G1-v0,4,avg_return,4999168,13.8213
2434,WarpSAC-L,Isaac-Velocity-Rough-G1-v0,4,avg_return,9998336,21.0559
2435,WarpSAC-L,Isaac-Velocity-Rough-G1-v0,4,avg_return,14997504,29.3535
2436,WarpSAC-L,Isaac-Velocity-Rough-G1-v0,4,avg_return,19996672,31.4374
2437,WarpSAC-L,Isaac-Velocity-Rough-G1-v0,4,avg_return,24995840,31.2895
2438,WarpSAC-L,Isaac-Velocity-Rough-G1-v0,4,avg_return,29995008,35.3809
2439,WarpSAC-L,Isaac-Velocity-Rough-G1-v0,4,avg_return,34994176,35.9984
2440,WarpSAC-L,Isaac-Velocity-Rough-G1-v0,4,avg_return,39993344,37.104
2441,WarpSAC-L,Isaac-Velocity-Rough-G1-v0,4,avg_return,44992512,39.4866
2442,WarpSAC-L,Isaac-Velocity-Rough-G1-v0,4,avg_return,49991680,38.5038
2443,WarpSAC-L,Isaac-Velocity-Rough-G1-v0,4,avg_return,50000896,40.1771
2444,WarpSAC-L,Isaac-Velocity-Rough-G1-v0,4,avg_success,0,0.0
2445,WarpSAC-L,Isaac-Velocity-Rough-G1-v0,4,avg_success,4999168,0.0
2446,WarpSAC-L,Isaac-Velocity-Rough-G1-v0,4,avg_success,9998336,0.0
2447,WarpSAC-L,Isaac-Velocity-Rough-G1-v0,4,avg_success,14997504,0.0
2448,WarpSAC-L,Isaac-Velocity-Rough-G1-v0,4,avg_success,19996672,0.0
2449,WarpSAC-L,Isaac-Velocity-Rough-G1-v0,4,avg_success,24995840,0.0
2450,WarpSAC-L,Isaac-Velocity-Rough-G1-v0,4,avg_success,29995008,0.0
2451,WarpSAC-L,Isaac-Velocity-Rough-G1-v0,4,avg_success,34994176,0.0
2452,WarpSAC-L,Isaac-Velocity-Rough-G1-v0,4,avg_success,39993344,0.0
2453,WarpSAC-L,Isaac-Velocity-Rough-G1-v0,4,avg_success,44992512,0.0
2454,WarpSAC-L,Isaac-Velocity-Rough-G1-v0,4,avg_success,49991680,0.0
2455,WarpSAC-L,Isaac-Velocity-Rough-G1-v0,4,avg_success,50000896,0.0
2456,WarpSAC-L,Isaac-Velocity-Rough-G1-v0,5,avg_return,0,-4.9457
2457,WarpSAC-L,Isaac-Velocity-Rough-G1-v0,5,avg_return,4999168,10.8438
2458,WarpSAC-L,Isaac-Velocity-Rough-G1-v0,5,avg_return,9998336,23.1198
2459,WarpSAC-L,Isaac-Velocity-Rough-G1-v0,5,avg_return,14997504,30.3316
2460,WarpSAC-L,Isaac-Velocity-Rough-G1-v0,5,avg_return,19996672,32.9786
2461,WarpSAC-L,Isaac-Velocity-Rough-G1-v0,5,avg_return,24995840,37.3597
2462,WarpSAC-L,Isaac-Velocity-Rough-G1-v0,5,avg_return,29995008,37.6504
2463,WarpSAC-L,Isaac-Velocity-Rough-G1-v0,5,avg_return,34994176,38.8561
2464,WarpSAC-L,Isaac-Velocity-Rough-G1-v0,5,avg_return,39993344,40.1009
2465,WarpSAC-L,Isaac-Velocity-Rough-G1-v0,5,avg_return,44992512,40.066
2466,WarpSAC-L,Isaac-Velocity-Rough-G1-v0,5,avg_return,49991680,39.9059
2467,WarpSAC-L,Isaac-Velocity-Rough-G1-v0,5,avg_return,50000896,41.7153
2468,WarpSAC-L,Isaac-Velocity-Rough-G1-v0,5,avg_success,0,0.0
2469,WarpSAC-L,Isaac-Velocity-Rough-G1-v0,5,avg_success,4999168,0.0
2470,WarpSAC-L,Isaac-Velocity-Rough-G1-v0,5,avg_success,9998336,0.0
2471,WarpSAC-L,Isaac-Velocity-Rough-G1-v0,5,avg_success,14997504,0.0
2472,WarpSAC-L,Isaac-Velocity-Rough-G1-v0,5,avg_success,19996672,0.0
2473,WarpSAC-L,Isaac-Velocity-Rough-G1-v0,5,avg_success,24995840,0.0
2474,WarpSAC-L,Isaac-Velocity-Rough-G1-v0,5,avg_success,29995008,0.0
2475,WarpSAC-L,Isaac-Velocity-Rough-G1-v0,5,avg_success,34994176,0.0
2476,WarpSAC-L,Isaac-Velocity-Rough-G1-v0,5,avg_success,39993344,0.0
2477,WarpSAC-L,Isaac-Velocity-Rough-G1-v0,5,avg_success,44992512,0.0
2478,WarpSAC-L,Isaac-Velocity-Rough-G1-v0,5,avg_success,49991680,0.0
2479,WarpSAC-L,Isaac-Velocity-Rough-G1-v0,5,avg_success,50000896,0.0
2480,WarpSAC-L,Isaac-Velocity-Rough-H1-v0,1,avg_return,0,-5.0338
2481,WarpSAC-L,Isaac-Velocity-Rough-H1-v0,1,avg_return,4999168,8.8881
2482,WarpSAC-L,Isaac-Velocity-Rough-H1-v0,1,avg_return,9998336,14.2752
2483,WarpSAC-L,Isaac-Velocity-Rough-H1-v0,1,avg_return,14997504,21.1035
2484,WarpSAC-L,Isaac-Velocity-Rough-H1-v0,1,avg_return,19996672,22.9801
2485,WarpSAC-L,Isaac-Velocity-Rough-H1-v0,1,avg_return,24995840,24.5001
2486,WarpSAC-L,Isaac-Velocity-Rough-H1-v0,1,avg_return,29995008,25.2491
2487,WarpSAC-L,Isaac-Velocity-Rough-H1-v0,1,avg_return,34994176,24.4512
2488,WarpSAC-L,Isaac-Velocity-Rough-H1-v0,1,avg_return,39993344,26.4487
2489,WarpSAC-L,Isaac-Velocity-Rough-H1-v0,1,avg_return,44992512,26.5095
2490,WarpSAC-L,Isaac-Velocity-Rough-H1-v0,1,avg_return,49991680,25.5769
2491,WarpSAC-L,Isaac-Velocity-Rough-H1-v0,1,avg_return,50000896,27.7733
2492,WarpSAC-L,Isaac-Velocity-Rough-H1-v0,1,avg_success,0,0.0
2493,WarpSAC-L,Isaac-Velocity-Rough-H1-v0,1,avg_success,4999168,0.0
2494,WarpSAC-L,Isaac-Velocity-Rough-H1-v0,1,avg_success,9998336,0.0
2495,WarpSAC-L,Isaac-Velocity-Rough-H1-v0,1,avg_success,14997504,0.0
2496,WarpSAC-L,Isaac-Velocity-Rough-H1-v0,1,avg_success,19996672,0.0
2497,WarpSAC-L,Isaac-Velocity-Rough-H1-v0,1,avg_success,24995840,0.0
2498,WarpSAC-L,Isaac-Velocity-Rough-H1-v0,1,avg_success,29995008,0.0
2499,WarpSAC-L,Isaac-Velocity-Rough-H1-v0,1,avg_success,34994176,0.0
2500,WarpSAC-L,Isaac-Velocity-Rough-H1-v0,1,avg_success,39993344,0.0
2501,WarpSAC-L,Isaac-Velocity-Rough-H1-v0,1,avg_success,44992512,0.0
2502,WarpSAC-L,Isaac-Velocity-Rough-H1-v0,1,avg_success,49991680,0.0
2503,WarpSAC-L,Isaac-Velocity-Rough-H1-v0,1,avg_success,50000896,0.0
2504,WarpSAC-L,Isaac-Velocity-Rough-H1-v0,2,avg_return,0,-4.9706
2505,WarpSAC-L,Isaac-Velocity-Rough-H1-v0,2,avg_return,4999168,7.3513
2506,WarpSAC-L,Isaac-Velocity-Rough-H1-v0,2,avg_return,9998336,13.8477
2507,WarpSAC-L,Isaac-Velocity-Rough-H1-v0,2,avg_return,14997504,20.493
2508,WarpSAC-L,Isaac-Velocity-Rough-H1-v0,2,avg_return,19996672,21.4199
2509,WarpSAC-L,Isaac-Velocity-Rough-H1-v0,2,avg_return,24995840,22.55
2510,WarpSAC-L,Isaac-Velocity-Rough-H1-v0,2,avg_return,29995008,23.2267
2511,WarpSAC-L,Isaac-Velocity-Rough-H1-v0,2,avg_return,34994176,24.1915
2512,WarpSAC-L,Isaac-Velocity-Rough-H1-v0,2,avg_return,39993344,25.695
2513,WarpSAC-L,Isaac-Velocity-Rough-H1-v0,2,avg_return,44992512,25.8002
2514,WarpSAC-L,Isaac-Velocity-Rough-H1-v0,2,avg_return,49991680,26.3485
2515,WarpSAC-L,Isaac-Velocity-Rough-H1-v0,2,avg_return,50000896,27.4023
2516,WarpSAC-L,Isaac-Velocity-Rough-H1-v0,2,avg_success,0,0.0
2517,WarpSAC-L,Isaac-Velocity-Rough-H1-v0,2,avg_success,4999168,0.0
2518,WarpSAC-L,Isaac-Velocity-Rough-H1-v0,2,avg_success,9998336,0.0
2519,WarpSAC-L,Isaac-Velocity-Rough-H1-v0,2,avg_success,14997504,0.0
2520,WarpSAC-L,Isaac-Velocity-Rough-H1-v0,2,avg_success,19996672,0.0
2521,WarpSAC-L,Isaac-Velocity-Rough-H1-v0,2,avg_success,24995840,0.0
2522,WarpSAC-L,Isaac-Velocity-Rough-H1-v0,2,avg_success,29995008,0.0
2523,WarpSAC-L,Isaac-Velocity-Rough-H1-v0,2,avg_success,34994176,0.0
2524,WarpSAC-L,Isaac-Velocity-Rough-H1-v0,2,avg_success,39993344,0.0
2525,WarpSAC-L,Isaac-Velocity-Rough-H1-v0,2,avg_success,44992512,0.0
2526,WarpSAC-L,Isaac-Velocity-Rough-H1-v0,2,avg_success,49991680,0.0
2527,WarpSAC-L,Isaac-Velocity-Rough-H1-v0,2,avg_success,50000896,0.0
2528,WarpSAC-L,Isaac-Velocity-Rough-H1-v0,3,avg_return,0,-5.252
2529,WarpSAC-L,Isaac-Velocity-Rough-H1-v0,3,avg_return,4999168,7.6173
2530,WarpSAC-L,Isaac-Velocity-Rough-H1-v0,3,avg_return,9998336,14.8057
2531,WarpSAC-L,Isaac-Velocity-Rough-H1-v0,3,avg_return,14997504,21.1305
2532,WarpSAC-L,Isaac-Velocity-Rough-H1-v0,3,avg_return,19996672,23.4769
2533,WarpSAC-L,Isaac-Velocity-Rough-H1-v0,3,avg_return,24995840,25.3127
2534,WarpSAC-L,Isaac-Velocity-Rough-H1-v0,3,avg_return,29995008,25.3841
2535,WarpSAC-L,Isaac-Velocity-Rough-H1-v0,3,avg_return,34994176,25.9783
2536,WarpSAC-L,Isaac-Velocity-Rough-H1-v0,3,avg_return,39993344,26.1869
2537,WarpSAC-L,Isaac-Velocity-Rough-H1-v0,3,avg_return,44992512,25.9054
2538,WarpSAC-L,Isaac-Velocity-Rough-H1-v0,3,avg_return,49991680,24.6803
2539,WarpSAC-L,Isaac-Velocity-Rough-H1-v0,3,avg_return,50000896,26.7581
2540,WarpSAC-L,Isaac-Velocity-Rough-H1-v0,3,avg_success,0,0.0
2541,WarpSAC-L,Isaac-Velocity-Rough-H1-v0,3,avg_success,4999168,0.0
2542,WarpSAC-L,Isaac-Velocity-Rough-H1-v0,3,avg_success,9998336,0.0
2543,WarpSAC-L,Isaac-Velocity-Rough-H1-v0,3,avg_success,14997504,0.0
2544,WarpSAC-L,Isaac-Velocity-Rough-H1-v0,3,avg_success,19996672,0.0
2545,WarpSAC-L,Isaac-Velocity-Rough-H1-v0,3,avg_success,24995840,0.0
2546,WarpSAC-L,Isaac-Velocity-Rough-H1-v0,3,avg_success,29995008,0.0
2547,WarpSAC-L,Isaac-Velocity-Rough-H1-v0,3,avg_success,34994176,0.0
2548,WarpSAC-L,Isaac-Velocity-Rough-H1-v0,3,avg_success,39993344,0.0
2549,WarpSAC-L,Isaac-Velocity-Rough-H1-v0,3,avg_success,44992512,0.0
2550,WarpSAC-L,Isaac-Velocity-Rough-H1-v0,3,avg_success,49991680,0.0
2551,WarpSAC-L,Isaac-Velocity-Rough-H1-v0,3,avg_success,50000896,0.0
2552,WarpSAC-L,Isaac-Velocity-Rough-H1-v0,4,avg_return,0,-5.6027
2553,WarpSAC-L,Isaac-Velocity-Rough-H1-v0,4,avg_return,4999168,10.0026
2554,WarpSAC-L,Isaac-Velocity-Rough-H1-v0,4,avg_return,9998336,17.5319
2555,WarpSAC-L,Isaac-Velocity-Rough-H1-v0,4,avg_return,14997504,21.6004
2556,WarpSAC-L,Isaac-Velocity-Rough-H1-v0,4,avg_return,19996672,20.6573
2557,WarpSAC-L,Isaac-Velocity-Rough-H1-v0,4,avg_return,24995840,25.0962
2558,WarpSAC-L,Isaac-Velocity-Rough-H1-v0,4,avg_return,29995008,24.3307
2559,WarpSAC-L,Isaac-Velocity-Rough-H1-v0,4,avg_return,34994176,23.5121
2560,WarpSAC-L,Isaac-Velocity-Rough-H1-v0,4,avg_return,39993344,25.1123
2561,WarpSAC-L,Isaac-Velocity-Rough-H1-v0,4,avg_return,44992512,25.4311
2562,WarpSAC-L,Isaac-Velocity-Rough-H1-v0,4,avg_return,49991680,26.0843
2563,WarpSAC-L,Isaac-Velocity-Rough-H1-v0,4,avg_return,50000896,27.3228
2564,WarpSAC-L,Isaac-Velocity-Rough-H1-v0,4,avg_success,0,0.0
2565,WarpSAC-L,Isaac-Velocity-Rough-H1-v0,4,avg_success,4999168,0.0
2566,WarpSAC-L,Isaac-Velocity-Rough-H1-v0,4,avg_success,9998336,0.0
2567,WarpSAC-L,Isaac-Velocity-Rough-H1-v0,4,avg_success,14997504,0.0
2568,WarpSAC-L,Isaac-Velocity-Rough-H1-v0,4,avg_success,19996672,0.0
2569,WarpSAC-L,Isaac-Velocity-Rough-H1-v0,4,avg_success,24995840,0.0
2570,WarpSAC-L,Isaac-Velocity-Rough-H1-v0,4,avg_success,29995008,0.0
2571,WarpSAC-L,Isaac-Velocity-Rough-H1-v0,4,avg_success,34994176,0.0
2572,WarpSAC-L,Isaac-Velocity-Rough-H1-v0,4,avg_success,39993344,0.0
2573,WarpSAC-L,Isaac-Velocity-Rough-H1-v0,4,avg_success,44992512,0.0
2574,WarpSAC-L,Isaac-Velocity-Rough-H1-v0,4,avg_success,49991680,0.0
2575,WarpSAC-L,Isaac-Velocity-Rough-H1-v0,4,avg_success,50000896,0.0
2576,WarpSAC-L,Isaac-Velocity-Rough-H1-v0,5,avg_return,0,-4.8283
2577,WarpSAC-L,Isaac-Velocity-Rough-H1-v0,5,avg_return,4999168,8.9278
2578,WarpSAC-L,Isaac-Velocity-Rough-H1-v0,5,avg_return,9998336,14.9927
2579,WarpSAC-L,Isaac-Velocity-Rough-H1-v0,5,avg_return,14997504,22.3439
2580,WarpSAC-L,Isaac-Velocity-Rough-H1-v0,5,avg_return,19996672,24.288
2581,WarpSAC-L,Isaac-Velocity-Rough-H1-v0,5,avg_return,24995840,23.1674
2582,WarpSAC-L,Isaac-Velocity-Rough-H1-v0,5,avg_return,29995008,25.5259
2583,WarpSAC-L,Isaac-Velocity-Rough-H1-v0,5,avg_return,34994176,25.5929
2584,WarpSAC-L,Isaac-Velocity-Rough-H1-v0,5,avg_return,39993344,26.281
2585,WarpSAC-L,Isaac-Velocity-Rough-H1-v0,5,avg_return,44992512,24.9908
2586,WarpSAC-L,Isaac-Velocity-Rough-H1-v0,5,avg_return,49991680,26.4628
2587,WarpSAC-L,Isaac-Velocity-Rough-H1-v0,5,avg_return,50000896,28.2736
2588,WarpSAC-L,Isaac-Velocity-Rough-H1-v0,5,avg_success,0,0.0
2589,WarpSAC-L,Isaac-Velocity-Rough-H1-v0,5,avg_success,4999168,0.0
2590,WarpSAC-L,Isaac-Velocity-Rough-H1-v0,5,avg_success,9998336,0.0
2591,WarpSAC-L,Isaac-Velocity-Rough-H1-v0,5,avg_success,14997504,0.0
2592,WarpSAC-L,Isaac-Velocity-Rough-H1-v0,5,avg_success,19996672,0.0
2593,WarpSAC-L,Isaac-Velocity-Rough-H1-v0,5,avg_success,24995840,0.0
2594,WarpSAC-L,Isaac-Velocity-Rough-H1-v0,5,avg_success,29995008,0.0
2595,WarpSAC-L,Isaac-Velocity-Rough-H1-v0,5,avg_success,34994176,0.0
2596,WarpSAC-L,Isaac-Velocity-Rough-H1-v0,5,avg_success,39993344,0.0
2597,WarpSAC-L,Isaac-Velocity-Rough-H1-v0,5,avg_success,44992512,0.0
2598,WarpSAC-L,Isaac-Velocity-Rough-H1-v0,5,avg_success,49991680,0.0
2599,WarpSAC-L,Isaac-Velocity-Rough-H1-v0,5,avg_success,50000896,0.0
2600,WarpSAC-L,LiftPegUpright-v1,1,avg_return,0,9.4936
2601,WarpSAC-L,LiftPegUpright-v1,1,avg_return,2499584,11.9134
2602,WarpSAC-L,LiftPegUpright-v1,1,avg_return,4999168,42.2287
2603,WarpSAC-L,LiftPegUpright-v1,1,avg_return,7498752,43.2119
2604,WarpSAC-L,LiftPegUpright-v1,1,avg_return,9998336,43.1948
2605,WarpSAC-L,LiftPegUpright-v1,1,avg_return,12497920,43.0647
2606,WarpSAC-L,LiftPegUpright-v1,1,avg_return,14997504,43.0884
2607,WarpSAC-L,LiftPegUpright-v1,1,avg_return,17497088,43.6915
2608,WarpSAC-L,LiftPegUpright-v1,1,avg_return,19996672,43.9622
2609,WarpSAC-L,LiftPegUpright-v1,1,avg_return,22496256,43.9992
2610,WarpSAC-L,LiftPegUpright-v1,1,avg_return,24995840,42.2477
2611,WarpSAC-L,LiftPegUpright-v1,1,avg_return,27495424,43.8542
2612,WarpSAC-L,LiftPegUpright-v1,1,avg_return,29995008,44.1781
2613,WarpSAC-L,LiftPegUpright-v1,1,avg_return,32494592,43.8308
2614,WarpSAC-L,LiftPegUpright-v1,1,avg_return,34994176,44.1123
2615,WarpSAC-L,LiftPegUpright-v1,1,avg_return,37493760,44.1709
2616,WarpSAC-L,LiftPegUpright-v1,1,avg_return,39993344,44.1762
2617,WarpSAC-L,LiftPegUpright-v1,1,avg_return,42492928,44.2455
2618,WarpSAC-L,LiftPegUpright-v1,1,avg_return,44992512,44.2219
2619,WarpSAC-L,LiftPegUpright-v1,1,avg_return,47492096,44.3014
2620,WarpSAC-L,LiftPegUpright-v1,1,avg_return,49991680,43.0287
2621,WarpSAC-L,LiftPegUpright-v1,1,avg_return,50000896,44.2119
2622,WarpSAC-L,LiftPegUpright-v1,1,avg_success,0,0.0
2623,WarpSAC-L,LiftPegUpright-v1,1,avg_success,2499584,0.0
2624,WarpSAC-L,LiftPegUpright-v1,1,avg_success,4999168,1.0
2625,WarpSAC-L,LiftPegUpright-v1,1,avg_success,7498752,1.0
2626,WarpSAC-L,LiftPegUpright-v1,1,avg_success,9998336,1.0
2627,WarpSAC-L,LiftPegUpright-v1,1,avg_success,12497920,1.0
2628,WarpSAC-L,LiftPegUpright-v1,1,avg_success,14997504,0.98
2629,WarpSAC-L,LiftPegUpright-v1,1,avg_success,17497088,1.0
2630,WarpSAC-L,LiftPegUpright-v1,1,avg_success,19996672,1.0
2631,WarpSAC-L,LiftPegUpright-v1,1,avg_success,22496256,1.0
2632,WarpSAC-L,LiftPegUpright-v1,1,avg_success,24995840,0.98
2633,WarpSAC-L,LiftPegUpright-v1,1,avg_success,27495424,1.0
2634,WarpSAC-L,LiftPegUpright-v1,1,avg_success,29995008,1.0
2635,WarpSAC-L,LiftPegUpright-v1,1,avg_success,32494592,1.0
2636,WarpSAC-L,LiftPegUpright-v1,1,avg_success,34994176,1.0
2637,WarpSAC-L,LiftPegUpright-v1,1,avg_success,37493760,1.0
2638,WarpSAC-L,LiftPegUpright-v1,1,avg_success,39993344,1.0
2639,WarpSAC-L,LiftPegUpright-v1,1,avg_success,42492928,1.0
2640,WarpSAC-L,LiftPegUpright-v1,1,avg_success,44992512,1.0
2641,WarpSAC-L,LiftPegUpright-v1,1,avg_success,47492096,1.0
2642,WarpSAC-L,LiftPegUpright-v1,1,avg_success,49991680,0.98
2643,WarpSAC-L,LiftPegUpright-v1,1,avg_success,50000896,1.0
2644,WarpSAC-L,LiftPegUpright-v1,2,avg_return,0,9.4966
2645,WarpSAC-L,LiftPegUpright-v1,2,avg_return,2499584,11.9022
2646,WarpSAC-L,LiftPegUpright-v1,2,avg_return,4999168,42.3573
2647,WarpSAC-L,LiftPegUpright-v1,2,avg_return,7498752,42.9622
2648,WarpSAC-L,LiftPegUpright-v1,2,avg_return,9998336,43.4203
2649,WarpSAC-L,LiftPegUpright-v1,2,avg_return,12497920,43.2069
2650,WarpSAC-L,LiftPegUpright-v1,2,avg_return,14997504,41.8515
2651,WarpSAC-L,LiftPegUpright-v1,2,avg_return,17497088,43.6922
2652,WarpSAC-L,LiftPegUpright-v1,2,avg_return,19996672,43.858
2653,WarpSAC-L,LiftPegUpright-v1,2,avg_return,22496256,43.8693
2654,WarpSAC-L,LiftPegUpright-v1,2,avg_return,24995840,43.6744
2655,WarpSAC-L,LiftPegUpright-v1,2,avg_return,27495424,43.9505
2656,WarpSAC-L,LiftPegUpright-v1,2,avg_return,29995008,44.0312
2657,WarpSAC-L,LiftPegUpright-v1,2,avg_return,32494592,43.8676
2658,WarpSAC-L,LiftPegUpright-v1,2,avg_return,34994176,44.0905
2659,WarpSAC-L,LiftPegUpright-v1,2,avg_return,37493760,44.0129
2660,WarpSAC-L,LiftPegUpright-v1,2,avg_return,39993344,40.8857
2661,WarpSAC-L,LiftPegUpright-v1,2,avg_return,42492928,44.338
2662,WarpSAC-L,LiftPegUpright-v1,2,avg_return,44992512,44.2595
2663,WarpSAC-L,LiftPegUpright-v1,2,avg_return,47492096,44.2825
2664,WarpSAC-L,LiftPegUpright-v1,2,avg_return,49991680,42.9121
2665,WarpSAC-L,LiftPegUpright-v1,2,avg_return,50000896,44.2063
2666,WarpSAC-L,LiftPegUpright-v1,2,avg_success,0,0.0
2667,WarpSAC-L,LiftPegUpright-v1,2,avg_success,2499584,0.0
2668,WarpSAC-L,LiftPegUpright-v1,2,avg_success,4999168,1.0
2669,WarpSAC-L,LiftPegUpright-v1,2,avg_success,7498752,1.0
2670,WarpSAC-L,LiftPegUpright-v1,2,avg_success,9998336,1.0
2671,WarpSAC-L,LiftPegUpright-v1,2,avg_success,12497920,1.0
2672,WarpSAC-L,LiftPegUpright-v1,2,avg_success,14997504,1.0
2673,WarpSAC-L,LiftPegUpright-v1,2,avg_success,17497088,1.0
2674,WarpSAC-L,LiftPegUpright-v1,2,avg_success,19996672,1.0
2675,WarpSAC-L,LiftPegUpright-v1,2,avg_success,22496256,1.0
2676,WarpSAC-L,LiftPegUpright-v1,2,avg_success,24995840,1.0
2677,WarpSAC-L,LiftPegUpright-v1,2,avg_success,27495424,1.0
2678,WarpSAC-L,LiftPegUpright-v1,2,avg_success,29995008,1.0
2679,WarpSAC-L,LiftPegUpright-v1,2,avg_success,32494592,1.0
2680,WarpSAC-L,LiftPegUpright-v1,2,avg_success,34994176,1.0
2681,WarpSAC-L,LiftPegUpright-v1,2,avg_success,37493760,1.0
2682,WarpSAC-L,LiftPegUpright-v1,2,avg_success,39993344,1.0
2683,WarpSAC-L,LiftPegUpright-v1,2,avg_success,42492928,1.0
2684,WarpSAC-L,LiftPegUpright-v1,2,avg_success,44992512,1.0
2685,WarpSAC-L,LiftPegUpright-v1,2,avg_success,47492096,1.0
2686,WarpSAC-L,LiftPegUpright-v1,2,avg_success,49991680,0.98
2687,WarpSAC-L,LiftPegUpright-v1,2,avg_success,50000896,1.0
2688,WarpSAC-L,LiftPegUpright-v1,3,avg_return,0,9.5505
2689,WarpSAC-L,LiftPegUpright-v1,3,avg_return,2499584,11.8919
2690,WarpSAC-L,LiftPegUpright-v1,3,avg_return,4999168,38.2011
2691,WarpSAC-L,LiftPegUpright-v1,3,avg_return,7498752,43.131
2692,WarpSAC-L,LiftPegUpright-v1,3,avg_return,9998336,42.9152
2693,WarpSAC-L,LiftPegUpright-v1,3,avg_return,12497920,43.5513
2694,WarpSAC-L,LiftPegUpright-v1,3,avg_return,14997504,43.1443
2695,WarpSAC-L,LiftPegUpright-v1,3,avg_return,17497088,43.8104
2696,WarpSAC-L,LiftPegUpright-v1,3,avg_return,19996672,44.0035
2697,WarpSAC-L,LiftPegUpright-v1,3,avg_return,22496256,43.9702
2698,WarpSAC-L,LiftPegUpright-v1,3,avg_return,24995840,43.8666
2699,WarpSAC-L,LiftPegUpright-v1,3,avg_return,27495424,43.2621
2700,WarpSAC-L,LiftPegUpright-v1,3,avg_return,29995008,43.8656
2701,WarpSAC-L,LiftPegUpright-v1,3,avg_return,32494592,38.0132
2702,WarpSAC-L,LiftPegUpright-v1,3,avg_return,34994176,44.1877
2703,WarpSAC-L,LiftPegUpright-v1,3,avg_return,37493760,44.2278
2704,WarpSAC-L,LiftPegUpright-v1,3,avg_return,39993344,43.9043
2705,WarpSAC-L,LiftPegUpright-v1,3,avg_return,42492928,42.8372
2706,WarpSAC-L,LiftPegUpright-v1,3,avg_return,44992512,44.1799
2707,WarpSAC-L,LiftPegUpright-v1,3,avg_return,47492096,43.2806
2708,WarpSAC-L,LiftPegUpright-v1,3,avg_return,49991680,44.1866
2709,WarpSAC-L,LiftPegUpright-v1,3,avg_return,50000896,44.2036
2710,WarpSAC-L,LiftPegUpright-v1,3,avg_success,0,0.0
2711,WarpSAC-L,LiftPegUpright-v1,3,avg_success,2499584,0.0
2712,WarpSAC-L,LiftPegUpright-v1,3,avg_success,4999168,0.7
2713,WarpSAC-L,LiftPegUpright-v1,3,avg_success,7498752,1.0
2714,WarpSAC-L,LiftPegUpright-v1,3,avg_success,9998336,1.0
2715,WarpSAC-L,LiftPegUpright-v1,3,avg_success,12497920,1.0
2716,WarpSAC-L,LiftPegUpright-v1,3,avg_success,14997504,0.98
2717,WarpSAC-L,LiftPegUpright-v1,3,avg_success,17497088,1.0
2718,WarpSAC-L,LiftPegUpright-v1,3,avg_success,19996672,1.0
2719,WarpSAC-L,LiftPegUpright-v1,3,avg_success,22496256,1.0
2720,WarpSAC-L,LiftPegUpright-v1,3,avg_success,24995840,1.0
2721,WarpSAC-L,LiftPegUpright-v1,3,avg_success,27495424,1.0
2722,WarpSAC-L,LiftPegUpright-v1,3,avg_success,29995008,1.0
2723,WarpSAC-L,LiftPegUpright-v1,3,avg_success,32494592,0.88
2724,WarpSAC-L,LiftPegUpright-v1,3,avg_success,34994176,1.0
2725,WarpSAC-L,LiftPegUpright-v1,3,avg_success,37493760,1.0
2726,WarpSAC-L,LiftPegUpright-v1,3,avg_success,39993344,1.0
2727,WarpSAC-L,LiftPegUpright-v1,3,avg_success,42492928,0.96
2728,WarpSAC-L,LiftPegUpright-v1,3,avg_success,44992512,1.0
2729,WarpSAC-L,LiftPegUpright-v1,3,avg_success,47492096,1.0
2730,WarpSAC-L,LiftPegUpright-v1,3,avg_success,49991680,1.0
2731,WarpSAC-L,LiftPegUpright-v1,3,avg_success,50000896,1.0
2732,WarpSAC-L,LiftPegUpright-v1,4,avg_return,0,9.715
2733,WarpSAC-L,LiftPegUpright-v1,4,avg_return,2499584,11.8935
2734,WarpSAC-L,LiftPegUpright-v1,4,avg_return,4999168,41.9607
2735,WarpSAC-L,LiftPegUpright-v1,4,avg_return,7498752,43.0159
2736,WarpSAC-L,LiftPegUpright-v1,4,avg_return,9998336,43.3338
2737,WarpSAC-L,LiftPegUpright-v1,4,avg_return,12497920,43.3785
2738,WarpSAC-L,LiftPegUpright-v1,4,avg_return,14997504,43.8311
2739,WarpSAC-L,LiftPegUpright-v1,4,avg_return,17497088,43.8675
2740,WarpSAC-L,LiftPegUpright-v1,4,avg_return,19996672,43.9322
2741,WarpSAC-L,LiftPegUpright-v1,4,avg_return,22496256,42.941
2742,WarpSAC-L,LiftPegUpright-v1,4,avg_return,24995840,44.0995
2743,WarpSAC-L,LiftPegUpright-v1,4,avg_return,27495424,42.8905
2744,WarpSAC-L,LiftPegUpright-v1,4,avg_return,29995008,43.7614
2745,WarpSAC-L,LiftPegUpright-v1,4,avg_return,32494592,44.0636
2746,WarpSAC-L,LiftPegUpright-v1,4,avg_return,34994176,44.1696
2747,WarpSAC-L,LiftPegUpright-v1,4,avg_return,37493760,43.8076
2748,WarpSAC-L,LiftPegUpright-v1,4,avg_return,39993344,44.2318
2749,WarpSAC-L,LiftPegUpright-v1,4,avg_return,42492928,44.3329
2750,WarpSAC-L,LiftPegUpright-v1,4,avg_return,44992512,44.1152
2751,WarpSAC-L,LiftPegUpright-v1,4,avg_return,47492096,44.2354
2752,WarpSAC-L,LiftPegUpright-v1,4,avg_return,49991680,44.0301
2753,WarpSAC-L,LiftPegUpright-v1,4,avg_return,50000896,44.1667
2754,WarpSAC-L,LiftPegUpright-v1,4,avg_success,0,0.0
2755,WarpSAC-L,LiftPegUpright-v1,4,avg_success,2499584,0.0
2756,WarpSAC-L,LiftPegUpright-v1,4,avg_success,4999168,1.0
2757,WarpSAC-L,LiftPegUpright-v1,4,avg_success,7498752,1.0
2758,WarpSAC-L,LiftPegUpright-v1,4,avg_success,9998336,1.0
2759,WarpSAC-L,LiftPegUpright-v1,4,avg_success,12497920,1.0
2760,WarpSAC-L,LiftPegUpright-v1,4,avg_success,14997504,1.0
2761,WarpSAC-L,LiftPegUpright-v1,4,avg_success,17497088,1.0
2762,WarpSAC-L,LiftPegUpright-v1,4,avg_success,19996672,1.0
2763,WarpSAC-L,LiftPegUpright-v1,4,avg_success,22496256,0.96
2764,WarpSAC-L,LiftPegUpright-v1,4,avg_success,24995840,1.0
2765,WarpSAC-L,LiftPegUpright-v1,4,avg_success,27495424,0.98
2766,WarpSAC-L,LiftPegUpright-v1,4,avg_success,29995008,1.0
2767,WarpSAC-L,LiftPegUpright-v1,4,avg_success,32494592,1.0
2768,WarpSAC-L,LiftPegUpright-v1,4,avg_success,34994176,1.0
2769,WarpSAC-L,LiftPegUpright-v1,4,avg_success,37493760,1.0
2770,WarpSAC-L,LiftPegUpright-v1,4,avg_success,39993344,1.0
2771,WarpSAC-L,LiftPegUpright-v1,4,avg_success,42492928,1.0
2772,WarpSAC-L,LiftPegUpright-v1,4,avg_success,44992512,1.0
2773,WarpSAC-L,LiftPegUpright-v1,4,avg_success,47492096,1.0
2774,WarpSAC-L,LiftPegUpright-v1,4,avg_success,49991680,1.0
2775,WarpSAC-L,LiftPegUpright-v1,4,avg_success,50000896,1.0
2776,WarpSAC-L,LiftPegUpright-v1,5,avg_return,0,9.5012
2777,WarpSAC-L,LiftPegUpright-v1,5,avg_return,2499584,11.968
2778,WarpSAC-L,LiftPegUpright-v1,5,avg_return,4999168,42.102
2779,WarpSAC-L,LiftPegUpright-v1,5,avg_return,7498752,43.135
2780,WarpSAC-L,LiftPegUpright-v1,5,avg_return,9998336,43.3785
2781,WarpSAC-L,LiftPegUpright-v1,5,avg_return,12497920,43.5307
2782,WarpSAC-L,LiftPegUpright-v1,5,avg_return,14997504,43.5443
2783,WarpSAC-L,LiftPegUpright-v1,5,avg_return,17497088,42.748
2784,WarpSAC-L,LiftPegUpright-v1,5,avg_return,19996672,43.46
2785,WarpSAC-L,LiftPegUpright-v1,5,avg_return,22496256,44.0954
2786,WarpSAC-L,LiftPegUpright-v1,5,avg_return,24995840,40.7567
2787,WarpSAC-L,LiftPegUpright-v1,5,avg_return,27495424,44.1343
2788,WarpSAC-L,LiftPegUpright-v1,5,avg_return,29995008,43.9056
2789,WarpSAC-L,LiftPegUpright-v1,5,avg_return,32494592,42.7273
2790,WarpSAC-L,LiftPegUpright-v1,5,avg_return,34994176,44.0973
2791,WarpSAC-L,LiftPegUpright-v1,5,avg_return,37493760,43.8993
2792,WarpSAC-L,LiftPegUpright-v1,5,avg_return,39993344,43.8753
2793,WarpSAC-L,LiftPegUpright-v1,5,avg_return,42492928,44.2187
2794,WarpSAC-L,LiftPegUpright-v1,5,avg_return,44992512,44.0875
2795,WarpSAC-L,LiftPegUpright-v1,5,avg_return,47492096,44.261
2796,WarpSAC-L,LiftPegUpright-v1,5,avg_return,49991680,44.0226
2797,WarpSAC-L,LiftPegUpright-v1,5,avg_return,50000896,43.3951
2798,WarpSAC-L,LiftPegUpright-v1,5,avg_success,0,0.0
2799,WarpSAC-L,LiftPegUpright-v1,5,avg_success,2499584,0.0
2800,WarpSAC-L,LiftPegUpright-v1,5,avg_success,4999168,1.0
2801,WarpSAC-L,LiftPegUpright-v1,5,avg_success,7498752,1.0
2802,WarpSAC-L,LiftPegUpright-v1,5,avg_success,9998336,1.0
2803,WarpSAC-L,LiftPegUpright-v1,5,avg_success,12497920,1.0
2804,WarpSAC-L,LiftPegUpright-v1,5,avg_success,14997504,1.0
2805,WarpSAC-L,LiftPegUpright-v1,5,avg_success,17497088,1.0
2806,WarpSAC-L,LiftPegUpright-v1,5,avg_success,19996672,1.0
2807,WarpSAC-L,LiftPegUpright-v1,5,avg_success,22496256,1.0
2808,WarpSAC-L,LiftPegUpright-v1,5,avg_success,24995840,0.92
2809,WarpSAC-L,LiftPegUpright-v1,5,avg_success,27495424,1.0
2810,WarpSAC-L,LiftPegUpright-v1,5,avg_success,29995008,1.0
2811,WarpSAC-L,LiftPegUpright-v1,5,avg_success,32494592,1.0
2812,WarpSAC-L,LiftPegUpright-v1,5,avg_success,34994176,1.0
2813,WarpSAC-L,LiftPegUpright-v1,5,avg_success,37493760,1.0
2814,WarpSAC-L,LiftPegUpright-v1,5,avg_success,39993344,1.0
2815,WarpSAC-L,LiftPegUpright-v1,5,avg_success,42492928,1.0
2816,WarpSAC-L,LiftPegUpright-v1,5,avg_success,44992512,1.0
2817,WarpSAC-L,LiftPegUpright-v1,5,avg_success,47492096,1.0
2818,WarpSAC-L,LiftPegUpright-v1,5,avg_success,49991680,1.0
2819,WarpSAC-L,LiftPegUpright-v1,5,avg_success,50000896,0.98
2820,WarpSAC-L,Mjlab-Lift-Cube-Yam,1,avg_return,0,-0.2843
2821,WarpSAC-L,Mjlab-Lift-Cube-Yam,1,avg_return,2499584,17.5193
2822,WarpSAC-L,Mjlab-Lift-Cube-Yam,1,avg_return,4999168,19.3555
2823,WarpSAC-L,Mjlab-Lift-Cube-Yam,1,avg_return,7498752,20.6745
2824,WarpSAC-L,Mjlab-Lift-Cube-Yam,1,avg_return,9998336,21.1446
2825,WarpSAC-L,Mjlab-Lift-Cube-Yam,1,avg_return,12497920,21.4003
2826,WarpSAC-L,Mjlab-Lift-Cube-Yam,1,avg_return,14997504,20.9664
2827,WarpSAC-L,Mjlab-Lift-Cube-Yam,1,avg_return,17497088,21.2238
2828,WarpSAC-L,Mjlab-Lift-Cube-Yam,1,avg_return,19996672,21.2997
2829,WarpSAC-L,Mjlab-Lift-Cube-Yam,1,avg_return,22496256,20.8595
2830,WarpSAC-L,Mjlab-Lift-Cube-Yam,1,avg_return,24995840,20.6947
2831,WarpSAC-L,Mjlab-Lift-Cube-Yam,1,avg_return,27495424,20.9773
2832,WarpSAC-L,Mjlab-Lift-Cube-Yam,1,avg_return,29995008,20.7372
2833,WarpSAC-L,Mjlab-Lift-Cube-Yam,1,avg_return,32494592,20.5001
2834,WarpSAC-L,Mjlab-Lift-Cube-Yam,1,avg_return,34994176,19.3461
2835,WarpSAC-L,Mjlab-Lift-Cube-Yam,1,avg_return,37493760,20.2852
2836,WarpSAC-L,Mjlab-Lift-Cube-Yam,1,avg_return,39993344,19.7323
2837,WarpSAC-L,Mjlab-Lift-Cube-Yam,1,avg_return,42492928,20.7487
2838,WarpSAC-L,Mjlab-Lift-Cube-Yam,1,avg_return,44992512,20.5147
2839,WarpSAC-L,Mjlab-Lift-Cube-Yam,1,avg_return,47492096,19.7687
2840,WarpSAC-L,Mjlab-Lift-Cube-Yam,1,avg_return,49991680,20.3719
2841,WarpSAC-L,Mjlab-Lift-Cube-Yam,1,avg_return,50000896,20.4644
2842,WarpSAC-L,Mjlab-Lift-Cube-Yam,1,avg_success,0,0.0
2843,WarpSAC-L,Mjlab-Lift-Cube-Yam,1,avg_success,2499584,0.0
2844,WarpSAC-L,Mjlab-Lift-Cube-Yam,1,avg_success,4999168,0.0
2845,WarpSAC-L,Mjlab-Lift-Cube-Yam,1,avg_success,7498752,0.0
2846,WarpSAC-L,Mjlab-Lift-Cube-Yam,1,avg_success,9998336,0.0
2847,WarpSAC-L,Mjlab-Lift-Cube-Yam,1,avg_success,12497920,0.0
2848,WarpSAC-L,Mjlab-Lift-Cube-Yam,1,avg_success,14997504,0.0
2849,WarpSAC-L,Mjlab-Lift-Cube-Yam,1,avg_success,17497088,0.0
2850,WarpSAC-L,Mjlab-Lift-Cube-Yam,1,avg_success,19996672,0.0
2851,WarpSAC-L,Mjlab-Lift-Cube-Yam,1,avg_success,22496256,0.0
2852,WarpSAC-L,Mjlab-Lift-Cube-Yam,1,avg_success,24995840,0.0
2853,WarpSAC-L,Mjlab-Lift-Cube-Yam,1,avg_success,27495424,0.0
2854,WarpSAC-L,Mjlab-Lift-Cube-Yam,1,avg_success,29995008,0.0
2855,WarpSAC-L,Mjlab-Lift-Cube-Yam,1,avg_success,32494592,0.0
2856,WarpSAC-L,Mjlab-Lift-Cube-Yam,1,avg_success,34994176,0.0
2857,WarpSAC-L,Mjlab-Lift-Cube-Yam,1,avg_success,37493760,0.0
2858,WarpSAC-L,Mjlab-Lift-Cube-Yam,1,avg_success,39993344,0.0
2859,WarpSAC-L,Mjlab-Lift-Cube-Yam,1,avg_success,42492928,0.0
2860,WarpSAC-L,Mjlab-Lift-Cube-Yam,1,avg_success,44992512,0.0
2861,WarpSAC-L,Mjlab-Lift-Cube-Yam,1,avg_success,47492096,0.0
2862,WarpSAC-L,Mjlab-Lift-Cube-Yam,1,avg_success,49991680,0.0
2863,WarpSAC-L,Mjlab-Lift-Cube-Yam,1,avg_success,50000896,0.0
2864,WarpSAC-L,Mjlab-Lift-Cube-Yam,2,avg_return,0,-26.7716
2865,WarpSAC-L,Mjlab-Lift-Cube-Yam,2,avg_return,2499584,17.6663
2866,WarpSAC-L,Mjlab-Lift-Cube-Yam,2,avg_return,4999168,19.5451
2867,WarpSAC-L,Mjlab-Lift-Cube-Yam,2,avg_return,7498752,20.9393
2868,WarpSAC-L,Mjlab-Lift-Cube-Yam,2,avg_return,9998336,21.2912
2869,WarpSAC-L,Mjlab-Lift-Cube-Yam,2,avg_return,12497920,20.9745
2870,WarpSAC-L,Mjlab-Lift-Cube-Yam,2,avg_return,14997504,21.9233
2871,WarpSAC-L,Mjlab-Lift-Cube-Yam,2,avg_return,17497088,20.9909
2872,WarpSAC-L,Mjlab-Lift-Cube-Yam,2,avg_return,19996672,21.0393
2873,WarpSAC-L,Mjlab-Lift-Cube-Yam,2,avg_return,22496256,21.4787
2874,WarpSAC-L,Mjlab-Lift-Cube-Yam,2,avg_return,24995840,20.7571
2875,WarpSAC-L,Mjlab-Lift-Cube-Yam,2,avg_return,27495424,20.7085
2876,WarpSAC-L,Mjlab-Lift-Cube-Yam,2,avg_return,29995008,20.39
2877,WarpSAC-L,Mjlab-Lift-Cube-Yam,2,avg_return,32494592,19.7731
2878,WarpSAC-L,Mjlab-Lift-Cube-Yam,2,avg_return,34994176,19.71
2879,WarpSAC-L,Mjlab-Lift-Cube-Yam,2,avg_return,37493760,20.0915
2880,WarpSAC-L,Mjlab-Lift-Cube-Yam,2,avg_return,39993344,20.1004
2881,WarpSAC-L,Mjlab-Lift-Cube-Yam,2,avg_return,42492928,20.0567
2882,WarpSAC-L,Mjlab-Lift-Cube-Yam,2,avg_return,44992512,20.9446
2883,WarpSAC-L,Mjlab-Lift-Cube-Yam,2,avg_return,47492096,20.1314
2884,WarpSAC-L,Mjlab-Lift-Cube-Yam,2,avg_return,49991680,19.8631
2885,WarpSAC-L,Mjlab-Lift-Cube-Yam,2,avg_return,50000896,19.8601
2886,WarpSAC-L,Mjlab-Lift-Cube-Yam,2,avg_success,0,0.0
2887,WarpSAC-L,Mjlab-Lift-Cube-Yam,2,avg_success,2499584,0.0
2888,WarpSAC-L,Mjlab-Lift-Cube-Yam,2,avg_success,4999168,0.0
2889,WarpSAC-L,Mjlab-Lift-Cube-Yam,2,avg_success,7498752,0.0
2890,WarpSAC-L,Mjlab-Lift-Cube-Yam,2,avg_success,9998336,0.0
2891,WarpSAC-L,Mjlab-Lift-Cube-Yam,2,avg_success,12497920,0.0
2892,WarpSAC-L,Mjlab-Lift-Cube-Yam,2,avg_success,14997504,0.0
2893,WarpSAC-L,Mjlab-Lift-Cube-Yam,2,avg_success,17497088,0.0
2894,WarpSAC-L,Mjlab-Lift-Cube-Yam,2,avg_success,19996672,0.0
2895,WarpSAC-L,Mjlab-Lift-Cube-Yam,2,avg_success,22496256,0.0
2896,WarpSAC-L,Mjlab-Lift-Cube-Yam,2,avg_success,24995840,0.0
2897,WarpSAC-L,Mjlab-Lift-Cube-Yam,2,avg_success,27495424,0.0
2898,WarpSAC-L,Mjlab-Lift-Cube-Yam,2,avg_success,29995008,0.0
2899,WarpSAC-L,Mjlab-Lift-Cube-Yam,2,avg_success,32494592,0.0
2900,WarpSAC-L,Mjlab-Lift-Cube-Yam,2,avg_success,34994176,0.0
2901,WarpSAC-L,Mjlab-Lift-Cube-Yam,2,avg_success,37493760,0.0
2902,WarpSAC-L,Mjlab-Lift-Cube-Yam,2,avg_success,39993344,0.0
2903,WarpSAC-L,Mjlab-Lift-Cube-Yam,2,avg_success,42492928,0.0
2904,WarpSAC-L,Mjlab-Lift-Cube-Yam,2,avg_success,44992512,0.0
2905,WarpSAC-L,Mjlab-Lift-Cube-Yam,2,avg_success,47492096,0.0
2906,WarpSAC-L,Mjlab-Lift-Cube-Yam,2,avg_success,49991680,0.0
2907,WarpSAC-L,Mjlab-Lift-Cube-Yam,2,avg_success,50000896,0.0
2908,WarpSAC-L,Mjlab-Lift-Cube-Yam,3,avg_return,0,-38.6878
2909,WarpSAC-L,Mjlab-Lift-Cube-Yam,3,avg_return,2499584,18.4895
2910,WarpSAC-L,Mjlab-Lift-Cube-Yam,3,avg_return,4999168,18.4426
2911,WarpSAC-L,Mjlab-Lift-Cube-Yam,3,avg_return,7498752,20.411
2912,WarpSAC-L,Mjlab-Lift-Cube-Yam,3,avg_return,9998336,21.0709
2913,WarpSAC-L,Mjlab-Lift-Cube-Yam,3,avg_return,12497920,21.1338
2914,WarpSAC-L,Mjlab-Lift-Cube-Yam,3,avg_return,14997504,21.5465
2915,WarpSAC-L,Mjlab-Lift-Cube-Yam,3,avg_return,17497088,21.1698
2916,WarpSAC-L,Mjlab-Lift-Cube-Yam,3,avg_return,19996672,21.0388
2917,WarpSAC-L,Mjlab-Lift-Cube-Yam,3,avg_return,22496256,21.0375
2918,WarpSAC-L,Mjlab-Lift-Cube-Yam,3,avg_return,24995840,20.5849
2919,WarpSAC-L,Mjlab-Lift-Cube-Yam,3,avg_return,27495424,20.8949
2920,WarpSAC-L,Mjlab-Lift-Cube-Yam,3,avg_return,29995008,19.915
2921,WarpSAC-L,Mjlab-Lift-Cube-Yam,3,avg_return,32494592,19.9619
2922,WarpSAC-L,Mjlab-Lift-Cube-Yam,3,avg_return,34994176,20.3426
2923,WarpSAC-L,Mjlab-Lift-Cube-Yam,3,avg_return,37493760,20.1517
2924,WarpSAC-L,Mjlab-Lift-Cube-Yam,3,avg_return,39993344,19.9516
2925,WarpSAC-L,Mjlab-Lift-Cube-Yam,3,avg_return,42492928,21.2496
2926,WarpSAC-L,Mjlab-Lift-Cube-Yam,3,avg_return,44992512,20.5105
2927,WarpSAC-L,Mjlab-Lift-Cube-Yam,3,avg_return,47492096,19.8038
2928,WarpSAC-L,Mjlab-Lift-Cube-Yam,3,avg_return,49991680,19.8285
2929,WarpSAC-L,Mjlab-Lift-Cube-Yam,3,avg_return,50000896,20.3482
2930,WarpSAC-L,Mjlab-Lift-Cube-Yam,3,avg_success,0,0.0
2931,WarpSAC-L,Mjlab-Lift-Cube-Yam,3,avg_success,2499584,0.0
2932,WarpSAC-L,Mjlab-Lift-Cube-Yam,3,avg_success,4999168,0.0
2933,WarpSAC-L,Mjlab-Lift-Cube-Yam,3,avg_success,7498752,0.0
2934,WarpSAC-L,Mjlab-Lift-Cube-Yam,3,avg_success,9998336,0.0
2935,WarpSAC-L,Mjlab-Lift-Cube-Yam,3,avg_success,12497920,0.0
2936,WarpSAC-L,Mjlab-Lift-Cube-Yam,3,avg_success,14997504,0.0
2937,WarpSAC-L,Mjlab-Lift-Cube-Yam,3,avg_success,17497088,0.0
2938,WarpSAC-L,Mjlab-Lift-Cube-Yam,3,avg_success,19996672,0.0
2939,WarpSAC-L,Mjlab-Lift-Cube-Yam,3,avg_success,22496256,0.0
2940,WarpSAC-L,Mjlab-Lift-Cube-Yam,3,avg_success,24995840,0.0
2941,WarpSAC-L,Mjlab-Lift-Cube-Yam,3,avg_success,27495424,0.0
2942,WarpSAC-L,Mjlab-Lift-Cube-Yam,3,avg_success,29995008,0.0
2943,WarpSAC-L,Mjlab-Lift-Cube-Yam,3,avg_success,32494592,0.0
2944,WarpSAC-L,Mjlab-Lift-Cube-Yam,3,avg_success,34994176,0.0
2945,WarpSAC-L,Mjlab-Lift-Cube-Yam,3,avg_success,37493760,0.0
2946,WarpSAC-L,Mjlab-Lift-Cube-Yam,3,avg_success,39993344,0.0
2947,WarpSAC-L,Mjlab-Lift-Cube-Yam,3,avg_success,42492928,0.0
2948,WarpSAC-L,Mjlab-Lift-Cube-Yam,3,avg_success,44992512,0.0
2949,WarpSAC-L,Mjlab-Lift-Cube-Yam,3,avg_success,47492096,0.0
2950,WarpSAC-L,Mjlab-Lift-Cube-Yam,3,avg_success,49991680,0.0
2951,WarpSAC-L,Mjlab-Lift-Cube-Yam,3,avg_success,50000896,0.0
2952,WarpSAC-L,Mjlab-Lift-Cube-Yam,4,avg_return,0,-32.4326
2953,WarpSAC-L,Mjlab-Lift-Cube-Yam,4,avg_return,2499584,17.7878
2954,WarpSAC-L,Mjlab-Lift-Cube-Yam,4,avg_return,4999168,19.1476
2955,WarpSAC-L,Mjlab-Lift-Cube-Yam,4,avg_return,7498752,20.102
2956,WarpSAC-L,Mjlab-Lift-Cube-Yam,4,avg_return,9998336,21.1045
2957,WarpSAC-L,Mjlab-Lift-Cube-Yam,4,avg_return,12497920,21.0227
2958,WarpSAC-L,Mjlab-Lift-Cube-Yam,4,avg_return,14997504,21.1285
2959,WarpSAC-L,Mjlab-Lift-Cube-Yam,4,avg_return,17497088,21.4106
2960,WarpSAC-L,Mjlab-Lift-Cube-Yam,4,avg_return,19996672,20.5552
2961,WarpSAC-L,Mjlab-Lift-Cube-Yam,4,avg_return,22496256,20.6248
2962,WarpSAC-L,Mjlab-Lift-Cube-Yam,4,avg_return,24995840,20.4571
2963,WarpSAC-L,Mjlab-Lift-Cube-Yam,4,avg_return,27495424,21.1037
2964,WarpSAC-L,Mjlab-Lift-Cube-Yam,4,avg_return,29995008,20.0816
2965,WarpSAC-L,Mjlab-Lift-Cube-Yam,4,avg_return,32494592,20.1874
2966,WarpSAC-L,Mjlab-Lift-Cube-Yam,4,avg_return,34994176,19.3711
2967,WarpSAC-L,Mjlab-Lift-Cube-Yam,4,avg_return,37493760,19.967
2968,WarpSAC-L,Mjlab-Lift-Cube-Yam,4,avg_return,39993344,19.6473
2969,WarpSAC-L,Mjlab-Lift-Cube-Yam,4,avg_return,42492928,19.9517
2970,WarpSAC-L,Mjlab-Lift-Cube-Yam,4,avg_return,44992512,20.2429
2971,WarpSAC-L,Mjlab-Lift-Cube-Yam,4,avg_return,47492096,20.1461
2972,WarpSAC-L,Mjlab-Lift-Cube-Yam,4,avg_return,49991680,20.7548
2973,WarpSAC-L,Mjlab-Lift-Cube-Yam,4,avg_return,50000896,20.8715
2974,WarpSAC-L,Mjlab-Lift-Cube-Yam,4,avg_success,0,0.0
2975,WarpSAC-L,Mjlab-Lift-Cube-Yam,4,avg_success,2499584,0.0
2976,WarpSAC-L,Mjlab-Lift-Cube-Yam,4,avg_success,4999168,0.0
2977,WarpSAC-L,Mjlab-Lift-Cube-Yam,4,avg_success,7498752,0.0
2978,WarpSAC-L,Mjlab-Lift-Cube-Yam,4,avg_success,9998336,0.0
2979,WarpSAC-L,Mjlab-Lift-Cube-Yam,4,avg_success,12497920,0.0
2980,WarpSAC-L,Mjlab-Lift-Cube-Yam,4,avg_success,14997504,0.0
2981,WarpSAC-L,Mjlab-Lift-Cube-Yam,4,avg_success,17497088,0.0
2982,WarpSAC-L,Mjlab-Lift-Cube-Yam,4,avg_success,19996672,0.0
2983,WarpSAC-L,Mjlab-Lift-Cube-Yam,4,avg_success,22496256,0.0
2984,WarpSAC-L,Mjlab-Lift-Cube-Yam,4,avg_success,24995840,0.0
2985,WarpSAC-L,Mjlab-Lift-Cube-Yam,4,avg_success,27495424,0.0
2986,WarpSAC-L,Mjlab-Lift-Cube-Yam,4,avg_success,29995008,0.0
2987,WarpSAC-L,Mjlab-Lift-Cube-Yam,4,avg_success,32494592,0.0
2988,WarpSAC-L,Mjlab-Lift-Cube-Yam,4,avg_success,34994176,0.0
2989,WarpSAC-L,Mjlab-Lift-Cube-Yam,4,avg_success,37493760,0.0
2990,WarpSAC-L,Mjlab-Lift-Cube-Yam,4,avg_success,39993344,0.0
2991,WarpSAC-L,Mjlab-Lift-Cube-Yam,4,avg_success,42492928,0.0
2992,WarpSAC-L,Mjlab-Lift-Cube-Yam,4,avg_success,44992512,0.0
2993,WarpSAC-L,Mjlab-Lift-Cube-Yam,4,avg_success,47492096,0.0
2994,WarpSAC-L,Mjlab-Lift-Cube-Yam,4,avg_success,49991680,0.0
2995,WarpSAC-L,Mjlab-Lift-Cube-Yam,4,avg_success,50000896,0.0
2996,WarpSAC-L,Mjlab-Lift-Cube-Yam,5,avg_return,0,7.0807
2997,WarpSAC-L,Mjlab-Lift-Cube-Yam,5,avg_return,2499584,18.0026
2998,WarpSAC-L,Mjlab-Lift-Cube-Yam,5,avg_return,4999168,19.5441
2999,WarpSAC-L,Mjlab-Lift-Cube-Yam,5,avg_return,7498752,20.5587
3000,WarpSAC-L,Mjlab-Lift-Cube-Yam,5,avg_return,9998336,21.0472
3001,WarpSAC-L,Mjlab-Lift-Cube-Yam,5,avg_return,12497920,21.3048
3002,WarpSAC-L,Mjlab-Lift-Cube-Yam,5,avg_return,14997504,21.1316
3003,WarpSAC-L,Mjlab-Lift-Cube-Yam,5,avg_return,17497088,19.9255
3004,WarpSAC-L,Mjlab-Lift-Cube-Yam,5,avg_return,19996672,20.354
3005,WarpSAC-L,Mjlab-Lift-Cube-Yam,5,avg_return,22496256,21.0932
3006,WarpSAC-L,Mjlab-Lift-Cube-Yam,5,avg_return,24995840,10.2288
3007,WarpSAC-L,Mjlab-Lift-Cube-Yam,5,avg_return,27495424,20.2558
3008,WarpSAC-L,Mjlab-Lift-Cube-Yam,5,avg_return,29995008,20.3266
3009,WarpSAC-L,Mjlab-Lift-Cube-Yam,5,avg_return,32494592,19.2413
3010,WarpSAC-L,Mjlab-Lift-Cube-Yam,5,avg_return,34994176,19.8833
3011,WarpSAC-L,Mjlab-Lift-Cube-Yam,5,avg_return,37493760,20.2018
3012,WarpSAC-L,Mjlab-Lift-Cube-Yam,5,avg_return,39993344,19.6576
3013,WarpSAC-L,Mjlab-Lift-Cube-Yam,5,avg_return,42492928,20.0971
3014,WarpSAC-L,Mjlab-Lift-Cube-Yam,5,avg_return,44992512,20.3589
3015,WarpSAC-L,Mjlab-Lift-Cube-Yam,5,avg_return,47492096,20.0374
3016,WarpSAC-L,Mjlab-Lift-Cube-Yam,5,avg_return,49991680,20.0564
3017,WarpSAC-L,Mjlab-Lift-Cube-Yam,5,avg_return,50000896,20.4122
3018,WarpSAC-L,Mjlab-Lift-Cube-Yam,5,avg_success,0,0.0
3019,WarpSAC-L,Mjlab-Lift-Cube-Yam,5,avg_success,2499584,0.0
3020,WarpSAC-L,Mjlab-Lift-Cube-Yam,5,avg_success,4999168,0.0
3021,WarpSAC-L,Mjlab-Lift-Cube-Yam,5,avg_success,7498752,0.0
3022,WarpSAC-L,Mjlab-Lift-Cube-Yam,5,avg_success,9998336,0.0
3023,WarpSAC-L,Mjlab-Lift-Cube-Yam,5,avg_success,12497920,0.0
3024,WarpSAC-L,Mjlab-Lift-Cube-Yam,5,avg_success,14997504,0.0
3025,WarpSAC-L,Mjlab-Lift-Cube-Yam,5,avg_success,17497088,0.0
3026,WarpSAC-L,Mjlab-Lift-Cube-Yam,5,avg_success,19996672,0.0
3027,WarpSAC-L,Mjlab-Lift-Cube-Yam,5,avg_success,22496256,0.0
3028,WarpSAC-L,Mjlab-Lift-Cube-Yam,5,avg_success,24995840,0.0
3029,WarpSAC-L,Mjlab-Lift-Cube-Yam,5,avg_success,27495424,0.0
3030,WarpSAC-L,Mjlab-Lift-Cube-Yam,5,avg_success,29995008,0.0
3031,WarpSAC-L,Mjlab-Lift-Cube-Yam,5,avg_success,32494592,0.0
3032,WarpSAC-L,Mjlab-Lift-Cube-Yam,5,avg_success,34994176,0.0
3033,WarpSAC-L,Mjlab-Lift-Cube-Yam,5,avg_success,37493760,0.0
3034,WarpSAC-L,Mjlab-Lift-Cube-Yam,5,avg_success,39993344,0.0
3035,WarpSAC-L,Mjlab-Lift-Cube-Yam,5,avg_success,42492928,0.0
3036,WarpSAC-L,Mjlab-Lift-Cube-Yam,5,avg_success,44992512,0.0
3037,WarpSAC-L,Mjlab-Lift-Cube-Yam,5,avg_success,47492096,0.0
3038,WarpSAC-L,Mjlab-Lift-Cube-Yam,5,avg_success,49991680,0.0
3039,WarpSAC-L,Mjlab-Lift-Cube-Yam,5,avg_success,50000896,0.0
3040,WarpSAC-L,Mjlab-Lift-Cube-Yam-Depth,1,avg_return,0,-17.0783
3041,WarpSAC-L,Mjlab-Lift-Cube-Yam-Depth,1,avg_return,2499584,14.8524
3042,WarpSAC-L,Mjlab-Lift-Cube-Yam-Depth,1,avg_return,4999168,13.6075
3043,WarpSAC-L,Mjlab-Lift-Cube-Yam-Depth,1,avg_return,7498752,16.2833
3044,WarpSAC-L,Mjlab-Lift-Cube-Yam-Depth,1,avg_return,9998336,16.355
3045,WarpSAC-L,Mjlab-Lift-Cube-Yam-Depth,1,avg_return,12497920,16.2186
3046,WarpSAC-L,Mjlab-Lift-Cube-Yam-Depth,1,avg_return,14997504,16.2052
3047,WarpSAC-L,Mjlab-Lift-Cube-Yam-Depth,1,avg_return,17497088,16.3109
3048,WarpSAC-L,Mjlab-Lift-Cube-Yam-Depth,1,avg_return,19996672,15.6923
3049,WarpSAC-L,Mjlab-Lift-Cube-Yam-Depth,1,avg_return,22496256,16.031
3050,WarpSAC-L,Mjlab-Lift-Cube-Yam-Depth,1,avg_return,24995840,15.3556
3051,WarpSAC-L,Mjlab-Lift-Cube-Yam-Depth,1,avg_return,27495424,15.9172
3052,WarpSAC-L,Mjlab-Lift-Cube-Yam-Depth,1,avg_return,29995008,15.2221
3053,WarpSAC-L,Mjlab-Lift-Cube-Yam-Depth,1,avg_return,32494592,16.0292
3054,WarpSAC-L,Mjlab-Lift-Cube-Yam-Depth,1,avg_return,34994176,15.8272
3055,WarpSAC-L,Mjlab-Lift-Cube-Yam-Depth,1,avg_return,37493760,15.4788
3056,WarpSAC-L,Mjlab-Lift-Cube-Yam-Depth,1,avg_return,39993344,16.1867
3057,WarpSAC-L,Mjlab-Lift-Cube-Yam-Depth,1,avg_return,42492928,16.2461
3058,WarpSAC-L,Mjlab-Lift-Cube-Yam-Depth,1,avg_return,44992512,16.3278
3059,WarpSAC-L,Mjlab-Lift-Cube-Yam-Depth,1,avg_return,47492096,15.3486
3060,WarpSAC-L,Mjlab-Lift-Cube-Yam-Depth,1,avg_return,49991680,16.2825
3061,WarpSAC-L,Mjlab-Lift-Cube-Yam-Depth,1,avg_return,50000896,15.1923
3062,WarpSAC-L,Mjlab-Lift-Cube-Yam-Depth,1,avg_success,0,0.0
3063,WarpSAC-L,Mjlab-Lift-Cube-Yam-Depth,1,avg_success,2499584,0.0
3064,WarpSAC-L,Mjlab-Lift-Cube-Yam-Depth,1,avg_success,4999168,0.0
3065,WarpSAC-L,Mjlab-Lift-Cube-Yam-Depth,1,avg_success,7498752,0.0
3066,WarpSAC-L,Mjlab-Lift-Cube-Yam-Depth,1,avg_success,9998336,0.0
3067,WarpSAC-L,Mjlab-Lift-Cube-Yam-Depth,1,avg_success,12497920,0.0
3068,WarpSAC-L,Mjlab-Lift-Cube-Yam-Depth,1,avg_success,14997504,0.0
3069,WarpSAC-L,Mjlab-Lift-Cube-Yam-Depth,1,avg_success,17497088,0.0
3070,WarpSAC-L,Mjlab-Lift-Cube-Yam-Depth,1,avg_success,19996672,0.0
3071,WarpSAC-L,Mjlab-Lift-Cube-Yam-Depth,1,avg_success,22496256,0.0
3072,WarpSAC-L,Mjlab-Lift-Cube-Yam-Depth,1,avg_success,24995840,0.0
3073,WarpSAC-L,Mjlab-Lift-Cube-Yam-Depth,1,avg_success,27495424,0.0
3074,WarpSAC-L,Mjlab-Lift-Cube-Yam-Depth,1,avg_success,29995008,0.0
3075,WarpSAC-L,Mjlab-Lift-Cube-Yam-Depth,1,avg_success,32494592,0.0
3076,WarpSAC-L,Mjlab-Lift-Cube-Yam-Depth,1,avg_success,34994176,0.0
3077,WarpSAC-L,Mjlab-Lift-Cube-Yam-Depth,1,avg_success,37493760,0.0
3078,WarpSAC-L,Mjlab-Lift-Cube-Yam-Depth,1,avg_success,39993344,0.0
3079,WarpSAC-L,Mjlab-Lift-Cube-Yam-Depth,1,avg_success,42492928,0.0
3080,WarpSAC-L,Mjlab-Lift-Cube-Yam-Depth,1,avg_success,44992512,0.0
3081,WarpSAC-L,Mjlab-Lift-Cube-Yam-Depth,1,avg_success,47492096,0.0
3082,WarpSAC-L,Mjlab-Lift-Cube-Yam-Depth,1,avg_success,49991680,0.0
3083,WarpSAC-L,Mjlab-Lift-Cube-Yam-Depth,1,avg_success,50000896,0.0
3084,WarpSAC-L,Mjlab-Lift-Cube-Yam-Depth,2,avg_return,0,-24.4539
3085,WarpSAC-L,Mjlab-Lift-Cube-Yam-Depth,2,avg_return,2499584,13.0604
3086,WarpSAC-L,Mjlab-Lift-Cube-Yam-Depth,2,avg_return,4999168,14.4875
3087,WarpSAC-L,Mjlab-Lift-Cube-Yam-Depth,2,avg_return,7498752,15.4055
3088,WarpSAC-L,Mjlab-Lift-Cube-Yam-Depth,2,avg_return,9998336,15.6376
3089,WarpSAC-L,Mjlab-Lift-Cube-Yam-Depth,2,avg_return,12497920,17.1393
3090,WarpSAC-L,Mjlab-Lift-Cube-Yam-Depth,2,avg_return,14997504,15.8275
3091,WarpSAC-L,Mjlab-Lift-Cube-Yam-Depth,2,avg_return,17497088,15.683
3092,WarpSAC-L,Mjlab-Lift-Cube-Yam-Depth,2,avg_return,19996672,15.4849
3093,WarpSAC-L,Mjlab-Lift-Cube-Yam-Depth,2,avg_return,22496256,16.3653
3094,WarpSAC-L,Mjlab-Lift-Cube-Yam-Depth,2,avg_return,24995840,15.4602
3095,WarpSAC-L,Mjlab-Lift-Cube-Yam-Depth,2,avg_return,27495424,16.1223
3096,WarpSAC-L,Mjlab-Lift-Cube-Yam-Depth,2,avg_return,29995008,15.2878
3097,WarpSAC-L,Mjlab-Lift-Cube-Yam-Depth,2,avg_return,32494592,16.1938
3098,WarpSAC-L,Mjlab-Lift-Cube-Yam-Depth,2,avg_return,34994176,15.5107
3099,WarpSAC-L,Mjlab-Lift-Cube-Yam-Depth,2,avg_return,37493760,15.6857
3100,WarpSAC-L,Mjlab-Lift-Cube-Yam-Depth,2,avg_return,39993344,15.8079
3101,WarpSAC-L,Mjlab-Lift-Cube-Yam-Depth,2,avg_return,42492928,15.3942
3102,WarpSAC-L,Mjlab-Lift-Cube-Yam-Depth,2,avg_return,44992512,15.4568
3103,WarpSAC-L,Mjlab-Lift-Cube-Yam-Depth,2,avg_return,47492096,16.3352
3104,WarpSAC-L,Mjlab-Lift-Cube-Yam-Depth,2,avg_return,49991680,14.9812
3105,WarpSAC-L,Mjlab-Lift-Cube-Yam-Depth,2,avg_return,50000896,15.7551
3106,WarpSAC-L,Mjlab-Lift-Cube-Yam-Depth,2,avg_success,0,0.0
3107,WarpSAC-L,Mjlab-Lift-Cube-Yam-Depth,2,avg_success,2499584,0.0
3108,WarpSAC-L,Mjlab-Lift-Cube-Yam-Depth,2,avg_success,4999168,0.0
3109,WarpSAC-L,Mjlab-Lift-Cube-Yam-Depth,2,avg_success,7498752,0.0
3110,WarpSAC-L,Mjlab-Lift-Cube-Yam-Depth,2,avg_success,9998336,0.0
3111,WarpSAC-L,Mjlab-Lift-Cube-Yam-Depth,2,avg_success,12497920,0.0
3112,WarpSAC-L,Mjlab-Lift-Cube-Yam-Depth,2,avg_success,14997504,0.0
3113,WarpSAC-L,Mjlab-Lift-Cube-Yam-Depth,2,avg_success,17497088,0.0
3114,WarpSAC-L,Mjlab-Lift-Cube-Yam-Depth,2,avg_success,19996672,0.0
3115,WarpSAC-L,Mjlab-Lift-Cube-Yam-Depth,2,avg_success,22496256,0.0
3116,WarpSAC-L,Mjlab-Lift-Cube-Yam-Depth,2,avg_success,24995840,0.0
3117,WarpSAC-L,Mjlab-Lift-Cube-Yam-Depth,2,avg_success,27495424,0.0
3118,WarpSAC-L,Mjlab-Lift-Cube-Yam-Depth,2,avg_success,29995008,0.0
3119,WarpSAC-L,Mjlab-Lift-Cube-Yam-Depth,2,avg_success,32494592,0.0
3120,WarpSAC-L,Mjlab-Lift-Cube-Yam-Depth,2,avg_success,34994176,0.0
3121,WarpSAC-L,Mjlab-Lift-Cube-Yam-Depth,2,avg_success,37493760,0.0
3122,WarpSAC-L,Mjlab-Lift-Cube-Yam-Depth,2,avg_success,39993344,0.0
3123,WarpSAC-L,Mjlab-Lift-Cube-Yam-Depth,2,avg_success,42492928,0.0
3124,WarpSAC-L,Mjlab-Lift-Cube-Yam-Depth,2,avg_success,44992512,0.0
3125,WarpSAC-L,Mjlab-Lift-Cube-Yam-Depth,2,avg_success,47492096,0.0
3126,WarpSAC-L,Mjlab-Lift-Cube-Yam-Depth,2,avg_success,49991680,0.0
3127,WarpSAC-L,Mjlab-Lift-Cube-Yam-Depth,2,avg_success,50000896,0.0
3128,WarpSAC-L,Mjlab-Lift-Cube-Yam-Depth,3,avg_return,0,-8.2654
3129,WarpSAC-L,Mjlab-Lift-Cube-Yam-Depth,3,avg_return,2499584,13.929
3130,WarpSAC-L,Mjlab-Lift-Cube-Yam-Depth,3,avg_return,4999168,14.8831
3131,WarpSAC-L,Mjlab-Lift-Cube-Yam-Depth,3,avg_return,7498752,15.7135
3132,WarpSAC-L,Mjlab-Lift-Cube-Yam-Depth,3,avg_return,9998336,15.6559
3133,WarpSAC-L,Mjlab-Lift-Cube-Yam-Depth,3,avg_return,12497920,15.8493
3134,WarpSAC-L,Mjlab-Lift-Cube-Yam-Depth,3,avg_return,14997504,15.6977
3135,WarpSAC-L,Mjlab-Lift-Cube-Yam-Depth,3,avg_return,17497088,16.1504
3136,WarpSAC-L,Mjlab-Lift-Cube-Yam-Depth,3,avg_return,19996672,15.6426
3137,WarpSAC-L,Mjlab-Lift-Cube-Yam-Depth,3,avg_return,22496256,15.9391
3138,WarpSAC-L,Mjlab-Lift-Cube-Yam-Depth,3,avg_return,24995840,16.0005
3139,WarpSAC-L,Mjlab-Lift-Cube-Yam-Depth,3,avg_return,27495424,15.9648
3140,WarpSAC-L,Mjlab-Lift-Cube-Yam-Depth,3,avg_return,29995008,15.2658
3141,WarpSAC-L,Mjlab-Lift-Cube-Yam-Depth,3,avg_return,32494592,16.1034
3142,WarpSAC-L,Mjlab-Lift-Cube-Yam-Depth,3,avg_return,34994176,15.3683
3143,WarpSAC-L,Mjlab-Lift-Cube-Yam-Depth,3,avg_return,37493760,16.59
3144,WarpSAC-L,Mjlab-Lift-Cube-Yam-Depth,3,avg_return,39993344,15.9646
3145,WarpSAC-L,Mjlab-Lift-Cube-Yam-Depth,3,avg_return,42492928,15.5937
3146,WarpSAC-L,Mjlab-Lift-Cube-Yam-Depth,3,avg_return,44992512,14.7749
3147,WarpSAC-L,Mjlab-Lift-Cube-Yam-Depth,3,avg_return,47492096,15.696
3148,WarpSAC-L,Mjlab-Lift-Cube-Yam-Depth,3,avg_return,49991680,15.9344
3149,WarpSAC-L,Mjlab-Lift-Cube-Yam-Depth,3,avg_return,50000896,15.1904
3150,WarpSAC-L,Mjlab-Lift-Cube-Yam-Depth,3,avg_success,0,0.0
3151,WarpSAC-L,Mjlab-Lift-Cube-Yam-Depth,3,avg_success,2499584,0.0
3152,WarpSAC-L,Mjlab-Lift-Cube-Yam-Depth,3,avg_success,4999168,0.0
3153,WarpSAC-L,Mjlab-Lift-Cube-Yam-Depth,3,avg_success,7498752,0.0
3154,WarpSAC-L,Mjlab-Lift-Cube-Yam-Depth,3,avg_success,9998336,0.0
3155,WarpSAC-L,Mjlab-Lift-Cube-Yam-Depth,3,avg_success,12497920,0.0
3156,WarpSAC-L,Mjlab-Lift-Cube-Yam-Depth,3,avg_success,14997504,0.0
3157,WarpSAC-L,Mjlab-Lift-Cube-Yam-Depth,3,avg_success,17497088,0.0
3158,WarpSAC-L,Mjlab-Lift-Cube-Yam-Depth,3,avg_success,19996672,0.0
3159,WarpSAC-L,Mjlab-Lift-Cube-Yam-Depth,3,avg_success,22496256,0.0
3160,WarpSAC-L,Mjlab-Lift-Cube-Yam-Depth,3,avg_success,24995840,0.0
3161,WarpSAC-L,Mjlab-Lift-Cube-Yam-Depth,3,avg_success,27495424,0.0
3162,WarpSAC-L,Mjlab-Lift-Cube-Yam-Depth,3,avg_success,29995008,0.0
3163,WarpSAC-L,Mjlab-Lift-Cube-Yam-Depth,3,avg_success,32494592,0.0
3164,WarpSAC-L,Mjlab-Lift-Cube-Yam-Depth,3,avg_success,34994176,0.0
3165,WarpSAC-L,Mjlab-Lift-Cube-Yam-Depth,3,avg_success,37493760,0.0
3166,WarpSAC-L,Mjlab-Lift-Cube-Yam-Depth,3,avg_success,39993344,0.0
3167,WarpSAC-L,Mjlab-Lift-Cube-Yam-Depth,3,avg_success,42492928,0.0
3168,WarpSAC-L,Mjlab-Lift-Cube-Yam-Depth,3,avg_success,44992512,0.0
3169,WarpSAC-L,Mjlab-Lift-Cube-Yam-Depth,3,avg_success,47492096,0.0
3170,WarpSAC-L,Mjlab-Lift-Cube-Yam-Depth,3,avg_success,49991680,0.0
3171,WarpSAC-L,Mjlab-Lift-Cube-Yam-Depth,3,avg_success,50000896,0.0
3172,WarpSAC-L,Mjlab-Lift-Cube-Yam-Depth,4,avg_return,0,-32.3309
3173,WarpSAC-L,Mjlab-Lift-Cube-Yam-Depth,4,avg_return,2499584,14.1607
3174,WarpSAC-L,Mjlab-Lift-Cube-Yam-Depth,4,avg_return,4999168,14.6533
3175,WarpSAC-L,Mjlab-Lift-Cube-Yam-Depth,4,avg_return,7498752,15.2687
3176,WarpSAC-L,Mjlab-Lift-Cube-Yam-Depth,4,avg_return,9998336,16.6043
3177,WarpSAC-L,Mjlab-Lift-Cube-Yam-Depth,4,avg_return,12497920,16.6558
3178,WarpSAC-L,Mjlab-Lift-Cube-Yam-Depth,4,avg_return,14997504,16.8047
3179,WarpSAC-L,Mjlab-Lift-Cube-Yam-Depth,4,avg_return,17497088,15.5781
3180,WarpSAC-L,Mjlab-Lift-Cube-Yam-Depth,4,avg_return,19996672,16.0307
3181,WarpSAC-L,Mjlab-Lift-Cube-Yam-Depth,4,avg_return,22496256,15.5478
3182,WarpSAC-L,Mjlab-Lift-Cube-Yam-Depth,4,avg_return,24995840,15.9077
3183,WarpSAC-L,Mjlab-Lift-Cube-Yam-Depth,4,avg_return,27495424,16.4351
3184,WarpSAC-L,Mjlab-Lift-Cube-Yam-Depth,4,avg_return,29995008,16.2823
3185,WarpSAC-L,Mjlab-Lift-Cube-Yam-Depth,4,avg_return,32494592,16.438
3186,WarpSAC-L,Mjlab-Lift-Cube-Yam-Depth,4,avg_return,34994176,14.7731
3187,WarpSAC-L,Mjlab-Lift-Cube-Yam-Depth,4,avg_return,37493760,16.2295
3188,WarpSAC-L,Mjlab-Lift-Cube-Yam-Depth,4,avg_return,39993344,16.6367
3189,WarpSAC-L,Mjlab-Lift-Cube-Yam-Depth,4,avg_return,42492928,15.6026
3190,WarpSAC-L,Mjlab-Lift-Cube-Yam-Depth,4,avg_return,44992512,15.4077
3191,WarpSAC-L,Mjlab-Lift-Cube-Yam-Depth,4,avg_return,47492096,16.0032
3192,WarpSAC-L,Mjlab-Lift-Cube-Yam-Depth,4,avg_return,49991680,16.2799
3193,WarpSAC-L,Mjlab-Lift-Cube-Yam-Depth,4,avg_return,50000896,15.8766
3194,WarpSAC-L,Mjlab-Lift-Cube-Yam-Depth,4,avg_success,0,0.0
3195,WarpSAC-L,Mjlab-Lift-Cube-Yam-Depth,4,avg_success,2499584,0.0
3196,WarpSAC-L,Mjlab-Lift-Cube-Yam-Depth,4,avg_success,4999168,0.0
3197,WarpSAC-L,Mjlab-Lift-Cube-Yam-Depth,4,avg_success,7498752,0.0
3198,WarpSAC-L,Mjlab-Lift-Cube-Yam-Depth,4,avg_success,9998336,0.0
3199,WarpSAC-L,Mjlab-Lift-Cube-Yam-Depth,4,avg_success,12497920,0.0
3200,WarpSAC-L,Mjlab-Lift-Cube-Yam-Depth,4,avg_success,14997504,0.0
3201,WarpSAC-L,Mjlab-Lift-Cube-Yam-Depth,4,avg_success,17497088,0.0
3202,WarpSAC-L,Mjlab-Lift-Cube-Yam-Depth,4,avg_success,19996672,0.0
3203,WarpSAC-L,Mjlab-Lift-Cube-Yam-Depth,4,avg_success,22496256,0.0
3204,WarpSAC-L,Mjlab-Lift-Cube-Yam-Depth,4,avg_success,24995840,0.0
3205,WarpSAC-L,Mjlab-Lift-Cube-Yam-Depth,4,avg_success,27495424,0.0
3206,WarpSAC-L,Mjlab-Lift-Cube-Yam-Depth,4,avg_success,29995008,0.0
3207,WarpSAC-L,Mjlab-Lift-Cube-Yam-Depth,4,avg_success,32494592,0.0
3208,WarpSAC-L,Mjlab-Lift-Cube-Yam-Depth,4,avg_success,34994176,0.0
3209,WarpSAC-L,Mjlab-Lift-Cube-Yam-Depth,4,avg_success,37493760,0.0
3210,WarpSAC-L,Mjlab-Lift-Cube-Yam-Depth,4,avg_success,39993344,0.0
3211,WarpSAC-L,Mjlab-Lift-Cube-Yam-Depth,4,avg_success,42492928,0.0
3212,WarpSAC-L,Mjlab-Lift-Cube-Yam-Depth,4,avg_success,44992512,0.0
3213,WarpSAC-L,Mjlab-Lift-Cube-Yam-Depth,4,avg_success,47492096,0.0
3214,WarpSAC-L,Mjlab-Lift-Cube-Yam-Depth,4,avg_success,49991680,0.0
3215,WarpSAC-L,Mjlab-Lift-Cube-Yam-Depth,4,avg_success,50000896,0.0
3216,WarpSAC-L,Mjlab-Lift-Cube-Yam-Depth,5,avg_return,0,10.5821
3217,WarpSAC-L,Mjlab-Lift-Cube-Yam-Depth,5,avg_return,2499584,13.0777
3218,WarpSAC-L,Mjlab-Lift-Cube-Yam-Depth,5,avg_return,4999168,15.5787
3219,WarpSAC-L,Mjlab-Lift-Cube-Yam-Depth,5,avg_return,7498752,16.9133
3220,WarpSAC-L,Mjlab-Lift-Cube-Yam-Depth,5,avg_return,9998336,15.0815
3221,WarpSAC-L,Mjlab-Lift-Cube-Yam-Depth,5,avg_return,12497920,16.6257
3222,WarpSAC-L,Mjlab-Lift-Cube-Yam-Depth,5,avg_return,14997504,14.9146
3223,WarpSAC-L,Mjlab-Lift-Cube-Yam-Depth,5,avg_return,17497088,15.2896
3224,WarpSAC-L,Mjlab-Lift-Cube-Yam-Depth,5,avg_return,19996672,3.8134
3225,WarpSAC-L,Mjlab-Lift-Cube-Yam-Depth,5,avg_return,22496256,15.9466
3226,WarpSAC-L,Mjlab-Lift-Cube-Yam-Depth,5,avg_return,24995840,15.2197
3227,WarpSAC-L,Mjlab-Lift-Cube-Yam-Depth,5,avg_return,27495424,15.787
3228,WarpSAC-L,Mjlab-Lift-Cube-Yam-Depth,5,avg_return,29995008,15.1837
3229,WarpSAC-L,Mjlab-Lift-Cube-Yam-Depth,5,avg_return,32494592,16.6226
3230,WarpSAC-L,Mjlab-Lift-Cube-Yam-Depth,5,avg_return,34994176,15.1591
3231,WarpSAC-L,Mjlab-Lift-Cube-Yam-Depth,5,avg_return,37493760,16.0803
3232,WarpSAC-L,Mjlab-Lift-Cube-Yam-Depth,5,avg_return,39993344,16.3705
3233,WarpSAC-L,Mjlab-Lift-Cube-Yam-Depth,5,avg_return,42492928,15.8403
3234,WarpSAC-L,Mjlab-Lift-Cube-Yam-Depth,5,avg_return,44992512,15.1909
3235,WarpSAC-L,Mjlab-Lift-Cube-Yam-Depth,5,avg_return,47492096,16.2512
3236,WarpSAC-L,Mjlab-Lift-Cube-Yam-Depth,5,avg_return,49991680,16.2775
3237,WarpSAC-L,Mjlab-Lift-Cube-Yam-Depth,5,avg_return,50000896,14.8292
3238,WarpSAC-L,Mjlab-Lift-Cube-Yam-Depth,5,avg_success,0,0.0
3239,WarpSAC-L,Mjlab-Lift-Cube-Yam-Depth,5,avg_success,2499584,0.0
3240,WarpSAC-L,Mjlab-Lift-Cube-Yam-Depth,5,avg_success,4999168,0.0
3241,WarpSAC-L,Mjlab-Lift-Cube-Yam-Depth,5,avg_success,7498752,0.0
3242,WarpSAC-L,Mjlab-Lift-Cube-Yam-Depth,5,avg_success,9998336,0.0
3243,WarpSAC-L,Mjlab-Lift-Cube-Yam-Depth,5,avg_success,12497920,0.0
3244,WarpSAC-L,Mjlab-Lift-Cube-Yam-Depth,5,avg_success,14997504,0.0
3245,WarpSAC-L,Mjlab-Lift-Cube-Yam-Depth,5,avg_success,17497088,0.0
3246,WarpSAC-L,Mjlab-Lift-Cube-Yam-Depth,5,avg_success,19996672,0.0
3247,WarpSAC-L,Mjlab-Lift-Cube-Yam-Depth,5,avg_success,22496256,0.0
3248,WarpSAC-L,Mjlab-Lift-Cube-Yam-Depth,5,avg_success,24995840,0.0
3249,WarpSAC-L,Mjlab-Lift-Cube-Yam-Depth,5,avg_success,27495424,0.0
3250,WarpSAC-L,Mjlab-Lift-Cube-Yam-Depth,5,avg_success,29995008,0.0
3251,WarpSAC-L,Mjlab-Lift-Cube-Yam-Depth,5,avg_success,32494592,0.0
3252,WarpSAC-L,Mjlab-Lift-Cube-Yam-Depth,5,avg_success,34994176,0.0
3253,WarpSAC-L,Mjlab-Lift-Cube-Yam-Depth,5,avg_success,37493760,0.0
3254,WarpSAC-L,Mjlab-Lift-Cube-Yam-Depth,5,avg_success,39993344,0.0
3255,WarpSAC-L,Mjlab-Lift-Cube-Yam-Depth,5,avg_success,42492928,0.0
3256,WarpSAC-L,Mjlab-Lift-Cube-Yam-Depth,5,avg_success,44992512,0.0
3257,WarpSAC-L,Mjlab-Lift-Cube-Yam-Depth,5,avg_success,47492096,0.0
3258,WarpSAC-L,Mjlab-Lift-Cube-Yam-Depth,5,avg_success,49991680,0.0
3259,WarpSAC-L,Mjlab-Lift-Cube-Yam-Depth,5,avg_success,50000896,0.0
3260,WarpSAC-L,Mjlab-Lift-Cube-Yam-Rgb,1,avg_return,0,-16.7106
3261,WarpSAC-L,Mjlab-Lift-Cube-Yam-Rgb,1,avg_return,2499584,14.1806
3262,WarpSAC-L,Mjlab-Lift-Cube-Yam-Rgb,1,avg_return,4999168,14.267
3263,WarpSAC-L,Mjlab-Lift-Cube-Yam-Rgb,1,avg_return,7498752,16.3386
3264,WarpSAC-L,Mjlab-Lift-Cube-Yam-Rgb,1,avg_return,9998336,15.6811
3265,WarpSAC-L,Mjlab-Lift-Cube-Yam-Rgb,1,avg_return,12497920,16.7301
3266,WarpSAC-L,Mjlab-Lift-Cube-Yam-Rgb,1,avg_return,14997504,16.1409
3267,WarpSAC-L,Mjlab-Lift-Cube-Yam-Rgb,1,avg_return,17497088,16.062
3268,WarpSAC-L,Mjlab-Lift-Cube-Yam-Rgb,1,avg_return,19996672,15.368
3269,WarpSAC-L,Mjlab-Lift-Cube-Yam-Rgb,1,avg_return,22496256,16.5251
3270,WarpSAC-L,Mjlab-Lift-Cube-Yam-Rgb,1,avg_return,24995840,16.5544
3271,WarpSAC-L,Mjlab-Lift-Cube-Yam-Rgb,1,avg_return,27495424,15.6515
3272,WarpSAC-L,Mjlab-Lift-Cube-Yam-Rgb,1,avg_return,29995008,14.8231
3273,WarpSAC-L,Mjlab-Lift-Cube-Yam-Rgb,1,avg_return,32494592,16.2429
3274,WarpSAC-L,Mjlab-Lift-Cube-Yam-Rgb,1,avg_return,34994176,15.0831
3275,WarpSAC-L,Mjlab-Lift-Cube-Yam-Rgb,1,avg_return,37493760,15.9369
3276,WarpSAC-L,Mjlab-Lift-Cube-Yam-Rgb,1,avg_return,39993344,16.3405
3277,WarpSAC-L,Mjlab-Lift-Cube-Yam-Rgb,1,avg_return,42492928,14.5063
3278,WarpSAC-L,Mjlab-Lift-Cube-Yam-Rgb,1,avg_return,44992512,15.1044
3279,WarpSAC-L,Mjlab-Lift-Cube-Yam-Rgb,1,avg_return,47492096,15.5418
3280,WarpSAC-L,Mjlab-Lift-Cube-Yam-Rgb,1,avg_return,49991680,15.6716
3281,WarpSAC-L,Mjlab-Lift-Cube-Yam-Rgb,1,avg_return,50000896,15.7643
3282,WarpSAC-L,Mjlab-Lift-Cube-Yam-Rgb,1,avg_success,0,0.0
3283,WarpSAC-L,Mjlab-Lift-Cube-Yam-Rgb,1,avg_success,2499584,0.0
3284,WarpSAC-L,Mjlab-Lift-Cube-Yam-Rgb,1,avg_success,4999168,0.0
3285,WarpSAC-L,Mjlab-Lift-Cube-Yam-Rgb,1,avg_success,7498752,0.0
3286,WarpSAC-L,Mjlab-Lift-Cube-Yam-Rgb,1,avg_success,9998336,0.0
3287,WarpSAC-L,Mjlab-Lift-Cube-Yam-Rgb,1,avg_success,12497920,0.0
3288,WarpSAC-L,Mjlab-Lift-Cube-Yam-Rgb,1,avg_success,14997504,0.0
3289,WarpSAC-L,Mjlab-Lift-Cube-Yam-Rgb,1,avg_success,17497088,0.0
3290,WarpSAC-L,Mjlab-Lift-Cube-Yam-Rgb,1,avg_success,19996672,0.0
3291,WarpSAC-L,Mjlab-Lift-Cube-Yam-Rgb,1,avg_success,22496256,0.0
3292,WarpSAC-L,Mjlab-Lift-Cube-Yam-Rgb,1,avg_success,24995840,0.0
3293,WarpSAC-L,Mjlab-Lift-Cube-Yam-Rgb,1,avg_success,27495424,0.0
3294,WarpSAC-L,Mjlab-Lift-Cube-Yam-Rgb,1,avg_success,29995008,0.0
3295,WarpSAC-L,Mjlab-Lift-Cube-Yam-Rgb,1,avg_success,32494592,0.0
3296,WarpSAC-L,Mjlab-Lift-Cube-Yam-Rgb,1,avg_success,34994176,0.0
3297,WarpSAC-L,Mjlab-Lift-Cube-Yam-Rgb,1,avg_success,37493760,0.0
3298,WarpSAC-L,Mjlab-Lift-Cube-Yam-Rgb,1,avg_success,39993344,0.0
3299,WarpSAC-L,Mjlab-Lift-Cube-Yam-Rgb,1,avg_success,42492928,0.0
3300,WarpSAC-L,Mjlab-Lift-Cube-Yam-Rgb,1,avg_success,44992512,0.0
3301,WarpSAC-L,Mjlab-Lift-Cube-Yam-Rgb,1,avg_success,47492096,0.0
3302,WarpSAC-L,Mjlab-Lift-Cube-Yam-Rgb,1,avg_success,49991680,0.0
3303,WarpSAC-L,Mjlab-Lift-Cube-Yam-Rgb,1,avg_success,50000896,0.0
3304,WarpSAC-L,Mjlab-Lift-Cube-Yam-Rgb,2,avg_return,0,-24.3686
3305,WarpSAC-L,Mjlab-Lift-Cube-Yam-Rgb,2,avg_return,2499584,12.3628
3306,WarpSAC-L,Mjlab-Lift-Cube-Yam-Rgb,2,avg_return,4999168,15.1735
3307,WarpSAC-L,Mjlab-Lift-Cube-Yam-Rgb,2,avg_return,7498752,15.4654
3308,WarpSAC-L,Mjlab-Lift-Cube-Yam-Rgb,2,avg_return,9998336,16.2173
3309,WarpSAC-L,Mjlab-Lift-Cube-Yam-Rgb,2,avg_return,12497920,16.6631
3310,WarpSAC-L,Mjlab-Lift-Cube-Yam-Rgb,2,avg_return,14997504,16.2142
3311,WarpSAC-L,Mjlab-Lift-Cube-Yam-Rgb,2,avg_return,17497088,15.2667
3312,WarpSAC-L,Mjlab-Lift-Cube-Yam-Rgb,2,avg_return,19996672,15.2396
3313,WarpSAC-L,Mjlab-Lift-Cube-Yam-Rgb,2,avg_return,22496256,16.3059
3314,WarpSAC-L,Mjlab-Lift-Cube-Yam-Rgb,2,avg_return,24995840,15.8336
3315,WarpSAC-L,Mjlab-Lift-Cube-Yam-Rgb,2,avg_return,27495424,15.4701
3316,WarpSAC-L,Mjlab-Lift-Cube-Yam-Rgb,2,avg_return,29995008,15.2114
3317,WarpSAC-L,Mjlab-Lift-Cube-Yam-Rgb,2,avg_return,32494592,15.4546
3318,WarpSAC-L,Mjlab-Lift-Cube-Yam-Rgb,2,avg_return,34994176,15.253
3319,WarpSAC-L,Mjlab-Lift-Cube-Yam-Rgb,2,avg_return,37493760,15.405
3320,WarpSAC-L,Mjlab-Lift-Cube-Yam-Rgb,2,avg_return,39993344,15.0707
3321,WarpSAC-L,Mjlab-Lift-Cube-Yam-Rgb,2,avg_return,42492928,15.314
3322,WarpSAC-L,Mjlab-Lift-Cube-Yam-Rgb,2,avg_return,44992512,16.3724
3323,WarpSAC-L,Mjlab-Lift-Cube-Yam-Rgb,2,avg_return,47492096,15.4261
3324,WarpSAC-L,Mjlab-Lift-Cube-Yam-Rgb,2,avg_return,49991680,15.2106
3325,WarpSAC-L,Mjlab-Lift-Cube-Yam-Rgb,2,avg_return,50000896,15.3934
3326,WarpSAC-L,Mjlab-Lift-Cube-Yam-Rgb,2,avg_success,0,0.0
3327,WarpSAC-L,Mjlab-Lift-Cube-Yam-Rgb,2,avg_success,2499584,0.0
3328,WarpSAC-L,Mjlab-Lift-Cube-Yam-Rgb,2,avg_success,4999168,0.0
3329,WarpSAC-L,Mjlab-Lift-Cube-Yam-Rgb,2,avg_success,7498752,0.0
3330,WarpSAC-L,Mjlab-Lift-Cube-Yam-Rgb,2,avg_success,9998336,0.0
3331,WarpSAC-L,Mjlab-Lift-Cube-Yam-Rgb,2,avg_success,12497920,0.0
3332,WarpSAC-L,Mjlab-Lift-Cube-Yam-Rgb,2,avg_success,14997504,0.0
3333,WarpSAC-L,Mjlab-Lift-Cube-Yam-Rgb,2,avg_success,17497088,0.0
3334,WarpSAC-L,Mjlab-Lift-Cube-Yam-Rgb,2,avg_success,19996672,0.0
3335,WarpSAC-L,Mjlab-Lift-Cube-Yam-Rgb,2,avg_success,22496256,0.0
3336,WarpSAC-L,Mjlab-Lift-Cube-Yam-Rgb,2,avg_success,24995840,0.0
3337,WarpSAC-L,Mjlab-Lift-Cube-Yam-Rgb,2,avg_success,27495424,0.0
3338,WarpSAC-L,Mjlab-Lift-Cube-Yam-Rgb,2,avg_success,29995008,0.0
3339,WarpSAC-L,Mjlab-Lift-Cube-Yam-Rgb,2,avg_success,32494592,0.0
3340,WarpSAC-L,Mjlab-Lift-Cube-Yam-Rgb,2,avg_success,34994176,0.0
3341,WarpSAC-L,Mjlab-Lift-Cube-Yam-Rgb,2,avg_success,37493760,0.0
3342,WarpSAC-L,Mjlab-Lift-Cube-Yam-Rgb,2,avg_success,39993344,0.0
3343,WarpSAC-L,Mjlab-Lift-Cube-Yam-Rgb,2,avg_success,42492928,0.0
3344,WarpSAC-L,Mjlab-Lift-Cube-Yam-Rgb,2,avg_success,44992512,0.0
3345,WarpSAC-L,Mjlab-Lift-Cube-Yam-Rgb,2,avg_success,47492096,0.0
3346,WarpSAC-L,Mjlab-Lift-Cube-Yam-Rgb,2,avg_success,49991680,0.0
3347,WarpSAC-L,Mjlab-Lift-Cube-Yam-Rgb,2,avg_success,50000896,0.0
3348,WarpSAC-L,Mjlab-Lift-Cube-Yam-Rgb,3,avg_return,0,-8.272
3349,WarpSAC-L,Mjlab-Lift-Cube-Yam-Rgb,3,avg_return,2499584,14.5479
3350,WarpSAC-L,Mjlab-Lift-Cube-Yam-Rgb,3,avg_return,4999168,14.3504
3351,WarpSAC-L,Mjlab-Lift-Cube-Yam-Rgb,3,avg_return,7498752,16.4129
3352,WarpSAC-L,Mjlab-Lift-Cube-Yam-Rgb,3,avg_return,9998336,16.726
3353,WarpSAC-L,Mjlab-Lift-Cube-Yam-Rgb,3,avg_return,12497920,15.8418
3354,WarpSAC-L,Mjlab-Lift-Cube-Yam-Rgb,3,avg_return,14997504,15.9274
3355,WarpSAC-L,Mjlab-Lift-Cube-Yam-Rgb,3,avg_return,17497088,15.9168
3356,WarpSAC-L,Mjlab-Lift-Cube-Yam-Rgb,3,avg_return,19996672,16.0506
3357,WarpSAC-L,Mjlab-Lift-Cube-Yam-Rgb,3,avg_return,22496256,-17.5336
3358,WarpSAC-L,Mjlab-Lift-Cube-Yam-Rgb,3,avg_return,24995840,16.2403
3359,WarpSAC-L,Mjlab-Lift-Cube-Yam-Rgb,3,avg_return,27495424,15.941
3360,WarpSAC-L,Mjlab-Lift-Cube-Yam-Rgb,3,avg_return,29995008,15.511
3361,WarpSAC-L,Mjlab-Lift-Cube-Yam-Rgb,3,avg_return,32494592,15.031
3362,WarpSAC-L,Mjlab-Lift-Cube-Yam-Rgb,3,avg_return,34994176,16.1305
3363,WarpSAC-L,Mjlab-Lift-Cube-Yam-Rgb,3,avg_return,37493760,16.0951
3364,WarpSAC-L,Mjlab-Lift-Cube-Yam-Rgb,3,avg_return,39993344,16.0384
3365,WarpSAC-L,Mjlab-Lift-Cube-Yam-Rgb,3,avg_return,42492928,15.8004
3366,WarpSAC-L,Mjlab-Lift-Cube-Yam-Rgb,3,avg_return,44992512,15.5473
3367,WarpSAC-L,Mjlab-Lift-Cube-Yam-Rgb,3,avg_return,47492096,15.5865
3368,WarpSAC-L,Mjlab-Lift-Cube-Yam-Rgb,3,avg_return,49991680,16.2136
3369,WarpSAC-L,Mjlab-Lift-Cube-Yam-Rgb,3,avg_return,50000896,15.4087
3370,WarpSAC-L,Mjlab-Lift-Cube-Yam-Rgb,3,avg_success,0,0.0
3371,WarpSAC-L,Mjlab-Lift-Cube-Yam-Rgb,3,avg_success,2499584,0.0
3372,WarpSAC-L,Mjlab-Lift-Cube-Yam-Rgb,3,avg_success,4999168,0.0
3373,WarpSAC-L,Mjlab-Lift-Cube-Yam-Rgb,3,avg_success,7498752,0.0
3374,WarpSAC-L,Mjlab-Lift-Cube-Yam-Rgb,3,avg_success,9998336,0.0
3375,WarpSAC-L,Mjlab-Lift-Cube-Yam-Rgb,3,avg_success,12497920,0.0
3376,WarpSAC-L,Mjlab-Lift-Cube-Yam-Rgb,3,avg_success,14997504,0.0
3377,WarpSAC-L,Mjlab-Lift-Cube-Yam-Rgb,3,avg_success,17497088,0.0
3378,WarpSAC-L,Mjlab-Lift-Cube-Yam-Rgb,3,avg_success,19996672,0.0
3379,WarpSAC-L,Mjlab-Lift-Cube-Yam-Rgb,3,avg_success,22496256,0.0
3380,WarpSAC-L,Mjlab-Lift-Cube-Yam-Rgb,3,avg_success,24995840,0.0
3381,WarpSAC-L,Mjlab-Lift-Cube-Yam-Rgb,3,avg_success,27495424,0.0
3382,WarpSAC-L,Mjlab-Lift-Cube-Yam-Rgb,3,avg_success,29995008,0.0
3383,WarpSAC-L,Mjlab-Lift-Cube-Yam-Rgb,3,avg_success,32494592,0.0
3384,WarpSAC-L,Mjlab-Lift-Cube-Yam-Rgb,3,avg_success,34994176,0.0
3385,WarpSAC-L,Mjlab-Lift-Cube-Yam-Rgb,3,avg_success,37493760,0.0
3386,WarpSAC-L,Mjlab-Lift-Cube-Yam-Rgb,3,avg_success,39993344,0.0
3387,WarpSAC-L,Mjlab-Lift-Cube-Yam-Rgb,3,avg_success,42492928,0.0
3388,WarpSAC-L,Mjlab-Lift-Cube-Yam-Rgb,3,avg_success,44992512,0.0
3389,WarpSAC-L,Mjlab-Lift-Cube-Yam-Rgb,3,avg_success,47492096,0.0
3390,WarpSAC-L,Mjlab-Lift-Cube-Yam-Rgb,3,avg_success,49991680,0.0
3391,WarpSAC-L,Mjlab-Lift-Cube-Yam-Rgb,3,avg_success,50000896,0.0
3392,WarpSAC-L,Mjlab-Lift-Cube-Yam-Rgb,4,avg_return,0,-31.9383
3393,WarpSAC-L,Mjlab-Lift-Cube-Yam-Rgb,4,avg_return,2499584,13.7088
3394,WarpSAC-L,Mjlab-Lift-Cube-Yam-Rgb,4,avg_return,4999168,15.2278
3395,WarpSAC-L,Mjlab-Lift-Cube-Yam-Rgb,4,avg_return,7498752,14.439
3396,WarpSAC-L,Mjlab-Lift-Cube-Yam-Rgb,4,avg_return,9998336,15.4139
3397,WarpSAC-L,Mjlab-Lift-Cube-Yam-Rgb,4,avg_return,12497920,15.481
3398,WarpSAC-L,Mjlab-Lift-Cube-Yam-Rgb,4,avg_return,14997504,16.1155
3399,WarpSAC-L,Mjlab-Lift-Cube-Yam-Rgb,4,avg_return,17497088,14.8811
3400,WarpSAC-L,Mjlab-Lift-Cube-Yam-Rgb,4,avg_return,19996672,16.661
3401,WarpSAC-L,Mjlab-Lift-Cube-Yam-Rgb,4,avg_return,22496256,16.0581
3402,WarpSAC-L,Mjlab-Lift-Cube-Yam-Rgb,4,avg_return,24995840,15.0466
3403,WarpSAC-L,Mjlab-Lift-Cube-Yam-Rgb,4,avg_return,27495424,16.3146
3404,WarpSAC-L,Mjlab-Lift-Cube-Yam-Rgb,4,avg_return,29995008,15.8605
3405,WarpSAC-L,Mjlab-Lift-Cube-Yam-Rgb,4,avg_return,32494592,15.0703
3406,WarpSAC-L,Mjlab-Lift-Cube-Yam-Rgb,4,avg_return,34994176,15.2793
3407,WarpSAC-L,Mjlab-Lift-Cube-Yam-Rgb,4,avg_return,37493760,15.2125
3408,WarpSAC-L,Mjlab-Lift-Cube-Yam-Rgb,4,avg_return,39993344,15.7977
3409,WarpSAC-L,Mjlab-Lift-Cube-Yam-Rgb,4,avg_return,42492928,16.3695
3410,WarpSAC-L,Mjlab-Lift-Cube-Yam-Rgb,4,avg_return,44992512,16.7624
3411,WarpSAC-L,Mjlab-Lift-Cube-Yam-Rgb,4,avg_return,47492096,15.4278
3412,WarpSAC-L,Mjlab-Lift-Cube-Yam-Rgb,4,avg_return,49991680,16.496
3413,WarpSAC-L,Mjlab-Lift-Cube-Yam-Rgb,4,avg_return,50000896,15.3133
3414,WarpSAC-L,Mjlab-Lift-Cube-Yam-Rgb,4,avg_success,0,0.0
3415,WarpSAC-L,Mjlab-Lift-Cube-Yam-Rgb,4,avg_success,2499584,0.0
3416,WarpSAC-L,Mjlab-Lift-Cube-Yam-Rgb,4,avg_success,4999168,0.0
3417,WarpSAC-L,Mjlab-Lift-Cube-Yam-Rgb,4,avg_success,7498752,0.0
3418,WarpSAC-L,Mjlab-Lift-Cube-Yam-Rgb,4,avg_success,9998336,0.0
3419,WarpSAC-L,Mjlab-Lift-Cube-Yam-Rgb,4,avg_success,12497920,0.0
3420,WarpSAC-L,Mjlab-Lift-Cube-Yam-Rgb,4,avg_success,14997504,0.0
3421,WarpSAC-L,Mjlab-Lift-Cube-Yam-Rgb,4,avg_success,17497088,0.0
3422,WarpSAC-L,Mjlab-Lift-Cube-Yam-Rgb,4,avg_success,19996672,0.0
3423,WarpSAC-L,Mjlab-Lift-Cube-Yam-Rgb,4,avg_success,22496256,0.0
3424,WarpSAC-L,Mjlab-Lift-Cube-Yam-Rgb,4,avg_success,24995840,0.0
3425,WarpSAC-L,Mjlab-Lift-Cube-Yam-Rgb,4,avg_success,27495424,0.0
3426,WarpSAC-L,Mjlab-Lift-Cube-Yam-Rgb,4,avg_success,29995008,0.0
3427,WarpSAC-L,Mjlab-Lift-Cube-Yam-Rgb,4,avg_success,32494592,0.0
3428,WarpSAC-L,Mjlab-Lift-Cube-Yam-Rgb,4,avg_success,34994176,0.0
3429,WarpSAC-L,Mjlab-Lift-Cube-Yam-Rgb,4,avg_success,37493760,0.0
3430,WarpSAC-L,Mjlab-Lift-Cube-Yam-Rgb,4,avg_success,39993344,0.0
3431,WarpSAC-L,Mjlab-Lift-Cube-Yam-Rgb,4,avg_success,42492928,0.0
3432,WarpSAC-L,Mjlab-Lift-Cube-Yam-Rgb,4,avg_success,44992512,0.0
3433,WarpSAC-L,Mjlab-Lift-Cube-Yam-Rgb,4,avg_success,47492096,0.0
3434,WarpSAC-L,Mjlab-Lift-Cube-Yam-Rgb,4,avg_success,49991680,0.0
3435,WarpSAC-L,Mjlab-Lift-Cube-Yam-Rgb,4,avg_success,50000896,0.0
3436,WarpSAC-L,Mjlab-Lift-Cube-Yam-Rgb,5,avg_return,0,10.215
3437,WarpSAC-L,Mjlab-Lift-Cube-Yam-Rgb,5,avg_return,2499584,14.6672
3438,WarpSAC-L,Mjlab-Lift-Cube-Yam-Rgb,5,avg_return,4999168,14.6582
3439,WarpSAC-L,Mjlab-Lift-Cube-Yam-Rgb,5,avg_return,7498752,15.5806
3440,WarpSAC-L,Mjlab-Lift-Cube-Yam-Rgb,5,avg_return,9998336,16.2737
3441,WarpSAC-L,Mjlab-Lift-Cube-Yam-Rgb,5,avg_return,12497920,16.2927
3442,WarpSAC-L,Mjlab-Lift-Cube-Yam-Rgb,5,avg_return,14997504,15.8687
3443,WarpSAC-L,Mjlab-Lift-Cube-Yam-Rgb,5,avg_return,17497088,15.813
3444,WarpSAC-L,Mjlab-Lift-Cube-Yam-Rgb,5,avg_return,19996672,15.7151
3445,WarpSAC-L,Mjlab-Lift-Cube-Yam-Rgb,5,avg_return,22496256,15.8899
3446,WarpSAC-L,Mjlab-Lift-Cube-Yam-Rgb,5,avg_return,24995840,16.2421
3447,WarpSAC-L,Mjlab-Lift-Cube-Yam-Rgb,5,avg_return,27495424,15.5277
3448,WarpSAC-L,Mjlab-Lift-Cube-Yam-Rgb,5,avg_return,29995008,16.1357
3449,WarpSAC-L,Mjlab-Lift-Cube-Yam-Rgb,5,avg_return,32494592,16.1251
3450,WarpSAC-L,Mjlab-Lift-Cube-Yam-Rgb,5,avg_return,34994176,15.3637
3451,WarpSAC-L,Mjlab-Lift-Cube-Yam-Rgb,5,avg_return,37493760,15.4698
3452,WarpSAC-L,Mjlab-Lift-Cube-Yam-Rgb,5,avg_return,39993344,16.2512
3453,WarpSAC-L,Mjlab-Lift-Cube-Yam-Rgb,5,avg_return,42492928,15.452
3454,WarpSAC-L,Mjlab-Lift-Cube-Yam-Rgb,5,avg_return,44992512,16.0132
3455,WarpSAC-L,Mjlab-Lift-Cube-Yam-Rgb,5,avg_return,47492096,15.8423
3456,WarpSAC-L,Mjlab-Lift-Cube-Yam-Rgb,5,avg_return,49991680,16.0572
3457,WarpSAC-L,Mjlab-Lift-Cube-Yam-Rgb,5,avg_return,50000896,16.2552
3458,WarpSAC-L,Mjlab-Lift-Cube-Yam-Rgb,5,avg_success,0,0.0
3459,WarpSAC-L,Mjlab-Lift-Cube-Yam-Rgb,5,avg_success,2499584,0.0
3460,WarpSAC-L,Mjlab-Lift-Cube-Yam-Rgb,5,avg_success,4999168,0.0
3461,WarpSAC-L,Mjlab-Lift-Cube-Yam-Rgb,5,avg_success,7498752,0.0
3462,WarpSAC-L,Mjlab-Lift-Cube-Yam-Rgb,5,avg_success,9998336,0.0
3463,WarpSAC-L,Mjlab-Lift-Cube-Yam-Rgb,5,avg_success,12497920,0.0
3464,WarpSAC-L,Mjlab-Lift-Cube-Yam-Rgb,5,avg_success,14997504,0.0
3465,WarpSAC-L,Mjlab-Lift-Cube-Yam-Rgb,5,avg_success,17497088,0.0
3466,WarpSAC-L,Mjlab-Lift-Cube-Yam-Rgb,5,avg_success,19996672,0.0
3467,WarpSAC-L,Mjlab-Lift-Cube-Yam-Rgb,5,avg_success,22496256,0.0
3468,WarpSAC-L,Mjlab-Lift-Cube-Yam-Rgb,5,avg_success,24995840,0.0
3469,WarpSAC-L,Mjlab-Lift-Cube-Yam-Rgb,5,avg_success,27495424,0.0
3470,WarpSAC-L,Mjlab-Lift-Cube-Yam-Rgb,5,avg_success,29995008,0.0
3471,WarpSAC-L,Mjlab-Lift-Cube-Yam-Rgb,5,avg_success,32494592,0.0
3472,WarpSAC-L,Mjlab-Lift-Cube-Yam-Rgb,5,avg_success,34994176,0.0
3473,WarpSAC-L,Mjlab-Lift-Cube-Yam-Rgb,5,avg_success,37493760,0.0
3474,WarpSAC-L,Mjlab-Lift-Cube-Yam-Rgb,5,avg_success,39993344,0.0
3475,WarpSAC-L,Mjlab-Lift-Cube-Yam-Rgb,5,avg_success,42492928,0.0
3476,WarpSAC-L,Mjlab-Lift-Cube-Yam-Rgb,5,avg_success,44992512,0.0
3477,WarpSAC-L,Mjlab-Lift-Cube-Yam-Rgb,5,avg_success,47492096,0.0
3478,WarpSAC-L,Mjlab-Lift-Cube-Yam-Rgb,5,avg_success,49991680,0.0
3479,WarpSAC-L,Mjlab-Lift-Cube-Yam-Rgb,5,avg_success,50000896,0.0
3480,WarpSAC-L,Mjlab-Multi-Cube-Seg-Yam,1,avg_return,0,-16.847
3481,WarpSAC-L,Mjlab-Multi-Cube-Seg-Yam,1,avg_return,2499584,16.2969
3482,WarpSAC-L,Mjlab-Multi-Cube-Seg-Yam,1,avg_return,4999168,16.88
3483,WarpSAC-L,Mjlab-Multi-Cube-Seg-Yam,1,avg_return,7498752,17.9071
3484,WarpSAC-L,Mjlab-Multi-Cube-Seg-Yam,1,avg_return,9998336,17.8327
3485,WarpSAC-L,Mjlab-Multi-Cube-Seg-Yam,1,avg_return,12497920,18.1675
3486,WarpSAC-L,Mjlab-Multi-Cube-Seg-Yam,1,avg_return,14997504,17.6776
3487,WarpSAC-L,Mjlab-Multi-Cube-Seg-Yam,1,avg_return,17497088,16.2911
3488,WarpSAC-L,Mjlab-Multi-Cube-Seg-Yam,1,avg_return,19996672,17.4878
3489,WarpSAC-L,Mjlab-Multi-Cube-Seg-Yam,1,avg_return,22496256,17.884
3490,WarpSAC-L,Mjlab-Multi-Cube-Seg-Yam,1,avg_return,24995840,15.0698
3491,WarpSAC-L,Mjlab-Multi-Cube-Seg-Yam,1,avg_return,27495424,18.0377
3492,WarpSAC-L,Mjlab-Multi-Cube-Seg-Yam,1,avg_return,29995008,17.0845
3493,WarpSAC-L,Mjlab-Multi-Cube-Seg-Yam,1,avg_return,32494592,17.5454
3494,WarpSAC-L,Mjlab-Multi-Cube-Seg-Yam,1,avg_return,34994176,17.441
3495,WarpSAC-L,Mjlab-Multi-Cube-Seg-Yam,1,avg_return,37493760,17.082
3496,WarpSAC-L,Mjlab-Multi-Cube-Seg-Yam,1,avg_return,39993344,16.6412
3497,WarpSAC-L,Mjlab-Multi-Cube-Seg-Yam,1,avg_return,42492928,17.5182
3498,WarpSAC-L,Mjlab-Multi-Cube-Seg-Yam,1,avg_return,44992512,16.8502
3499,WarpSAC-L,Mjlab-Multi-Cube-Seg-Yam,1,avg_return,47492096,17.4954
3500,WarpSAC-L,Mjlab-Multi-Cube-Seg-Yam,1,avg_return,49991680,17.9042
3501,WarpSAC-L,Mjlab-Multi-Cube-Seg-Yam,1,avg_return,50000896,17.6069
3502,WarpSAC-L,Mjlab-Multi-Cube-Seg-Yam,1,avg_success,0,0.0
3503,WarpSAC-L,Mjlab-Multi-Cube-Seg-Yam,1,avg_success,2499584,0.0
3504,WarpSAC-L,Mjlab-Multi-Cube-Seg-Yam,1,avg_success,4999168,0.0
3505,WarpSAC-L,Mjlab-Multi-Cube-Seg-Yam,1,avg_success,7498752,0.0
3506,WarpSAC-L,Mjlab-Multi-Cube-Seg-Yam,1,avg_success,9998336,0.0
3507,WarpSAC-L,Mjlab-Multi-Cube-Seg-Yam,1,avg_success,12497920,0.0
3508,WarpSAC-L,Mjlab-Multi-Cube-Seg-Yam,1,avg_success,14997504,0.0
3509,WarpSAC-L,Mjlab-Multi-Cube-Seg-Yam,1,avg_success,17497088,0.0
3510,WarpSAC-L,Mjlab-Multi-Cube-Seg-Yam,1,avg_success,19996672,0.0
3511,WarpSAC-L,Mjlab-Multi-Cube-Seg-Yam,1,avg_success,22496256,0.0
3512,WarpSAC-L,Mjlab-Multi-Cube-Seg-Yam,1,avg_success,24995840,0.0
3513,WarpSAC-L,Mjlab-Multi-Cube-Seg-Yam,1,avg_success,27495424,0.0
3514,WarpSAC-L,Mjlab-Multi-Cube-Seg-Yam,1,avg_success,29995008,0.0
3515,WarpSAC-L,Mjlab-Multi-Cube-Seg-Yam,1,avg_success,32494592,0.0
3516,WarpSAC-L,Mjlab-Multi-Cube-Seg-Yam,1,avg_success,34994176,0.0
3517,WarpSAC-L,Mjlab-Multi-Cube-Seg-Yam,1,avg_success,37493760,0.0
3518,WarpSAC-L,Mjlab-Multi-Cube-Seg-Yam,1,avg_success,39993344,0.0
3519,WarpSAC-L,Mjlab-Multi-Cube-Seg-Yam,1,avg_success,42492928,0.0
3520,WarpSAC-L,Mjlab-Multi-Cube-Seg-Yam,1,avg_success,44992512,0.0
3521,WarpSAC-L,Mjlab-Multi-Cube-Seg-Yam,1,avg_success,47492096,0.0
3522,WarpSAC-L,Mjlab-Multi-Cube-Seg-Yam,1,avg_success,49991680,0.0
3523,WarpSAC-L,Mjlab-Multi-Cube-Seg-Yam,1,avg_success,50000896,0.0
3524,WarpSAC-L,Mjlab-Multi-Cube-Seg-Yam,2,avg_return,0,-22.702
3525,WarpSAC-L,Mjlab-Multi-Cube-Seg-Yam,2,avg_return,2499584,15.1955
3526,WarpSAC-L,Mjlab-Multi-Cube-Seg-Yam,2,avg_return,4999168,16.1676
3527,WarpSAC-L,Mjlab-Multi-Cube-Seg-Yam,2,avg_return,7498752,17.2783
3528,WarpSAC-L,Mjlab-Multi-Cube-Seg-Yam,2,avg_return,9998336,17.5223
3529,WarpSAC-L,Mjlab-Multi-Cube-Seg-Yam,2,avg_return,12497920,18.156
3530,WarpSAC-L,Mjlab-Multi-Cube-Seg-Yam,2,avg_return,14997504,18.1389
3531,WarpSAC-L,Mjlab-Multi-Cube-Seg-Yam,2,avg_return,17497088,17.5676
3532,WarpSAC-L,Mjlab-Multi-Cube-Seg-Yam,2,avg_return,19996672,18.2568
3533,WarpSAC-L,Mjlab-Multi-Cube-Seg-Yam,2,avg_return,22496256,18.0176
3534,WarpSAC-L,Mjlab-Multi-Cube-Seg-Yam,2,avg_return,24995840,11.9156
3535,WarpSAC-L,Mjlab-Multi-Cube-Seg-Yam,2,avg_return,27495424,18.0231
3536,WarpSAC-L,Mjlab-Multi-Cube-Seg-Yam,2,avg_return,29995008,17.5935
3537,WarpSAC-L,Mjlab-Multi-Cube-Seg-Yam,2,avg_return,32494592,17.8807
3538,WarpSAC-L,Mjlab-Multi-Cube-Seg-Yam,2,avg_return,34994176,16.5749
3539,WarpSAC-L,Mjlab-Multi-Cube-Seg-Yam,2,avg_return,37493760,17.6425
3540,WarpSAC-L,Mjlab-Multi-Cube-Seg-Yam,2,avg_return,39993344,17.6633
3541,WarpSAC-L,Mjlab-Multi-Cube-Seg-Yam,2,avg_return,42492928,17.0193
3542,WarpSAC-L,Mjlab-Multi-Cube-Seg-Yam,2,avg_return,44992512,18.0528
3543,WarpSAC-L,Mjlab-Multi-Cube-Seg-Yam,2,avg_return,47492096,16.9268
3544,WarpSAC-L,Mjlab-Multi-Cube-Seg-Yam,2,avg_return,49991680,17.347
3545,WarpSAC-L,Mjlab-Multi-Cube-Seg-Yam,2,avg_return,50000896,17.5456
3546,WarpSAC-L,Mjlab-Multi-Cube-Seg-Yam,2,avg_success,0,0.0
3547,WarpSAC-L,Mjlab-Multi-Cube-Seg-Yam,2,avg_success,2499584,0.0
3548,WarpSAC-L,Mjlab-Multi-Cube-Seg-Yam,2,avg_success,4999168,0.0
3549,WarpSAC-L,Mjlab-Multi-Cube-Seg-Yam,2,avg_success,7498752,0.0
3550,WarpSAC-L,Mjlab-Multi-Cube-Seg-Yam,2,avg_success,9998336,0.0
3551,WarpSAC-L,Mjlab-Multi-Cube-Seg-Yam,2,avg_success,12497920,0.0
3552,WarpSAC-L,Mjlab-Multi-Cube-Seg-Yam,2,avg_success,14997504,0.0
3553,WarpSAC-L,Mjlab-Multi-Cube-Seg-Yam,2,avg_success,17497088,0.0
3554,WarpSAC-L,Mjlab-Multi-Cube-Seg-Yam,2,avg_success,19996672,0.0
3555,WarpSAC-L,Mjlab-Multi-Cube-Seg-Yam,2,avg_success,22496256,0.0
3556,WarpSAC-L,Mjlab-Multi-Cube-Seg-Yam,2,avg_success,24995840,0.0
3557,WarpSAC-L,Mjlab-Multi-Cube-Seg-Yam,2,avg_success,27495424,0.0
3558,WarpSAC-L,Mjlab-Multi-Cube-Seg-Yam,2,avg_success,29995008,0.0
3559,WarpSAC-L,Mjlab-Multi-Cube-Seg-Yam,2,avg_success,32494592,0.0
3560,WarpSAC-L,Mjlab-Multi-Cube-Seg-Yam,2,avg_success,34994176,0.0
3561,WarpSAC-L,Mjlab-Multi-Cube-Seg-Yam,2,avg_success,37493760,0.0
3562,WarpSAC-L,Mjlab-Multi-Cube-Seg-Yam,2,avg_success,39993344,0.0
3563,WarpSAC-L,Mjlab-Multi-Cube-Seg-Yam,2,avg_success,42492928,0.0
3564,WarpSAC-L,Mjlab-Multi-Cube-Seg-Yam,2,avg_success,44992512,0.0
3565,WarpSAC-L,Mjlab-Multi-Cube-Seg-Yam,2,avg_success,47492096,0.0
3566,WarpSAC-L,Mjlab-Multi-Cube-Seg-Yam,2,avg_success,49991680,0.0
3567,WarpSAC-L,Mjlab-Multi-Cube-Seg-Yam,2,avg_success,50000896,0.0
3568,WarpSAC-L,Mjlab-Multi-Cube-Seg-Yam,3,avg_return,0,-7.8186
3569,WarpSAC-L,Mjlab-Multi-Cube-Seg-Yam,3,avg_return,2499584,16.095
3570,WarpSAC-L,Mjlab-Multi-Cube-Seg-Yam,3,avg_return,4999168,17.0176
3571,WarpSAC-L,Mjlab-Multi-Cube-Seg-Yam,3,avg_return,7498752,18.3109
3572,WarpSAC-L,Mjlab-Multi-Cube-Seg-Yam,3,avg_return,9998336,18.1738
3573,WarpSAC-L,Mjlab-Multi-Cube-Seg-Yam,3,avg_return,12497920,18.5595
3574,WarpSAC-L,Mjlab-Multi-Cube-Seg-Yam,3,avg_return,14997504,18.4796
3575,WarpSAC-L,Mjlab-Multi-Cube-Seg-Yam,3,avg_return,17497088,17.7613
3576,WarpSAC-L,Mjlab-Multi-Cube-Seg-Yam,3,avg_return,19996672,17.3584
3577,WarpSAC-L,Mjlab-Multi-Cube-Seg-Yam,3,avg_return,22496256,16.5316
3578,WarpSAC-L,Mjlab-Multi-Cube-Seg-Yam,3,avg_return,24995840,17.1213
3579,WarpSAC-L,Mjlab-Multi-Cube-Seg-Yam,3,avg_return,27495424,17.7412
3580,WarpSAC-L,Mjlab-Multi-Cube-Seg-Yam,3,avg_return,29995008,17.1673
3581,WarpSAC-L,Mjlab-Multi-Cube-Seg-Yam,3,avg_return,32494592,17.5357
3582,WarpSAC-L,Mjlab-Multi-Cube-Seg-Yam,3,avg_return,34994176,17.6295
3583,WarpSAC-L,Mjlab-Multi-Cube-Seg-Yam,3,avg_return,37493760,17.2438
3584,WarpSAC-L,Mjlab-Multi-Cube-Seg-Yam,3,avg_return,39993344,17.4466
3585,WarpSAC-L,Mjlab-Multi-Cube-Seg-Yam,3,avg_return,42492928,17.4247
3586,WarpSAC-L,Mjlab-Multi-Cube-Seg-Yam,3,avg_return,44992512,17.5079
3587,WarpSAC-L,Mjlab-Multi-Cube-Seg-Yam,3,avg_return,47492096,17.4033
3588,WarpSAC-L,Mjlab-Multi-Cube-Seg-Yam,3,avg_return,49991680,17.4529
3589,WarpSAC-L,Mjlab-Multi-Cube-Seg-Yam,3,avg_return,50000896,17.6422
3590,WarpSAC-L,Mjlab-Multi-Cube-Seg-Yam,3,avg_success,0,0.0
3591,WarpSAC-L,Mjlab-Multi-Cube-Seg-Yam,3,avg_success,2499584,0.0
3592,WarpSAC-L,Mjlab-Multi-Cube-Seg-Yam,3,avg_success,4999168,0.0
3593,WarpSAC-L,Mjlab-Multi-Cube-Seg-Yam,3,avg_success,7498752,0.0
3594,WarpSAC-L,Mjlab-Multi-Cube-Seg-Yam,3,avg_success,9998336,0.0
3595,WarpSAC-L,Mjlab-Multi-Cube-Seg-Yam,3,avg_success,12497920,0.0
3596,WarpSAC-L,Mjlab-Multi-Cube-Seg-Yam,3,avg_success,14997504,0.0
3597,WarpSAC-L,Mjlab-Multi-Cube-Seg-Yam,3,avg_success,17497088,0.0
3598,WarpSAC-L,Mjlab-Multi-Cube-Seg-Yam,3,avg_success,19996672,0.0
3599,WarpSAC-L,Mjlab-Multi-Cube-Seg-Yam,3,avg_success,22496256,0.0
3600,WarpSAC-L,Mjlab-Multi-Cube-Seg-Yam,3,avg_success,24995840,0.0
3601,WarpSAC-L,Mjlab-Multi-Cube-Seg-Yam,3,avg_success,27495424,0.0
3602,WarpSAC-L,Mjlab-Multi-Cube-Seg-Yam,3,avg_success,29995008,0.0
3603,WarpSAC-L,Mjlab-Multi-Cube-Seg-Yam,3,avg_success,32494592,0.0
3604,WarpSAC-L,Mjlab-Multi-Cube-Seg-Yam,3,avg_success,34994176,0.0
3605,WarpSAC-L,Mjlab-Multi-Cube-Seg-Yam,3,avg_success,37493760,0.0
3606,WarpSAC-L,Mjlab-Multi-Cube-Seg-Yam,3,avg_success,39993344,0.0
3607,WarpSAC-L,Mjlab-Multi-Cube-Seg-Yam,3,avg_success,42492928,0.0
3608,WarpSAC-L,Mjlab-Multi-Cube-Seg-Yam,3,avg_success,44992512,0.0
3609,WarpSAC-L,Mjlab-Multi-Cube-Seg-Yam,3,avg_success,47492096,0.0
3610,WarpSAC-L,Mjlab-Multi-Cube-Seg-Yam,3,avg_success,49991680,0.0
3611,WarpSAC-L,Mjlab-Multi-Cube-Seg-Yam,3,avg_success,50000896,0.0
3612,WarpSAC-L,Mjlab-Multi-Cube-Seg-Yam,4,avg_return,0,-30.9531
3613,WarpSAC-L,Mjlab-Multi-Cube-Seg-Yam,4,avg_return,2499584,15.3666
3614,WarpSAC-L,Mjlab-Multi-Cube-Seg-Yam,4,avg_return,4999168,16.4671
3615,WarpSAC-L,Mjlab-Multi-Cube-Seg-Yam,4,avg_return,7498752,17.9361
3616,WarpSAC-L,Mjlab-Multi-Cube-Seg-Yam,4,avg_return,9998336,17.5555
3617,WarpSAC-L,Mjlab-Multi-Cube-Seg-Yam,4,avg_return,12497920,17.9267
3618,WarpSAC-L,Mjlab-Multi-Cube-Seg-Yam,4,avg_return,14997504,17.8276
3619,WarpSAC-L,Mjlab-Multi-Cube-Seg-Yam,4,avg_return,17497088,17.2721
3620,WarpSAC-L,Mjlab-Multi-Cube-Seg-Yam,4,avg_return,19996672,18.0855
3621,WarpSAC-L,Mjlab-Multi-Cube-Seg-Yam,4,avg_return,22496256,15.7799
3622,WarpSAC-L,Mjlab-Multi-Cube-Seg-Yam,4,avg_return,24995840,18.0279
3623,WarpSAC-L,Mjlab-Multi-Cube-Seg-Yam,4,avg_return,27495424,17.2283
3624,WarpSAC-L,Mjlab-Multi-Cube-Seg-Yam,4,avg_return,29995008,17.3418
3625,WarpSAC-L,Mjlab-Multi-Cube-Seg-Yam,4,avg_return,32494592,16.7837
3626,WarpSAC-L,Mjlab-Multi-Cube-Seg-Yam,4,avg_return,34994176,18.0368
3627,WarpSAC-L,Mjlab-Multi-Cube-Seg-Yam,4,avg_return,37493760,16.89
3628,WarpSAC-L,Mjlab-Multi-Cube-Seg-Yam,4,avg_return,39993344,17.7802
3629,WarpSAC-L,Mjlab-Multi-Cube-Seg-Yam,4,avg_return,42492928,16.9276
3630,WarpSAC-L,Mjlab-Multi-Cube-Seg-Yam,4,avg_return,44992512,17.0678
3631,WarpSAC-L,Mjlab-Multi-Cube-Seg-Yam,4,avg_return,47492096,17.4069
3632,WarpSAC-L,Mjlab-Multi-Cube-Seg-Yam,4,avg_return,49991680,16.9051
3633,WarpSAC-L,Mjlab-Multi-Cube-Seg-Yam,4,avg_return,50000896,17.6286
3634,WarpSAC-L,Mjlab-Multi-Cube-Seg-Yam,4,avg_success,0,0.0
3635,WarpSAC-L,Mjlab-Multi-Cube-Seg-Yam,4,avg_success,2499584,0.0
3636,WarpSAC-L,Mjlab-Multi-Cube-Seg-Yam,4,avg_success,4999168,0.0
3637,WarpSAC-L,Mjlab-Multi-Cube-Seg-Yam,4,avg_success,7498752,0.0
3638,WarpSAC-L,Mjlab-Multi-Cube-Seg-Yam,4,avg_success,9998336,0.0
3639,WarpSAC-L,Mjlab-Multi-Cube-Seg-Yam,4,avg_success,12497920,0.0
3640,WarpSAC-L,Mjlab-Multi-Cube-Seg-Yam,4,avg_success,14997504,0.0
3641,WarpSAC-L,Mjlab-Multi-Cube-Seg-Yam,4,avg_success,17497088,0.0
3642,WarpSAC-L,Mjlab-Multi-Cube-Seg-Yam,4,avg_success,19996672,0.0
3643,WarpSAC-L,Mjlab-Multi-Cube-Seg-Yam,4,avg_success,22496256,0.0
3644,WarpSAC-L,Mjlab-Multi-Cube-Seg-Yam,4,avg_success,24995840,0.0
3645,WarpSAC-L,Mjlab-Multi-Cube-Seg-Yam,4,avg_success,27495424,0.0
3646,WarpSAC-L,Mjlab-Multi-Cube-Seg-Yam,4,avg_success,29995008,0.0
3647,WarpSAC-L,Mjlab-Multi-Cube-Seg-Yam,4,avg_success,32494592,0.0
3648,WarpSAC-L,Mjlab-Multi-Cube-Seg-Yam,4,avg_success,34994176,0.0
3649,WarpSAC-L,Mjlab-Multi-Cube-Seg-Yam,4,avg_success,37493760,0.0
3650,WarpSAC-L,Mjlab-Multi-Cube-Seg-Yam,4,avg_success,39993344,0.0
3651,WarpSAC-L,Mjlab-Multi-Cube-Seg-Yam,4,avg_success,42492928,0.0
3652,WarpSAC-L,Mjlab-Multi-Cube-Seg-Yam,4,avg_success,44992512,0.0
3653,WarpSAC-L,Mjlab-Multi-Cube-Seg-Yam,4,avg_success,47492096,0.0
3654,WarpSAC-L,Mjlab-Multi-Cube-Seg-Yam,4,avg_success,49991680,0.0
3655,WarpSAC-L,Mjlab-Multi-Cube-Seg-Yam,4,avg_success,50000896,0.0
3656,WarpSAC-L,Mjlab-Multi-Cube-Seg-Yam,5,avg_return,0,11.8866
3657,WarpSAC-L,Mjlab-Multi-Cube-Seg-Yam,5,avg_return,2499584,14.8617
3658,WarpSAC-L,Mjlab-Multi-Cube-Seg-Yam,5,avg_return,4999168,17.6256
3659,WarpSAC-L,Mjlab-Multi-Cube-Seg-Yam,5,avg_return,7498752,17.5179
3660,WarpSAC-L,Mjlab-Multi-Cube-Seg-Yam,5,avg_return,9998336,18.1637
3661,WarpSAC-L,Mjlab-Multi-Cube-Seg-Yam,5,avg_return,12497920,18.5691
3662,WarpSAC-L,Mjlab-Multi-Cube-Seg-Yam,5,avg_return,14997504,17.7925
3663,WarpSAC-L,Mjlab-Multi-Cube-Seg-Yam,5,avg_return,17497088,18.4994
3664,WarpSAC-L,Mjlab-Multi-Cube-Seg-Yam,5,avg_return,19996672,17.9977
3665,WarpSAC-L,Mjlab-Multi-Cube-Seg-Yam,5,avg_return,22496256,17.1354
3666,WarpSAC-L,Mjlab-Multi-Cube-Seg-Yam,5,avg_return,24995840,17.4398
3667,WarpSAC-L,Mjlab-Multi-Cube-Seg-Yam,5,avg_return,27495424,17.5695
3668,WarpSAC-L,Mjlab-Multi-Cube-Seg-Yam,5,avg_return,29995008,17.712
3669,WarpSAC-L,Mjlab-Multi-Cube-Seg-Yam,5,avg_return,32494592,17.2997
3670,WarpSAC-L,Mjlab-Multi-Cube-Seg-Yam,5,avg_return,34994176,16.7943
3671,WarpSAC-L,Mjlab-Multi-Cube-Seg-Yam,5,avg_return,37493760,17.3603
3672,WarpSAC-L,Mjlab-Multi-Cube-Seg-Yam,5,avg_return,39993344,16.8305
3673,WarpSAC-L,Mjlab-Multi-Cube-Seg-Yam,5,avg_return,42492928,17.4057
3674,WarpSAC-L,Mjlab-Multi-Cube-Seg-Yam,5,avg_return,44992512,17.9958
3675,WarpSAC-L,Mjlab-Multi-Cube-Seg-Yam,5,avg_return,47492096,17.2294
3676,WarpSAC-L,Mjlab-Multi-Cube-Seg-Yam,5,avg_return,49991680,17.5472
3677,WarpSAC-L,Mjlab-Multi-Cube-Seg-Yam,5,avg_return,50000896,18.0315
3678,WarpSAC-L,Mjlab-Multi-Cube-Seg-Yam,5,avg_success,0,0.0
3679,WarpSAC-L,Mjlab-Multi-Cube-Seg-Yam,5,avg_success,2499584,0.0
3680,WarpSAC-L,Mjlab-Multi-Cube-Seg-Yam,5,avg_success,4999168,0.0
3681,WarpSAC-L,Mjlab-Multi-Cube-Seg-Yam,5,avg_success,7498752,0.0
3682,WarpSAC-L,Mjlab-Multi-Cube-Seg-Yam,5,avg_success,9998336,0.0
3683,WarpSAC-L,Mjlab-Multi-Cube-Seg-Yam,5,avg_success,12497920,0.0
3684,WarpSAC-L,Mjlab-Multi-Cube-Seg-Yam,5,avg_success,14997504,0.0
3685,WarpSAC-L,Mjlab-Multi-Cube-Seg-Yam,5,avg_success,17497088,0.0
3686,WarpSAC-L,Mjlab-Multi-Cube-Seg-Yam,5,avg_success,19996672,0.0
3687,WarpSAC-L,Mjlab-Multi-Cube-Seg-Yam,5,avg_success,22496256,0.0
3688,WarpSAC-L,Mjlab-Multi-Cube-Seg-Yam,5,avg_success,24995840,0.0
3689,WarpSAC-L,Mjlab-Multi-Cube-Seg-Yam,5,avg_success,27495424,0.0
3690,WarpSAC-L,Mjlab-Multi-Cube-Seg-Yam,5,avg_success,29995008,0.0
3691,WarpSAC-L,Mjlab-Multi-Cube-Seg-Yam,5,avg_success,32494592,0.0
3692,WarpSAC-L,Mjlab-Multi-Cube-Seg-Yam,5,avg_success,34994176,0.0
3693,WarpSAC-L,Mjlab-Multi-Cube-Seg-Yam,5,avg_success,37493760,0.0
3694,WarpSAC-L,Mjlab-Multi-Cube-Seg-Yam,5,avg_success,39993344,0.0
3695,WarpSAC-L,Mjlab-Multi-Cube-Seg-Yam,5,avg_success,42492928,0.0
3696,WarpSAC-L,Mjlab-Multi-Cube-Seg-Yam,5,avg_success,44992512,0.0
3697,WarpSAC-L,Mjlab-Multi-Cube-Seg-Yam,5,avg_success,47492096,0.0
3698,WarpSAC-L,Mjlab-Multi-Cube-Seg-Yam,5,avg_success,49991680,0.0
3699,WarpSAC-L,Mjlab-Multi-Cube-Seg-Yam,5,avg_success,50000896,0.0
3700,WarpSAC-L,Mjlab-Velocity-Flat-Unitree-G1,1,avg_return,0,-2.1893
3701,WarpSAC-L,Mjlab-Velocity-Flat-Unitree-G1,1,avg_return,2499584,4.5885
3702,WarpSAC-L,Mjlab-Velocity-Flat-Unitree-G1,1,avg_return,4999168,12.0734
3703,WarpSAC-L,Mjlab-Velocity-Flat-Unitree-G1,1,avg_return,7498752,13.0853
3704,WarpSAC-L,Mjlab-Velocity-Flat-Unitree-G1,1,avg_return,9998336,12.8409
3705,WarpSAC-L,Mjlab-Velocity-Flat-Unitree-G1,1,avg_return,12497920,23.9691
3706,WarpSAC-L,Mjlab-Velocity-Flat-Unitree-G1,1,avg_return,14997504,48.4595
3707,WarpSAC-L,Mjlab-Velocity-Flat-Unitree-G1,1,avg_return,17497088,59.5693
3708,WarpSAC-L,Mjlab-Velocity-Flat-Unitree-G1,1,avg_return,19996672,70.4915
3709,WarpSAC-L,Mjlab-Velocity-Flat-Unitree-G1,1,avg_return,22496256,72.8787
3710,WarpSAC-L,Mjlab-Velocity-Flat-Unitree-G1,1,avg_return,24995840,77.6656
3711,WarpSAC-L,Mjlab-Velocity-Flat-Unitree-G1,1,avg_return,27495424,80.1624
3712,WarpSAC-L,Mjlab-Velocity-Flat-Unitree-G1,1,avg_return,29995008,84.4422
3713,WarpSAC-L,Mjlab-Velocity-Flat-Unitree-G1,1,avg_return,32494592,85.3142
3714,WarpSAC-L,Mjlab-Velocity-Flat-Unitree-G1,1,avg_return,34994176,87.4725
3715,WarpSAC-L,Mjlab-Velocity-Flat-Unitree-G1,1,avg_return,37493760,89.7407
3716,WarpSAC-L,Mjlab-Velocity-Flat-Unitree-G1,1,avg_return,39993344,92.1795
3717,WarpSAC-L,Mjlab-Velocity-Flat-Unitree-G1,1,avg_return,42492928,90.5319
3718,WarpSAC-L,Mjlab-Velocity-Flat-Unitree-G1,1,avg_return,44992512,93.0734
3719,WarpSAC-L,Mjlab-Velocity-Flat-Unitree-G1,1,avg_return,47492096,92.698
3720,WarpSAC-L,Mjlab-Velocity-Flat-Unitree-G1,1,avg_return,49991680,92.7665
3721,WarpSAC-L,Mjlab-Velocity-Flat-Unitree-G1,1,avg_return,50000896,92.9764
3722,WarpSAC-L,Mjlab-Velocity-Flat-Unitree-G1,1,avg_success,0,0.0
3723,WarpSAC-L,Mjlab-Velocity-Flat-Unitree-G1,1,avg_success,2499584,0.0
3724,WarpSAC-L,Mjlab-Velocity-Flat-Unitree-G1,1,avg_success,4999168,0.0
3725,WarpSAC-L,Mjlab-Velocity-Flat-Unitree-G1,1,avg_success,7498752,0.0
3726,WarpSAC-L,Mjlab-Velocity-Flat-Unitree-G1,1,avg_success,9998336,0.0
3727,WarpSAC-L,Mjlab-Velocity-Flat-Unitree-G1,1,avg_success,12497920,0.0
3728,WarpSAC-L,Mjlab-Velocity-Flat-Unitree-G1,1,avg_success,14997504,0.0
3729,WarpSAC-L,Mjlab-Velocity-Flat-Unitree-G1,1,avg_success,17497088,0.0
3730,WarpSAC-L,Mjlab-Velocity-Flat-Unitree-G1,1,avg_success,19996672,0.0
3731,WarpSAC-L,Mjlab-Velocity-Flat-Unitree-G1,1,avg_success,22496256,0.0
3732,WarpSAC-L,Mjlab-Velocity-Flat-Unitree-G1,1,avg_success,24995840,0.0
3733,WarpSAC-L,Mjlab-Velocity-Flat-Unitree-G1,1,avg_success,27495424,0.0
3734,WarpSAC-L,Mjlab-Velocity-Flat-Unitree-G1,1,avg_success,29995008,0.0
3735,WarpSAC-L,Mjlab-Velocity-Flat-Unitree-G1,1,avg_success,32494592,0.0
3736,WarpSAC-L,Mjlab-Velocity-Flat-Unitree-G1,1,avg_success,34994176,0.0
3737,WarpSAC-L,Mjlab-Velocity-Flat-Unitree-G1,1,avg_success,37493760,0.0
3738,WarpSAC-L,Mjlab-Velocity-Flat-Unitree-G1,1,avg_success,39993344,0.0
3739,WarpSAC-L,Mjlab-Velocity-Flat-Unitree-G1,1,avg_success,42492928,0.0
3740,WarpSAC-L,Mjlab-Velocity-Flat-Unitree-G1,1,avg_success,44992512,0.0
3741,WarpSAC-L,Mjlab-Velocity-Flat-Unitree-G1,1,avg_success,47492096,0.0
3742,WarpSAC-L,Mjlab-Velocity-Flat-Unitree-G1,1,avg_success,49991680,0.0
3743,WarpSAC-L,Mjlab-Velocity-Flat-Unitree-G1,1,avg_success,50000896,0.0
3744,WarpSAC-L,Mjlab-Velocity-Flat-Unitree-G1,2,avg_return,0,-2.5922
3745,WarpSAC-L,Mjlab-Velocity-Flat-Unitree-G1,2,avg_return,2499584,8.5816
3746,WarpSAC-L,Mjlab-Velocity-Flat-Unitree-G1,2,avg_return,4999168,18.9137
3747,WarpSAC-L,Mjlab-Velocity-Flat-Unitree-G1,2,avg_return,7498752,13.8003
3748,WarpSAC-L,Mjlab-Velocity-Flat-Unitree-G1,2,avg_return,9998336,30.3466
3749,WarpSAC-L,Mjlab-Velocity-Flat-Unitree-G1,2,avg_return,12497920,40.0495
3750,WarpSAC-L,Mjlab-Velocity-Flat-Unitree-G1,2,avg_return,14997504,63.4341
3751,WarpSAC-L,Mjlab-Velocity-Flat-Unitree-G1,2,avg_return,17497088,72.7237
3752,WarpSAC-L,Mjlab-Velocity-Flat-Unitree-G1,2,avg_return,19996672,72.7438
3753,WarpSAC-L,Mjlab-Velocity-Flat-Unitree-G1,2,avg_return,22496256,76.9275
3754,WarpSAC-L,Mjlab-Velocity-Flat-Unitree-G1,2,avg_return,24995840,79.1408
3755,WarpSAC-L,Mjlab-Velocity-Flat-Unitree-G1,2,avg_return,27495424,80.5923
3756,WarpSAC-L,Mjlab-Velocity-Flat-Unitree-G1,2,avg_return,29995008,84.4835
3757,WarpSAC-L,Mjlab-Velocity-Flat-Unitree-G1,2,avg_return,32494592,86.6626
3758,WarpSAC-L,Mjlab-Velocity-Flat-Unitree-G1,2,avg_return,34994176,87.6357
3759,WarpSAC-L,Mjlab-Velocity-Flat-Unitree-G1,2,avg_return,37493760,91.5348
3760,WarpSAC-L,Mjlab-Velocity-Flat-Unitree-G1,2,avg_return,39993344,90.0633
3761,WarpSAC-L,Mjlab-Velocity-Flat-Unitree-G1,2,avg_return,42492928,90.9807
3762,WarpSAC-L,Mjlab-Velocity-Flat-Unitree-G1,2,avg_return,44992512,92.5089
3763,WarpSAC-L,Mjlab-Velocity-Flat-Unitree-G1,2,avg_return,47492096,92.4648
3764,WarpSAC-L,Mjlab-Velocity-Flat-Unitree-G1,2,avg_return,49991680,92.5682
3765,WarpSAC-L,Mjlab-Velocity-Flat-Unitree-G1,2,avg_return,50000896,91.7071
3766,WarpSAC-L,Mjlab-Velocity-Flat-Unitree-G1,2,avg_success,0,0.0
3767,WarpSAC-L,Mjlab-Velocity-Flat-Unitree-G1,2,avg_success,2499584,0.0
3768,WarpSAC-L,Mjlab-Velocity-Flat-Unitree-G1,2,avg_success,4999168,0.0
3769,WarpSAC-L,Mjlab-Velocity-Flat-Unitree-G1,2,avg_success,7498752,0.0
3770,WarpSAC-L,Mjlab-Velocity-Flat-Unitree-G1,2,avg_success,9998336,0.0
3771,WarpSAC-L,Mjlab-Velocity-Flat-Unitree-G1,2,avg_success,12497920,0.0
3772,WarpSAC-L,Mjlab-Velocity-Flat-Unitree-G1,2,avg_success,14997504,0.0
3773,WarpSAC-L,Mjlab-Velocity-Flat-Unitree-G1,2,avg_success,17497088,0.0
3774,WarpSAC-L,Mjlab-Velocity-Flat-Unitree-G1,2,avg_success,19996672,0.0
3775,WarpSAC-L,Mjlab-Velocity-Flat-Unitree-G1,2,avg_success,22496256,0.0
3776,WarpSAC-L,Mjlab-Velocity-Flat-Unitree-G1,2,avg_success,24995840,0.0
3777,WarpSAC-L,Mjlab-Velocity-Flat-Unitree-G1,2,avg_success,27495424,0.0
3778,WarpSAC-L,Mjlab-Velocity-Flat-Unitree-G1,2,avg_success,29995008,0.0
3779,WarpSAC-L,Mjlab-Velocity-Flat-Unitree-G1,2,avg_success,32494592,0.0
3780,WarpSAC-L,Mjlab-Velocity-Flat-Unitree-G1,2,avg_success,34994176,0.0
3781,WarpSAC-L,Mjlab-Velocity-Flat-Unitree-G1,2,avg_success,37493760,0.0
3782,WarpSAC-L,Mjlab-Velocity-Flat-Unitree-G1,2,avg_success,39993344,0.0
3783,WarpSAC-L,Mjlab-Velocity-Flat-Unitree-G1,2,avg_success,42492928,0.0
3784,WarpSAC-L,Mjlab-Velocity-Flat-Unitree-G1,2,avg_success,44992512,0.0
3785,WarpSAC-L,Mjlab-Velocity-Flat-Unitree-G1,2,avg_success,47492096,0.0
3786,WarpSAC-L,Mjlab-Velocity-Flat-Unitree-G1,2,avg_success,49991680,0.0
3787,WarpSAC-L,Mjlab-Velocity-Flat-Unitree-G1,2,avg_success,50000896,0.0
3788,WarpSAC-L,Mjlab-Velocity-Flat-Unitree-G1,3,avg_return,0,-2.9084
3789,WarpSAC-L,Mjlab-Velocity-Flat-Unitree-G1,3,avg_return,2499584,5.2211
3790,WarpSAC-L,Mjlab-Velocity-Flat-Unitree-G1,3,avg_return,4999168,19.9409
3791,WarpSAC-L,Mjlab-Velocity-Flat-Unitree-G1,3,avg_return,7498752,13.5002
3792,WarpSAC-L,Mjlab-Velocity-Flat-Unitree-G1,3,avg_return,9998336,18.0341
3793,WarpSAC-L,Mjlab-Velocity-Flat-Unitree-G1,3,avg_return,12497920,32.5465
3794,WarpSAC-L,Mjlab-Velocity-Flat-Unitree-G1,3,avg_return,14997504,64.5825
3795,WarpSAC-L,Mjlab-Velocity-Flat-Unitree-G1,3,avg_return,17497088,69.8751
3796,WarpSAC-L,Mjlab-Velocity-Flat-Unitree-G1,3,avg_return,19996672,75.3831
3797,WarpSAC-L,Mjlab-Velocity-Flat-Unitree-G1,3,avg_return,22496256,76.5925
3798,WarpSAC-L,Mjlab-Velocity-Flat-Unitree-G1,3,avg_return,24995840,78.9926
3799,WarpSAC-L,Mjlab-Velocity-Flat-Unitree-G1,3,avg_return,27495424,83.5944
3800,WarpSAC-L,Mjlab-Velocity-Flat-Unitree-G1,3,avg_return,29995008,82.6501
3801,WarpSAC-L,Mjlab-Velocity-Flat-Unitree-G1,3,avg_return,32494592,85.3951
3802,WarpSAC-L,Mjlab-Velocity-Flat-Unitree-G1,3,avg_return,34994176,88.4907
3803,WarpSAC-L,Mjlab-Velocity-Flat-Unitree-G1,3,avg_return,37493760,89.8315
3804,WarpSAC-L,Mjlab-Velocity-Flat-Unitree-G1,3,avg_return,39993344,91.0963
3805,WarpSAC-L,Mjlab-Velocity-Flat-Unitree-G1,3,avg_return,42492928,91.7036
3806,WarpSAC-L,Mjlab-Velocity-Flat-Unitree-G1,3,avg_return,44992512,89.9115
3807,WarpSAC-L,Mjlab-Velocity-Flat-Unitree-G1,3,avg_return,47492096,93.6274
3808,WarpSAC-L,Mjlab-Velocity-Flat-Unitree-G1,3,avg_return,49991680,93.2383
3809,WarpSAC-L,Mjlab-Velocity-Flat-Unitree-G1,3,avg_return,50000896,93.4384
3810,WarpSAC-L,Mjlab-Velocity-Flat-Unitree-G1,3,avg_success,0,0.0
3811,WarpSAC-L,Mjlab-Velocity-Flat-Unitree-G1,3,avg_success,2499584,0.0
3812,WarpSAC-L,Mjlab-Velocity-Flat-Unitree-G1,3,avg_success,4999168,0.0
3813,WarpSAC-L,Mjlab-Velocity-Flat-Unitree-G1,3,avg_success,7498752,0.0
3814,WarpSAC-L,Mjlab-Velocity-Flat-Unitree-G1,3,avg_success,9998336,0.0
3815,WarpSAC-L,Mjlab-Velocity-Flat-Unitree-G1,3,avg_success,12497920,0.0
3816,WarpSAC-L,Mjlab-Velocity-Flat-Unitree-G1,3,avg_success,14997504,0.0
3817,WarpSAC-L,Mjlab-Velocity-Flat-Unitree-G1,3,avg_success,17497088,0.0
3818,WarpSAC-L,Mjlab-Velocity-Flat-Unitree-G1,3,avg_success,19996672,0.0
3819,WarpSAC-L,Mjlab-Velocity-Flat-Unitree-G1,3,avg_success,22496256,0.0
3820,WarpSAC-L,Mjlab-Velocity-Flat-Unitree-G1,3,avg_success,24995840,0.0
3821,WarpSAC-L,Mjlab-Velocity-Flat-Unitree-G1,3,avg_success,27495424,0.0
3822,WarpSAC-L,Mjlab-Velocity-Flat-Unitree-G1,3,avg_success,29995008,0.0
3823,WarpSAC-L,Mjlab-Velocity-Flat-Unitree-G1,3,avg_success,32494592,0.0
3824,WarpSAC-L,Mjlab-Velocity-Flat-Unitree-G1,3,avg_success,34994176,0.0
3825,WarpSAC-L,Mjlab-Velocity-Flat-Unitree-G1,3,avg_success,37493760,0.0
3826,WarpSAC-L,Mjlab-Velocity-Flat-Unitree-G1,3,avg_success,39993344,0.0
3827,WarpSAC-L,Mjlab-Velocity-Flat-Unitree-G1,3,avg_success,42492928,0.0
3828,WarpSAC-L,Mjlab-Velocity-Flat-Unitree-G1,3,avg_success,44992512,0.0
3829,WarpSAC-L,Mjlab-Velocity-Flat-Unitree-G1,3,avg_success,47492096,0.0
3830,WarpSAC-L,Mjlab-Velocity-Flat-Unitree-G1,3,avg_success,49991680,0.0
3831,WarpSAC-L,Mjlab-Velocity-Flat-Unitree-G1,3,avg_success,50000896,0.0
3832,WarpSAC-L,Mjlab-Velocity-Flat-Unitree-G1,4,avg_return,0,-2.4986
3833,WarpSAC-L,Mjlab-Velocity-Flat-Unitree-G1,4,avg_return,2499584,8.8124
3834,WarpSAC-L,Mjlab-Velocity-Flat-Unitree-G1,4,avg_return,4999168,17.8967
3835,WarpSAC-L,Mjlab-Velocity-Flat-Unitree-G1,4,avg_return,7498752,12.1729
3836,WarpSAC-L,Mjlab-Velocity-Flat-Unitree-G1,4,avg_return,9998336,13.5419
3837,WarpSAC-L,Mjlab-Velocity-Flat-Unitree-G1,4,avg_return,12497920,37.4569
3838,WarpSAC-L,Mjlab-Velocity-Flat-Unitree-G1,4,avg_return,14997504,45.3311
3839,WarpSAC-L,Mjlab-Velocity-Flat-Unitree-G1,4,avg_return,17497088,66.7743
3840,WarpSAC-L,Mjlab-Velocity-Flat-Unitree-G1,4,avg_return,19996672,70.2537
3841,WarpSAC-L,Mjlab-Velocity-Flat-Unitree-G1,4,avg_return,22496256,70.7206
3842,WarpSAC-L,Mjlab-Velocity-Flat-Unitree-G1,4,avg_return,24995840,75.1078
3843,WarpSAC-L,Mjlab-Velocity-Flat-Unitree-G1,4,avg_return,27495424,79.4833
3844,WarpSAC-L,Mjlab-Velocity-Flat-Unitree-G1,4,avg_return,29995008,82.3627
3845,WarpSAC-L,Mjlab-Velocity-Flat-Unitree-G1,4,avg_return,32494592,85.9925
3846,WarpSAC-L,Mjlab-Velocity-Flat-Unitree-G1,4,avg_return,34994176,88.3686
3847,WarpSAC-L,Mjlab-Velocity-Flat-Unitree-G1,4,avg_return,37493760,88.7716
3848,WarpSAC-L,Mjlab-Velocity-Flat-Unitree-G1,4,avg_return,39993344,91.1073
3849,WarpSAC-L,Mjlab-Velocity-Flat-Unitree-G1,4,avg_return,42492928,89.7302
3850,WarpSAC-L,Mjlab-Velocity-Flat-Unitree-G1,4,avg_return,44992512,92.0531
3851,WarpSAC-L,Mjlab-Velocity-Flat-Unitree-G1,4,avg_return,47492096,93.7054
3852,WarpSAC-L,Mjlab-Velocity-Flat-Unitree-G1,4,avg_return,49991680,93.6819
3853,WarpSAC-L,Mjlab-Velocity-Flat-Unitree-G1,4,avg_return,50000896,92.4087
3854,WarpSAC-L,Mjlab-Velocity-Flat-Unitree-G1,4,avg_success,0,0.0
3855,WarpSAC-L,Mjlab-Velocity-Flat-Unitree-G1,4,avg_success,2499584,0.0
3856,WarpSAC-L,Mjlab-Velocity-Flat-Unitree-G1,4,avg_success,4999168,0.0
3857,WarpSAC-L,Mjlab-Velocity-Flat-Unitree-G1,4,avg_success,7498752,0.0
3858,WarpSAC-L,Mjlab-Velocity-Flat-Unitree-G1,4,avg_success,9998336,0.0
3859,WarpSAC-L,Mjlab-Velocity-Flat-Unitree-G1,4,avg_success,12497920,0.0
3860,WarpSAC-L,Mjlab-Velocity-Flat-Unitree-G1,4,avg_success,14997504,0.0
3861,WarpSAC-L,Mjlab-Velocity-Flat-Unitree-G1,4,avg_success,17497088,0.0
3862,WarpSAC-L,Mjlab-Velocity-Flat-Unitree-G1,4,avg_success,19996672,0.0
3863,WarpSAC-L,Mjlab-Velocity-Flat-Unitree-G1,4,avg_success,22496256,0.0
3864,WarpSAC-L,Mjlab-Velocity-Flat-Unitree-G1,4,avg_success,24995840,0.0
3865,WarpSAC-L,Mjlab-Velocity-Flat-Unitree-G1,4,avg_success,27495424,0.0
3866,WarpSAC-L,Mjlab-Velocity-Flat-Unitree-G1,4,avg_success,29995008,0.0
3867,WarpSAC-L,Mjlab-Velocity-Flat-Unitree-G1,4,avg_success,32494592,0.0
3868,WarpSAC-L,Mjlab-Velocity-Flat-Unitree-G1,4,avg_success,34994176,0.0
3869,WarpSAC-L,Mjlab-Velocity-Flat-Unitree-G1,4,avg_success,37493760,0.0
3870,WarpSAC-L,Mjlab-Velocity-Flat-Unitree-G1,4,avg_success,39993344,0.0
3871,WarpSAC-L,Mjlab-Velocity-Flat-Unitree-G1,4,avg_success,42492928,0.0
3872,WarpSAC-L,Mjlab-Velocity-Flat-Unitree-G1,4,avg_success,44992512,0.0
3873,WarpSAC-L,Mjlab-Velocity-Flat-Unitree-G1,4,avg_success,47492096,0.0
3874,WarpSAC-L,Mjlab-Velocity-Flat-Unitree-G1,4,avg_success,49991680,0.0
3875,WarpSAC-L,Mjlab-Velocity-Flat-Unitree-G1,4,avg_success,50000896,0.0
3876,WarpSAC-L,Mjlab-Velocity-Flat-Unitree-G1,5,avg_return,0,-2.7411
3877,WarpSAC-L,Mjlab-Velocity-Flat-Unitree-G1,5,avg_return,2499584,3.6682
3878,WarpSAC-L,Mjlab-Velocity-Flat-Unitree-G1,5,avg_return,4999168,16.4359
3879,WarpSAC-L,Mjlab-Velocity-Flat-Unitree-G1,5,avg_return,7498752,13.1441
3880,WarpSAC-L,Mjlab-Velocity-Flat-Unitree-G1,5,avg_return,9998336,12.6127
3881,WarpSAC-L,Mjlab-Velocity-Flat-Unitree-G1,5,avg_return,12497920,30.7072
3882,WarpSAC-L,Mjlab-Velocity-Flat-Unitree-G1,5,avg_return,14997504,49.7473
3883,WarpSAC-L,Mjlab-Velocity-Flat-Unitree-G1,5,avg_return,17497088,63.4847
3884,WarpSAC-L,Mjlab-Velocity-Flat-Unitree-G1,5,avg_return,19996672,71.5909
3885,WarpSAC-L,Mjlab-Velocity-Flat-Unitree-G1,5,avg_return,22496256,74.9881
3886,WarpSAC-L,Mjlab-Velocity-Flat-Unitree-G1,5,avg_return,24995840,77.3858
3887,WarpSAC-L,Mjlab-Velocity-Flat-Unitree-G1,5,avg_return,27495424,79.2565
3888,WarpSAC-L,Mjlab-Velocity-Flat-Unitree-G1,5,avg_return,29995008,83.5483
3889,WarpSAC-L,Mjlab-Velocity-Flat-Unitree-G1,5,avg_return,32494592,86.4326
3890,WarpSAC-L,Mjlab-Velocity-Flat-Unitree-G1,5,avg_return,34994176,87.6902
3891,WarpSAC-L,Mjlab-Velocity-Flat-Unitree-G1,5,avg_return,37493760,90.3473
3892,WarpSAC-L,Mjlab-Velocity-Flat-Unitree-G1,5,avg_return,39993344,90.0676
3893,WarpSAC-L,Mjlab-Velocity-Flat-Unitree-G1,5,avg_return,42492928,91.215
3894,WarpSAC-L,Mjlab-Velocity-Flat-Unitree-G1,5,avg_return,44992512,92.5929
3895,WarpSAC-L,Mjlab-Velocity-Flat-Unitree-G1,5,avg_return,47492096,92.3438
3896,WarpSAC-L,Mjlab-Velocity-Flat-Unitree-G1,5,avg_return,49991680,94.2375
3897,WarpSAC-L,Mjlab-Velocity-Flat-Unitree-G1,5,avg_return,50000896,91.4328
3898,WarpSAC-L,Mjlab-Velocity-Flat-Unitree-G1,5,avg_success,0,0.0
3899,WarpSAC-L,Mjlab-Velocity-Flat-Unitree-G1,5,avg_success,2499584,0.0
3900,WarpSAC-L,Mjlab-Velocity-Flat-Unitree-G1,5,avg_success,4999168,0.0
3901,WarpSAC-L,Mjlab-Velocity-Flat-Unitree-G1,5,avg_success,7498752,0.0
3902,WarpSAC-L,Mjlab-Velocity-Flat-Unitree-G1,5,avg_success,9998336,0.0
3903,WarpSAC-L,Mjlab-Velocity-Flat-Unitree-G1,5,avg_success,12497920,0.0
3904,WarpSAC-L,Mjlab-Velocity-Flat-Unitree-G1,5,avg_success,14997504,0.0
3905,WarpSAC-L,Mjlab-Velocity-Flat-Unitree-G1,5,avg_success,17497088,0.0
3906,WarpSAC-L,Mjlab-Velocity-Flat-Unitree-G1,5,avg_success,19996672,0.0
3907,WarpSAC-L,Mjlab-Velocity-Flat-Unitree-G1,5,avg_success,22496256,0.0
3908,WarpSAC-L,Mjlab-Velocity-Flat-Unitree-G1,5,avg_success,24995840,0.0
3909,WarpSAC-L,Mjlab-Velocity-Flat-Unitree-G1,5,avg_success,27495424,0.0
3910,WarpSAC-L,Mjlab-Velocity-Flat-Unitree-G1,5,avg_success,29995008,0.0
3911,WarpSAC-L,Mjlab-Velocity-Flat-Unitree-G1,5,avg_success,32494592,0.0
3912,WarpSAC-L,Mjlab-Velocity-Flat-Unitree-G1,5,avg_success,34994176,0.0
3913,WarpSAC-L,Mjlab-Velocity-Flat-Unitree-G1,5,avg_success,37493760,0.0
3914,WarpSAC-L,Mjlab-Velocity-Flat-Unitree-G1,5,avg_success,39993344,0.0
3915,WarpSAC-L,Mjlab-Velocity-Flat-Unitree-G1,5,avg_success,42492928,0.0
3916,WarpSAC-L,Mjlab-Velocity-Flat-Unitree-G1,5,avg_success,44992512,0.0
3917,WarpSAC-L,Mjlab-Velocity-Flat-Unitree-G1,5,avg_success,47492096,0.0
3918,WarpSAC-L,Mjlab-Velocity-Flat-Unitree-G1,5,avg_success,49991680,0.0
3919,WarpSAC-L,Mjlab-Velocity-Flat-Unitree-G1,5,avg_success,50000896,0.0
3920,WarpSAC-L,Mjlab-Velocity-Flat-Unitree-Go1,1,avg_return,0,14.0145
3921,WarpSAC-L,Mjlab-Velocity-Flat-Unitree-Go1,1,avg_return,2499584,76.9058
3922,WarpSAC-L,Mjlab-Velocity-Flat-Unitree-Go1,1,avg_return,4999168,77.2509
3923,WarpSAC-L,Mjlab-Velocity-Flat-Unitree-Go1,1,avg_return,7498752,80.4928
3924,WarpSAC-L,Mjlab-Velocity-Flat-Unitree-Go1,1,avg_return,9998336,72.8701
3925,WarpSAC-L,Mjlab-Velocity-Flat-Unitree-Go1,1,avg_return,12497920,83.8878
3926,WarpSAC-L,Mjlab-Velocity-Flat-Unitree-Go1,1,avg_return,14997504,84.2022
3927,WarpSAC-L,Mjlab-Velocity-Flat-Unitree-Go1,1,avg_return,17497088,84.4075
3928,WarpSAC-L,Mjlab-Velocity-Flat-Unitree-Go1,1,avg_return,19996672,86.3217
3929,WarpSAC-L,Mjlab-Velocity-Flat-Unitree-Go1,1,avg_return,22496256,86.1305
3930,WarpSAC-L,Mjlab-Velocity-Flat-Unitree-Go1,1,avg_return,24995840,87.4675
3931,WarpSAC-L,Mjlab-Velocity-Flat-Unitree-Go1,1,avg_return,27495424,93.5025
3932,WarpSAC-L,Mjlab-Velocity-Flat-Unitree-Go1,1,avg_return,29995008,93.5338
3933,WarpSAC-L,Mjlab-Velocity-Flat-Unitree-Go1,1,avg_return,32494592,95.7854
3934,WarpSAC-L,Mjlab-Velocity-Flat-Unitree-Go1,1,avg_return,34994176,94.8508
3935,WarpSAC-L,Mjlab-Velocity-Flat-Unitree-Go1,1,avg_return,37493760,97.6332
3936,WarpSAC-L,Mjlab-Velocity-Flat-Unitree-Go1,1,avg_return,39993344,97.931
3937,WarpSAC-L,Mjlab-Velocity-Flat-Unitree-Go1,1,avg_return,42492928,97.7607
3938,WarpSAC-L,Mjlab-Velocity-Flat-Unitree-Go1,1,avg_return,44992512,98.3906
3939,WarpSAC-L,Mjlab-Velocity-Flat-Unitree-Go1,1,avg_return,47492096,100.8808
3940,WarpSAC-L,Mjlab-Velocity-Flat-Unitree-Go1,1,avg_return,49991680,98.8722
3941,WarpSAC-L,Mjlab-Velocity-Flat-Unitree-Go1,1,avg_return,50000896,100.553
3942,WarpSAC-L,Mjlab-Velocity-Flat-Unitree-Go1,1,avg_success,0,0.0
3943,WarpSAC-L,Mjlab-Velocity-Flat-Unitree-Go1,1,avg_success,2499584,0.0
3944,WarpSAC-L,Mjlab-Velocity-Flat-Unitree-Go1,1,avg_success,4999168,0.0
3945,WarpSAC-L,Mjlab-Velocity-Flat-Unitree-Go1,1,avg_success,7498752,0.0
3946,WarpSAC-L,Mjlab-Velocity-Flat-Unitree-Go1,1,avg_success,9998336,0.0
3947,WarpSAC-L,Mjlab-Velocity-Flat-Unitree-Go1,1,avg_success,12497920,0.0
3948,WarpSAC-L,Mjlab-Velocity-Flat-Unitree-Go1,1,avg_success,14997504,0.0
3949,WarpSAC-L,Mjlab-Velocity-Flat-Unitree-Go1,1,avg_success,17497088,0.0
3950,WarpSAC-L,Mjlab-Velocity-Flat-Unitree-Go1,1,avg_success,19996672,0.0
3951,WarpSAC-L,Mjlab-Velocity-Flat-Unitree-Go1,1,avg_success,22496256,0.0
3952,WarpSAC-L,Mjlab-Velocity-Flat-Unitree-Go1,1,avg_success,24995840,0.0
3953,WarpSAC-L,Mjlab-Velocity-Flat-Unitree-Go1,1,avg_success,27495424,0.0
3954,WarpSAC-L,Mjlab-Velocity-Flat-Unitree-Go1,1,avg_success,29995008,0.0
3955,WarpSAC-L,Mjlab-Velocity-Flat-Unitree-Go1,1,avg_success,32494592,0.0
3956,WarpSAC-L,Mjlab-Velocity-Flat-Unitree-Go1,1,avg_success,34994176,0.0
3957,WarpSAC-L,Mjlab-Velocity-Flat-Unitree-Go1,1,avg_success,37493760,0.0
3958,WarpSAC-L,Mjlab-Velocity-Flat-Unitree-Go1,1,avg_success,39993344,0.0
3959,WarpSAC-L,Mjlab-Velocity-Flat-Unitree-Go1,1,avg_success,42492928,0.0
3960,WarpSAC-L,Mjlab-Velocity-Flat-Unitree-Go1,1,avg_success,44992512,0.0
3961,WarpSAC-L,Mjlab-Velocity-Flat-Unitree-Go1,1,avg_success,47492096,0.0
3962,WarpSAC-L,Mjlab-Velocity-Flat-Unitree-Go1,1,avg_success,49991680,0.0
3963,WarpSAC-L,Mjlab-Velocity-Flat-Unitree-Go1,1,avg_success,50000896,0.0
3964,WarpSAC-L,Mjlab-Velocity-Flat-Unitree-Go1,2,avg_return,0,4.4338
3965,WarpSAC-L,Mjlab-Velocity-Flat-Unitree-Go1,2,avg_return,2499584,77.4007
3966,WarpSAC-L,Mjlab-Velocity-Flat-Unitree-Go1,2,avg_return,4999168,79.3346
3967,WarpSAC-L,Mjlab-Velocity-Flat-Unitree-Go1,2,avg_return,7498752,72.7505
3968,WarpSAC-L,Mjlab-Velocity-Flat-Unitree-Go1,2,avg_return,9998336,79.9746
3969,WarpSAC-L,Mjlab-Velocity-Flat-Unitree-Go1,2,avg_return,12497920,83.8416
3970,WarpSAC-L,Mjlab-Velocity-Flat-Unitree-Go1,2,avg_return,14997504,84.9604
3971,WarpSAC-L,Mjlab-Velocity-Flat-Unitree-Go1,2,avg_return,17497088,87.2533
3972,WarpSAC-L,Mjlab-Velocity-Flat-Unitree-Go1,2,avg_return,19996672,87.1941
3973,WarpSAC-L,Mjlab-Velocity-Flat-Unitree-Go1,2,avg_return,22496256,91.2594
3974,WarpSAC-L,Mjlab-Velocity-Flat-Unitree-Go1,2,avg_return,24995840,92.4192
3975,WarpSAC-L,Mjlab-Velocity-Flat-Unitree-Go1,2,avg_return,27495424,95.4367
3976,WarpSAC-L,Mjlab-Velocity-Flat-Unitree-Go1,2,avg_return,29995008,95.9856
3977,WarpSAC-L,Mjlab-Velocity-Flat-Unitree-Go1,2,avg_return,32494592,97.225
3978,WarpSAC-L,Mjlab-Velocity-Flat-Unitree-Go1,2,avg_return,34994176,98.6633
3979,WarpSAC-L,Mjlab-Velocity-Flat-Unitree-Go1,2,avg_return,37493760,100.1113
3980,WarpSAC-L,Mjlab-Velocity-Flat-Unitree-Go1,2,avg_return,39993344,99.21
3981,WarpSAC-L,Mjlab-Velocity-Flat-Unitree-Go1,2,avg_return,42492928,99.8236
3982,WarpSAC-L,Mjlab-Velocity-Flat-Unitree-Go1,2,avg_return,44992512,100.067
3983,WarpSAC-L,Mjlab-Velocity-Flat-Unitree-Go1,2,avg_return,47492096,99.1173
3984,WarpSAC-L,Mjlab-Velocity-Flat-Unitree-Go1,2,avg_return,49991680,99.9454
3985,WarpSAC-L,Mjlab-Velocity-Flat-Unitree-Go1,2,avg_return,50000896,100.0255
3986,WarpSAC-L,Mjlab-Velocity-Flat-Unitree-Go1,2,avg_success,0,0.0
3987,WarpSAC-L,Mjlab-Velocity-Flat-Unitree-Go1,2,avg_success,2499584,0.0
3988,WarpSAC-L,Mjlab-Velocity-Flat-Unitree-Go1,2,avg_success,4999168,0.0
3989,WarpSAC-L,Mjlab-Velocity-Flat-Unitree-Go1,2,avg_success,7498752,0.0
3990,WarpSAC-L,Mjlab-Velocity-Flat-Unitree-Go1,2,avg_success,9998336,0.0
3991,WarpSAC-L,Mjlab-Velocity-Flat-Unitree-Go1,2,avg_success,12497920,0.0
3992,WarpSAC-L,Mjlab-Velocity-Flat-Unitree-Go1,2,avg_success,14997504,0.0
3993,WarpSAC-L,Mjlab-Velocity-Flat-Unitree-Go1,2,avg_success,17497088,0.0
3994,WarpSAC-L,Mjlab-Velocity-Flat-Unitree-Go1,2,avg_success,19996672,0.0
3995,WarpSAC-L,Mjlab-Velocity-Flat-Unitree-Go1,2,avg_success,22496256,0.0
3996,WarpSAC-L,Mjlab-Velocity-Flat-Unitree-Go1,2,avg_success,24995840,0.0
3997,WarpSAC-L,Mjlab-Velocity-Flat-Unitree-Go1,2,avg_success,27495424,0.0
3998,WarpSAC-L,Mjlab-Velocity-Flat-Unitree-Go1,2,avg_success,29995008,0.0
3999,WarpSAC-L,Mjlab-Velocity-Flat-Unitree-Go1,2,avg_success,32494592,0.0
4000,WarpSAC-L,Mjlab-Velocity-Flat-Unitree-Go1,2,avg_success,34994176,0.0
4001,WarpSAC-L,Mjlab-Velocity-Flat-Unitree-Go1,2,avg_success,37493760,0.0
4002,WarpSAC-L,Mjlab-Velocity-Flat-Unitree-Go1,2,avg_success,39993344,0.0
4003,WarpSAC-L,Mjlab-Velocity-Flat-Unitree-Go1,2,avg_success,42492928,0.0
4004,WarpSAC-L,Mjlab-Velocity-Flat-Unitree-Go1,2,avg_success,44992512,0.0
4005,WarpSAC-L,Mjlab-Velocity-Flat-Unitree-Go1,2,avg_success,47492096,0.0
4006,WarpSAC-L,Mjlab-Velocity-Flat-Unitree-Go1,2,avg_success,49991680,0.0
4007,WarpSAC-L,Mjlab-Velocity-Flat-Unitree-Go1,2,avg_success,50000896,0.0
4008,WarpSAC-L,Mjlab-Velocity-Flat-Unitree-Go1,3,avg_return,0,4.9293
4009,WarpSAC-L,Mjlab-Velocity-Flat-Unitree-Go1,3,avg_return,2499584,79.2289
4010,WarpSAC-L,Mjlab-Velocity-Flat-Unitree-Go1,3,avg_return,4999168,75.6799
4011,WarpSAC-L,Mjlab-Velocity-Flat-Unitree-Go1,3,avg_return,7498752,78.0279
4012,WarpSAC-L,Mjlab-Velocity-Flat-Unitree-Go1,3,avg_return,9998336,83.4078
4013,WarpSAC-L,Mjlab-Velocity-Flat-Unitree-Go1,3,avg_return,12497920,85.6783
4014,WarpSAC-L,Mjlab-Velocity-Flat-Unitree-Go1,3,avg_return,14997504,87.7109
4015,WarpSAC-L,Mjlab-Velocity-Flat-Unitree-Go1,3,avg_return,17497088,86.9204
4016,WarpSAC-L,Mjlab-Velocity-Flat-Unitree-Go1,3,avg_return,19996672,88.4212
4017,WarpSAC-L,Mjlab-Velocity-Flat-Unitree-Go1,3,avg_return,22496256,90.9235
4018,WarpSAC-L,Mjlab-Velocity-Flat-Unitree-Go1,3,avg_return,24995840,91.4716
4019,WarpSAC-L,Mjlab-Velocity-Flat-Unitree-Go1,3,avg_return,27495424,95.443
4020,WarpSAC-L,Mjlab-Velocity-Flat-Unitree-Go1,3,avg_return,29995008,95.5916
4021,WarpSAC-L,Mjlab-Velocity-Flat-Unitree-Go1,3,avg_return,32494592,99.2034
4022,WarpSAC-L,Mjlab-Velocity-Flat-Unitree-Go1,3,avg_return,34994176,97.7345
4023,WarpSAC-L,Mjlab-Velocity-Flat-Unitree-Go1,3,avg_return,37493760,99.2858
4024,WarpSAC-L,Mjlab-Velocity-Flat-Unitree-Go1,3,avg_return,39993344,98.8573
4025,WarpSAC-L,Mjlab-Velocity-Flat-Unitree-Go1,3,avg_return,42492928,98.7389
4026,WarpSAC-L,Mjlab-Velocity-Flat-Unitree-Go1,3,avg_return,44992512,98.8547
4027,WarpSAC-L,Mjlab-Velocity-Flat-Unitree-Go1,3,avg_return,47492096,99.1427
4028,WarpSAC-L,Mjlab-Velocity-Flat-Unitree-Go1,3,avg_return,49991680,100.6631
4029,WarpSAC-L,Mjlab-Velocity-Flat-Unitree-Go1,3,avg_return,50000896,100.7626
4030,WarpSAC-L,Mjlab-Velocity-Flat-Unitree-Go1,3,avg_success,0,0.0
4031,WarpSAC-L,Mjlab-Velocity-Flat-Unitree-Go1,3,avg_success,2499584,0.0
4032,WarpSAC-L,Mjlab-Velocity-Flat-Unitree-Go1,3,avg_success,4999168,0.0
4033,WarpSAC-L,Mjlab-Velocity-Flat-Unitree-Go1,3,avg_success,7498752,0.0
4034,WarpSAC-L,Mjlab-Velocity-Flat-Unitree-Go1,3,avg_success,9998336,0.0
4035,WarpSAC-L,Mjlab-Velocity-Flat-Unitree-Go1,3,avg_success,12497920,0.0
4036,WarpSAC-L,Mjlab-Velocity-Flat-Unitree-Go1,3,avg_success,14997504,0.0
4037,WarpSAC-L,Mjlab-Velocity-Flat-Unitree-Go1,3,avg_success,17497088,0.0
4038,WarpSAC-L,Mjlab-Velocity-Flat-Unitree-Go1,3,avg_success,19996672,0.0
4039,WarpSAC-L,Mjlab-Velocity-Flat-Unitree-Go1,3,avg_success,22496256,0.0
4040,WarpSAC-L,Mjlab-Velocity-Flat-Unitree-Go1,3,avg_success,24995840,0.0
4041,WarpSAC-L,Mjlab-Velocity-Flat-Unitree-Go1,3,avg_success,27495424,0.0
4042,WarpSAC-L,Mjlab-Velocity-Flat-Unitree-Go1,3,avg_success,29995008,0.0
4043,WarpSAC-L,Mjlab-Velocity-Flat-Unitree-Go1,3,avg_success,32494592,0.0
4044,WarpSAC-L,Mjlab-Velocity-Flat-Unitree-Go1,3,avg_success,34994176,0.0
4045,WarpSAC-L,Mjlab-Velocity-Flat-Unitree-Go1,3,avg_success,37493760,0.0
4046,WarpSAC-L,Mjlab-Velocity-Flat-Unitree-Go1,3,avg_success,39993344,0.0
4047,WarpSAC-L,Mjlab-Velocity-Flat-Unitree-Go1,3,avg_success,42492928,0.0
4048,WarpSAC-L,Mjlab-Velocity-Flat-Unitree-Go1,3,avg_success,44992512,0.0
4049,WarpSAC-L,Mjlab-Velocity-Flat-Unitree-Go1,3,avg_success,47492096,0.0
4050,WarpSAC-L,Mjlab-Velocity-Flat-Unitree-Go1,3,avg_success,49991680,0.0
4051,WarpSAC-L,Mjlab-Velocity-Flat-Unitree-Go1,3,avg_success,50000896,0.0
4052,WarpSAC-L,Mjlab-Velocity-Flat-Unitree-Go1,4,avg_return,0,3.5984
4053,WarpSAC-L,Mjlab-Velocity-Flat-Unitree-Go1,4,avg_return,2499584,76.1916
4054,WarpSAC-L,Mjlab-Velocity-Flat-Unitree-Go1,4,avg_return,4999168,76.1452
4055,WarpSAC-L,Mjlab-Velocity-Flat-Unitree-Go1,4,avg_return,7498752,79.6042
4056,WarpSAC-L,Mjlab-Velocity-Flat-Unitree-Go1,4,avg_return,9998336,80.2206
4057,WarpSAC-L,Mjlab-Velocity-Flat-Unitree-Go1,4,avg_return,12497920,82.6695
4058,WarpSAC-L,Mjlab-Velocity-Flat-Unitree-Go1,4,avg_return,14997504,85.8612
4059,WarpSAC-L,Mjlab-Velocity-Flat-Unitree-Go1,4,avg_return,17497088,86.3335
4060,WarpSAC-L,Mjlab-Velocity-Flat-Unitree-Go1,4,avg_return,19996672,86.4855
4061,WarpSAC-L,Mjlab-Velocity-Flat-Unitree-Go1,4,avg_return,22496256,89.9168
4062,WarpSAC-L,Mjlab-Velocity-Flat-Unitree-Go1,4,avg_return,24995840,91.2129
4063,WarpSAC-L,Mjlab-Velocity-Flat-Unitree-Go1,4,avg_return,27495424,93.8438
4064,WarpSAC-L,Mjlab-Velocity-Flat-Unitree-Go1,4,avg_return,29995008,91.4451
4065,WarpSAC-L,Mjlab-Velocity-Flat-Unitree-Go1,4,avg_return,32494592,96.207
4066,WarpSAC-L,Mjlab-Velocity-Flat-Unitree-Go1,4,avg_return,34994176,97.3913
4067,WarpSAC-L,Mjlab-Velocity-Flat-Unitree-Go1,4,avg_return,37493760,99.6793
4068,WarpSAC-L,Mjlab-Velocity-Flat-Unitree-Go1,4,avg_return,39993344,98.284
4069,WarpSAC-L,Mjlab-Velocity-Flat-Unitree-Go1,4,avg_return,42492928,98.8315
4070,WarpSAC-L,Mjlab-Velocity-Flat-Unitree-Go1,4,avg_return,44992512,97.5776
4071,WarpSAC-L,Mjlab-Velocity-Flat-Unitree-Go1,4,avg_return,47492096,99.7838
4072,WarpSAC-L,Mjlab-Velocity-Flat-Unitree-Go1,4,avg_return,49991680,100.0965
4073,WarpSAC-L,Mjlab-Velocity-Flat-Unitree-Go1,4,avg_return,50000896,98.838
4074,WarpSAC-L,Mjlab-Velocity-Flat-Unitree-Go1,4,avg_success,0,0.0
4075,WarpSAC-L,Mjlab-Velocity-Flat-Unitree-Go1,4,avg_success,2499584,0.0
4076,WarpSAC-L,Mjlab-Velocity-Flat-Unitree-Go1,4,avg_success,4999168,0.0
4077,WarpSAC-L,Mjlab-Velocity-Flat-Unitree-Go1,4,avg_success,7498752,0.0
4078,WarpSAC-L,Mjlab-Velocity-Flat-Unitree-Go1,4,avg_success,9998336,0.0
4079,WarpSAC-L,Mjlab-Velocity-Flat-Unitree-Go1,4,avg_success,12497920,0.0
4080,WarpSAC-L,Mjlab-Velocity-Flat-Unitree-Go1,4,avg_success,14997504,0.0
4081,WarpSAC-L,Mjlab-Velocity-Flat-Unitree-Go1,4,avg_success,17497088,0.0
4082,WarpSAC-L,Mjlab-Velocity-Flat-Unitree-Go1,4,avg_success,19996672,0.0
4083,WarpSAC-L,Mjlab-Velocity-Flat-Unitree-Go1,4,avg_success,22496256,0.0
4084,WarpSAC-L,Mjlab-Velocity-Flat-Unitree-Go1,4,avg_success,24995840,0.0
4085,WarpSAC-L,Mjlab-Velocity-Flat-Unitree-Go1,4,avg_success,27495424,0.0
4086,WarpSAC-L,Mjlab-Velocity-Flat-Unitree-Go1,4,avg_success,29995008,0.0
4087,WarpSAC-L,Mjlab-Velocity-Flat-Unitree-Go1,4,avg_success,32494592,0.0
4088,WarpSAC-L,Mjlab-Velocity-Flat-Unitree-Go1,4,avg_success,34994176,0.0
4089,WarpSAC-L,Mjlab-Velocity-Flat-Unitree-Go1,4,avg_success,37493760,0.0
4090,WarpSAC-L,Mjlab-Velocity-Flat-Unitree-Go1,4,avg_success,39993344,0.0
4091,WarpSAC-L,Mjlab-Velocity-Flat-Unitree-Go1,4,avg_success,42492928,0.0
4092,WarpSAC-L,Mjlab-Velocity-Flat-Unitree-Go1,4,avg_success,44992512,0.0
4093,WarpSAC-L,Mjlab-Velocity-Flat-Unitree-Go1,4,avg_success,47492096,0.0
4094,WarpSAC-L,Mjlab-Velocity-Flat-Unitree-Go1,4,avg_success,49991680,0.0
4095,WarpSAC-L,Mjlab-Velocity-Flat-Unitree-Go1,4,avg_success,50000896,0.0
4096,WarpSAC-L,Mjlab-Velocity-Flat-Unitree-Go1,5,avg_return,0,2.1688
4097,WarpSAC-L,Mjlab-Velocity-Flat-Unitree-Go1,5,avg_return,2499584,75.5322
4098,WarpSAC-L,Mjlab-Velocity-Flat-Unitree-Go1,5,avg_return,4999168,76.9146
4099,WarpSAC-L,Mjlab-Velocity-Flat-Unitree-Go1,5,avg_return,7498752,78.3602
4100,WarpSAC-L,Mjlab-Velocity-Flat-Unitree-Go1,5,avg_return,9998336,76.3144
4101,WarpSAC-L,Mjlab-Velocity-Flat-Unitree-Go1,5,avg_return,12497920,86.3434
4102,WarpSAC-L,Mjlab-Velocity-Flat-Unitree-Go1,5,avg_return,14997504,89.0581
4103,WarpSAC-L,Mjlab-Velocity-Flat-Unitree-Go1,5,avg_return,17497088,85.6504
4104,WarpSAC-L,Mjlab-Velocity-Flat-Unitree-Go1,5,avg_return,19996672,86.3315
4105,WarpSAC-L,Mjlab-Velocity-Flat-Unitree-Go1,5,avg_return,22496256,90.4465
4106,WarpSAC-L,Mjlab-Velocity-Flat-Unitree-Go1,5,avg_return,24995840,93.1752
4107,WarpSAC-L,Mjlab-Velocity-Flat-Unitree-Go1,5,avg_return,27495424,93.6531
4108,WarpSAC-L,Mjlab-Velocity-Flat-Unitree-Go1,5,avg_return,29995008,95.0194
4109,WarpSAC-L,Mjlab-Velocity-Flat-Unitree-Go1,5,avg_return,32494592,96.5133
4110,WarpSAC-L,Mjlab-Velocity-Flat-Unitree-Go1,5,avg_return,34994176,97.5232
4111,WarpSAC-L,Mjlab-Velocity-Flat-Unitree-Go1,5,avg_return,37493760,97.8261
4112,WarpSAC-L,Mjlab-Velocity-Flat-Unitree-Go1,5,avg_return,39993344,100.0716
4113,WarpSAC-L,Mjlab-Velocity-Flat-Unitree-Go1,5,avg_return,42492928,100.1887
4114,WarpSAC-L,Mjlab-Velocity-Flat-Unitree-Go1,5,avg_return,44992512,99.2738
4115,WarpSAC-L,Mjlab-Velocity-Flat-Unitree-Go1,5,avg_return,47492096,100.6871
4116,WarpSAC-L,Mjlab-Velocity-Flat-Unitree-Go1,5,avg_return,49991680,98.1289
4117,WarpSAC-L,Mjlab-Velocity-Flat-Unitree-Go1,5,avg_return,50000896,100.1043
4118,WarpSAC-L,Mjlab-Velocity-Flat-Unitree-Go1,5,avg_success,0,0.0
4119,WarpSAC-L,Mjlab-Velocity-Flat-Unitree-Go1,5,avg_success,2499584,0.0
4120,WarpSAC-L,Mjlab-Velocity-Flat-Unitree-Go1,5,avg_success,4999168,0.0
4121,WarpSAC-L,Mjlab-Velocity-Flat-Unitree-Go1,5,avg_success,7498752,0.0
4122,WarpSAC-L,Mjlab-Velocity-Flat-Unitree-Go1,5,avg_success,9998336,0.0
4123,WarpSAC-L,Mjlab-Velocity-Flat-Unitree-Go1,5,avg_success,12497920,0.0
4124,WarpSAC-L,Mjlab-Velocity-Flat-Unitree-Go1,5,avg_success,14997504,0.0
4125,WarpSAC-L,Mjlab-Velocity-Flat-Unitree-Go1,5,avg_success,17497088,0.0
4126,WarpSAC-L,Mjlab-Velocity-Flat-Unitree-Go1,5,avg_success,19996672,0.0
4127,WarpSAC-L,Mjlab-Velocity-Flat-Unitree-Go1,5,avg_success,22496256,0.0
4128,WarpSAC-L,Mjlab-Velocity-Flat-Unitree-Go1,5,avg_success,24995840,0.0
4129,WarpSAC-L,Mjlab-Velocity-Flat-Unitree-Go1,5,avg_success,27495424,0.0
4130,WarpSAC-L,Mjlab-Velocity-Flat-Unitree-Go1,5,avg_success,29995008,0.0
4131,WarpSAC-L,Mjlab-Velocity-Flat-Unitree-Go1,5,avg_success,32494592,0.0
4132,WarpSAC-L,Mjlab-Velocity-Flat-Unitree-Go1,5,avg_success,34994176,0.0
4133,WarpSAC-L,Mjlab-Velocity-Flat-Unitree-Go1,5,avg_success,37493760,0.0
4134,WarpSAC-L,Mjlab-Velocity-Flat-Unitree-Go1,5,avg_success,39993344,0.0
4135,WarpSAC-L,Mjlab-Velocity-Flat-Unitree-Go1,5,avg_success,42492928,0.0
4136,WarpSAC-L,Mjlab-Velocity-Flat-Unitree-Go1,5,avg_success,44992512,0.0
4137,WarpSAC-L,Mjlab-Velocity-Flat-Unitree-Go1,5,avg_success,47492096,0.0
4138,WarpSAC-L,Mjlab-Velocity-Flat-Unitree-Go1,5,avg_success,49991680,0.0
4139,WarpSAC-L,Mjlab-Velocity-Flat-Unitree-Go1,5,avg_success,50000896,0.0
4140,WarpSAC-L,Mjlab-Velocity-Rough-Unitree-G1,1,avg_return,0,-2.1286
4141,WarpSAC-L,Mjlab-Velocity-Rough-Unitree-G1,1,avg_return,2499584,5.0227
4142,WarpSAC-L,Mjlab-Velocity-Rough-Unitree-G1,1,avg_return,4999168,15.2296
4143,WarpSAC-L,Mjlab-Velocity-Rough-Unitree-G1,1,avg_return,7498752,14.4239
4144,WarpSAC-L,Mjlab-Velocity-Rough-Unitree-G1,1,avg_return,9998336,15.5757
4145,WarpSAC-L,Mjlab-Velocity-Rough-Unitree-G1,1,avg_return,12497920,18.6684
4146,WarpSAC-L,Mjlab-Velocity-Rough-Unitree-G1,1,avg_return,14997504,19.4265
4147,WarpSAC-L,Mjlab-Velocity-Rough-Unitree-G1,1,avg_return,17497088,25.7642
4148,WarpSAC-L,Mjlab-Velocity-Rough-Unitree-G1,1,avg_return,19996672,37.0314
4149,WarpSAC-L,Mjlab-Velocity-Rough-Unitree-G1,1,avg_return,22496256,48.1262
4150,WarpSAC-L,Mjlab-Velocity-Rough-Unitree-G1,1,avg_return,24995840,54.4203
4151,WarpSAC-L,Mjlab-Velocity-Rough-Unitree-G1,1,avg_return,27495424,63.985
4152,WarpSAC-L,Mjlab-Velocity-Rough-Unitree-G1,1,avg_return,29995008,56.629
4153,WarpSAC-L,Mjlab-Velocity-Rough-Unitree-G1,1,avg_return,32494592,66.2256
4154,WarpSAC-L,Mjlab-Velocity-Rough-Unitree-G1,1,avg_return,34994176,70.9661
4155,WarpSAC-L,Mjlab-Velocity-Rough-Unitree-G1,1,avg_return,37493760,72.1489
4156,WarpSAC-L,Mjlab-Velocity-Rough-Unitree-G1,1,avg_return,39993344,71.8262
4157,WarpSAC-L,Mjlab-Velocity-Rough-Unitree-G1,1,avg_return,42492928,75.4984
4158,WarpSAC-L,Mjlab-Velocity-Rough-Unitree-G1,1,avg_return,44992512,72.7807
4159,WarpSAC-L,Mjlab-Velocity-Rough-Unitree-G1,1,avg_return,47492096,69.4763
4160,WarpSAC-L,Mjlab-Velocity-Rough-Unitree-G1,1,avg_return,49991680,73.7025
4161,WarpSAC-L,Mjlab-Velocity-Rough-Unitree-G1,1,avg_return,50000896,75.4413
4162,WarpSAC-L,Mjlab-Velocity-Rough-Unitree-G1,1,avg_success,0,0.0
4163,WarpSAC-L,Mjlab-Velocity-Rough-Unitree-G1,1,avg_success,2499584,0.0
4164,WarpSAC-L,Mjlab-Velocity-Rough-Unitree-G1,1,avg_success,4999168,0.0
4165,WarpSAC-L,Mjlab-Velocity-Rough-Unitree-G1,1,avg_success,7498752,0.0
4166,WarpSAC-L,Mjlab-Velocity-Rough-Unitree-G1,1,avg_success,9998336,0.0
4167,WarpSAC-L,Mjlab-Velocity-Rough-Unitree-G1,1,avg_success,12497920,0.0
4168,WarpSAC-L,Mjlab-Velocity-Rough-Unitree-G1,1,avg_success,14997504,0.0
4169,WarpSAC-L,Mjlab-Velocity-Rough-Unitree-G1,1,avg_success,17497088,0.0
4170,WarpSAC-L,Mjlab-Velocity-Rough-Unitree-G1,1,avg_success,19996672,0.0
4171,WarpSAC-L,Mjlab-Velocity-Rough-Unitree-G1,1,avg_success,22496256,0.0
4172,WarpSAC-L,Mjlab-Velocity-Rough-Unitree-G1,1,avg_success,24995840,0.0
4173,WarpSAC-L,Mjlab-Velocity-Rough-Unitree-G1,1,avg_success,27495424,0.0
4174,WarpSAC-L,Mjlab-Velocity-Rough-Unitree-G1,1,avg_success,29995008,0.0
4175,WarpSAC-L,Mjlab-Velocity-Rough-Unitree-G1,1,avg_success,32494592,0.0
4176,WarpSAC-L,Mjlab-Velocity-Rough-Unitree-G1,1,avg_success,34994176,0.0
4177,WarpSAC-L,Mjlab-Velocity-Rough-Unitree-G1,1,avg_success,37493760,0.0
4178,WarpSAC-L,Mjlab-Velocity-Rough-Unitree-G1,1,avg_success,39993344,0.0
4179,WarpSAC-L,Mjlab-Velocity-Rough-Unitree-G1,1,avg_success,42492928,0.0
4180,WarpSAC-L,Mjlab-Velocity-Rough-Unitree-G1,1,avg_success,44992512,0.0
4181,WarpSAC-L,Mjlab-Velocity-Rough-Unitree-G1,1,avg_success,47492096,0.0
4182,WarpSAC-L,Mjlab-Velocity-Rough-Unitree-G1,1,avg_success,49991680,0.0
4183,WarpSAC-L,Mjlab-Velocity-Rough-Unitree-G1,1,avg_success,50000896,0.0
4184,WarpSAC-L,Mjlab-Velocity-Rough-Unitree-G1,2,avg_return,0,-2.645
4185,WarpSAC-L,Mjlab-Velocity-Rough-Unitree-G1,2,avg_return,2499584,4.6922
4186,WarpSAC-L,Mjlab-Velocity-Rough-Unitree-G1,2,avg_return,4999168,15.379
4187,WarpSAC-L,Mjlab-Velocity-Rough-Unitree-G1,2,avg_return,7498752,16.7388
4188,WarpSAC-L,Mjlab-Velocity-Rough-Unitree-G1,2,avg_return,9998336,27.0633
4189,WarpSAC-L,Mjlab-Velocity-Rough-Unitree-G1,2,avg_return,12497920,20.88
4190,WarpSAC-L,Mjlab-Velocity-Rough-Unitree-G1,2,avg_return,14997504,20.8632
4191,WarpSAC-L,Mjlab-Velocity-Rough-Unitree-G1,2,avg_return,17497088,36.1807
4192,WarpSAC-L,Mjlab-Velocity-Rough-Unitree-G1,2,avg_return,19996672,40.3229
4193,WarpSAC-L,Mjlab-Velocity-Rough-Unitree-G1,2,avg_return,22496256,49.0039
4194,WarpSAC-L,Mjlab-Velocity-Rough-Unitree-G1,2,avg_return,24995840,64.7781
4195,WarpSAC-L,Mjlab-Velocity-Rough-Unitree-G1,2,avg_return,27495424,63.3892
4196,WarpSAC-L,Mjlab-Velocity-Rough-Unitree-G1,2,avg_return,29995008,65.7117
4197,WarpSAC-L,Mjlab-Velocity-Rough-Unitree-G1,2,avg_return,32494592,68.0438
4198,WarpSAC-L,Mjlab-Velocity-Rough-Unitree-G1,2,avg_return,34994176,69.9703
4199,WarpSAC-L,Mjlab-Velocity-Rough-Unitree-G1,2,avg_return,37493760,66.6013
4200,WarpSAC-L,Mjlab-Velocity-Rough-Unitree-G1,2,avg_return,39993344,74.9351
4201,WarpSAC-L,Mjlab-Velocity-Rough-Unitree-G1,2,avg_return,42492928,73.524
4202,WarpSAC-L,Mjlab-Velocity-Rough-Unitree-G1,2,avg_return,44992512,74.7429
4203,WarpSAC-L,Mjlab-Velocity-Rough-Unitree-G1,2,avg_return,47492096,73.01
4204,WarpSAC-L,Mjlab-Velocity-Rough-Unitree-G1,2,avg_return,49991680,73.9319
4205,WarpSAC-L,Mjlab-Velocity-Rough-Unitree-G1,2,avg_return,50000896,72.906
4206,WarpSAC-L,Mjlab-Velocity-Rough-Unitree-G1,2,avg_success,0,0.0
4207,WarpSAC-L,Mjlab-Velocity-Rough-Unitree-G1,2,avg_success,2499584,0.0
4208,WarpSAC-L,Mjlab-Velocity-Rough-Unitree-G1,2,avg_success,4999168,0.0
4209,WarpSAC-L,Mjlab-Velocity-Rough-Unitree-G1,2,avg_success,7498752,0.0
4210,WarpSAC-L,Mjlab-Velocity-Rough-Unitree-G1,2,avg_success,9998336,0.0
4211,WarpSAC-L,Mjlab-Velocity-Rough-Unitree-G1,2,avg_success,12497920,0.0
4212,WarpSAC-L,Mjlab-Velocity-Rough-Unitree-G1,2,avg_success,14997504,0.0
4213,WarpSAC-L,Mjlab-Velocity-Rough-Unitree-G1,2,avg_success,17497088,0.0
4214,WarpSAC-L,Mjlab-Velocity-Rough-Unitree-G1,2,avg_success,19996672,0.0
4215,WarpSAC-L,Mjlab-Velocity-Rough-Unitree-G1,2,avg_success,22496256,0.0
4216,WarpSAC-L,Mjlab-Velocity-Rough-Unitree-G1,2,avg_success,24995840,0.0
4217,WarpSAC-L,Mjlab-Velocity-Rough-Unitree-G1,2,avg_success,27495424,0.0
4218,WarpSAC-L,Mjlab-Velocity-Rough-Unitree-G1,2,avg_success,29995008,0.0
4219,WarpSAC-L,Mjlab-Velocity-Rough-Unitree-G1,2,avg_success,32494592,0.0
4220,WarpSAC-L,Mjlab-Velocity-Rough-Unitree-G1,2,avg_success,34994176,0.0
4221,WarpSAC-L,Mjlab-Velocity-Rough-Unitree-G1,2,avg_success,37493760,0.0
4222,WarpSAC-L,Mjlab-Velocity-Rough-Unitree-G1,2,avg_success,39993344,0.0
4223,WarpSAC-L,Mjlab-Velocity-Rough-Unitree-G1,2,avg_success,42492928,0.0
4224,WarpSAC-L,Mjlab-Velocity-Rough-Unitree-G1,2,avg_success,44992512,0.0
4225,WarpSAC-L,Mjlab-Velocity-Rough-Unitree-G1,2,avg_success,47492096,0.0
4226,WarpSAC-L,Mjlab-Velocity-Rough-Unitree-G1,2,avg_success,49991680,0.0
4227,WarpSAC-L,Mjlab-Velocity-Rough-Unitree-G1,2,avg_success,50000896,0.0
4228,WarpSAC-L,Mjlab-Velocity-Rough-Unitree-G1,3,avg_return,0,-4.6931
4229,WarpSAC-L,Mjlab-Velocity-Rough-Unitree-G1,3,avg_return,2499584,5.0639
4230,WarpSAC-L,Mjlab-Velocity-Rough-Unitree-G1,3,avg_return,4999168,14.7329
4231,WarpSAC-L,Mjlab-Velocity-Rough-Unitree-G1,3,avg_return,7498752,13.4171
4232,WarpSAC-L,Mjlab-Velocity-Rough-Unitree-G1,3,avg_return,9998336,15.0604
4233,WarpSAC-L,Mjlab-Velocity-Rough-Unitree-G1,3,avg_return,12497920,26.7018
4234,WarpSAC-L,Mjlab-Velocity-Rough-Unitree-G1,3,avg_return,14997504,23.7808
4235,WarpSAC-L,Mjlab-Velocity-Rough-Unitree-G1,3,avg_return,17497088,45.5068
4236,WarpSAC-L,Mjlab-Velocity-Rough-Unitree-G1,3,avg_return,19996672,41.3573
4237,WarpSAC-L,Mjlab-Velocity-Rough-Unitree-G1,3,avg_return,22496256,48.7002
4238,WarpSAC-L,Mjlab-Velocity-Rough-Unitree-G1,3,avg_return,24995840,59.7946
4239,WarpSAC-L,Mjlab-Velocity-Rough-Unitree-G1,3,avg_return,27495424,59.4804
4240,WarpSAC-L,Mjlab-Velocity-Rough-Unitree-G1,3,avg_return,29995008,63.6183
4241,WarpSAC-L,Mjlab-Velocity-Rough-Unitree-G1,3,avg_return,32494592,67.0979
4242,WarpSAC-L,Mjlab-Velocity-Rough-Unitree-G1,3,avg_return,34994176,65.0708
4243,WarpSAC-L,Mjlab-Velocity-Rough-Unitree-G1,3,avg_return,37493760,64.7645
4244,WarpSAC-L,Mjlab-Velocity-Rough-Unitree-G1,3,avg_return,39993344,72.4748
4245,WarpSAC-L,Mjlab-Velocity-Rough-Unitree-G1,3,avg_return,42492928,72.4283
4246,WarpSAC-L,Mjlab-Velocity-Rough-Unitree-G1,3,avg_return,44992512,70.3124
4247,WarpSAC-L,Mjlab-Velocity-Rough-Unitree-G1,3,avg_return,47492096,70.145
4248,WarpSAC-L,Mjlab-Velocity-Rough-Unitree-G1,3,avg_return,49991680,69.1882
4249,WarpSAC-L,Mjlab-Velocity-Rough-Unitree-G1,3,avg_return,50000896,76.1355
4250,WarpSAC-L,Mjlab-Velocity-Rough-Unitree-G1,3,avg_success,0,0.0
4251,WarpSAC-L,Mjlab-Velocity-Rough-Unitree-G1,3,avg_success,2499584,0.0
4252,WarpSAC-L,Mjlab-Velocity-Rough-Unitree-G1,3,avg_success,4999168,0.0
4253,WarpSAC-L,Mjlab-Velocity-Rough-Unitree-G1,3,avg_success,7498752,0.0
4254,WarpSAC-L,Mjlab-Velocity-Rough-Unitree-G1,3,avg_success,9998336,0.0
4255,WarpSAC-L,Mjlab-Velocity-Rough-Unitree-G1,3,avg_success,12497920,0.0
4256,WarpSAC-L,Mjlab-Velocity-Rough-Unitree-G1,3,avg_success,14997504,0.0
4257,WarpSAC-L,Mjlab-Velocity-Rough-Unitree-G1,3,avg_success,17497088,0.0
4258,WarpSAC-L,Mjlab-Velocity-Rough-Unitree-G1,3,avg_success,19996672,0.0
4259,WarpSAC-L,Mjlab-Velocity-Rough-Unitree-G1,3,avg_success,22496256,0.0
4260,WarpSAC-L,Mjlab-Velocity-Rough-Unitree-G1,3,avg_success,24995840,0.0
4261,WarpSAC-L,Mjlab-Velocity-Rough-Unitree-G1,3,avg_success,27495424,0.0
4262,WarpSAC-L,Mjlab-Velocity-Rough-Unitree-G1,3,avg_success,29995008,0.0
4263,WarpSAC-L,Mjlab-Velocity-Rough-Unitree-G1,3,avg_success,32494592,0.0
4264,WarpSAC-L,Mjlab-Velocity-Rough-Unitree-G1,3,avg_success,34994176,0.0
4265,WarpSAC-L,Mjlab-Velocity-Rough-Unitree-G1,3,avg_success,37493760,0.0
4266,WarpSAC-L,Mjlab-Velocity-Rough-Unitree-G1,3,avg_success,39993344,0.0
4267,WarpSAC-L,Mjlab-Velocity-Rough-Unitree-G1,3,avg_success,42492928,0.0
4268,WarpSAC-L,Mjlab-Velocity-Rough-Unitree-G1,3,avg_success,44992512,0.0
4269,WarpSAC-L,Mjlab-Velocity-Rough-Unitree-G1,3,avg_success,47492096,0.0
4270,WarpSAC-L,Mjlab-Velocity-Rough-Unitree-G1,3,avg_success,49991680,0.0
4271,WarpSAC-L,Mjlab-Velocity-Rough-Unitree-G1,3,avg_success,50000896,0.0
4272,WarpSAC-L,Mjlab-Velocity-Rough-Unitree-G1,4,avg_return,0,-2.3692
4273,WarpSAC-L,Mjlab-Velocity-Rough-Unitree-G1,4,avg_return,2499584,4.2463
4274,WarpSAC-L,Mjlab-Velocity-Rough-Unitree-G1,4,avg_return,4999168,14.5122
4275,WarpSAC-L,Mjlab-Velocity-Rough-Unitree-G1,4,avg_return,7498752,14.5828
4276,WarpSAC-L,Mjlab-Velocity-Rough-Unitree-G1,4,avg_return,9998336,16.603
4277,WarpSAC-L,Mjlab-Velocity-Rough-Unitree-G1,4,avg_return,12497920,20.8666
4278,WarpSAC-L,Mjlab-Velocity-Rough-Unitree-G1,4,avg_return,14997504,32.58
4279,WarpSAC-L,Mjlab-Velocity-Rough-Unitree-G1,4,avg_return,17497088,38.8755
4280,WarpSAC-L,Mjlab-Velocity-Rough-Unitree-G1,4,avg_return,19996672,44.8494
4281,WarpSAC-L,Mjlab-Velocity-Rough-Unitree-G1,4,avg_return,22496256,44.6422
4282,WarpSAC-L,Mjlab-Velocity-Rough-Unitree-G1,4,avg_return,24995840,59.4253
4283,WarpSAC-L,Mjlab-Velocity-Rough-Unitree-G1,4,avg_return,27495424,67.3683
4284,WarpSAC-L,Mjlab-Velocity-Rough-Unitree-G1,4,avg_return,29995008,70.953
4285,WarpSAC-L,Mjlab-Velocity-Rough-Unitree-G1,4,avg_return,32494592,72.2779
4286,WarpSAC-L,Mjlab-Velocity-Rough-Unitree-G1,4,avg_return,34994176,70.3828
4287,WarpSAC-L,Mjlab-Velocity-Rough-Unitree-G1,4,avg_return,37493760,65.1869
4288,WarpSAC-L,Mjlab-Velocity-Rough-Unitree-G1,4,avg_return,39993344,74.3404
4289,WarpSAC-L,Mjlab-Velocity-Rough-Unitree-G1,4,avg_return,42492928,72.9881
4290,WarpSAC-L,Mjlab-Velocity-Rough-Unitree-G1,4,avg_return,44992512,77.4273
4291,WarpSAC-L,Mjlab-Velocity-Rough-Unitree-G1,4,avg_return,47492096,72.301
4292,WarpSAC-L,Mjlab-Velocity-Rough-Unitree-G1,4,avg_return,49991680,70.9293
4293,WarpSAC-L,Mjlab-Velocity-Rough-Unitree-G1,4,avg_return,50000896,71.3621
4294,WarpSAC-L,Mjlab-Velocity-Rough-Unitree-G1,4,avg_success,0,0.0
4295,WarpSAC-L,Mjlab-Velocity-Rough-Unitree-G1,4,avg_success,2499584,0.0
4296,WarpSAC-L,Mjlab-Velocity-Rough-Unitree-G1,4,avg_success,4999168,0.0
4297,WarpSAC-L,Mjlab-Velocity-Rough-Unitree-G1,4,avg_success,7498752,0.0
4298,WarpSAC-L,Mjlab-Velocity-Rough-Unitree-G1,4,avg_success,9998336,0.0
4299,WarpSAC-L,Mjlab-Velocity-Rough-Unitree-G1,4,avg_success,12497920,0.0
4300,WarpSAC-L,Mjlab-Velocity-Rough-Unitree-G1,4,avg_success,14997504,0.0
4301,WarpSAC-L,Mjlab-Velocity-Rough-Unitree-G1,4,avg_success,17497088,0.0
4302,WarpSAC-L,Mjlab-Velocity-Rough-Unitree-G1,4,avg_success,19996672,0.0
4303,WarpSAC-L,Mjlab-Velocity-Rough-Unitree-G1,4,avg_success,22496256,0.0
4304,WarpSAC-L,Mjlab-Velocity-Rough-Unitree-G1,4,avg_success,24995840,0.0
4305,WarpSAC-L,Mjlab-Velocity-Rough-Unitree-G1,4,avg_success,27495424,0.0
4306,WarpSAC-L,Mjlab-Velocity-Rough-Unitree-G1,4,avg_success,29995008,0.0
4307,WarpSAC-L,Mjlab-Velocity-Rough-Unitree-G1,4,avg_success,32494592,0.0
4308,WarpSAC-L,Mjlab-Velocity-Rough-Unitree-G1,4,avg_success,34994176,0.0
4309,WarpSAC-L,Mjlab-Velocity-Rough-Unitree-G1,4,avg_success,37493760,0.0
4310,WarpSAC-L,Mjlab-Velocity-Rough-Unitree-G1,4,avg_success,39993344,0.0
4311,WarpSAC-L,Mjlab-Velocity-Rough-Unitree-G1,4,avg_success,42492928,0.0
4312,WarpSAC-L,Mjlab-Velocity-Rough-Unitree-G1,4,avg_success,44992512,0.0
4313,WarpSAC-L,Mjlab-Velocity-Rough-Unitree-G1,4,avg_success,47492096,0.0
4314,WarpSAC-L,Mjlab-Velocity-Rough-Unitree-G1,4,avg_success,49991680,0.0
4315,WarpSAC-L,Mjlab-Velocity-Rough-Unitree-G1,4,avg_success,50000896,0.0
4316,WarpSAC-L,Mjlab-Velocity-Rough-Unitree-G1,5,avg_return,0,-3.023
4317,WarpSAC-L,Mjlab-Velocity-Rough-Unitree-G1,5,avg_return,2499584,4.7478
4318,WarpSAC-L,Mjlab-Velocity-Rough-Unitree-G1,5,avg_return,4999168,15.9288
4319,WarpSAC-L,Mjlab-Velocity-Rough-Unitree-G1,5,avg_return,7498752,15.6241
4320,WarpSAC-L,Mjlab-Velocity-Rough-Unitree-G1,5,avg_return,9998336,23.3186
4321,WarpSAC-L,Mjlab-Velocity-Rough-Unitree-G1,5,avg_return,12497920,17.3219
4322,WarpSAC-L,Mjlab-Velocity-Rough-Unitree-G1,5,avg_return,14997504,30.9527
4323,WarpSAC-L,Mjlab-Velocity-Rough-Unitree-G1,5,avg_return,17497088,35.6623
4324,WarpSAC-L,Mjlab-Velocity-Rough-Unitree-G1,5,avg_return,19996672,37.3435
4325,WarpSAC-L,Mjlab-Velocity-Rough-Unitree-G1,5,avg_return,22496256,49.6805
4326,WarpSAC-L,Mjlab-Velocity-Rough-Unitree-G1,5,avg_return,24995840,63.6387
4327,WarpSAC-L,Mjlab-Velocity-Rough-Unitree-G1,5,avg_return,27495424,59.8325
4328,WarpSAC-L,Mjlab-Velocity-Rough-Unitree-G1,5,avg_return,29995008,64.422
4329,WarpSAC-L,Mjlab-Velocity-Rough-Unitree-G1,5,avg_return,32494592,68.2072
4330,WarpSAC-L,Mjlab-Velocity-Rough-Unitree-G1,5,avg_return,34994176,68.4495
4331,WarpSAC-L,Mjlab-Velocity-Rough-Unitree-G1,5,avg_return,37493760,66.6095
4332,WarpSAC-L,Mjlab-Velocity-Rough-Unitree-G1,5,avg_return,39993344,71.9598
4333,WarpSAC-L,Mjlab-Velocity-Rough-Unitree-G1,5,avg_return,42492928,74.0468
4334,WarpSAC-L,Mjlab-Velocity-Rough-Unitree-G1,5,avg_return,44992512,73.9926
4335,WarpSAC-L,Mjlab-Velocity-Rough-Unitree-G1,5,avg_return,47492096,72.5687
4336,WarpSAC-L,Mjlab-Velocity-Rough-Unitree-G1,5,avg_return,49991680,73.644
4337,WarpSAC-L,Mjlab-Velocity-Rough-Unitree-G1,5,avg_return,50000896,72.907
4338,WarpSAC-L,Mjlab-Velocity-Rough-Unitree-G1,5,avg_success,0,0.0
4339,WarpSAC-L,Mjlab-Velocity-Rough-Unitree-G1,5,avg_success,2499584,0.0
4340,WarpSAC-L,Mjlab-Velocity-Rough-Unitree-G1,5,avg_success,4999168,0.0
4341,WarpSAC-L,Mjlab-Velocity-Rough-Unitree-G1,5,avg_success,7498752,0.0
4342,WarpSAC-L,Mjlab-Velocity-Rough-Unitree-G1,5,avg_success,9998336,0.0
4343,WarpSAC-L,Mjlab-Velocity-Rough-Unitree-G1,5,avg_success,12497920,0.0
4344,WarpSAC-L,Mjlab-Velocity-Rough-Unitree-G1,5,avg_success,14997504,0.0
4345,WarpSAC-L,Mjlab-Velocity-Rough-Unitree-G1,5,avg_success,17497088,0.0
4346,WarpSAC-L,Mjlab-Velocity-Rough-Unitree-G1,5,avg_success,19996672,0.0
4347,WarpSAC-L,Mjlab-Velocity-Rough-Unitree-G1,5,avg_success,22496256,0.0
4348,WarpSAC-L,Mjlab-Velocity-Rough-Unitree-G1,5,avg_success,24995840,0.0
4349,WarpSAC-L,Mjlab-Velocity-Rough-Unitree-G1,5,avg_success,27495424,0.0
4350,WarpSAC-L,Mjlab-Velocity-Rough-Unitree-G1,5,avg_success,29995008,0.0
4351,WarpSAC-L,Mjlab-Velocity-Rough-Unitree-G1,5,avg_success,32494592,0.0
4352,WarpSAC-L,Mjlab-Velocity-Rough-Unitree-G1,5,avg_success,34994176,0.0
4353,WarpSAC-L,Mjlab-Velocity-Rough-Unitree-G1,5,avg_success,37493760,0.0
4354,WarpSAC-L,Mjlab-Velocity-Rough-Unitree-G1,5,avg_success,39993344,0.0
4355,WarpSAC-L,Mjlab-Velocity-Rough-Unitree-G1,5,avg_success,42492928,0.0
4356,WarpSAC-L,Mjlab-Velocity-Rough-Unitree-G1,5,avg_success,44992512,0.0
4357,WarpSAC-L,Mjlab-Velocity-Rough-Unitree-G1,5,avg_success,47492096,0.0
4358,WarpSAC-L,Mjlab-Velocity-Rough-Unitree-G1,5,avg_success,49991680,0.0
4359,WarpSAC-L,Mjlab-Velocity-Rough-Unitree-G1,5,avg_success,50000896,0.0
4360,WarpSAC-L,Mjlab-Velocity-Rough-Unitree-Go1,1,avg_return,0,1.1
4361,WarpSAC-L,Mjlab-Velocity-Rough-Unitree-Go1,1,avg_return,2499584,75.5779
4362,WarpSAC-L,Mjlab-Velocity-Rough-Unitree-Go1,1,avg_return,4999168,80.9649
4363,WarpSAC-L,Mjlab-Velocity-Rough-Unitree-Go1,1,avg_return,7498752,75.978
4364,WarpSAC-L,Mjlab-Velocity-Rough-Unitree-Go1,1,avg_return,9998336,76.234
4365,WarpSAC-L,Mjlab-Velocity-Rough-Unitree-Go1,1,avg_return,12497920,81.6672
4366,WarpSAC-L,Mjlab-Velocity-Rough-Unitree-Go1,1,avg_return,14997504,84.6736
4367,WarpSAC-L,Mjlab-Velocity-Rough-Unitree-Go1,1,avg_return,17497088,83.839
4368,WarpSAC-L,Mjlab-Velocity-Rough-Unitree-Go1,1,avg_return,19996672,82.0848
4369,WarpSAC-L,Mjlab-Velocity-Rough-Unitree-Go1,1,avg_return,22496256,84.4194
4370,WarpSAC-L,Mjlab-Velocity-Rough-Unitree-Go1,1,avg_return,24995840,86.4382
4371,WarpSAC-L,Mjlab-Velocity-Rough-Unitree-Go1,1,avg_return,27495424,86.4196
4372,WarpSAC-L,Mjlab-Velocity-Rough-Unitree-Go1,1,avg_return,29995008,88.5599
4373,WarpSAC-L,Mjlab-Velocity-Rough-Unitree-Go1,1,avg_return,32494592,89.4515
4374,WarpSAC-L,Mjlab-Velocity-Rough-Unitree-Go1,1,avg_return,34994176,87.617
4375,WarpSAC-L,Mjlab-Velocity-Rough-Unitree-Go1,1,avg_return,37493760,86.0058
4376,WarpSAC-L,Mjlab-Velocity-Rough-Unitree-Go1,1,avg_return,39993344,90.5382
4377,WarpSAC-L,Mjlab-Velocity-Rough-Unitree-Go1,1,avg_return,42492928,94.1617
4378,WarpSAC-L,Mjlab-Velocity-Rough-Unitree-Go1,1,avg_return,44992512,90.281
4379,WarpSAC-L,Mjlab-Velocity-Rough-Unitree-Go1,1,avg_return,47492096,90.8509
4380,WarpSAC-L,Mjlab-Velocity-Rough-Unitree-Go1,1,avg_return,49991680,93.6516
4381,WarpSAC-L,Mjlab-Velocity-Rough-Unitree-Go1,1,avg_return,50000896,93.305
4382,WarpSAC-L,Mjlab-Velocity-Rough-Unitree-Go1,1,avg_success,0,0.0
4383,WarpSAC-L,Mjlab-Velocity-Rough-Unitree-Go1,1,avg_success,2499584,0.0
4384,WarpSAC-L,Mjlab-Velocity-Rough-Unitree-Go1,1,avg_success,4999168,0.0
4385,WarpSAC-L,Mjlab-Velocity-Rough-Unitree-Go1,1,avg_success,7498752,0.0
4386,WarpSAC-L,Mjlab-Velocity-Rough-Unitree-Go1,1,avg_success,9998336,0.0
4387,WarpSAC-L,Mjlab-Velocity-Rough-Unitree-Go1,1,avg_success,12497920,0.0
4388,WarpSAC-L,Mjlab-Velocity-Rough-Unitree-Go1,1,avg_success,14997504,0.0
4389,WarpSAC-L,Mjlab-Velocity-Rough-Unitree-Go1,1,avg_success,17497088,0.0
4390,WarpSAC-L,Mjlab-Velocity-Rough-Unitree-Go1,1,avg_success,19996672,0.0
4391,WarpSAC-L,Mjlab-Velocity-Rough-Unitree-Go1,1,avg_success,22496256,0.0
4392,WarpSAC-L,Mjlab-Velocity-Rough-Unitree-Go1,1,avg_success,24995840,0.0
4393,WarpSAC-L,Mjlab-Velocity-Rough-Unitree-Go1,1,avg_success,27495424,0.0
4394,WarpSAC-L,Mjlab-Velocity-Rough-Unitree-Go1,1,avg_success,29995008,0.0
4395,WarpSAC-L,Mjlab-Velocity-Rough-Unitree-Go1,1,avg_success,32494592,0.0
4396,WarpSAC-L,Mjlab-Velocity-Rough-Unitree-Go1,1,avg_success,34994176,0.0
4397,WarpSAC-L,Mjlab-Velocity-Rough-Unitree-Go1,1,avg_success,37493760,0.0
4398,WarpSAC-L,Mjlab-Velocity-Rough-Unitree-Go1,1,avg_success,39993344,0.0
4399,WarpSAC-L,Mjlab-Velocity-Rough-Unitree-Go1,1,avg_success,42492928,0.0
4400,WarpSAC-L,Mjlab-Velocity-Rough-Unitree-Go1,1,avg_success,44992512,0.0
4401,WarpSAC-L,Mjlab-Velocity-Rough-Unitree-Go1,1,avg_success,47492096,0.0
4402,WarpSAC-L,Mjlab-Velocity-Rough-Unitree-Go1,1,avg_success,49991680,0.0
4403,WarpSAC-L,Mjlab-Velocity-Rough-Unitree-Go1,1,avg_success,50000896,0.0
4404,WarpSAC-L,Mjlab-Velocity-Rough-Unitree-Go1,2,avg_return,0,21.0036
4405,WarpSAC-L,Mjlab-Velocity-Rough-Unitree-Go1,2,avg_return,2499584,77.1524
4406,WarpSAC-L,Mjlab-Velocity-Rough-Unitree-Go1,2,avg_return,4999168,77.7785
4407,WarpSAC-L,Mjlab-Velocity-Rough-Unitree-Go1,2,avg_return,7498752,73.1967
4408,WarpSAC-L,Mjlab-Velocity-Rough-Unitree-Go1,2,avg_return,9998336,69.9883
4409,WarpSAC-L,Mjlab-Velocity-Rough-Unitree-Go1,2,avg_return,12497920,81.1507
4410,WarpSAC-L,Mjlab-Velocity-Rough-Unitree-Go1,2,avg_return,14997504,83.7515
4411,WarpSAC-L,Mjlab-Velocity-Rough-Unitree-Go1,2,avg_return,17497088,84.5633
4412,WarpSAC-L,Mjlab-Velocity-Rough-Unitree-Go1,2,avg_return,19996672,87.0292
4413,WarpSAC-L,Mjlab-Velocity-Rough-Unitree-Go1,2,avg_return,22496256,86.8321
4414,WarpSAC-L,Mjlab-Velocity-Rough-Unitree-Go1,2,avg_return,24995840,84.7731
4415,WarpSAC-L,Mjlab-Velocity-Rough-Unitree-Go1,2,avg_return,27495424,83.7191
4416,WarpSAC-L,Mjlab-Velocity-Rough-Unitree-Go1,2,avg_return,29995008,90.0742
4417,WarpSAC-L,Mjlab-Velocity-Rough-Unitree-Go1,2,avg_return,32494592,88.4731
4418,WarpSAC-L,Mjlab-Velocity-Rough-Unitree-Go1,2,avg_return,34994176,87.6066
4419,WarpSAC-L,Mjlab-Velocity-Rough-Unitree-Go1,2,avg_return,37493760,90.5556
4420,WarpSAC-L,Mjlab-Velocity-Rough-Unitree-Go1,2,avg_return,39993344,93.5672
4421,WarpSAC-L,Mjlab-Velocity-Rough-Unitree-Go1,2,avg_return,42492928,91.0579
4422,WarpSAC-L,Mjlab-Velocity-Rough-Unitree-Go1,2,avg_return,44992512,94.6945
4423,WarpSAC-L,Mjlab-Velocity-Rough-Unitree-Go1,2,avg_return,47492096,91.8017
4424,WarpSAC-L,Mjlab-Velocity-Rough-Unitree-Go1,2,avg_return,49991680,89.6
4425,WarpSAC-L,Mjlab-Velocity-Rough-Unitree-Go1,2,avg_return,50000896,92.1538
4426,WarpSAC-L,Mjlab-Velocity-Rough-Unitree-Go1,2,avg_success,0,0.0
4427,WarpSAC-L,Mjlab-Velocity-Rough-Unitree-Go1,2,avg_success,2499584,0.0
4428,WarpSAC-L,Mjlab-Velocity-Rough-Unitree-Go1,2,avg_success,4999168,0.0
4429,WarpSAC-L,Mjlab-Velocity-Rough-Unitree-Go1,2,avg_success,7498752,0.0
4430,WarpSAC-L,Mjlab-Velocity-Rough-Unitree-Go1,2,avg_success,9998336,0.0
4431,WarpSAC-L,Mjlab-Velocity-Rough-Unitree-Go1,2,avg_success,12497920,0.0
4432,WarpSAC-L,Mjlab-Velocity-Rough-Unitree-Go1,2,avg_success,14997504,0.0
4433,WarpSAC-L,Mjlab-Velocity-Rough-Unitree-Go1,2,avg_success,17497088,0.0
4434,WarpSAC-L,Mjlab-Velocity-Rough-Unitree-Go1,2,avg_success,19996672,0.0
4435,WarpSAC-L,Mjlab-Velocity-Rough-Unitree-Go1,2,avg_success,22496256,0.0
4436,WarpSAC-L,Mjlab-Velocity-Rough-Unitree-Go1,2,avg_success,24995840,0.0
4437,WarpSAC-L,Mjlab-Velocity-Rough-Unitree-Go1,2,avg_success,27495424,0.0
4438,WarpSAC-L,Mjlab-Velocity-Rough-Unitree-Go1,2,avg_success,29995008,0.0
4439,WarpSAC-L,Mjlab-Velocity-Rough-Unitree-Go1,2,avg_success,32494592,0.0
4440,WarpSAC-L,Mjlab-Velocity-Rough-Unitree-Go1,2,avg_success,34994176,0.0
4441,WarpSAC-L,Mjlab-Velocity-Rough-Unitree-Go1,2,avg_success,37493760,0.0
4442,WarpSAC-L,Mjlab-Velocity-Rough-Unitree-Go1,2,avg_success,39993344,0.0
4443,WarpSAC-L,Mjlab-Velocity-Rough-Unitree-Go1,2,avg_success,42492928,0.0
4444,WarpSAC-L,Mjlab-Velocity-Rough-Unitree-Go1,2,avg_success,44992512,0.0
4445,WarpSAC-L,Mjlab-Velocity-Rough-Unitree-Go1,2,avg_success,47492096,0.0
4446,WarpSAC-L,Mjlab-Velocity-Rough-Unitree-Go1,2,avg_success,49991680,0.0
4447,WarpSAC-L,Mjlab-Velocity-Rough-Unitree-Go1,2,avg_success,50000896,0.0
4448,WarpSAC-L,Mjlab-Velocity-Rough-Unitree-Go1,3,avg_return,0,1.9925
4449,WarpSAC-L,Mjlab-Velocity-Rough-Unitree-Go1,3,avg_return,2499584,78.048
4450,WarpSAC-L,Mjlab-Velocity-Rough-Unitree-Go1,3,avg_return,4999168,74.6956
4451,WarpSAC-L,Mjlab-Velocity-Rough-Unitree-Go1,3,avg_return,7498752,73.5042
4452,WarpSAC-L,Mjlab-Velocity-Rough-Unitree-Go1,3,avg_return,9998336,72.1992
4453,WarpSAC-L,Mjlab-Velocity-Rough-Unitree-Go1,3,avg_return,12497920,72.0324
4454,WarpSAC-L,Mjlab-Velocity-Rough-Unitree-Go1,3,avg_return,14997504,83.7189
4455,WarpSAC-L,Mjlab-Velocity-Rough-Unitree-Go1,3,avg_return,17497088,83.9682
4456,WarpSAC-L,Mjlab-Velocity-Rough-Unitree-Go1,3,avg_return,19996672,85.8457
4457,WarpSAC-L,Mjlab-Velocity-Rough-Unitree-Go1,3,avg_return,22496256,83.4964
4458,WarpSAC-L,Mjlab-Velocity-Rough-Unitree-Go1,3,avg_return,24995840,80.7047
4459,WarpSAC-L,Mjlab-Velocity-Rough-Unitree-Go1,3,avg_return,27495424,83.7505
4460,WarpSAC-L,Mjlab-Velocity-Rough-Unitree-Go1,3,avg_return,29995008,85.8985
4461,WarpSAC-L,Mjlab-Velocity-Rough-Unitree-Go1,3,avg_return,32494592,88.6037
4462,WarpSAC-L,Mjlab-Velocity-Rough-Unitree-Go1,3,avg_return,34994176,85.7789
4463,WarpSAC-L,Mjlab-Velocity-Rough-Unitree-Go1,3,avg_return,37493760,91.1231
4464,WarpSAC-L,Mjlab-Velocity-Rough-Unitree-Go1,3,avg_return,39993344,90.1471
4465,WarpSAC-L,Mjlab-Velocity-Rough-Unitree-Go1,3,avg_return,42492928,88.9911
4466,WarpSAC-L,Mjlab-Velocity-Rough-Unitree-Go1,3,avg_return,44992512,91.9096
4467,WarpSAC-L,Mjlab-Velocity-Rough-Unitree-Go1,3,avg_return,47492096,90.3468
4468,WarpSAC-L,Mjlab-Velocity-Rough-Unitree-Go1,3,avg_return,49991680,92.8098
4469,WarpSAC-L,Mjlab-Velocity-Rough-Unitree-Go1,3,avg_return,50000896,89.7917
4470,WarpSAC-L,Mjlab-Velocity-Rough-Unitree-Go1,3,avg_success,0,0.0
4471,WarpSAC-L,Mjlab-Velocity-Rough-Unitree-Go1,3,avg_success,2499584,0.0
4472,WarpSAC-L,Mjlab-Velocity-Rough-Unitree-Go1,3,avg_success,4999168,0.0
4473,WarpSAC-L,Mjlab-Velocity-Rough-Unitree-Go1,3,avg_success,7498752,0.0
4474,WarpSAC-L,Mjlab-Velocity-Rough-Unitree-Go1,3,avg_success,9998336,0.0
4475,WarpSAC-L,Mjlab-Velocity-Rough-Unitree-Go1,3,avg_success,12497920,0.0
4476,WarpSAC-L,Mjlab-Velocity-Rough-Unitree-Go1,3,avg_success,14997504,0.0
4477,WarpSAC-L,Mjlab-Velocity-Rough-Unitree-Go1,3,avg_success,17497088,0.0
4478,WarpSAC-L,Mjlab-Velocity-Rough-Unitree-Go1,3,avg_success,19996672,0.0
4479,WarpSAC-L,Mjlab-Velocity-Rough-Unitree-Go1,3,avg_success,22496256,0.0
4480,WarpSAC-L,Mjlab-Velocity-Rough-Unitree-Go1,3,avg_success,24995840,0.0
4481,WarpSAC-L,Mjlab-Velocity-Rough-Unitree-Go1,3,avg_success,27495424,0.0
4482,WarpSAC-L,Mjlab-Velocity-Rough-Unitree-Go1,3,avg_success,29995008,0.0
4483,WarpSAC-L,Mjlab-Velocity-Rough-Unitree-Go1,3,avg_success,32494592,0.0
4484,WarpSAC-L,Mjlab-Velocity-Rough-Unitree-Go1,3,avg_success,34994176,0.0
4485,WarpSAC-L,Mjlab-Velocity-Rough-Unitree-Go1,3,avg_success,37493760,0.0
4486,WarpSAC-L,Mjlab-Velocity-Rough-Unitree-Go1,3,avg_success,39993344,0.0
4487,WarpSAC-L,Mjlab-Velocity-Rough-Unitree-Go1,3,avg_success,42492928,0.0
4488,WarpSAC-L,Mjlab-Velocity-Rough-Unitree-Go1,3,avg_success,44992512,0.0
4489,WarpSAC-L,Mjlab-Velocity-Rough-Unitree-Go1,3,avg_success,47492096,0.0
4490,WarpSAC-L,Mjlab-Velocity-Rough-Unitree-Go1,3,avg_success,49991680,0.0
4491,WarpSAC-L,Mjlab-Velocity-Rough-Unitree-Go1,3,avg_success,50000896,0.0
4492,WarpSAC-L,Mjlab-Velocity-Rough-Unitree-Go1,4,avg_return,0,15.3113
4493,WarpSAC-L,Mjlab-Velocity-Rough-Unitree-Go1,4,avg_return,2499584,78.9789
4494,WarpSAC-L,Mjlab-Velocity-Rough-Unitree-Go1,4,avg_return,4999168,81.7371
4495,WarpSAC-L,Mjlab-Velocity-Rough-Unitree-Go1,4,avg_return,7498752,67.6571
4496,WarpSAC-L,Mjlab-Velocity-Rough-Unitree-Go1,4,avg_return,9998336,73.2872
4497,WarpSAC-L,Mjlab-Velocity-Rough-Unitree-Go1,4,avg_return,12497920,78.2352
4498,WarpSAC-L,Mjlab-Velocity-Rough-Unitree-Go1,4,avg_return,14997504,82.3743
4499,WarpSAC-L,Mjlab-Velocity-Rough-Unitree-Go1,4,avg_return,17497088,80.5833
4500,WarpSAC-L,Mjlab-Velocity-Rough-Unitree-Go1,4,avg_return,19996672,85.0965
4501,WarpSAC-L,Mjlab-Velocity-Rough-Unitree-Go1,4,avg_return,22496256,84.8689
4502,WarpSAC-L,Mjlab-Velocity-Rough-Unitree-Go1,4,avg_return,24995840,83.3051
4503,WarpSAC-L,Mjlab-Velocity-Rough-Unitree-Go1,4,avg_return,27495424,84.2321
4504,WarpSAC-L,Mjlab-Velocity-Rough-Unitree-Go1,4,avg_return,29995008,83.1801
4505,WarpSAC-L,Mjlab-Velocity-Rough-Unitree-Go1,4,avg_return,32494592,86.9735
4506,WarpSAC-L,Mjlab-Velocity-Rough-Unitree-Go1,4,avg_return,34994176,90.3026
4507,WarpSAC-L,Mjlab-Velocity-Rough-Unitree-Go1,4,avg_return,37493760,89.5062
4508,WarpSAC-L,Mjlab-Velocity-Rough-Unitree-Go1,4,avg_return,39993344,90.5232
4509,WarpSAC-L,Mjlab-Velocity-Rough-Unitree-Go1,4,avg_return,42492928,87.8086
4510,WarpSAC-L,Mjlab-Velocity-Rough-Unitree-Go1,4,avg_return,44992512,93.5033
4511,WarpSAC-L,Mjlab-Velocity-Rough-Unitree-Go1,4,avg_return,47492096,92.118
4512,WarpSAC-L,Mjlab-Velocity-Rough-Unitree-Go1,4,avg_return,49991680,91.4022
4513,WarpSAC-L,Mjlab-Velocity-Rough-Unitree-Go1,4,avg_return,50000896,91.3659
4514,WarpSAC-L,Mjlab-Velocity-Rough-Unitree-Go1,4,avg_success,0,0.0
4515,WarpSAC-L,Mjlab-Velocity-Rough-Unitree-Go1,4,avg_success,2499584,0.0
4516,WarpSAC-L,Mjlab-Velocity-Rough-Unitree-Go1,4,avg_success,4999168,0.0
4517,WarpSAC-L,Mjlab-Velocity-Rough-Unitree-Go1,4,avg_success,7498752,0.0
4518,WarpSAC-L,Mjlab-Velocity-Rough-Unitree-Go1,4,avg_success,9998336,0.0
4519,WarpSAC-L,Mjlab-Velocity-Rough-Unitree-Go1,4,avg_success,12497920,0.0
4520,WarpSAC-L,Mjlab-Velocity-Rough-Unitree-Go1,4,avg_success,14997504,0.0
4521,WarpSAC-L,Mjlab-Velocity-Rough-Unitree-Go1,4,avg_success,17497088,0.0
4522,WarpSAC-L,Mjlab-Velocity-Rough-Unitree-Go1,4,avg_success,19996672,0.0
4523,WarpSAC-L,Mjlab-Velocity-Rough-Unitree-Go1,4,avg_success,22496256,0.0
4524,WarpSAC-L,Mjlab-Velocity-Rough-Unitree-Go1,4,avg_success,24995840,0.0
4525,WarpSAC-L,Mjlab-Velocity-Rough-Unitree-Go1,4,avg_success,27495424,0.0
4526,WarpSAC-L,Mjlab-Velocity-Rough-Unitree-Go1,4,avg_success,29995008,0.0
4527,WarpSAC-L,Mjlab-Velocity-Rough-Unitree-Go1,4,avg_success,32494592,0.0
4528,WarpSAC-L,Mjlab-Velocity-Rough-Unitree-Go1,4,avg_success,34994176,0.0
4529,WarpSAC-L,Mjlab-Velocity-Rough-Unitree-Go1,4,avg_success,37493760,0.0
4530,WarpSAC-L,Mjlab-Velocity-Rough-Unitree-Go1,4,avg_success,39993344,0.0
4531,WarpSAC-L,Mjlab-Velocity-Rough-Unitree-Go1,4,avg_success,42492928,0.0
4532,WarpSAC-L,Mjlab-Velocity-Rough-Unitree-Go1,4,avg_success,44992512,0.0
4533,WarpSAC-L,Mjlab-Velocity-Rough-Unitree-Go1,4,avg_success,47492096,0.0
4534,WarpSAC-L,Mjlab-Velocity-Rough-Unitree-Go1,4,avg_success,49991680,0.0
4535,WarpSAC-L,Mjlab-Velocity-Rough-Unitree-Go1,4,avg_success,50000896,0.0
4536,WarpSAC-L,Mjlab-Velocity-Rough-Unitree-Go1,5,avg_return,0,1.8345
4537,WarpSAC-L,Mjlab-Velocity-Rough-Unitree-Go1,5,avg_return,2499584,76.8249
4538,WarpSAC-L,Mjlab-Velocity-Rough-Unitree-Go1,5,avg_return,4999168,78.4443
4539,WarpSAC-L,Mjlab-Velocity-Rough-Unitree-Go1,5,avg_return,7498752,75.8788
4540,WarpSAC-L,Mjlab-Velocity-Rough-Unitree-Go1,5,avg_return,9998336,73.1177
4541,WarpSAC-L,Mjlab-Velocity-Rough-Unitree-Go1,5,avg_return,12497920,77.9467
4542,WarpSAC-L,Mjlab-Velocity-Rough-Unitree-Go1,5,avg_return,14997504,71.5743
4543,WarpSAC-L,Mjlab-Velocity-Rough-Unitree-Go1,5,avg_return,17497088,81.9147
4544,WarpSAC-L,Mjlab-Velocity-Rough-Unitree-Go1,5,avg_return,19996672,85.0531
4545,WarpSAC-L,Mjlab-Velocity-Rough-Unitree-Go1,5,avg_return,22496256,85.9232
4546,WarpSAC-L,Mjlab-Velocity-Rough-Unitree-Go1,5,avg_return,24995840,86.1971
4547,WarpSAC-L,Mjlab-Velocity-Rough-Unitree-Go1,5,avg_return,27495424,87.597
4548,WarpSAC-L,Mjlab-Velocity-Rough-Unitree-Go1,5,avg_return,29995008,86.6755
4549,WarpSAC-L,Mjlab-Velocity-Rough-Unitree-Go1,5,avg_return,32494592,89.1921
4550,WarpSAC-L,Mjlab-Velocity-Rough-Unitree-Go1,5,avg_return,34994176,88.0912
4551,WarpSAC-L,Mjlab-Velocity-Rough-Unitree-Go1,5,avg_return,37493760,88.5292
4552,WarpSAC-L,Mjlab-Velocity-Rough-Unitree-Go1,5,avg_return,39993344,91.7555
4553,WarpSAC-L,Mjlab-Velocity-Rough-Unitree-Go1,5,avg_return,42492928,90.9352
4554,WarpSAC-L,Mjlab-Velocity-Rough-Unitree-Go1,5,avg_return,44992512,92.5578
4555,WarpSAC-L,Mjlab-Velocity-Rough-Unitree-Go1,5,avg_return,47492096,92.8904
4556,WarpSAC-L,Mjlab-Velocity-Rough-Unitree-Go1,5,avg_return,49991680,91.8396
4557,WarpSAC-L,Mjlab-Velocity-Rough-Unitree-Go1,5,avg_return,50000896,91.0725
4558,WarpSAC-L,Mjlab-Velocity-Rough-Unitree-Go1,5,avg_success,0,0.0
4559,WarpSAC-L,Mjlab-Velocity-Rough-Unitree-Go1,5,avg_success,2499584,0.0
4560,WarpSAC-L,Mjlab-Velocity-Rough-Unitree-Go1,5,avg_success,4999168,0.0
4561,WarpSAC-L,Mjlab-Velocity-Rough-Unitree-Go1,5,avg_success,7498752,0.0
4562,WarpSAC-L,Mjlab-Velocity-Rough-Unitree-Go1,5,avg_success,9998336,0.0
4563,WarpSAC-L,Mjlab-Velocity-Rough-Unitree-Go1,5,avg_success,12497920,0.0
4564,WarpSAC-L,Mjlab-Velocity-Rough-Unitree-Go1,5,avg_success,14997504,0.0
4565,WarpSAC-L,Mjlab-Velocity-Rough-Unitree-Go1,5,avg_success,17497088,0.0
4566,WarpSAC-L,Mjlab-Velocity-Rough-Unitree-Go1,5,avg_success,19996672,0.0
4567,WarpSAC-L,Mjlab-Velocity-Rough-Unitree-Go1,5,avg_success,22496256,0.0
4568,WarpSAC-L,Mjlab-Velocity-Rough-Unitree-Go1,5,avg_success,24995840,0.0
4569,WarpSAC-L,Mjlab-Velocity-Rough-Unitree-Go1,5,avg_success,27495424,0.0
4570,WarpSAC-L,Mjlab-Velocity-Rough-Unitree-Go1,5,avg_success,29995008,0.0
4571,WarpSAC-L,Mjlab-Velocity-Rough-Unitree-Go1,5,avg_success,32494592,0.0
4572,WarpSAC-L,Mjlab-Velocity-Rough-Unitree-Go1,5,avg_success,34994176,0.0
4573,WarpSAC-L,Mjlab-Velocity-Rough-Unitree-Go1,5,avg_success,37493760,0.0
4574,WarpSAC-L,Mjlab-Velocity-Rough-Unitree-Go1,5,avg_success,39993344,0.0
4575,WarpSAC-L,Mjlab-Velocity-Rough-Unitree-Go1,5,avg_success,42492928,0.0
4576,WarpSAC-L,Mjlab-Velocity-Rough-Unitree-Go1,5,avg_success,44992512,0.0
4577,WarpSAC-L,Mjlab-Velocity-Rough-Unitree-Go1,5,avg_success,47492096,0.0
4578,WarpSAC-L,Mjlab-Velocity-Rough-Unitree-Go1,5,avg_success,49991680,0.0
4579,WarpSAC-L,Mjlab-Velocity-Rough-Unitree-Go1,5,avg_success,50000896,0.0
4580,WarpSAC-L,PegInsertionSide-v1,1,avg_return,0,0.549
4581,WarpSAC-L,PegInsertionSide-v1,1,avg_return,2499584,23.6956
4582,WarpSAC-L,PegInsertionSide-v1,1,avg_return,4999168,62.0805
4583,WarpSAC-L,PegInsertionSide-v1,1,avg_return,7498752,68.4613
4584,WarpSAC-L,PegInsertionSide-v1,1,avg_return,9998336,72.662
4585,WarpSAC-L,PegInsertionSide-v1,1,avg_return,12497920,74.3625
4586,WarpSAC-L,PegInsertionSide-v1,1,avg_return,14997504,84.195
4587,WarpSAC-L,PegInsertionSide-v1,1,avg_return,17497088,84.5421
4588,WarpSAC-L,PegInsertionSide-v1,1,avg_return,19996672,83.0184
4589,WarpSAC-L,PegInsertionSide-v1,1,avg_return,22496256,79.2531
4590,WarpSAC-L,PegInsertionSide-v1,1,avg_return,24995840,83.5958
4591,WarpSAC-L,PegInsertionSide-v1,1,avg_return,27495424,85.9397
4592,WarpSAC-L,PegInsertionSide-v1,1,avg_return,29995008,84.0367
4593,WarpSAC-L,PegInsertionSide-v1,1,avg_return,32494592,85.8839
4594,WarpSAC-L,PegInsertionSide-v1,1,avg_return,34994176,85.3569
4595,WarpSAC-L,PegInsertionSide-v1,1,avg_return,37493760,84.0128
4596,WarpSAC-L,PegInsertionSide-v1,1,avg_return,39993344,83.8486
4597,WarpSAC-L,PegInsertionSide-v1,1,avg_return,42492928,85.4046
4598,WarpSAC-L,PegInsertionSide-v1,1,avg_return,44992512,83.5558
4599,WarpSAC-L,PegInsertionSide-v1,1,avg_return,47492096,83.5503
4600,WarpSAC-L,PegInsertionSide-v1,1,avg_return,49991680,84.977
4601,WarpSAC-L,PegInsertionSide-v1,1,avg_return,50000896,86.0754
4602,WarpSAC-L,PegInsertionSide-v1,1,avg_success,0,0.0
4603,WarpSAC-L,PegInsertionSide-v1,1,avg_success,2499584,0.0
4604,WarpSAC-L,PegInsertionSide-v1,1,avg_success,4999168,0.0
4605,WarpSAC-L,PegInsertionSide-v1,1,avg_success,7498752,0.24
4606,WarpSAC-L,PegInsertionSide-v1,1,avg_success,9998336,0.36
4607,WarpSAC-L,PegInsertionSide-v1,1,avg_success,12497920,0.66
4608,WarpSAC-L,PegInsertionSide-v1,1,avg_success,14997504,0.84
4609,WarpSAC-L,PegInsertionSide-v1,1,avg_success,17497088,0.92
4610,WarpSAC-L,PegInsertionSide-v1,1,avg_success,19996672,0.92
4611,WarpSAC-L,PegInsertionSide-v1,1,avg_success,22496256,0.8
4612,WarpSAC-L,PegInsertionSide-v1,1,avg_success,24995840,0.94
4613,WarpSAC-L,PegInsertionSide-v1,1,avg_success,27495424,0.94
4614,WarpSAC-L,PegInsertionSide-v1,1,avg_success,29995008,0.94
4615,WarpSAC-L,PegInsertionSide-v1,1,avg_success,32494592,0.94
4616,WarpSAC-L,PegInsertionSide-v1,1,avg_success,34994176,0.92
4617,WarpSAC-L,PegInsertionSide-v1,1,avg_success,37493760,0.86
4618,WarpSAC-L,PegInsertionSide-v1,1,avg_success,39993344,0.86
4619,WarpSAC-L,PegInsertionSide-v1,1,avg_success,42492928,0.98
4620,WarpSAC-L,PegInsertionSide-v1,1,avg_success,44992512,0.88
4621,WarpSAC-L,PegInsertionSide-v1,1,avg_success,47492096,0.9
4622,WarpSAC-L,PegInsertionSide-v1,1,avg_success,49991680,0.92
4623,WarpSAC-L,PegInsertionSide-v1,1,avg_success,50000896,0.96
4624,WarpSAC-L,PegInsertionSide-v1,2,avg_return,0,0.3969
4625,WarpSAC-L,PegInsertionSide-v1,2,avg_return,2499584,26.943
4626,WarpSAC-L,PegInsertionSide-v1,2,avg_return,4999168,62.9387
4627,WarpSAC-L,PegInsertionSide-v1,2,avg_return,7498752,73.4515
4628,WarpSAC-L,PegInsertionSide-v1,2,avg_return,9998336,80.9711
4629,WarpSAC-L,PegInsertionSide-v1,2,avg_return,12497920,79.5462
4630,WarpSAC-L,PegInsertionSide-v1,2,avg_return,14997504,80.0885
4631,WarpSAC-L,PegInsertionSide-v1,2,avg_return,17497088,83.8436
4632,WarpSAC-L,PegInsertionSide-v1,2,avg_return,19996672,84.1465
4633,WarpSAC-L,PegInsertionSide-v1,2,avg_return,22496256,81.7997
4634,WarpSAC-L,PegInsertionSide-v1,2,avg_return,24995840,82.5142
4635,WarpSAC-L,PegInsertionSide-v1,2,avg_return,27495424,80.1221
4636,WarpSAC-L,PegInsertionSide-v1,2,avg_return,29995008,81.0381
4637,WarpSAC-L,PegInsertionSide-v1,2,avg_return,32494592,84.9637
4638,WarpSAC-L,PegInsertionSide-v1,2,avg_return,34994176,83.2986
4639,WarpSAC-L,PegInsertionSide-v1,2,avg_return,37493760,70.8299
4640,WarpSAC-L,PegInsertionSide-v1,2,avg_return,39993344,86.5914
4641,WarpSAC-L,PegInsertionSide-v1,2,avg_return,42492928,84.3538
4642,WarpSAC-L,PegInsertionSide-v1,2,avg_return,44992512,84.1169
4643,WarpSAC-L,PegInsertionSide-v1,2,avg_return,47492096,84.225
4644,WarpSAC-L,PegInsertionSide-v1,2,avg_return,49991680,85.5999
4645,WarpSAC-L,PegInsertionSide-v1,2,avg_return,50000896,86.1254
4646,WarpSAC-L,PegInsertionSide-v1,2,avg_success,0,0.0
4647,WarpSAC-L,PegInsertionSide-v1,2,avg_success,2499584,0.0
4648,WarpSAC-L,PegInsertionSide-v1,2,avg_success,4999168,0.0
4649,WarpSAC-L,PegInsertionSide-v1,2,avg_success,7498752,0.56
4650,WarpSAC-L,PegInsertionSide-v1,2,avg_success,9998336,0.7
4651,WarpSAC-L,PegInsertionSide-v1,2,avg_success,12497920,0.82
4652,WarpSAC-L,PegInsertionSide-v1,2,avg_success,14997504,0.64
4653,WarpSAC-L,PegInsertionSide-v1,2,avg_success,17497088,0.86
4654,WarpSAC-L,PegInsertionSide-v1,2,avg_success,19996672,0.9
4655,WarpSAC-L,PegInsertionSide-v1,2,avg_success,22496256,0.84
4656,WarpSAC-L,PegInsertionSide-v1,2,avg_success,24995840,0.88
4657,WarpSAC-L,PegInsertionSide-v1,2,avg_success,27495424,0.84
4658,WarpSAC-L,PegInsertionSide-v1,2,avg_success,29995008,0.84
4659,WarpSAC-L,PegInsertionSide-v1,2,avg_success,32494592,0.94
4660,WarpSAC-L,PegInsertionSide-v1,2,avg_success,34994176,0.88
4661,WarpSAC-L,PegInsertionSide-v1,2,avg_success,37493760,0.66
4662,WarpSAC-L,PegInsertionSide-v1,2,avg_success,39993344,0.98
4663,WarpSAC-L,PegInsertionSide-v1,2,avg_success,42492928,0.88
4664,WarpSAC-L,PegInsertionSide-v1,2,avg_success,44992512,0.9
4665,WarpSAC-L,PegInsertionSide-v1,2,avg_success,47492096,0.92
4666,WarpSAC-L,PegInsertionSide-v1,2,avg_success,49991680,0.94
4667,WarpSAC-L,PegInsertionSide-v1,2,avg_success,50000896,0.96
4668,WarpSAC-L,PegInsertionSide-v1,3,avg_return,0,0.7811
4669,WarpSAC-L,PegInsertionSide-v1,3,avg_return,2499584,27.7838
4670,WarpSAC-L,PegInsertionSide-v1,3,avg_return,4999168,65.1692
4671,WarpSAC-L,PegInsertionSide-v1,3,avg_return,7498752,80.2772
4672,WarpSAC-L,PegInsertionSide-v1,3,avg_return,9998336,77.1127
4673,WarpSAC-L,PegInsertionSide-v1,3,avg_return,12497920,80.2059
4674,WarpSAC-L,PegInsertionSide-v1,3,avg_return,14997504,82.9588
4675,WarpSAC-L,PegInsertionSide-v1,3,avg_return,17497088,81.0655
4676,WarpSAC-L,PegInsertionSide-v1,3,avg_return,19996672,83.5298
4677,WarpSAC-L,PegInsertionSide-v1,3,avg_return,22496256,85.7396
4678,WarpSAC-L,PegInsertionSide-v1,3,avg_return,24995840,80.7162
4679,WarpSAC-L,PegInsertionSide-v1,3,avg_return,27495424,83.1771
4680,WarpSAC-L,PegInsertionSide-v1,3,avg_return,29995008,83.0517
4681,WarpSAC-L,PegInsertionSide-v1,3,avg_return,32494592,85.9931
4682,WarpSAC-L,PegInsertionSide-v1,3,avg_return,34994176,83.1741
4683,WarpSAC-L,PegInsertionSide-v1,3,avg_return,37493760,85.9601
4684,WarpSAC-L,PegInsertionSide-v1,3,avg_return,39993344,85.451
4685,WarpSAC-L,PegInsertionSide-v1,3,avg_return,42492928,85.8518
4686,WarpSAC-L,PegInsertionSide-v1,3,avg_return,44992512,84.2686
4687,WarpSAC-L,PegInsertionSide-v1,3,avg_return,47492096,84.9429
4688,WarpSAC-L,PegInsertionSide-v1,3,avg_return,49991680,87.3541
4689,WarpSAC-L,PegInsertionSide-v1,3,avg_return,50000896,85.6201
4690,WarpSAC-L,PegInsertionSide-v1,3,avg_success,0,0.0
4691,WarpSAC-L,PegInsertionSide-v1,3,avg_success,2499584,0.0
4692,WarpSAC-L,PegInsertionSide-v1,3,avg_success,4999168,0.02
4693,WarpSAC-L,PegInsertionSide-v1,3,avg_success,7498752,0.72
4694,WarpSAC-L,PegInsertionSide-v1,3,avg_success,9998336,0.7
4695,WarpSAC-L,PegInsertionSide-v1,3,avg_success,12497920,0.82
4696,WarpSAC-L,PegInsertionSide-v1,3,avg_success,14997504,0.9
4697,WarpSAC-L,PegInsertionSide-v1,3,avg_success,17497088,0.86
4698,WarpSAC-L,PegInsertionSide-v1,3,avg_success,19996672,0.94
4699,WarpSAC-L,PegInsertionSide-v1,3,avg_success,22496256,0.98
4700,WarpSAC-L,PegInsertionSide-v1,3,avg_success,24995840,0.76
4701,WarpSAC-L,PegInsertionSide-v1,3,avg_success,27495424,0.9
4702,WarpSAC-L,PegInsertionSide-v1,3,avg_success,29995008,0.88
4703,WarpSAC-L,PegInsertionSide-v1,3,avg_success,32494592,0.98
4704,WarpSAC-L,PegInsertionSide-v1,3,avg_success,34994176,0.94
4705,WarpSAC-L,PegInsertionSide-v1,3,avg_success,37493760,0.94
4706,WarpSAC-L,PegInsertionSide-v1,3,avg_success,39993344,0.94
4707,WarpSAC-L,PegInsertionSide-v1,3,avg_success,42492928,0.98
4708,WarpSAC-L,PegInsertionSide-v1,3,avg_success,44992512,0.94
4709,WarpSAC-L,PegInsertionSide-v1,3,avg_success,47492096,0.94
4710,WarpSAC-L,PegInsertionSide-v1,3,avg_success,49991680,1.0
4711,WarpSAC-L,PegInsertionSide-v1,3,avg_success,50000896,0.92
4712,WarpSAC-L,PegInsertionSide-v1,4,avg_return,0,0.1863
4713,WarpSAC-L,PegInsertionSide-v1,4,avg_return,2499584,22.7818
4714,WarpSAC-L,PegInsertionSide-v1,4,avg_return,4999168,64.4825
4715,WarpSAC-L,PegInsertionSide-v1,4,avg_return,7498752,72.9668
4716,WarpSAC-L,PegInsertionSide-v1,4,avg_return,9998336,81.8255
4717,WarpSAC-L,PegInsertionSide-v1,4,avg_return,12497920,83.566
4718,WarpSAC-L,PegInsertionSide-v1,4,avg_return,14997504,86.0265
4719,WarpSAC-L,PegInsertionSide-v1,4,avg_return,17497088,84.6283
4720,WarpSAC-L,PegInsertionSide-v1,4,avg_return,19996672,82.094
4721,WarpSAC-L,PegInsertionSide-v1,4,avg_return,22496256,85.149
4722,WarpSAC-L,PegInsertionSide-v1,4,avg_return,24995840,85.9706
4723,WarpSAC-L,PegInsertionSide-v1,4,avg_return,27495424,85.6605
4724,WarpSAC-L,PegInsertionSide-v1,4,avg_return,29995008,84.1873
4725,WarpSAC-L,PegInsertionSide-v1,4,avg_return,32494592,84.014
4726,WarpSAC-L,PegInsertionSide-v1,4,avg_return,34994176,84.1963
4727,WarpSAC-L,PegInsertionSide-v1,4,avg_return,37493760,81.9212
4728,WarpSAC-L,PegInsertionSide-v1,4,avg_return,39993344,84.8517
4729,WarpSAC-L,PegInsertionSide-v1,4,avg_return,42492928,84.4061
4730,WarpSAC-L,PegInsertionSide-v1,4,avg_return,44992512,84.4525
4731,WarpSAC-L,PegInsertionSide-v1,4,avg_return,47492096,86.9719
4732,WarpSAC-L,PegInsertionSide-v1,4,avg_return,49991680,84.6622
4733,WarpSAC-L,PegInsertionSide-v1,4,avg_return,50000896,85.1777
4734,WarpSAC-L,PegInsertionSide-v1,4,avg_success,0,0.0
4735,WarpSAC-L,PegInsertionSide-v1,4,avg_success,2499584,0.0
4736,WarpSAC-L,PegInsertionSide-v1,4,avg_success,4999168,0.0
4737,WarpSAC-L,PegInsertionSide-v1,4,avg_success,7498752,0.44
4738,WarpSAC-L,PegInsertionSide-v1,4,avg_success,9998336,0.74
4739,WarpSAC-L,PegInsertionSide-v1,4,avg_success,12497920,0.88
4740,WarpSAC-L,PegInsertionSide-v1,4,avg_success,14997504,1.0
4741,WarpSAC-L,PegInsertionSide-v1,4,avg_success,17497088,0.92
4742,WarpSAC-L,PegInsertionSide-v1,4,avg_success,19996672,0.84
4743,WarpSAC-L,PegInsertionSide-v1,4,avg_success,22496256,0.96
4744,WarpSAC-L,PegInsertionSide-v1,4,avg_success,24995840,1.0
4745,WarpSAC-L,PegInsertionSide-v1,4,avg_success,27495424,0.96
4746,WarpSAC-L,PegInsertionSide-v1,4,avg_success,29995008,0.92
4747,WarpSAC-L,PegInsertionSide-v1,4,avg_success,32494592,0.88
4748,WarpSAC-L,PegInsertionSide-v1,4,avg_success,34994176,0.9
4749,WarpSAC-L,PegInsertionSide-v1,4,avg_success,37493760,0.84
4750,WarpSAC-L,PegInsertionSide-v1,4,avg_success,39993344,0.9
4751,WarpSAC-L,PegInsertionSide-v1,4,avg_success,42492928,0.94
4752,WarpSAC-L,PegInsertionSide-v1,4,avg_success,44992512,0.92
4753,WarpSAC-L,PegInsertionSide-v1,4,avg_success,47492096,0.98
4754,WarpSAC-L,PegInsertionSide-v1,4,avg_success,49991680,0.92
4755,WarpSAC-L,PegInsertionSide-v1,4,avg_success,50000896,0.96
4756,WarpSAC-L,PegInsertionSide-v1,5,avg_return,0,0.6029
4757,WarpSAC-L,PegInsertionSide-v1,5,avg_return,2499584,9.7407
4758,WarpSAC-L,PegInsertionSide-v1,5,avg_return,4999168,56.3078
4759,WarpSAC-L,PegInsertionSide-v1,5,avg_return,7498752,52.0305
4760,WarpSAC-L,PegInsertionSide-v1,5,avg_return,9998336,75.0617
4761,WarpSAC-L,PegInsertionSide-v1,5,avg_return,12497920,81.6125
4762,WarpSAC-L,PegInsertionSide-v1,5,avg_return,14997504,73.6211
4763,WarpSAC-L,PegInsertionSide-v1,5,avg_return,17497088,84.5108
4764,WarpSAC-L,PegInsertionSide-v1,5,avg_return,19996672,85.8035
4765,WarpSAC-L,PegInsertionSide-v1,5,avg_return,22496256,80.2476
4766,WarpSAC-L,PegInsertionSide-v1,5,avg_return,24995840,84.7365
4767,WarpSAC-L,PegInsertionSide-v1,5,avg_return,27495424,84.9622
4768,WarpSAC-L,PegInsertionSide-v1,5,avg_return,29995008,85.2028
4769,WarpSAC-L,PegInsertionSide-v1,5,avg_return,32494592,86.5593
4770,WarpSAC-L,PegInsertionSide-v1,5,avg_return,34994176,86.5577
4771,WarpSAC-L,PegInsertionSide-v1,5,avg_return,37493760,84.7267
4772,WarpSAC-L,PegInsertionSide-v1,5,avg_return,39993344,79.1353
4773,WarpSAC-L,PegInsertionSide-v1,5,avg_return,42492928,81.1978
4774,WarpSAC-L,PegInsertionSide-v1,5,avg_return,44992512,39.2459
4775,WarpSAC-L,PegInsertionSide-v1,5,avg_return,47492096,83.425
4776,WarpSAC-L,PegInsertionSide-v1,5,avg_return,49991680,85.7295
4777,WarpSAC-L,PegInsertionSide-v1,5,avg_return,50000896,76.2464
4778,WarpSAC-L,PegInsertionSide-v1,5,avg_success,0,0.0
4779,WarpSAC-L,PegInsertionSide-v1,5,avg_success,2499584,0.0
4780,WarpSAC-L,PegInsertionSide-v1,5,avg_success,4999168,0.0
4781,WarpSAC-L,PegInsertionSide-v1,5,avg_success,7498752,0.12
4782,WarpSAC-L,PegInsertionSide-v1,5,avg_success,9998336,0.48
4783,WarpSAC-L,PegInsertionSide-v1,5,avg_success,12497920,0.74
4784,WarpSAC-L,PegInsertionSide-v1,5,avg_success,14997504,0.5
4785,WarpSAC-L,PegInsertionSide-v1,5,avg_success,17497088,0.86
4786,WarpSAC-L,PegInsertionSide-v1,5,avg_success,19996672,0.98
4787,WarpSAC-L,PegInsertionSide-v1,5,avg_success,22496256,0.88
4788,WarpSAC-L,PegInsertionSide-v1,5,avg_success,24995840,0.94
4789,WarpSAC-L,PegInsertionSide-v1,5,avg_success,27495424,0.96
4790,WarpSAC-L,PegInsertionSide-v1,5,avg_success,29995008,0.98
4791,WarpSAC-L,PegInsertionSide-v1,5,avg_success,32494592,0.94
4792,WarpSAC-L,PegInsertionSide-v1,5,avg_success,34994176,0.98
4793,WarpSAC-L,PegInsertionSide-v1,5,avg_success,37493760,0.9
4794,WarpSAC-L,PegInsertionSide-v1,5,avg_success,39993344,0.72
4795,WarpSAC-L,PegInsertionSide-v1,5,avg_success,42492928,0.78
4796,WarpSAC-L,PegInsertionSide-v1,5,avg_success,44992512,0.18
4797,WarpSAC-L,PegInsertionSide-v1,5,avg_success,47492096,0.86
4798,WarpSAC-L,PegInsertionSide-v1,5,avg_success,49991680,0.9
4799,WarpSAC-L,PegInsertionSide-v1,5,avg_success,50000896,0.7
4800,WarpSAC-L,PickSingleYCB-v1,1,avg_return,0,0.4536
4801,WarpSAC-L,PickSingleYCB-v1,1,avg_return,2499584,8.7297
4802,WarpSAC-L,PickSingleYCB-v1,1,avg_return,4999168,19.4526
4803,WarpSAC-L,PickSingleYCB-v1,1,avg_return,7498752,21.1819
4804,WarpSAC-L,PickSingleYCB-v1,1,avg_return,9998336,17.2949
4805,WarpSAC-L,PickSingleYCB-v1,1,avg_return,12497920,22.7683
4806,WarpSAC-L,PickSingleYCB-v1,1,avg_return,14997504,18.9784
4807,WarpSAC-L,PickSingleYCB-v1,1,avg_return,17497088,20.0476
4808,WarpSAC-L,PickSingleYCB-v1,1,avg_return,19996672,14.3008
4809,WarpSAC-L,PickSingleYCB-v1,1,avg_return,22496256,18.236
4810,WarpSAC-L,PickSingleYCB-v1,1,avg_return,24995840,23.6076
4811,WarpSAC-L,PickSingleYCB-v1,1,avg_return,27495424,16.5382
4812,WarpSAC-L,PickSingleYCB-v1,1,avg_return,29995008,23.5508
4813,WarpSAC-L,PickSingleYCB-v1,1,avg_return,32494592,21.6128
4814,WarpSAC-L,PickSingleYCB-v1,1,avg_return,34994176,22.1828
4815,WarpSAC-L,PickSingleYCB-v1,1,avg_return,37493760,20.0718
4816,WarpSAC-L,PickSingleYCB-v1,1,avg_return,39993344,13.9524
4817,WarpSAC-L,PickSingleYCB-v1,1,avg_return,42492928,22.748
4818,WarpSAC-L,PickSingleYCB-v1,1,avg_return,44992512,23.5756
4819,WarpSAC-L,PickSingleYCB-v1,1,avg_return,47492096,22.7355
4820,WarpSAC-L,PickSingleYCB-v1,1,avg_return,49991680,16.4758
4821,WarpSAC-L,PickSingleYCB-v1,1,avg_return,50000896,20.3729
4822,WarpSAC-L,PickSingleYCB-v1,1,avg_success,0,0.0
4823,WarpSAC-L,PickSingleYCB-v1,1,avg_success,2499584,0.0
4824,WarpSAC-L,PickSingleYCB-v1,1,avg_success,4999168,0.66
4825,WarpSAC-L,PickSingleYCB-v1,1,avg_success,7498752,0.64
4826,WarpSAC-L,PickSingleYCB-v1,1,avg_success,9998336,0.56
4827,WarpSAC-L,PickSingleYCB-v1,1,avg_success,12497920,0.78
4828,WarpSAC-L,PickSingleYCB-v1,1,avg_success,14997504,0.62
4829,WarpSAC-L,PickSingleYCB-v1,1,avg_success,17497088,0.62
4830,WarpSAC-L,PickSingleYCB-v1,1,avg_success,19996672,0.5
4831,WarpSAC-L,PickSingleYCB-v1,1,avg_success,22496256,0.58
4832,WarpSAC-L,PickSingleYCB-v1,1,avg_success,24995840,0.74
4833,WarpSAC-L,PickSingleYCB-v1,1,avg_success,27495424,0.62
4834,WarpSAC-L,PickSingleYCB-v1,1,avg_success,29995008,0.78
4835,WarpSAC-L,PickSingleYCB-v1,1,avg_success,32494592,0.8
4836,WarpSAC-L,PickSingleYCB-v1,1,avg_success,34994176,0.74
4837,WarpSAC-L,PickSingleYCB-v1,1,avg_success,37493760,0.68
4838,WarpSAC-L,PickSingleYCB-v1,1,avg_success,39993344,0.54
4839,WarpSAC-L,PickSingleYCB-v1,1,avg_success,42492928,0.76
4840,WarpSAC-L,PickSingleYCB-v1,1,avg_success,44992512,0.74
4841,WarpSAC-L,PickSingleYCB-v1,1,avg_success,47492096,0.78
4842,WarpSAC-L,PickSingleYCB-v1,1,avg_success,49991680,0.8
4843,WarpSAC-L,PickSingleYCB-v1,1,avg_success,50000896,0.64
4844,WarpSAC-L,PickSingleYCB-v1,2,avg_return,0,0.0983
4845,WarpSAC-L,PickSingleYCB-v1,2,avg_return,2499584,10.9235
4846,WarpSAC-L,PickSingleYCB-v1,2,avg_return,4999168,21.73
4847,WarpSAC-L,PickSingleYCB-v1,2,avg_return,7498752,22.5569
4848,WarpSAC-L,PickSingleYCB-v1,2,avg_return,9998336,15.9278
4849,WarpSAC-L,PickSingleYCB-v1,2,avg_return,12497920,19.1611
4850,WarpSAC-L,PickSingleYCB-v1,2,avg_return,14997504,18.0721
4851,WarpSAC-L,PickSingleYCB-v1,2,avg_return,17497088,22.063
4852,WarpSAC-L,PickSingleYCB-v1,2,avg_return,19996672,19.6239
4853,WarpSAC-L,PickSingleYCB-v1,2,avg_return,22496256,21.7015
4854,WarpSAC-L,PickSingleYCB-v1,2,avg_return,24995840,24.7514
4855,WarpSAC-L,PickSingleYCB-v1,2,avg_return,27495424,22.6778
4856,WarpSAC-L,PickSingleYCB-v1,2,avg_return,29995008,22.6015
4857,WarpSAC-L,PickSingleYCB-v1,2,avg_return,32494592,18.95
4858,WarpSAC-L,PickSingleYCB-v1,2,avg_return,34994176,18.7506
4859,WarpSAC-L,PickSingleYCB-v1,2,avg_return,37493760,19.5654
4860,WarpSAC-L,PickSingleYCB-v1,2,avg_return,39993344,19.3928
4861,WarpSAC-L,PickSingleYCB-v1,2,avg_return,42492928,16.6269
4862,WarpSAC-L,PickSingleYCB-v1,2,avg_return,44992512,16.3748
4863,WarpSAC-L,PickSingleYCB-v1,2,avg_return,47492096,17.9973
4864,WarpSAC-L,PickSingleYCB-v1,2,avg_return,49991680,22.4459
4865,WarpSAC-L,PickSingleYCB-v1,2,avg_return,50000896,22.7448
4866,WarpSAC-L,PickSingleYCB-v1,2,avg_success,0,0.02
4867,WarpSAC-L,PickSingleYCB-v1,2,avg_success,2499584,0.0
4868,WarpSAC-L,PickSingleYCB-v1,2,avg_success,4999168,0.74
4869,WarpSAC-L,PickSingleYCB-v1,2,avg_success,7498752,0.7
4870,WarpSAC-L,PickSingleYCB-v1,2,avg_success,9998336,0.5
4871,WarpSAC-L,PickSingleYCB-v1,2,avg_success,12497920,0.64
4872,WarpSAC-L,PickSingleYCB-v1,2,avg_success,14997504,0.6
4873,WarpSAC-L,PickSingleYCB-v1,2,avg_success,17497088,0.68
4874,WarpSAC-L,PickSingleYCB-v1,2,avg_success,19996672,0.62
4875,WarpSAC-L,PickSingleYCB-v1,2,avg_success,22496256,0.72
4876,WarpSAC-L,PickSingleYCB-v1,2,avg_success,24995840,0.78
4877,WarpSAC-L,PickSingleYCB-v1,2,avg_success,27495424,0.76
4878,WarpSAC-L,PickSingleYCB-v1,2,avg_success,29995008,0.76
4879,WarpSAC-L,PickSingleYCB-v1,2,avg_success,32494592,0.68
4880,WarpSAC-L,PickSingleYCB-v1,2,avg_success,34994176,0.64
4881,WarpSAC-L,PickSingleYCB-v1,2,avg_success,37493760,0.68
4882,WarpSAC-L,PickSingleYCB-v1,2,avg_success,39993344,0.64
4883,WarpSAC-L,PickSingleYCB-v1,2,avg_success,42492928,0.54
4884,WarpSAC-L,PickSingleYCB-v1,2,avg_success,44992512,0.52
4885,WarpSAC-L,PickSingleYCB-v1,2,avg_success,47492096,0.64
4886,WarpSAC-L,PickSingleYCB-v1,2,avg_success,49991680,0.78
4887,WarpSAC-L,PickSingleYCB-v1,2,avg_success,50000896,0.76
4888,WarpSAC-L,PickSingleYCB-v1,3,avg_return,0,0.2751
4889,WarpSAC-L,PickSingleYCB-v1,3,avg_return,2499584,10.0411
4890,WarpSAC-L,PickSingleYCB-v1,3,avg_return,4999168,16.7002
4891,WarpSAC-L,PickSingleYCB-v1,3,avg_return,7498752,18.9943
4892,WarpSAC-L,PickSingleYCB-v1,3,avg_return,9998336,20.5358
4893,WarpSAC-L,PickSingleYCB-v1,3,avg_return,12497920,20.7364
4894,WarpSAC-L,PickSingleYCB-v1,3,avg_return,14997504,26.9192
4895,WarpSAC-L,PickSingleYCB-v1,3,avg_return,17497088,22.8027
4896,WarpSAC-L,PickSingleYCB-v1,3,avg_return,19996672,22.8332
4897,WarpSAC-L,PickSingleYCB-v1,3,avg_return,22496256,16.7888
4898,WarpSAC-L,PickSingleYCB-v1,3,avg_return,24995840,22.933
4899,WarpSAC-L,PickSingleYCB-v1,3,avg_return,27495424,21.7646
4900,WarpSAC-L,PickSingleYCB-v1,3,avg_return,29995008,20.9835
4901,WarpSAC-L,PickSingleYCB-v1,3,avg_return,32494592,23.5524
4902,WarpSAC-L,PickSingleYCB-v1,3,avg_return,34994176,21.3562
4903,WarpSAC-L,PickSingleYCB-v1,3,avg_return,37493760,14.5281
4904,WarpSAC-L,PickSingleYCB-v1,3,avg_return,39993344,19.2891
4905,WarpSAC-L,PickSingleYCB-v1,3,avg_return,42492928,24.068
4906,WarpSAC-L,PickSingleYCB-v1,3,avg_return,44992512,22.614
4907,WarpSAC-L,PickSingleYCB-v1,3,avg_return,47492096,22.674
4908,WarpSAC-L,PickSingleYCB-v1,3,avg_return,49991680,18.7395
4909,WarpSAC-L,PickSingleYCB-v1,3,avg_return,50000896,18.4065
4910,WarpSAC-L,PickSingleYCB-v1,3,avg_success,0,0.0
4911,WarpSAC-L,PickSingleYCB-v1,3,avg_success,2499584,0.0
4912,WarpSAC-L,PickSingleYCB-v1,3,avg_success,4999168,0.5
4913,WarpSAC-L,PickSingleYCB-v1,3,avg_success,7498752,0.58
4914,WarpSAC-L,PickSingleYCB-v1,3,avg_success,9998336,0.64
4915,WarpSAC-L,PickSingleYCB-v1,3,avg_success,12497920,0.7
4916,WarpSAC-L,PickSingleYCB-v1,3,avg_success,14997504,0.84
4917,WarpSAC-L,PickSingleYCB-v1,3,avg_success,17497088,0.7
4918,WarpSAC-L,PickSingleYCB-v1,3,avg_success,19996672,0.74
4919,WarpSAC-L,PickSingleYCB-v1,3,avg_success,22496256,0.48
4920,WarpSAC-L,PickSingleYCB-v1,3,avg_success,24995840,0.74
4921,WarpSAC-L,PickSingleYCB-v1,3,avg_success,27495424,0.76
4922,WarpSAC-L,PickSingleYCB-v1,3,avg_success,29995008,0.7
4923,WarpSAC-L,PickSingleYCB-v1,3,avg_success,32494592,0.82
4924,WarpSAC-L,PickSingleYCB-v1,3,avg_success,34994176,0.68
4925,WarpSAC-L,PickSingleYCB-v1,3,avg_success,37493760,0.52
4926,WarpSAC-L,PickSingleYCB-v1,3,avg_success,39993344,0.7
4927,WarpSAC-L,PickSingleYCB-v1,3,avg_success,42492928,0.74
4928,WarpSAC-L,PickSingleYCB-v1,3,avg_success,44992512,0.72
4929,WarpSAC-L,PickSingleYCB-v1,3,avg_success,47492096,0.82
4930,WarpSAC-L,PickSingleYCB-v1,3,avg_success,49991680,0.64
4931,WarpSAC-L,PickSingleYCB-v1,3,avg_success,50000896,0.62
4932,WarpSAC-L,PickSingleYCB-v1,4,avg_return,0,0.1505
4933,WarpSAC-L,PickSingleYCB-v1,4,avg_return,2499584,8.4278
4934,WarpSAC-L,PickSingleYCB-v1,4,avg_return,4999168,13.2626
4935,WarpSAC-L,PickSingleYCB-v1,4,avg_return,7498752,21.8093
4936,WarpSAC-L,PickSingleYCB-v1,4,avg_return,9998336,19.7447
4937,WarpSAC-L,PickSingleYCB-v1,4,avg_return,12497920,6.4457
4938,WarpSAC-L,PickSingleYCB-v1,4,avg_return,14997504,19.6131
4939,WarpSAC-L,PickSingleYCB-v1,4,avg_return,17497088,10.8392
4940,WarpSAC-L,PickSingleYCB-v1,4,avg_return,19996672,21.8805
4941,WarpSAC-L,PickSingleYCB-v1,4,avg_return,22496256,22.6111
4942,WarpSAC-L,PickSingleYCB-v1,4,avg_return,24995840,24.6992
4943,WarpSAC-L,PickSingleYCB-v1,4,avg_return,27495424,19.6692
4944,WarpSAC-L,PickSingleYCB-v1,4,avg_return,29995008,20.4494
4945,WarpSAC-L,PickSingleYCB-v1,4,avg_return,32494592,21.1435
4946,WarpSAC-L,PickSingleYCB-v1,4,avg_return,34994176,20.6808
4947,WarpSAC-L,PickSingleYCB-v1,4,avg_return,37493760,23.0524
4948,WarpSAC-L,PickSingleYCB-v1,4,avg_return,39993344,13.7842
4949,WarpSAC-L,PickSingleYCB-v1,4,avg_return,42492928,12.8117
4950,WarpSAC-L,PickSingleYCB-v1,4,avg_return,44992512,9.4332
4951,WarpSAC-L,PickSingleYCB-v1,4,avg_return,47492096,19.6839
4952,WarpSAC-L,PickSingleYCB-v1,4,avg_return,49991680,20.8864
4953,WarpSAC-L,PickSingleYCB-v1,4,avg_return,50000896,21.3198
4954,WarpSAC-L,PickSingleYCB-v1,4,avg_success,0,0.0
4955,WarpSAC-L,PickSingleYCB-v1,4,avg_success,2499584,0.02
4956,WarpSAC-L,PickSingleYCB-v1,4,avg_success,4999168,0.24
4957,WarpSAC-L,PickSingleYCB-v1,4,avg_success,7498752,0.7
4958,WarpSAC-L,PickSingleYCB-v1,4,avg_success,9998336,0.68
4959,WarpSAC-L,PickSingleYCB-v1,4,avg_success,12497920,0.0
4960,WarpSAC-L,PickSingleYCB-v1,4,avg_success,14997504,0.6
4961,WarpSAC-L,PickSingleYCB-v1,4,avg_success,17497088,0.2
4962,WarpSAC-L,PickSingleYCB-v1,4,avg_success,19996672,0.74
4963,WarpSAC-L,PickSingleYCB-v1,4,avg_success,22496256,0.76
4964,WarpSAC-L,PickSingleYCB-v1,4,avg_success,24995840,0.78
4965,WarpSAC-L,PickSingleYCB-v1,4,avg_success,27495424,0.64
4966,WarpSAC-L,PickSingleYCB-v1,4,avg_success,29995008,0.7
4967,WarpSAC-L,PickSingleYCB-v1,4,avg_success,32494592,0.78
4968,WarpSAC-L,PickSingleYCB-v1,4,avg_success,34994176,0.74
4969,WarpSAC-L,PickSingleYCB-v1,4,avg_success,37493760,0.78
4970,WarpSAC-L,PickSingleYCB-v1,4,avg_success,39993344,0.4
4971,WarpSAC-L,PickSingleYCB-v1,4,avg_success,42492928,0.3
4972,WarpSAC-L,PickSingleYCB-v1,4,avg_success,44992512,0.24
4973,WarpSAC-L,PickSingleYCB-v1,4,avg_success,47492096,0.68
4974,WarpSAC-L,PickSingleYCB-v1,4,avg_success,49991680,0.7
4975,WarpSAC-L,PickSingleYCB-v1,4,avg_success,50000896,0.74
4976,WarpSAC-L,PickSingleYCB-v1,5,avg_return,0,0.1105
4977,WarpSAC-L,PickSingleYCB-v1,5,avg_return,2499584,10.3309
4978,WarpSAC-L,PickSingleYCB-v1,5,avg_return,4999168,19.7485
4979,WarpSAC-L,PickSingleYCB-v1,5,avg_return,7498752,19.445
4980,WarpSAC-L,PickSingleYCB-v1,5,avg_return,9998336,20.9862
4981,WarpSAC-L,PickSingleYCB-v1,5,avg_return,12497920,24.6782
4982,WarpSAC-L,PickSingleYCB-v1,5,avg_return,14997504,24.6129
4983,WarpSAC-L,PickSingleYCB-v1,5,avg_return,17497088,17.1063
4984,WarpSAC-L,PickSingleYCB-v1,5,avg_return,19996672,22.2876
4985,WarpSAC-L,PickSingleYCB-v1,5,avg_return,22496256,23.8206
4986,WarpSAC-L,PickSingleYCB-v1,5,avg_return,24995840,26.1401
4987,WarpSAC-L,PickSingleYCB-v1,5,avg_return,27495424,21.9341
4988,WarpSAC-L,PickSingleYCB-v1,5,avg_return,29995008,23.4483
4989,WarpSAC-L,PickSingleYCB-v1,5,avg_return,32494592,21.025
4990,WarpSAC-L,PickSingleYCB-v1,5,avg_return,34994176,22.4872
4991,WarpSAC-L,PickSingleYCB-v1,5,avg_return,37493760,11.7435
4992,WarpSAC-L,PickSingleYCB-v1,5,avg_return,39993344,22.6465
4993,WarpSAC-L,PickSingleYCB-v1,5,avg_return,42492928,17.2878
4994,WarpSAC-L,PickSingleYCB-v1,5,avg_return,44992512,20.6144
4995,WarpSAC-L,PickSingleYCB-v1,5,avg_return,47492096,22.6141
4996,WarpSAC-L,PickSingleYCB-v1,5,avg_return,49991680,20.6819
4997,WarpSAC-L,PickSingleYCB-v1,5,avg_return,50000896,18.3684
4998,WarpSAC-L,PickSingleYCB-v1,5,avg_success,0,0.0
4999,WarpSAC-L,PickSingleYCB-v1,5,avg_success,2499584,0.0
5000,WarpSAC-L,PickSingleYCB-v1,5,avg_success,4999168,0.66
5001,WarpSAC-L,PickSingleYCB-v1,5,avg_success,7498752,0.58
5002,WarpSAC-L,PickSingleYCB-v1,5,avg_success,9998336,0.74
5003,WarpSAC-L,PickSingleYCB-v1,5,avg_success,12497920,0.84
5004,WarpSAC-L,PickSingleYCB-v1,5,avg_success,14997504,0.74
5005,WarpSAC-L,PickSingleYCB-v1,5,avg_success,17497088,0.58
5006,WarpSAC-L,PickSingleYCB-v1,5,avg_success,19996672,0.7
5007,WarpSAC-L,PickSingleYCB-v1,5,avg_success,22496256,0.8
5008,WarpSAC-L,PickSingleYCB-v1,5,avg_success,24995840,0.82
5009,WarpSAC-L,PickSingleYCB-v1,5,avg_success,27495424,0.82
5010,WarpSAC-L,PickSingleYCB-v1,5,avg_success,29995008,0.72
5011,WarpSAC-L,PickSingleYCB-v1,5,avg_success,32494592,0.76
5012,WarpSAC-L,PickSingleYCB-v1,5,avg_success,34994176,0.78
5013,WarpSAC-L,PickSingleYCB-v1,5,avg_success,37493760,0.3
5014,WarpSAC-L,PickSingleYCB-v1,5,avg_success,39993344,0.72
5015,WarpSAC-L,PickSingleYCB-v1,5,avg_success,42492928,0.54
5016,WarpSAC-L,PickSingleYCB-v1,5,avg_success,44992512,0.66
5017,WarpSAC-L,PickSingleYCB-v1,5,avg_success,47492096,0.76
5018,WarpSAC-L,PickSingleYCB-v1,5,avg_success,49991680,0.7
5019,WarpSAC-L,PickSingleYCB-v1,5,avg_success,50000896,0.62
5020,WarpSAC-L,PokeCube-v1,1,avg_return,0,1.0425
5021,WarpSAC-L,PokeCube-v1,1,avg_return,2499584,20.386
5022,WarpSAC-L,PokeCube-v1,1,avg_return,4999168,32.3531
5023,WarpSAC-L,PokeCube-v1,1,avg_return,7498752,33.0115
5024,WarpSAC-L,PokeCube-v1,1,avg_return,9998336,32.8658
5025,WarpSAC-L,PokeCube-v1,1,avg_return,12497920,32.8505
5026,WarpSAC-L,PokeCube-v1,1,avg_return,14997504,32.9324
5027,WarpSAC-L,PokeCube-v1,1,avg_return,17497088,32.9276
5028,WarpSAC-L,PokeCube-v1,1,avg_return,19996672,31.7297
5029,WarpSAC-L,PokeCube-v1,1,avg_return,22496256,33.4339
5030,WarpSAC-L,PokeCube-v1,1,avg_return,24995840,33.0355
5031,WarpSAC-L,PokeCube-v1,1,avg_return,27495424,33.055
5032,WarpSAC-L,PokeCube-v1,1,avg_return,29995008,32.968
5033,WarpSAC-L,PokeCube-v1,1,avg_return,32494592,33.0034
5034,WarpSAC-L,PokeCube-v1,1,avg_return,34994176,33.434
5035,WarpSAC-L,PokeCube-v1,1,avg_return,37493760,32.4839
5036,WarpSAC-L,PokeCube-v1,1,avg_return,39993344,32.9329
5037,WarpSAC-L,PokeCube-v1,1,avg_return,42492928,32.6861
5038,WarpSAC-L,PokeCube-v1,1,avg_return,44992512,33.2436
5039,WarpSAC-L,PokeCube-v1,1,avg_return,47492096,33.403
5040,WarpSAC-L,PokeCube-v1,1,avg_return,49991680,32.9735
5041,WarpSAC-L,PokeCube-v1,1,avg_return,50000896,33.1427
5042,WarpSAC-L,PokeCube-v1,1,avg_success,0,0.0
5043,WarpSAC-L,PokeCube-v1,1,avg_success,2499584,0.0
5044,WarpSAC-L,PokeCube-v1,1,avg_success,4999168,0.0
5045,WarpSAC-L,PokeCube-v1,1,avg_success,7498752,0.0
5046,WarpSAC-L,PokeCube-v1,1,avg_success,9998336,0.0
5047,WarpSAC-L,PokeCube-v1,1,avg_success,12497920,0.0
5048,WarpSAC-L,PokeCube-v1,1,avg_success,14997504,0.0
5049,WarpSAC-L,PokeCube-v1,1,avg_success,17497088,0.0
5050,WarpSAC-L,PokeCube-v1,1,avg_success,19996672,0.0
5051,WarpSAC-L,PokeCube-v1,1,avg_success,22496256,0.0
5052,WarpSAC-L,PokeCube-v1,1,avg_success,24995840,0.0
5053,WarpSAC-L,PokeCube-v1,1,avg_success,27495424,0.0
5054,WarpSAC-L,PokeCube-v1,1,avg_success,29995008,0.0
5055,WarpSAC-L,PokeCube-v1,1,avg_success,32494592,0.0
5056,WarpSAC-L,PokeCube-v1,1,avg_success,34994176,0.0
5057,WarpSAC-L,PokeCube-v1,1,avg_success,37493760,0.0
5058,WarpSAC-L,PokeCube-v1,1,avg_success,39993344,0.0
5059,WarpSAC-L,PokeCube-v1,1,avg_success,42492928,0.0
5060,WarpSAC-L,PokeCube-v1,1,avg_success,44992512,0.0
5061,WarpSAC-L,PokeCube-v1,1,avg_success,47492096,0.0
5062,WarpSAC-L,PokeCube-v1,1,avg_success,49991680,0.0
5063,WarpSAC-L,PokeCube-v1,1,avg_success,50000896,0.0
5064,WarpSAC-L,PokeCube-v1,2,avg_return,0,2.6423
5065,WarpSAC-L,PokeCube-v1,2,avg_return,2499584,21.3519
5066,WarpSAC-L,PokeCube-v1,2,avg_return,4999168,32.224
5067,WarpSAC-L,PokeCube-v1,2,avg_return,7498752,32.7558
5068,WarpSAC-L,PokeCube-v1,2,avg_return,9998336,32.9533
5069,WarpSAC-L,PokeCube-v1,2,avg_return,12497920,32.9088
5070,WarpSAC-L,PokeCube-v1,2,avg_return,14997504,32.148
5071,WarpSAC-L,PokeCube-v1,2,avg_return,17497088,32.8409
5072,WarpSAC-L,PokeCube-v1,2,avg_return,19996672,33.0656
5073,WarpSAC-L,PokeCube-v1,2,avg_return,22496256,33.0541
5074,WarpSAC-L,PokeCube-v1,2,avg_return,24995840,32.517
5075,WarpSAC-L,PokeCube-v1,2,avg_return,27495424,32.6763
5076,WarpSAC-L,PokeCube-v1,2,avg_return,29995008,32.9702
5077,WarpSAC-L,PokeCube-v1,2,avg_return,32494592,32.8869
5078,WarpSAC-L,PokeCube-v1,2,avg_return,34994176,32.9043
5079,WarpSAC-L,PokeCube-v1,2,avg_return,37493760,32.9714
5080,WarpSAC-L,PokeCube-v1,2,avg_return,39993344,32.8833
5081,WarpSAC-L,PokeCube-v1,2,avg_return,42492928,32.9763
5082,WarpSAC-L,PokeCube-v1,2,avg_return,44992512,32.9746
5083,WarpSAC-L,PokeCube-v1,2,avg_return,47492096,33.0669
5084,WarpSAC-L,PokeCube-v1,2,avg_return,49991680,32.9774
5085,WarpSAC-L,PokeCube-v1,2,avg_return,50000896,32.6908
5086,WarpSAC-L,PokeCube-v1,2,avg_success,0,0.0
5087,WarpSAC-L,PokeCube-v1,2,avg_success,2499584,0.0
5088,WarpSAC-L,PokeCube-v1,2,avg_success,4999168,0.0
5089,WarpSAC-L,PokeCube-v1,2,avg_success,7498752,0.0
5090,WarpSAC-L,PokeCube-v1,2,avg_success,9998336,0.0
5091,WarpSAC-L,PokeCube-v1,2,avg_success,12497920,0.0
5092,WarpSAC-L,PokeCube-v1,2,avg_success,14997504,0.0
5093,WarpSAC-L,PokeCube-v1,2,avg_success,17497088,0.0
5094,WarpSAC-L,PokeCube-v1,2,avg_success,19996672,0.0
5095,WarpSAC-L,PokeCube-v1,2,avg_success,22496256,0.0
5096,WarpSAC-L,PokeCube-v1,2,avg_success,24995840,0.0
5097,WarpSAC-L,PokeCube-v1,2,avg_success,27495424,0.0
5098,WarpSAC-L,PokeCube-v1,2,avg_success,29995008,0.0
5099,WarpSAC-L,PokeCube-v1,2,avg_success,32494592,0.0
5100,WarpSAC-L,PokeCube-v1,2,avg_success,34994176,0.0
5101,WarpSAC-L,PokeCube-v1,2,avg_success,37493760,0.0
5102,WarpSAC-L,PokeCube-v1,2,avg_success,39993344,0.0
5103,WarpSAC-L,PokeCube-v1,2,avg_success,42492928,0.0
5104,WarpSAC-L,PokeCube-v1,2,avg_success,44992512,0.0
5105,WarpSAC-L,PokeCube-v1,2,avg_success,47492096,0.0
5106,WarpSAC-L,PokeCube-v1,2,avg_success,49991680,0.0
5107,WarpSAC-L,PokeCube-v1,2,avg_success,50000896,0.0
5108,WarpSAC-L,PokeCube-v1,3,avg_return,0,0.2956
5109,WarpSAC-L,PokeCube-v1,3,avg_return,2499584,21.146
5110,WarpSAC-L,PokeCube-v1,3,avg_return,4999168,32.114
5111,WarpSAC-L,PokeCube-v1,3,avg_return,7498752,32.9498
5112,WarpSAC-L,PokeCube-v1,3,avg_return,9998336,32.8424
5113,WarpSAC-L,PokeCube-v1,3,avg_return,12497920,33.0266
5114,WarpSAC-L,PokeCube-v1,3,avg_return,14997504,32.6107
5115,WarpSAC-L,PokeCube-v1,3,avg_return,17497088,33.1398
5116,WarpSAC-L,PokeCube-v1,3,avg_return,19996672,33.0502
5117,WarpSAC-L,PokeCube-v1,3,avg_return,22496256,33.1575
5118,WarpSAC-L,PokeCube-v1,3,avg_return,24995840,33.3387
5119,WarpSAC-L,PokeCube-v1,3,avg_return,27495424,33.0323
5120,WarpSAC-L,PokeCube-v1,3,avg_return,29995008,32.9282
5121,WarpSAC-L,PokeCube-v1,3,avg_return,32494592,32.4001
5122,WarpSAC-L,PokeCube-v1,3,avg_return,34994176,33.2366
5123,WarpSAC-L,PokeCube-v1,3,avg_return,37493760,32.7293
5124,WarpSAC-L,PokeCube-v1,3,avg_return,39993344,32.5978
5125,WarpSAC-L,PokeCube-v1,3,avg_return,42492928,32.7178
5126,WarpSAC-L,PokeCube-v1,3,avg_return,44992512,32.9085
5127,WarpSAC-L,PokeCube-v1,3,avg_return,47492096,33.1165
5128,WarpSAC-L,PokeCube-v1,3,avg_return,49991680,32.4723
5129,WarpSAC-L,PokeCube-v1,3,avg_return,50000896,33.3354
5130,WarpSAC-L,PokeCube-v1,3,avg_success,0,0.0
5131,WarpSAC-L,PokeCube-v1,3,avg_success,2499584,0.0
5132,WarpSAC-L,PokeCube-v1,3,avg_success,4999168,0.0
5133,WarpSAC-L,PokeCube-v1,3,avg_success,7498752,0.0
5134,WarpSAC-L,PokeCube-v1,3,avg_success,9998336,0.0
5135,WarpSAC-L,PokeCube-v1,3,avg_success,12497920,0.0
5136,WarpSAC-L,PokeCube-v1,3,avg_success,14997504,0.0
5137,WarpSAC-L,PokeCube-v1,3,avg_success,17497088,0.0
5138,WarpSAC-L,PokeCube-v1,3,avg_success,19996672,0.0
5139,WarpSAC-L,PokeCube-v1,3,avg_success,22496256,0.0
5140,WarpSAC-L,PokeCube-v1,3,avg_success,24995840,0.0
5141,WarpSAC-L,PokeCube-v1,3,avg_success,27495424,0.0
5142,WarpSAC-L,PokeCube-v1,3,avg_success,29995008,0.0
5143,WarpSAC-L,PokeCube-v1,3,avg_success,32494592,0.0
5144,WarpSAC-L,PokeCube-v1,3,avg_success,34994176,0.0
5145,WarpSAC-L,PokeCube-v1,3,avg_success,37493760,0.0
5146,WarpSAC-L,PokeCube-v1,3,avg_success,39993344,0.0
5147,WarpSAC-L,PokeCube-v1,3,avg_success,42492928,0.0
5148,WarpSAC-L,PokeCube-v1,3,avg_success,44992512,0.0
5149,WarpSAC-L,PokeCube-v1,3,avg_success,47492096,0.0
5150,WarpSAC-L,PokeCube-v1,3,avg_success,49991680,0.0
5151,WarpSAC-L,PokeCube-v1,3,avg_success,50000896,0.0
5152,WarpSAC-L,PokeCube-v1,4,avg_return,0,0.8011
5153,WarpSAC-L,PokeCube-v1,4,avg_return,2499584,21.7947
5154,WarpSAC-L,PokeCube-v1,4,avg_return,4999168,32.1352
5155,WarpSAC-L,PokeCube-v1,4,avg_return,7498752,32.5035
5156,WarpSAC-L,PokeCube-v1,4,avg_return,9998336,32.5488
5157,WarpSAC-L,PokeCube-v1,4,avg_return,12497920,32.8086
5158,WarpSAC-L,PokeCube-v1,4,avg_return,14997504,32.6509
5159,WarpSAC-L,PokeCube-v1,4,avg_return,17497088,33.0924
5160,WarpSAC-L,PokeCube-v1,4,avg_return,19996672,32.3688
5161,WarpSAC-L,PokeCube-v1,4,avg_return,22496256,33.0459
5162,WarpSAC-L,PokeCube-v1,4,avg_return,24995840,32.3178
5163,WarpSAC-L,PokeCube-v1,4,avg_return,27495424,32.5132
5164,WarpSAC-L,PokeCube-v1,4,avg_return,29995008,32.5893
5165,WarpSAC-L,PokeCube-v1,4,avg_return,32494592,32.396
5166,WarpSAC-L,PokeCube-v1,4,avg_return,34994176,33.1536
5167,WarpSAC-L,PokeCube-v1,4,avg_return,37493760,32.9472
5168,WarpSAC-L,PokeCube-v1,4,avg_return,39993344,32.9034
5169,WarpSAC-L,PokeCube-v1,4,avg_return,42492928,33.1089
5170,WarpSAC-L,PokeCube-v1,4,avg_return,44992512,33.0077
5171,WarpSAC-L,PokeCube-v1,4,avg_return,47492096,32.8709
5172,WarpSAC-L,PokeCube-v1,4,avg_return,49991680,32.7965
5173,WarpSAC-L,PokeCube-v1,4,avg_return,50000896,32.9523
5174,WarpSAC-L,PokeCube-v1,4,avg_success,0,0.0
5175,WarpSAC-L,PokeCube-v1,4,avg_success,2499584,0.0
5176,WarpSAC-L,PokeCube-v1,4,avg_success,4999168,0.0
5177,WarpSAC-L,PokeCube-v1,4,avg_success,7498752,0.0
5178,WarpSAC-L,PokeCube-v1,4,avg_success,9998336,0.0
5179,WarpSAC-L,PokeCube-v1,4,avg_success,12497920,0.0
5180,WarpSAC-L,PokeCube-v1,4,avg_success,14997504,0.0
5181,WarpSAC-L,PokeCube-v1,4,avg_success,17497088,0.0
5182,WarpSAC-L,PokeCube-v1,4,avg_success,19996672,0.0
5183,WarpSAC-L,PokeCube-v1,4,avg_success,22496256,0.0
5184,WarpSAC-L,PokeCube-v1,4,avg_success,24995840,0.0
5185,WarpSAC-L,PokeCube-v1,4,avg_success,27495424,0.0
5186,WarpSAC-L,PokeCube-v1,4,avg_success,29995008,0.0
5187,WarpSAC-L,PokeCube-v1,4,avg_success,32494592,0.0
5188,WarpSAC-L,PokeCube-v1,4,avg_success,34994176,0.0
5189,WarpSAC-L,PokeCube-v1,4,avg_success,37493760,0.0
5190,WarpSAC-L,PokeCube-v1,4,avg_success,39993344,0.0
5191,WarpSAC-L,PokeCube-v1,4,avg_success,42492928,0.0
5192,WarpSAC-L,PokeCube-v1,4,avg_success,44992512,0.0
5193,WarpSAC-L,PokeCube-v1,4,avg_success,47492096,0.0
5194,WarpSAC-L,PokeCube-v1,4,avg_success,49991680,0.0
5195,WarpSAC-L,PokeCube-v1,4,avg_success,50000896,0.0
5196,WarpSAC-L,PokeCube-v1,5,avg_return,0,0.4403
5197,WarpSAC-L,PokeCube-v1,5,avg_return,2499584,21.0317
5198,WarpSAC-L,PokeCube-v1,5,avg_return,4999168,32.1029
5199,WarpSAC-L,PokeCube-v1,5,avg_return,7498752,32.2621
5200,WarpSAC-L,PokeCube-v1,5,avg_return,9998336,32.8073
5201,WarpSAC-L,PokeCube-v1,5,avg_return,12497920,32.6328
5202,WarpSAC-L,PokeCube-v1,5,avg_return,14997504,32.7331
5203,WarpSAC-L,PokeCube-v1,5,avg_return,17497088,32.7209
5204,WarpSAC-L,PokeCube-v1,5,avg_return,19996672,32.6314
5205,WarpSAC-L,PokeCube-v1,5,avg_return,22496256,33.0919
5206,WarpSAC-L,PokeCube-v1,5,avg_return,24995840,32.9395
5207,WarpSAC-L,PokeCube-v1,5,avg_return,27495424,33.0096
5208,WarpSAC-L,PokeCube-v1,5,avg_return,29995008,29.8324
5209,WarpSAC-L,PokeCube-v1,5,avg_return,32494592,32.5313
5210,WarpSAC-L,PokeCube-v1,5,avg_return,34994176,33.133
5211,WarpSAC-L,PokeCube-v1,5,avg_return,37493760,33.0722
5212,WarpSAC-L,PokeCube-v1,5,avg_return,39993344,33.1217
5213,WarpSAC-L,PokeCube-v1,5,avg_return,42492928,32.4395
5214,WarpSAC-L,PokeCube-v1,5,avg_return,44992512,32.7031
5215,WarpSAC-L,PokeCube-v1,5,avg_return,47492096,33.279
5216,WarpSAC-L,PokeCube-v1,5,avg_return,49991680,32.534
5217,WarpSAC-L,PokeCube-v1,5,avg_return,50000896,32.8385
5218,WarpSAC-L,PokeCube-v1,5,avg_success,0,0.0
5219,WarpSAC-L,PokeCube-v1,5,avg_success,2499584,0.0
5220,WarpSAC-L,PokeCube-v1,5,avg_success,4999168,0.0
5221,WarpSAC-L,PokeCube-v1,5,avg_success,7498752,0.0
5222,WarpSAC-L,PokeCube-v1,5,avg_success,9998336,0.0
5223,WarpSAC-L,PokeCube-v1,5,avg_success,12497920,0.0
5224,WarpSAC-L,PokeCube-v1,5,avg_success,14997504,0.0
5225,WarpSAC-L,PokeCube-v1,5,avg_success,17497088,0.0
5226,WarpSAC-L,PokeCube-v1,5,avg_success,19996672,0.0
5227,WarpSAC-L,PokeCube-v1,5,avg_success,22496256,0.0
5228,WarpSAC-L,PokeCube-v1,5,avg_success,24995840,0.0
5229,WarpSAC-L,PokeCube-v1,5,avg_success,27495424,0.0
5230,WarpSAC-L,PokeCube-v1,5,avg_success,29995008,0.0
5231,WarpSAC-L,PokeCube-v1,5,avg_success,32494592,0.0
5232,WarpSAC-L,PokeCube-v1,5,avg_success,34994176,0.0
5233,WarpSAC-L,PokeCube-v1,5,avg_success,37493760,0.0
5234,WarpSAC-L,PokeCube-v1,5,avg_success,39993344,0.0
5235,WarpSAC-L,PokeCube-v1,5,avg_success,42492928,0.0
5236,WarpSAC-L,PokeCube-v1,5,avg_success,44992512,0.0
5237,WarpSAC-L,PokeCube-v1,5,avg_success,47492096,0.0
5238,WarpSAC-L,PokeCube-v1,5,avg_success,49991680,0.0
5239,WarpSAC-L,PokeCube-v1,5,avg_success,50000896,0.0
5240,WarpSAC-L,PullCube-v1,1,avg_return,0,1.1123
5241,WarpSAC-L,PullCube-v1,1,avg_return,2499584,40.5512
5242,WarpSAC-L,PullCube-v1,1,avg_return,4999168,41.2031
5243,WarpSAC-L,PullCube-v1,1,avg_return,7498752,41.3049
5244,WarpSAC-L,PullCube-v1,1,avg_return,9998336,41.5771
5245,WarpSAC-L,PullCube-v1,1,avg_return,12497920,41.7689
5246,WarpSAC-L,PullCube-v1,1,avg_return,14997504,42.0479
5247,WarpSAC-L,PullCube-v1,1,avg_return,17497088,43.3087
5248,WarpSAC-L,PullCube-v1,1,avg_return,19996672,42.5515
5249,WarpSAC-L,PullCube-v1,1,avg_return,22496256,42.1326
5250,WarpSAC-L,PullCube-v1,1,avg_return,24995840,42.8436
5251,WarpSAC-L,PullCube-v1,1,avg_return,27495424,42.6266
5252,WarpSAC-L,PullCube-v1,1,avg_return,29995008,42.0802
5253,WarpSAC-L,PullCube-v1,1,avg_return,32494592,42.7744
5254,WarpSAC-L,PullCube-v1,1,avg_return,34994176,42.2629
5255,WarpSAC-L,PullCube-v1,1,avg_return,37493760,42.1372
5256,WarpSAC-L,PullCube-v1,1,avg_return,39993344,42.9493
5257,WarpSAC-L,PullCube-v1,1,avg_return,42492928,42.9581
5258,WarpSAC-L,PullCube-v1,1,avg_return,44992512,42.3331
5259,WarpSAC-L,PullCube-v1,1,avg_return,47492096,43.0488
5260,WarpSAC-L,PullCube-v1,1,avg_return,49991680,42.6472
5261,WarpSAC-L,PullCube-v1,1,avg_return,50000896,41.9047
5262,WarpSAC-L,PullCube-v1,1,avg_success,0,0.0
5263,WarpSAC-L,PullCube-v1,1,avg_success,2499584,1.0
5264,WarpSAC-L,PullCube-v1,1,avg_success,4999168,1.0
5265,WarpSAC-L,PullCube-v1,1,avg_success,7498752,1.0
5266,WarpSAC-L,PullCube-v1,1,avg_success,9998336,1.0
5267,WarpSAC-L,PullCube-v1,1,avg_success,12497920,1.0
5268,WarpSAC-L,PullCube-v1,1,avg_success,14997504,1.0
5269,WarpSAC-L,PullCube-v1,1,avg_success,17497088,1.0
5270,WarpSAC-L,PullCube-v1,1,avg_success,19996672,1.0
5271,WarpSAC-L,PullCube-v1,1,avg_success,22496256,1.0
5272,WarpSAC-L,PullCube-v1,1,avg_success,24995840,1.0
5273,WarpSAC-L,PullCube-v1,1,avg_success,27495424,1.0
5274,WarpSAC-L,PullCube-v1,1,avg_success,29995008,1.0
5275,WarpSAC-L,PullCube-v1,1,avg_success,32494592,1.0
5276,WarpSAC-L,PullCube-v1,1,avg_success,34994176,1.0
5277,WarpSAC-L,PullCube-v1,1,avg_success,37493760,1.0
5278,WarpSAC-L,PullCube-v1,1,avg_success,39993344,1.0
5279,WarpSAC-L,PullCube-v1,1,avg_success,42492928,1.0
5280,WarpSAC-L,PullCube-v1,1,avg_success,44992512,1.0
5281,WarpSAC-L,PullCube-v1,1,avg_success,47492096,1.0
5282,WarpSAC-L,PullCube-v1,1,avg_success,49991680,1.0
5283,WarpSAC-L,PullCube-v1,1,avg_success,50000896,1.0
5284,WarpSAC-L,PullCube-v1,2,avg_return,0,0.479
5285,WarpSAC-L,PullCube-v1,2,avg_return,2499584,41.4816
5286,WarpSAC-L,PullCube-v1,2,avg_return,4999168,41.6051
5287,WarpSAC-L,PullCube-v1,2,avg_return,7498752,41.1443
5288,WarpSAC-L,PullCube-v1,2,avg_return,9998336,41.8207
5289,WarpSAC-L,PullCube-v1,2,avg_return,12497920,41.1903
5290,WarpSAC-L,PullCube-v1,2,avg_return,14997504,42.4461
5291,WarpSAC-L,PullCube-v1,2,avg_return,17497088,43.0025
5292,WarpSAC-L,PullCube-v1,2,avg_return,19996672,42.4374
5293,WarpSAC-L,PullCube-v1,2,avg_return,22496256,42.3602
5294,WarpSAC-L,PullCube-v1,2,avg_return,24995840,42.3977
5295,WarpSAC-L,PullCube-v1,2,avg_return,27495424,42.2373
5296,WarpSAC-L,PullCube-v1,2,avg_return,29995008,41.5688
5297,WarpSAC-L,PullCube-v1,2,avg_return,32494592,42.1942
5298,WarpSAC-L,PullCube-v1,2,avg_return,34994176,42.5587
5299,WarpSAC-L,PullCube-v1,2,avg_return,37493760,42.8844
5300,WarpSAC-L,PullCube-v1,2,avg_return,39993344,42.6335
5301,WarpSAC-L,PullCube-v1,2,avg_return,42492928,43.2782
5302,WarpSAC-L,PullCube-v1,2,avg_return,44992512,42.9005
5303,WarpSAC-L,PullCube-v1,2,avg_return,47492096,42.2276
5304,WarpSAC-L,PullCube-v1,2,avg_return,49991680,43.1797
5305,WarpSAC-L,PullCube-v1,2,avg_return,50000896,43.135
5306,WarpSAC-L,PullCube-v1,2,avg_success,0,0.0
5307,WarpSAC-L,PullCube-v1,2,avg_success,2499584,1.0
5308,WarpSAC-L,PullCube-v1,2,avg_success,4999168,1.0
5309,WarpSAC-L,PullCube-v1,2,avg_success,7498752,1.0
5310,WarpSAC-L,PullCube-v1,2,avg_success,9998336,0.98
5311,WarpSAC-L,PullCube-v1,2,avg_success,12497920,1.0
5312,WarpSAC-L,PullCube-v1,2,avg_success,14997504,1.0
5313,WarpSAC-L,PullCube-v1,2,avg_success,17497088,1.0
5314,WarpSAC-L,PullCube-v1,2,avg_success,19996672,1.0
5315,WarpSAC-L,PullCube-v1,2,avg_success,22496256,1.0
5316,WarpSAC-L,PullCube-v1,2,avg_success,24995840,1.0
5317,WarpSAC-L,PullCube-v1,2,avg_success,27495424,1.0
5318,WarpSAC-L,PullCube-v1,2,avg_success,29995008,1.0
5319,WarpSAC-L,PullCube-v1,2,avg_success,32494592,1.0
5320,WarpSAC-L,PullCube-v1,2,avg_success,34994176,1.0
5321,WarpSAC-L,PullCube-v1,2,avg_success,37493760,1.0
5322,WarpSAC-L,PullCube-v1,2,avg_success,39993344,1.0
5323,WarpSAC-L,PullCube-v1,2,avg_success,42492928,1.0
5324,WarpSAC-L,PullCube-v1,2,avg_success,44992512,1.0
5325,WarpSAC-L,PullCube-v1,2,avg_success,47492096,1.0
5326,WarpSAC-L,PullCube-v1,2,avg_success,49991680,1.0
5327,WarpSAC-L,PullCube-v1,2,avg_success,50000896,1.0
5328,WarpSAC-L,PullCube-v1,3,avg_return,0,1.3539
5329,WarpSAC-L,PullCube-v1,3,avg_return,2499584,40.7369
5330,WarpSAC-L,PullCube-v1,3,avg_return,4999168,41.5587
5331,WarpSAC-L,PullCube-v1,3,avg_return,7498752,41.8922
5332,WarpSAC-L,PullCube-v1,3,avg_return,9998336,42.1488
5333,WarpSAC-L,PullCube-v1,3,avg_return,12497920,41.7021
5334,WarpSAC-L,PullCube-v1,3,avg_return,14997504,41.8539
5335,WarpSAC-L,PullCube-v1,3,avg_return,17497088,41.9434
5336,WarpSAC-L,PullCube-v1,3,avg_return,19996672,42.4808
5337,WarpSAC-L,PullCube-v1,3,avg_return,22496256,43.2351
5338,WarpSAC-L,PullCube-v1,3,avg_return,24995840,42.65
5339,WarpSAC-L,PullCube-v1,3,avg_return,27495424,42.582
5340,WarpSAC-L,PullCube-v1,3,avg_return,29995008,40.2187
5341,WarpSAC-L,PullCube-v1,3,avg_return,32494592,41.5112
5342,WarpSAC-L,PullCube-v1,3,avg_return,34994176,42.1197
5343,WarpSAC-L,PullCube-v1,3,avg_return,37493760,42.0363
5344,WarpSAC-L,PullCube-v1,3,avg_return,39993344,42.2405
5345,WarpSAC-L,PullCube-v1,3,avg_return,42492928,42.0898
5346,WarpSAC-L,PullCube-v1,3,avg_return,44992512,42.2652
5347,WarpSAC-L,PullCube-v1,3,avg_return,47492096,43.0566
5348,WarpSAC-L,PullCube-v1,3,avg_return,49991680,42.505
5349,WarpSAC-L,PullCube-v1,3,avg_return,50000896,42.7835
5350,WarpSAC-L,PullCube-v1,3,avg_success,0,0.0
5351,WarpSAC-L,PullCube-v1,3,avg_success,2499584,1.0
5352,WarpSAC-L,PullCube-v1,3,avg_success,4999168,1.0
5353,WarpSAC-L,PullCube-v1,3,avg_success,7498752,1.0
5354,WarpSAC-L,PullCube-v1,3,avg_success,9998336,1.0
5355,WarpSAC-L,PullCube-v1,3,avg_success,12497920,1.0
5356,WarpSAC-L,PullCube-v1,3,avg_success,14997504,1.0
5357,WarpSAC-L,PullCube-v1,3,avg_success,17497088,1.0
5358,WarpSAC-L,PullCube-v1,3,avg_success,19996672,1.0
5359,WarpSAC-L,PullCube-v1,3,avg_success,22496256,1.0
5360,WarpSAC-L,PullCube-v1,3,avg_success,24995840,1.0
5361,WarpSAC-L,PullCube-v1,3,avg_success,27495424,1.0
5362,WarpSAC-L,PullCube-v1,3,avg_success,29995008,0.98
5363,WarpSAC-L,PullCube-v1,3,avg_success,32494592,1.0
5364,WarpSAC-L,PullCube-v1,3,avg_success,34994176,1.0
5365,WarpSAC-L,PullCube-v1,3,avg_success,37493760,1.0
5366,WarpSAC-L,PullCube-v1,3,avg_success,39993344,1.0
5367,WarpSAC-L,PullCube-v1,3,avg_success,42492928,1.0
5368,WarpSAC-L,PullCube-v1,3,avg_success,44992512,1.0
5369,WarpSAC-L,PullCube-v1,3,avg_success,47492096,1.0
5370,WarpSAC-L,PullCube-v1,3,avg_success,49991680,1.0
5371,WarpSAC-L,PullCube-v1,3,avg_success,50000896,1.0
5372,WarpSAC-L,T1JoystickFlatTerrain,1,avg_return,0,0.0188
5373,WarpSAC-L,T1JoystickFlatTerrain,1,avg_return,2499584,0.5953
5374,WarpSAC-L,T1JoystickFlatTerrain,1,avg_return,4999168,20.1663
5375,WarpSAC-L,T1JoystickFlatTerrain,1,avg_return,7498752,19.6158
5376,WarpSAC-L,T1JoystickFlatTerrain,1,avg_return,9998336,24.9652
5377,WarpSAC-L,T1JoystickFlatTerrain,1,avg_return,12497920,29.1633
5378,WarpSAC-L,T1JoystickFlatTerrain,1,avg_return,14997504,33.422
5379,WarpSAC-L,T1JoystickFlatTerrain,1,avg_return,17497088,34.5799
5380,WarpSAC-L,T1JoystickFlatTerrain,1,avg_return,19996672,37.3895
5381,WarpSAC-L,T1JoystickFlatTerrain,1,avg_return,22496256,36.8318
5382,WarpSAC-L,T1JoystickFlatTerrain,1,avg_return,24995840,40.3561
5383,WarpSAC-L,T1JoystickFlatTerrain,1,avg_return,27495424,40.1215
5384,WarpSAC-L,T1JoystickFlatTerrain,1,avg_return,29995008,40.3854
5385,WarpSAC-L,T1JoystickFlatTerrain,1,avg_return,32494592,39.7531
5386,WarpSAC-L,T1JoystickFlatTerrain,1,avg_return,34994176,40.462
5387,WarpSAC-L,T1JoystickFlatTerrain,1,avg_return,37493760,40.515
5388,WarpSAC-L,T1JoystickFlatTerrain,1,avg_return,39993344,39.9877
5389,WarpSAC-L,T1JoystickFlatTerrain,1,avg_return,42492928,41.0643
5390,WarpSAC-L,T1JoystickFlatTerrain,1,avg_return,44992512,41.2801
5391,WarpSAC-L,T1JoystickFlatTerrain,1,avg_return,47492096,40.3349
5392,WarpSAC-L,T1JoystickFlatTerrain,1,avg_return,49991680,40.0306
5393,WarpSAC-L,T1JoystickFlatTerrain,1,avg_return,50000896,39.6319
5394,WarpSAC-L,T1JoystickFlatTerrain,1,avg_success,0,0.0
5395,WarpSAC-L,T1JoystickFlatTerrain,1,avg_success,2499584,0.0
5396,WarpSAC-L,T1JoystickFlatTerrain,1,avg_success,4999168,0.0
5397,WarpSAC-L,T1JoystickFlatTerrain,1,avg_success,7498752,0.0
5398,WarpSAC-L,T1JoystickFlatTerrain,1,avg_success,9998336,0.0
5399,WarpSAC-L,T1JoystickFlatTerrain,1,avg_success,12497920,0.0
5400,WarpSAC-L,T1JoystickFlatTerrain,1,avg_success,14997504,0.0
5401,WarpSAC-L,T1JoystickFlatTerrain,1,avg_success,17497088,0.0
5402,WarpSAC-L,T1JoystickFlatTerrain,1,avg_success,19996672,0.0
5403,WarpSAC-L,T1JoystickFlatTerrain,1,avg_success,22496256,0.0
5404,WarpSAC-L,T1JoystickFlatTerrain,1,avg_success,24995840,0.0
5405,WarpSAC-L,T1JoystickFlatTerrain,1,avg_success,27495424,0.0
5406,WarpSAC-L,T1JoystickFlatTerrain,1,avg_success,29995008,0.0
5407,WarpSAC-L,T1JoystickFlatTerrain,1,avg_success,32494592,0.0
5408,WarpSAC-L,T1JoystickFlatTerrain,1,avg_success,34994176,0.0
5409,WarpSAC-L,T1JoystickFlatTerrain,1,avg_success,37493760,0.0
5410,WarpSAC-L,T1JoystickFlatTerrain,1,avg_success,39993344,0.0
5411,WarpSAC-L,T1JoystickFlatTerrain,1,avg_success,42492928,0.0
5412,WarpSAC-L,T1JoystickFlatTerrain,1,avg_success,44992512,0.0
5413,WarpSAC-L,T1JoystickFlatTerrain,1,avg_success,47492096,0.0
5414,WarpSAC-L,T1JoystickFlatTerrain,1,avg_success,49991680,0.0
5415,WarpSAC-L,T1JoystickFlatTerrain,1,avg_success,50000896,0.0
5416,WarpSAC-L,T1JoystickFlatTerrain,2,avg_return,0,0.0172
5417,WarpSAC-L,T1JoystickFlatTerrain,2,avg_return,2499584,0.6355
5418,WarpSAC-L,T1JoystickFlatTerrain,2,avg_return,4999168,23.2631
5419,WarpSAC-L,T1JoystickFlatTerrain,2,avg_return,7498752,15.3865
5420,WarpSAC-L,T1JoystickFlatTerrain,2,avg_return,9998336,23.8625
5421,WarpSAC-L,T1JoystickFlatTerrain,2,avg_return,12497920,30.4435
5422,WarpSAC-L,T1JoystickFlatTerrain,2,avg_return,14997504,34.0181
5423,WarpSAC-L,T1JoystickFlatTerrain,2,avg_return,17497088,37.215
5424,WarpSAC-L,T1JoystickFlatTerrain,2,avg_return,19996672,37.3972
5425,WarpSAC-L,T1JoystickFlatTerrain,2,avg_return,22496256,38.0634
5426,WarpSAC-L,T1JoystickFlatTerrain,2,avg_return,24995840,40.6435
5427,WarpSAC-L,T1JoystickFlatTerrain,2,avg_return,27495424,39.5529
5428,WarpSAC-L,T1JoystickFlatTerrain,2,avg_return,29995008,40.0434
5429,WarpSAC-L,T1JoystickFlatTerrain,2,avg_return,32494592,40.1537
5430,WarpSAC-L,T1JoystickFlatTerrain,2,avg_return,34994176,40.8584
5431,WarpSAC-L,T1JoystickFlatTerrain,2,avg_return,37493760,39.8803
5432,WarpSAC-L,T1JoystickFlatTerrain,2,avg_return,39993344,39.611
5433,WarpSAC-L,T1JoystickFlatTerrain,2,avg_return,42492928,41.7356
5434,WarpSAC-L,T1JoystickFlatTerrain,2,avg_return,44992512,41.7584
5435,WarpSAC-L,T1JoystickFlatTerrain,2,avg_return,47492096,41.5021
5436,WarpSAC-L,T1JoystickFlatTerrain,2,avg_return,49991680,40.8039
5437,WarpSAC-L,T1JoystickFlatTerrain,2,avg_return,50000896,41.521
5438,WarpSAC-L,T1JoystickFlatTerrain,2,avg_success,0,0.0
5439,WarpSAC-L,T1JoystickFlatTerrain,2,avg_success,2499584,0.0
5440,WarpSAC-L,T1JoystickFlatTerrain,2,avg_success,4999168,0.0
5441,WarpSAC-L,T1JoystickFlatTerrain,2,avg_success,7498752,0.0
5442,WarpSAC-L,T1JoystickFlatTerrain,2,avg_success,9998336,0.0
5443,WarpSAC-L,T1JoystickFlatTerrain,2,avg_success,12497920,0.0
5444,WarpSAC-L,T1JoystickFlatTerrain,2,avg_success,14997504,0.0
5445,WarpSAC-L,T1JoystickFlatTerrain,2,avg_success,17497088,0.0
5446,WarpSAC-L,T1JoystickFlatTerrain,2,avg_success,19996672,0.0
5447,WarpSAC-L,T1JoystickFlatTerrain,2,avg_success,22496256,0.0
5448,WarpSAC-L,T1JoystickFlatTerrain,2,avg_success,24995840,0.0
5449,WarpSAC-L,T1JoystickFlatTerrain,2,avg_success,27495424,0.0
5450,WarpSAC-L,T1JoystickFlatTerrain,2,avg_success,29995008,0.0
5451,WarpSAC-L,T1JoystickFlatTerrain,2,avg_success,32494592,0.0
5452,WarpSAC-L,T1JoystickFlatTerrain,2,avg_success,34994176,0.0
5453,WarpSAC-L,T1JoystickFlatTerrain,2,avg_success,37493760,0.0
5454,WarpSAC-L,T1JoystickFlatTerrain,2,avg_success,39993344,0.0
5455,WarpSAC-L,T1JoystickFlatTerrain,2,avg_success,42492928,0.0
5456,WarpSAC-L,T1JoystickFlatTerrain,2,avg_success,44992512,0.0
5457,WarpSAC-L,T1JoystickFlatTerrain,2,avg_success,47492096,0.0
5458,WarpSAC-L,T1JoystickFlatTerrain,2,avg_success,49991680,0.0
5459,WarpSAC-L,T1JoystickFlatTerrain,2,avg_success,50000896,0.0
5460,WarpSAC-L,T1JoystickFlatTerrain,3,avg_return,0,0.0336
5461,WarpSAC-L,T1JoystickFlatTerrain,3,avg_return,2499584,0.7182
5462,WarpSAC-L,T1JoystickFlatTerrain,3,avg_return,4999168,18.1352
5463,WarpSAC-L,T1JoystickFlatTerrain,3,avg_return,7498752,15.1666
5464,WarpSAC-L,T1JoystickFlatTerrain,3,avg_return,9998336,25.0801
5465,WarpSAC-L,T1JoystickFlatTerrain,3,avg_return,12497920,31.0843
5466,WarpSAC-L,T1JoystickFlatTerrain,3,avg_return,14997504,32.542
5467,WarpSAC-L,T1JoystickFlatTerrain,3,avg_return,17497088,34.6855
5468,WarpSAC-L,T1JoystickFlatTerrain,3,avg_return,19996672,38.1186
5469,WarpSAC-L,T1JoystickFlatTerrain,3,avg_return,22496256,39.0025
5470,WarpSAC-L,T1JoystickFlatTerrain,3,avg_return,24995840,39.2015
5471,WarpSAC-L,T1JoystickFlatTerrain,3,avg_return,27495424,38.465
5472,WarpSAC-L,T1JoystickFlatTerrain,3,avg_return,29995008,40.2388
5473,WarpSAC-L,T1JoystickFlatTerrain,3,avg_return,32494592,40.0088
5474,WarpSAC-L,T1JoystickFlatTerrain,3,avg_return,34994176,41.4441
5475,WarpSAC-L,T1JoystickFlatTerrain,3,avg_return,37493760,39.7757
5476,WarpSAC-L,T1JoystickFlatTerrain,3,avg_return,39993344,40.9631
5477,WarpSAC-L,T1JoystickFlatTerrain,3,avg_return,42492928,40.7794
5478,WarpSAC-L,T1JoystickFlatTerrain,3,avg_return,44992512,40.6112
5479,WarpSAC-L,T1JoystickFlatTerrain,3,avg_return,47492096,39.2017
5480,WarpSAC-L,T1JoystickFlatTerrain,3,avg_return,49991680,37.1188
5481,WarpSAC-L,T1JoystickFlatTerrain,3,avg_return,50000896,37.3224
5482,WarpSAC-L,T1JoystickFlatTerrain,3,avg_success,0,0.0
5483,WarpSAC-L,T1JoystickFlatTerrain,3,avg_success,2499584,0.0
5484,WarpSAC-L,T1JoystickFlatTerrain,3,avg_success,4999168,0.0
5485,WarpSAC-L,T1JoystickFlatTerrain,3,avg_success,7498752,0.0
5486,WarpSAC-L,T1JoystickFlatTerrain,3,avg_success,9998336,0.0
5487,WarpSAC-L,T1JoystickFlatTerrain,3,avg_success,12497920,0.0
5488,WarpSAC-L,T1JoystickFlatTerrain,3,avg_success,14997504,0.0
5489,WarpSAC-L,T1JoystickFlatTerrain,3,avg_success,17497088,0.0
5490,WarpSAC-L,T1JoystickFlatTerrain,3,avg_success,19996672,0.0
5491,WarpSAC-L,T1JoystickFlatTerrain,3,avg_success,22496256,0.0
5492,WarpSAC-L,T1JoystickFlatTerrain,3,avg_success,24995840,0.0
5493,WarpSAC-L,T1JoystickFlatTerrain,3,avg_success,27495424,0.0
5494,WarpSAC-L,T1JoystickFlatTerrain,3,avg_success,29995008,0.0
5495,WarpSAC-L,T1JoystickFlatTerrain,3,avg_success,32494592,0.0
5496,WarpSAC-L,T1JoystickFlatTerrain,3,avg_success,34994176,0.0
5497,WarpSAC-L,T1JoystickFlatTerrain,3,avg_success,37493760,0.0
5498,WarpSAC-L,T1JoystickFlatTerrain,3,avg_success,39993344,0.0
5499,WarpSAC-L,T1JoystickFlatTerrain,3,avg_success,42492928,0.0
5500,WarpSAC-L,T1JoystickFlatTerrain,3,avg_success,44992512,0.0
5501,WarpSAC-L,T1JoystickFlatTerrain,3,avg_success,47492096,0.0
5502,WarpSAC-L,T1JoystickFlatTerrain,3,avg_success,49991680,0.0
5503,WarpSAC-L,T1JoystickFlatTerrain,3,avg_success,50000896,0.0
5504,WarpSAC-L,T1JoystickFlatTerrain,4,avg_return,0,0.0198
5505,WarpSAC-L,T1JoystickFlatTerrain,4,avg_return,2499584,0.7422
5506,WarpSAC-L,T1JoystickFlatTerrain,4,avg_return,4999168,15.6334
5507,WarpSAC-L,T1JoystickFlatTerrain,4,avg_return,7498752,21.4927
5508,WarpSAC-L,T1JoystickFlatTerrain,4,avg_return,9998336,27.8976
5509,WarpSAC-L,T1JoystickFlatTerrain,4,avg_return,12497920,32.626
5510,WarpSAC-L,T1JoystickFlatTerrain,4,avg_return,14997504,34.6745
5511,WarpSAC-L,T1JoystickFlatTerrain,4,avg_return,17497088,36.6664
5512,WarpSAC-L,T1JoystickFlatTerrain,4,avg_return,19996672,38.5288
5513,WarpSAC-L,T1JoystickFlatTerrain,4,avg_return,22496256,38.4024
5514,WarpSAC-L,T1JoystickFlatTerrain,4,avg_return,24995840,39.6141
5515,WarpSAC-L,T1JoystickFlatTerrain,4,avg_return,27495424,39.4098
5516,WarpSAC-L,T1JoystickFlatTerrain,4,avg_return,29995008,39.3175
5517,WarpSAC-L,T1JoystickFlatTerrain,4,avg_return,32494592,39.923
5518,WarpSAC-L,T1JoystickFlatTerrain,4,avg_return,34994176,40.9025
5519,WarpSAC-L,T1JoystickFlatTerrain,4,avg_return,37493760,41.1662
5520,WarpSAC-L,T1JoystickFlatTerrain,4,avg_return,39993344,40.6139
5521,WarpSAC-L,T1JoystickFlatTerrain,4,avg_return,42492928,40.5513
5522,WarpSAC-L,T1JoystickFlatTerrain,4,avg_return,44992512,40.5606
5523,WarpSAC-L,T1JoystickFlatTerrain,4,avg_return,47492096,40.8803
5524,WarpSAC-L,T1JoystickFlatTerrain,4,avg_return,49991680,40.9223
5525,WarpSAC-L,T1JoystickFlatTerrain,4,avg_return,50000896,40.0795
5526,WarpSAC-L,T1JoystickFlatTerrain,4,avg_success,0,0.0
5527,WarpSAC-L,T1JoystickFlatTerrain,4,avg_success,2499584,0.0
5528,WarpSAC-L,T1JoystickFlatTerrain,4,avg_success,4999168,0.0
5529,WarpSAC-L,T1JoystickFlatTerrain,4,avg_success,7498752,0.0
5530,WarpSAC-L,T1JoystickFlatTerrain,4,avg_success,9998336,0.0
5531,WarpSAC-L,T1JoystickFlatTerrain,4,avg_success,12497920,0.0
5532,WarpSAC-L,T1JoystickFlatTerrain,4,avg_success,14997504,0.0
5533,WarpSAC-L,T1JoystickFlatTerrain,4,avg_success,17497088,0.0
5534,WarpSAC-L,T1JoystickFlatTerrain,4,avg_success,19996672,0.0
5535,WarpSAC-L,T1JoystickFlatTerrain,4,avg_success,22496256,0.0
5536,WarpSAC-L,T1JoystickFlatTerrain,4,avg_success,24995840,0.0
5537,WarpSAC-L,T1JoystickFlatTerrain,4,avg_success,27495424,0.0
5538,WarpSAC-L,T1JoystickFlatTerrain,4,avg_success,29995008,0.0
5539,WarpSAC-L,T1JoystickFlatTerrain,4,avg_success,32494592,0.0
5540,WarpSAC-L,T1JoystickFlatTerrain,4,avg_success,34994176,0.0
5541,WarpSAC-L,T1JoystickFlatTerrain,4,avg_success,37493760,0.0
5542,WarpSAC-L,T1JoystickFlatTerrain,4,avg_success,39993344,0.0
5543,WarpSAC-L,T1JoystickFlatTerrain,4,avg_success,42492928,0.0
5544,WarpSAC-L,T1JoystickFlatTerrain,4,avg_success,44992512,0.0
5545,WarpSAC-L,T1JoystickFlatTerrain,4,avg_success,47492096,0.0
5546,WarpSAC-L,T1JoystickFlatTerrain,4,avg_success,49991680,0.0
5547,WarpSAC-L,T1JoystickFlatTerrain,4,avg_success,50000896,0.0
5548,WarpSAC-L,T1JoystickFlatTerrain,5,avg_return,0,0.0382
5549,WarpSAC-L,T1JoystickFlatTerrain,5,avg_return,2499584,0.7894
5550,WarpSAC-L,T1JoystickFlatTerrain,5,avg_return,4999168,16.7972
5551,WarpSAC-L,T1JoystickFlatTerrain,5,avg_return,7498752,15.3615
5552,WarpSAC-L,T1JoystickFlatTerrain,5,avg_return,9998336,27.3815
5553,WarpSAC-L,T1JoystickFlatTerrain,5,avg_return,12497920,32.3785
5554,WarpSAC-L,T1JoystickFlatTerrain,5,avg_return,14997504,36.7737
5555,WarpSAC-L,T1JoystickFlatTerrain,5,avg_return,17497088,33.7522
5556,WarpSAC-L,T1JoystickFlatTerrain,5,avg_return,19996672,36.9722
5557,WarpSAC-L,T1JoystickFlatTerrain,5,avg_return,22496256,38.8342
5558,WarpSAC-L,T1JoystickFlatTerrain,5,avg_return,24995840,37.4519
5559,WarpSAC-L,T1JoystickFlatTerrain,5,avg_return,27495424,38.7724
5560,WarpSAC-L,T1JoystickFlatTerrain,5,avg_return,29995008,40.3717
5561,WarpSAC-L,T1JoystickFlatTerrain,5,avg_return,32494592,39.3511
5562,WarpSAC-L,T1JoystickFlatTerrain,5,avg_return,34994176,40.9835
5563,WarpSAC-L,T1JoystickFlatTerrain,5,avg_return,37493760,41.1468
5564,WarpSAC-L,T1JoystickFlatTerrain,5,avg_return,39993344,40.6354
5565,WarpSAC-L,T1JoystickFlatTerrain,5,avg_return,42492928,41.1713
5566,WarpSAC-L,T1JoystickFlatTerrain,5,avg_return,44992512,40.8107
5567,WarpSAC-L,T1JoystickFlatTerrain,5,avg_return,47492096,40.0341
5568,WarpSAC-L,T1JoystickFlatTerrain,5,avg_return,49991680,40.9858
5569,WarpSAC-L,T1JoystickFlatTerrain,5,avg_return,50000896,40.2265
5570,WarpSAC-L,T1JoystickFlatTerrain,5,avg_success,0,0.0
5571,WarpSAC-L,T1JoystickFlatTerrain,5,avg_success,2499584,0.0
5572,WarpSAC-L,T1JoystickFlatTerrain,5,avg_success,4999168,0.0
5573,WarpSAC-L,T1JoystickFlatTerrain,5,avg_success,7498752,0.0
5574,WarpSAC-L,T1JoystickFlatTerrain,5,avg_success,9998336,0.0
5575,WarpSAC-L,T1JoystickFlatTerrain,5,avg_success,12497920,0.0
5576,WarpSAC-L,T1JoystickFlatTerrain,5,avg_success,14997504,0.0
5577,WarpSAC-L,T1JoystickFlatTerrain,5,avg_success,17497088,0.0
5578,WarpSAC-L,T1JoystickFlatTerrain,5,avg_success,19996672,0.0
5579,WarpSAC-L,T1JoystickFlatTerrain,5,avg_success,22496256,0.0
5580,WarpSAC-L,T1JoystickFlatTerrain,5,avg_success,24995840,0.0
5581,WarpSAC-L,T1JoystickFlatTerrain,5,avg_success,27495424,0.0
5582,WarpSAC-L,T1JoystickFlatTerrain,5,avg_success,29995008,0.0
5583,WarpSAC-L,T1JoystickFlatTerrain,5,avg_success,32494592,0.0
5584,WarpSAC-L,T1JoystickFlatTerrain,5,avg_success,34994176,0.0
5585,WarpSAC-L,T1JoystickFlatTerrain,5,avg_success,37493760,0.0
5586,WarpSAC-L,T1JoystickFlatTerrain,5,avg_success,39993344,0.0
5587,WarpSAC-L,T1JoystickFlatTerrain,5,avg_success,42492928,0.0
5588,WarpSAC-L,T1JoystickFlatTerrain,5,avg_success,44992512,0.0
5589,WarpSAC-L,T1JoystickFlatTerrain,5,avg_success,47492096,0.0
5590,WarpSAC-L,T1JoystickFlatTerrain,5,avg_success,49991680,0.0
5591,WarpSAC-L,T1JoystickFlatTerrain,5,avg_success,50000896,0.0
5592,WarpSAC-L,T1JoystickRoughTerrain,1,avg_return,0,0.0215
5593,WarpSAC-L,T1JoystickRoughTerrain,1,avg_return,2499584,0.6574
5594,WarpSAC-L,T1JoystickRoughTerrain,1,avg_return,4999168,4.1638
5595,WarpSAC-L,T1JoystickRoughTerrain,1,avg_return,7498752,2.8679
5596,WarpSAC-L,T1JoystickRoughTerrain,1,avg_return,9998336,17.6245
5597,WarpSAC-L,T1JoystickRoughTerrain,1,avg_return,12497920,29.2319
5598,WarpSAC-L,T1JoystickRoughTerrain,1,avg_return,14997504,29.1335
5599,WarpSAC-L,T1JoystickRoughTerrain,1,avg_return,17497088,29.7535
5600,WarpSAC-L,T1JoystickRoughTerrain,1,avg_return,19996672,32.2854
5601,WarpSAC-L,T1JoystickRoughTerrain,1,avg_return,22496256,28.4473
5602,WarpSAC-L,T1JoystickRoughTerrain,1,avg_return,24995840,33.3209
5603,WarpSAC-L,T1JoystickRoughTerrain,1,avg_return,27495424,33.5584
5604,WarpSAC-L,T1JoystickRoughTerrain,1,avg_return,29995008,33.2778
5605,WarpSAC-L,T1JoystickRoughTerrain,1,avg_return,32494592,34.7852
5606,WarpSAC-L,T1JoystickRoughTerrain,1,avg_return,34994176,35.4663
5607,WarpSAC-L,T1JoystickRoughTerrain,1,avg_return,37493760,36.0013
5608,WarpSAC-L,T1JoystickRoughTerrain,1,avg_return,39993344,28.7274
5609,WarpSAC-L,T1JoystickRoughTerrain,1,avg_return,42492928,35.9437
5610,WarpSAC-L,T1JoystickRoughTerrain,1,avg_return,44992512,29.3186
5611,WarpSAC-L,T1JoystickRoughTerrain,1,avg_return,47492096,37.5905
5612,WarpSAC-L,T1JoystickRoughTerrain,1,avg_return,49991680,34.792
5613,WarpSAC-L,T1JoystickRoughTerrain,1,avg_return,50000896,32.0259
5614,WarpSAC-L,T1JoystickRoughTerrain,1,avg_success,0,0.0
5615,WarpSAC-L,T1JoystickRoughTerrain,1,avg_success,2499584,0.0
5616,WarpSAC-L,T1JoystickRoughTerrain,1,avg_success,4999168,0.0
5617,WarpSAC-L,T1JoystickRoughTerrain,1,avg_success,7498752,0.0
5618,WarpSAC-L,T1JoystickRoughTerrain,1,avg_success,9998336,0.0
5619,WarpSAC-L,T1JoystickRoughTerrain,1,avg_success,12497920,0.0
5620,WarpSAC-L,T1JoystickRoughTerrain,1,avg_success,14997504,0.0
5621,WarpSAC-L,T1JoystickRoughTerrain,1,avg_success,17497088,0.0
5622,WarpSAC-L,T1JoystickRoughTerrain,1,avg_success,19996672,0.0
5623,WarpSAC-L,T1JoystickRoughTerrain,1,avg_success,22496256,0.0
5624,WarpSAC-L,T1JoystickRoughTerrain,1,avg_success,24995840,0.0
5625,WarpSAC-L,T1JoystickRoughTerrain,1,avg_success,27495424,0.0
5626,WarpSAC-L,T1JoystickRoughTerrain,1,avg_success,29995008,0.0
5627,WarpSAC-L,T1JoystickRoughTerrain,1,avg_success,32494592,0.0
5628,WarpSAC-L,T1JoystickRoughTerrain,1,avg_success,34994176,0.0
5629,WarpSAC-L,T1JoystickRoughTerrain,1,avg_success,37493760,0.0
5630,WarpSAC-L,T1JoystickRoughTerrain,1,avg_success,39993344,0.0
5631,WarpSAC-L,T1JoystickRoughTerrain,1,avg_success,42492928,0.0
5632,WarpSAC-L,T1JoystickRoughTerrain,1,avg_success,44992512,0.0
5633,WarpSAC-L,T1JoystickRoughTerrain,1,avg_success,47492096,0.0
5634,WarpSAC-L,T1JoystickRoughTerrain,1,avg_success,49991680,0.0
5635,WarpSAC-L,T1JoystickRoughTerrain,1,avg_success,50000896,0.0
5636,WarpSAC-L,T1JoystickRoughTerrain,2,avg_return,0,0.0176
5637,WarpSAC-L,T1JoystickRoughTerrain,2,avg_return,2499584,0.6439
5638,WarpSAC-L,T1JoystickRoughTerrain,2,avg_return,4999168,6.0542
5639,WarpSAC-L,T1JoystickRoughTerrain,2,avg_return,7498752,3.1409
5640,WarpSAC-L,T1JoystickRoughTerrain,2,avg_return,9998336,23.8387
5641,WarpSAC-L,T1JoystickRoughTerrain,2,avg_return,12497920,25.7207
5642,WarpSAC-L,T1JoystickRoughTerrain,2,avg_return,14997504,27.8694
5643,WarpSAC-L,T1JoystickRoughTerrain,2,avg_return,17497088,31.5786
5644,WarpSAC-L,T1JoystickRoughTerrain,2,avg_return,19996672,26.769
5645,WarpSAC-L,T1JoystickRoughTerrain,2,avg_return,22496256,30.5074
5646,WarpSAC-L,T1JoystickRoughTerrain,2,avg_return,24995840,29.6526
5647,WarpSAC-L,T1JoystickRoughTerrain,2,avg_return,27495424,25.1034
5648,WarpSAC-L,T1JoystickRoughTerrain,2,avg_return,29995008,34.1145
5649,WarpSAC-L,T1JoystickRoughTerrain,2,avg_return,32494592,34.0394
5650,WarpSAC-L,T1JoystickRoughTerrain,2,avg_return,34994176,28.9926
5651,WarpSAC-L,T1JoystickRoughTerrain,2,avg_return,37493760,36.2745
5652,WarpSAC-L,T1JoystickRoughTerrain,2,avg_return,39993344,31.6063
5653,WarpSAC-L,T1JoystickRoughTerrain,2,avg_return,42492928,32.4437
5654,WarpSAC-L,T1JoystickRoughTerrain,2,avg_return,44992512,35.8919
5655,WarpSAC-L,T1JoystickRoughTerrain,2,avg_return,47492096,38.0923
5656,WarpSAC-L,T1JoystickRoughTerrain,2,avg_return,49991680,36.407
5657,WarpSAC-L,T1JoystickRoughTerrain,2,avg_return,50000896,37.7037
5658,WarpSAC-L,T1JoystickRoughTerrain,2,avg_success,0,0.0
5659,WarpSAC-L,T1JoystickRoughTerrain,2,avg_success,2499584,0.0
5660,WarpSAC-L,T1JoystickRoughTerrain,2,avg_success,4999168,0.0
5661,WarpSAC-L,T1JoystickRoughTerrain,2,avg_success,7498752,0.0
5662,WarpSAC-L,T1JoystickRoughTerrain,2,avg_success,9998336,0.0
5663,WarpSAC-L,T1JoystickRoughTerrain,2,avg_success,12497920,0.0
5664,WarpSAC-L,T1JoystickRoughTerrain,2,avg_success,14997504,0.0
5665,WarpSAC-L,T1JoystickRoughTerrain,2,avg_success,17497088,0.0
5666,WarpSAC-L,T1JoystickRoughTerrain,2,avg_success,19996672,0.0
5667,WarpSAC-L,T1JoystickRoughTerrain,2,avg_success,22496256,0.0
5668,WarpSAC-L,T1JoystickRoughTerrain,2,avg_success,24995840,0.0
5669,WarpSAC-L,T1JoystickRoughTerrain,2,avg_success,27495424,0.0
5670,WarpSAC-L,T1JoystickRoughTerrain,2,avg_success,29995008,0.0
5671,WarpSAC-L,T1JoystickRoughTerrain,2,avg_success,32494592,0.0
5672,WarpSAC-L,T1JoystickRoughTerrain,2,avg_success,34994176,0.0
5673,WarpSAC-L,T1JoystickRoughTerrain,2,avg_success,37493760,0.0
5674,WarpSAC-L,T1JoystickRoughTerrain,2,avg_success,39993344,0.0
5675,WarpSAC-L,T1JoystickRoughTerrain,2,avg_success,42492928,0.0
5676,WarpSAC-L,T1JoystickRoughTerrain,2,avg_success,44992512,0.0
5677,WarpSAC-L,T1JoystickRoughTerrain,2,avg_success,47492096,0.0
5678,WarpSAC-L,T1JoystickRoughTerrain,2,avg_success,49991680,0.0
5679,WarpSAC-L,T1JoystickRoughTerrain,2,avg_success,50000896,0.0
5680,WarpSAC-L,T1JoystickRoughTerrain,3,avg_return,0,0.0341
5681,WarpSAC-L,T1JoystickRoughTerrain,3,avg_return,2499584,0.7717
5682,WarpSAC-L,T1JoystickRoughTerrain,3,avg_return,4999168,6.7565
5683,WarpSAC-L,T1JoystickRoughTerrain,3,avg_return,7498752,1.6024
5684,WarpSAC-L,T1JoystickRoughTerrain,3,avg_return,9998336,20.015
5685,WarpSAC-L,T1JoystickRoughTerrain,3,avg_return,12497920,27.7159
5686,WarpSAC-L,T1JoystickRoughTerrain,3,avg_return,14997504,27.7311
5687,WarpSAC-L,T1JoystickRoughTerrain,3,avg_return,17497088,29.7278
5688,WarpSAC-L,T1JoystickRoughTerrain,3,avg_return,19996672,30.887
5689,WarpSAC-L,T1JoystickRoughTerrain,3,avg_return,22496256,26.0087
5690,WarpSAC-L,T1JoystickRoughTerrain,3,avg_return,24995840,32.6051
5691,WarpSAC-L,T1JoystickRoughTerrain,3,avg_return,27495424,33.5287
5692,WarpSAC-L,T1JoystickRoughTerrain,3,avg_return,29995008,6.0045
5693,WarpSAC-L,T1JoystickRoughTerrain,3,avg_return,32494592,36.0044
5694,WarpSAC-L,T1JoystickRoughTerrain,3,avg_return,34994176,35.5795
5695,WarpSAC-L,T1JoystickRoughTerrain,3,avg_return,37493760,35.8937
5696,WarpSAC-L,T1JoystickRoughTerrain,3,avg_return,39993344,37.6077
5697,WarpSAC-L,T1JoystickRoughTerrain,3,avg_return,42492928,37.3187
5698,WarpSAC-L,T1JoystickRoughTerrain,3,avg_return,44992512,25.4679
5699,WarpSAC-L,T1JoystickRoughTerrain,3,avg_return,47492096,36.6391
5700,WarpSAC-L,T1JoystickRoughTerrain,3,avg_return,49991680,35.7421
5701,WarpSAC-L,T1JoystickRoughTerrain,3,avg_return,50000896,32.1526
5702,WarpSAC-L,T1JoystickRoughTerrain,3,avg_success,0,0.0
5703,WarpSAC-L,T1JoystickRoughTerrain,3,avg_success,2499584,0.0
5704,WarpSAC-L,T1JoystickRoughTerrain,3,avg_success,4999168,0.0
5705,WarpSAC-L,T1JoystickRoughTerrain,3,avg_success,7498752,0.0
5706,WarpSAC-L,T1JoystickRoughTerrain,3,avg_success,9998336,0.0
5707,WarpSAC-L,T1JoystickRoughTerrain,3,avg_success,12497920,0.0
5708,WarpSAC-L,T1JoystickRoughTerrain,3,avg_success,14997504,0.0
5709,WarpSAC-L,T1JoystickRoughTerrain,3,avg_success,17497088,0.0
5710,WarpSAC-L,T1JoystickRoughTerrain,3,avg_success,19996672,0.0
5711,WarpSAC-L,T1JoystickRoughTerrain,3,avg_success,22496256,0.0
5712,WarpSAC-L,T1JoystickRoughTerrain,3,avg_success,24995840,0.0
5713,WarpSAC-L,T1JoystickRoughTerrain,3,avg_success,27495424,0.0
5714,WarpSAC-L,T1JoystickRoughTerrain,3,avg_success,29995008,0.0
5715,WarpSAC-L,T1JoystickRoughTerrain,3,avg_success,32494592,0.0
5716,WarpSAC-L,T1JoystickRoughTerrain,3,avg_success,34994176,0.0
5717,WarpSAC-L,T1JoystickRoughTerrain,3,avg_success,37493760,0.0
5718,WarpSAC-L,T1JoystickRoughTerrain,3,avg_success,39993344,0.0
5719,WarpSAC-L,T1JoystickRoughTerrain,3,avg_success,42492928,0.0
5720,WarpSAC-L,T1JoystickRoughTerrain,3,avg_success,44992512,0.0
5721,WarpSAC-L,T1JoystickRoughTerrain,3,avg_success,47492096,0.0
5722,WarpSAC-L,T1JoystickRoughTerrain,3,avg_success,49991680,0.0
5723,WarpSAC-L,T1JoystickRoughTerrain,3,avg_success,50000896,0.0
5724,WarpSAC-L,T1JoystickRoughTerrain,4,avg_return,0,0.0199
5725,WarpSAC-L,T1JoystickRoughTerrain,4,avg_return,2499584,0.7841
5726,WarpSAC-L,T1JoystickRoughTerrain,4,avg_return,4999168,6.132
5727,WarpSAC-L,T1JoystickRoughTerrain,4,avg_return,7498752,2.0117
5728,WarpSAC-L,T1JoystickRoughTerrain,4,avg_return,9998336,23.9728
5729,WarpSAC-L,T1JoystickRoughTerrain,4,avg_return,12497920,28.7225
5730,WarpSAC-L,T1JoystickRoughTerrain,4,avg_return,14997504,29.8457
5731,WarpSAC-L,T1JoystickRoughTerrain,4,avg_return,17497088,31.4691
5732,WarpSAC-L,T1JoystickRoughTerrain,4,avg_return,19996672,29.9949
5733,WarpSAC-L,T1JoystickRoughTerrain,4,avg_return,22496256,19.9609
5734,WarpSAC-L,T1JoystickRoughTerrain,4,avg_return,24995840,32.7658
5735,WarpSAC-L,T1JoystickRoughTerrain,4,avg_return,27495424,32.4384
5736,WarpSAC-L,T1JoystickRoughTerrain,4,avg_return,29995008,34.4828
5737,WarpSAC-L,T1JoystickRoughTerrain,4,avg_return,32494592,34.7418
5738,WarpSAC-L,T1JoystickRoughTerrain,4,avg_return,34994176,34.4896
5739,WarpSAC-L,T1JoystickRoughTerrain,4,avg_return,37493760,35.0982
5740,WarpSAC-L,T1JoystickRoughTerrain,4,avg_return,39993344,27.5582
5741,WarpSAC-L,T1JoystickRoughTerrain,4,avg_return,42492928,34.9605
5742,WarpSAC-L,T1JoystickRoughTerrain,4,avg_return,44992512,35.4998
5743,WarpSAC-L,T1JoystickRoughTerrain,4,avg_return,47492096,37.5255
5744,WarpSAC-L,T1JoystickRoughTerrain,4,avg_return,49991680,37.1562
5745,WarpSAC-L,T1JoystickRoughTerrain,4,avg_return,50000896,35.8639
5746,WarpSAC-L,T1JoystickRoughTerrain,4,avg_success,0,0.0
5747,WarpSAC-L,T1JoystickRoughTerrain,4,avg_success,2499584,0.0
5748,WarpSAC-L,T1JoystickRoughTerrain,4,avg_success,4999168,0.0
5749,WarpSAC-L,T1JoystickRoughTerrain,4,avg_success,7498752,0.0
5750,WarpSAC-L,T1JoystickRoughTerrain,4,avg_success,9998336,0.0
5751,WarpSAC-L,T1JoystickRoughTerrain,4,avg_success,12497920,0.0
5752,WarpSAC-L,T1JoystickRoughTerrain,4,avg_success,14997504,0.0
5753,WarpSAC-L,T1JoystickRoughTerrain,4,avg_success,17497088,0.0
5754,WarpSAC-L,T1JoystickRoughTerrain,4,avg_success,19996672,0.0
5755,WarpSAC-L,T1JoystickRoughTerrain,4,avg_success,22496256,0.0
5756,WarpSAC-L,T1JoystickRoughTerrain,4,avg_success,24995840,0.0
5757,WarpSAC-L,T1JoystickRoughTerrain,4,avg_success,27495424,0.0
5758,WarpSAC-L,T1JoystickRoughTerrain,4,avg_success,29995008,0.0
5759,WarpSAC-L,T1JoystickRoughTerrain,4,avg_success,32494592,0.0
5760,WarpSAC-L,T1JoystickRoughTerrain,4,avg_success,34994176,0.0
5761,WarpSAC-L,T1JoystickRoughTerrain,4,avg_success,37493760,0.0
5762,WarpSAC-L,T1JoystickRoughTerrain,4,avg_success,39993344,0.0
5763,WarpSAC-L,T1JoystickRoughTerrain,4,avg_success,42492928,0.0
5764,WarpSAC-L,T1JoystickRoughTerrain,4,avg_success,44992512,0.0
5765,WarpSAC-L,T1JoystickRoughTerrain,4,avg_success,47492096,0.0
5766,WarpSAC-L,T1JoystickRoughTerrain,4,avg_success,49991680,0.0
5767,WarpSAC-L,T1JoystickRoughTerrain,4,avg_success,50000896,0.0
5768,WarpSAC-L,T1JoystickRoughTerrain,5,avg_return,0,0.0312
5769,WarpSAC-L,T1JoystickRoughTerrain,5,avg_return,2499584,0.7874
5770,WarpSAC-L,T1JoystickRoughTerrain,5,avg_return,4999168,5.1426
5771,WarpSAC-L,T1JoystickRoughTerrain,5,avg_return,7498752,1.8568
5772,WarpSAC-L,T1JoystickRoughTerrain,5,avg_return,9998336,26.1349
5773,WarpSAC-L,T1JoystickRoughTerrain,5,avg_return,12497920,25.5668
5774,WarpSAC-L,T1JoystickRoughTerrain,5,avg_return,14997504,32.0201
5775,WarpSAC-L,T1JoystickRoughTerrain,5,avg_return,17497088,29.5868
5776,WarpSAC-L,T1JoystickRoughTerrain,5,avg_return,19996672,31.1866
5777,WarpSAC-L,T1JoystickRoughTerrain,5,avg_return,22496256,30.8242
5778,WarpSAC-L,T1JoystickRoughTerrain,5,avg_return,24995840,30.1277
5779,WarpSAC-L,T1JoystickRoughTerrain,5,avg_return,27495424,8.4175
5780,WarpSAC-L,T1JoystickRoughTerrain,5,avg_return,29995008,35.8138
5781,WarpSAC-L,T1JoystickRoughTerrain,5,avg_return,32494592,34.3607
5782,WarpSAC-L,T1JoystickRoughTerrain,5,avg_return,34994176,36.1315
5783,WarpSAC-L,T1JoystickRoughTerrain,5,avg_return,37493760,37.2015
5784,WarpSAC-L,T1JoystickRoughTerrain,5,avg_return,39993344,35.5604
5785,WarpSAC-L,T1JoystickRoughTerrain,5,avg_return,42492928,36.7639
5786,WarpSAC-L,T1JoystickRoughTerrain,5,avg_return,44992512,37.6397
5787,WarpSAC-L,T1JoystickRoughTerrain,5,avg_return,47492096,34.4937
5788,WarpSAC-L,T1JoystickRoughTerrain,5,avg_return,49991680,36.0707
5789,WarpSAC-L,T1JoystickRoughTerrain,5,avg_return,50000896,34.6666
5790,WarpSAC-L,T1JoystickRoughTerrain,5,avg_success,0,0.0
5791,WarpSAC-L,T1JoystickRoughTerrain,5,avg_success,2499584,0.0
5792,WarpSAC-L,T1JoystickRoughTerrain,5,avg_success,4999168,0.0
5793,WarpSAC-L,T1JoystickRoughTerrain,5,avg_success,7498752,0.0
5794,WarpSAC-L,T1JoystickRoughTerrain,5,avg_success,9998336,0.0
5795,WarpSAC-L,T1JoystickRoughTerrain,5,avg_success,12497920,0.0
5796,WarpSAC-L,T1JoystickRoughTerrain,5,avg_success,14997504,0.0
5797,WarpSAC-L,T1JoystickRoughTerrain,5,avg_success,17497088,0.0
5798,WarpSAC-L,T1JoystickRoughTerrain,5,avg_success,19996672,0.0
5799,WarpSAC-L,T1JoystickRoughTerrain,5,avg_success,22496256,0.0
5800,WarpSAC-L,T1JoystickRoughTerrain,5,avg_success,24995840,0.0
5801,WarpSAC-L,T1JoystickRoughTerrain,5,avg_success,27495424,0.0
5802,WarpSAC-L,T1JoystickRoughTerrain,5,avg_success,29995008,0.0
5803,WarpSAC-L,T1JoystickRoughTerrain,5,avg_success,32494592,0.0
5804,WarpSAC-L,T1JoystickRoughTerrain,5,avg_success,34994176,0.0
5805,WarpSAC-L,T1JoystickRoughTerrain,5,avg_success,37493760,0.0
5806,WarpSAC-L,T1JoystickRoughTerrain,5,avg_success,39993344,0.0
5807,WarpSAC-L,T1JoystickRoughTerrain,5,avg_success,42492928,0.0
5808,WarpSAC-L,T1JoystickRoughTerrain,5,avg_success,44992512,0.0
5809,WarpSAC-L,T1JoystickRoughTerrain,5,avg_success,47492096,0.0
5810,WarpSAC-L,T1JoystickRoughTerrain,5,avg_success,49991680,0.0
5811,WarpSAC-L,T1JoystickRoughTerrain,5,avg_success,50000896,0.0
5812,WarpSAC-L,UnitreeG1PlaceAppleInBowl-v1,1,avg_return,0,1.9329
5813,WarpSAC-L,UnitreeG1PlaceAppleInBowl-v1,1,avg_return,2499584,8.0901
5814,WarpSAC-L,UnitreeG1PlaceAppleInBowl-v1,1,avg_return,4999168,12.4371
5815,WarpSAC-L,UnitreeG1PlaceAppleInBowl-v1,1,avg_return,7498752,15.2906
5816,WarpSAC-L,UnitreeG1PlaceAppleInBowl-v1,1,avg_return,9998336,18.8555
5817,WarpSAC-L,UnitreeG1PlaceAppleInBowl-v1,1,avg_return,12497920,20.5775
5818,WarpSAC-L,UnitreeG1PlaceAppleInBowl-v1,1,avg_return,14997504,55.2621
5819,WarpSAC-L,UnitreeG1PlaceAppleInBowl-v1,1,avg_return,17497088,52.555
5820,WarpSAC-L,UnitreeG1PlaceAppleInBowl-v1,1,avg_return,19996672,46.8961
5821,WarpSAC-L,UnitreeG1PlaceAppleInBowl-v1,1,avg_return,22496256,62.6608
5822,WarpSAC-L,UnitreeG1PlaceAppleInBowl-v1,1,avg_return,24995840,57.1944
5823,WarpSAC-L,UnitreeG1PlaceAppleInBowl-v1,1,avg_return,27495424,56.4066
5824,WarpSAC-L,UnitreeG1PlaceAppleInBowl-v1,1,avg_return,29995008,55.9499
5825,WarpSAC-L,UnitreeG1PlaceAppleInBowl-v1,1,avg_return,32494592,1.1558
5826,WarpSAC-L,UnitreeG1PlaceAppleInBowl-v1,1,avg_return,34994176,25.1702
5827,WarpSAC-L,UnitreeG1PlaceAppleInBowl-v1,1,avg_return,37493760,9.2968
5828,WarpSAC-L,UnitreeG1PlaceAppleInBowl-v1,1,avg_return,39993344,60.2493
5829,WarpSAC-L,UnitreeG1PlaceAppleInBowl-v1,1,avg_return,42492928,41.9125
5830,WarpSAC-L,UnitreeG1PlaceAppleInBowl-v1,1,avg_return,44992512,57.0365
5831,WarpSAC-L,UnitreeG1PlaceAppleInBowl-v1,1,avg_return,47492096,53.7394
5832,WarpSAC-L,UnitreeG1PlaceAppleInBowl-v1,1,avg_return,49991680,48.0751
5833,WarpSAC-L,UnitreeG1PlaceAppleInBowl-v1,1,avg_return,50000896,50.654
5834,WarpSAC-L,UnitreeG1PlaceAppleInBowl-v1,1,avg_success,0,0.0
5835,WarpSAC-L,UnitreeG1PlaceAppleInBowl-v1,1,avg_success,2499584,0.0
5836,WarpSAC-L,UnitreeG1PlaceAppleInBowl-v1,1,avg_success,4999168,0.0
5837,WarpSAC-L,UnitreeG1PlaceAppleInBowl-v1,1,avg_success,7498752,0.0
5838,WarpSAC-L,UnitreeG1PlaceAppleInBowl-v1,1,avg_success,9998336,0.0
5839,WarpSAC-L,UnitreeG1PlaceAppleInBowl-v1,1,avg_success,12497920,0.0
5840,WarpSAC-L,UnitreeG1PlaceAppleInBowl-v1,1,avg_success,14997504,0.3
5841,WarpSAC-L,UnitreeG1PlaceAppleInBowl-v1,1,avg_success,17497088,0.06
5842,WarpSAC-L,UnitreeG1PlaceAppleInBowl-v1,1,avg_success,19996672,0.22
5843,WarpSAC-L,UnitreeG1PlaceAppleInBowl-v1,1,avg_success,22496256,0.58
5844,WarpSAC-L,UnitreeG1PlaceAppleInBowl-v1,1,avg_success,24995840,0.2
5845,WarpSAC-L,UnitreeG1PlaceAppleInBowl-v1,1,avg_success,27495424,0.14
5846,WarpSAC-L,UnitreeG1PlaceAppleInBowl-v1,1,avg_success,29995008,0.2
5847,WarpSAC-L,UnitreeG1PlaceAppleInBowl-v1,1,avg_success,32494592,0.0
5848,WarpSAC-L,UnitreeG1PlaceAppleInBowl-v1,1,avg_success,34994176,0.28
5849,WarpSAC-L,UnitreeG1PlaceAppleInBowl-v1,1,avg_success,37493760,0.0
5850,WarpSAC-L,UnitreeG1PlaceAppleInBowl-v1,1,avg_success,39993344,0.74
5851,WarpSAC-L,UnitreeG1PlaceAppleInBowl-v1,1,avg_success,42492928,0.1
5852,WarpSAC-L,UnitreeG1PlaceAppleInBowl-v1,1,avg_success,44992512,0.24
5853,WarpSAC-L,UnitreeG1PlaceAppleInBowl-v1,1,avg_success,47492096,0.1
5854,WarpSAC-L,UnitreeG1PlaceAppleInBowl-v1,1,avg_success,49991680,0.2
5855,WarpSAC-L,UnitreeG1PlaceAppleInBowl-v1,1,avg_success,50000896,0.42
5856,WarpSAC-L,UnitreeG1PlaceAppleInBowl-v1,2,avg_return,0,0.4341
5857,WarpSAC-L,UnitreeG1PlaceAppleInBowl-v1,2,avg_return,2499584,7.1664
5858,WarpSAC-L,UnitreeG1PlaceAppleInBowl-v1,2,avg_return,4999168,14.9413
5859,WarpSAC-L,UnitreeG1PlaceAppleInBowl-v1,2,avg_return,7498752,18.5003
5860,WarpSAC-L,UnitreeG1PlaceAppleInBowl-v1,2,avg_return,9998336,18.7122
5861,WarpSAC-L,UnitreeG1PlaceAppleInBowl-v1,2,avg_return,12497920,22.0284
5862,WarpSAC-L,UnitreeG1PlaceAppleInBowl-v1,2,avg_return,14997504,40.2055
5863,WarpSAC-L,UnitreeG1PlaceAppleInBowl-v1,2,avg_return,17497088,49.864
5864,WarpSAC-L,UnitreeG1PlaceAppleInBowl-v1,2,avg_return,19996672,48.7574
5865,WarpSAC-L,UnitreeG1PlaceAppleInBowl-v1,2,avg_return,22496256,50.4714
5866,WarpSAC-L,UnitreeG1PlaceAppleInBowl-v1,2,avg_return,24995840,1.6074
5867,WarpSAC-L,UnitreeG1PlaceAppleInBowl-v1,2,avg_return,27495424,66.659
5868,WarpSAC-L,UnitreeG1PlaceAppleInBowl-v1,2,avg_return,29995008,47.2817
5869,WarpSAC-L,UnitreeG1PlaceAppleInBowl-v1,2,avg_return,32494592,50.2026
5870,WarpSAC-L,UnitreeG1PlaceAppleInBowl-v1,2,avg_return,34994176,66.1438
5871,WarpSAC-L,UnitreeG1PlaceAppleInBowl-v1,2,avg_return,37493760,62.2779
5872,WarpSAC-L,UnitreeG1PlaceAppleInBowl-v1,2,avg_return,39993344,56.4303
5873,WarpSAC-L,UnitreeG1PlaceAppleInBowl-v1,2,avg_return,42492928,60.7887
5874,WarpSAC-L,UnitreeG1PlaceAppleInBowl-v1,2,avg_return,44992512,62.5975
5875,WarpSAC-L,UnitreeG1PlaceAppleInBowl-v1,2,avg_return,47492096,56.2441
5876,WarpSAC-L,UnitreeG1PlaceAppleInBowl-v1,2,avg_return,49991680,54.6534
5877,WarpSAC-L,UnitreeG1PlaceAppleInBowl-v1,2,avg_return,50000896,55.4196
5878,WarpSAC-L,UnitreeG1PlaceAppleInBowl-v1,2,avg_success,0,0.0
5879,WarpSAC-L,UnitreeG1PlaceAppleInBowl-v1,2,avg_success,2499584,0.0
5880,WarpSAC-L,UnitreeG1PlaceAppleInBowl-v1,2,avg_success,4999168,0.0
5881,WarpSAC-L,UnitreeG1PlaceAppleInBowl-v1,2,avg_success,7498752,0.0
5882,WarpSAC-L,UnitreeG1PlaceAppleInBowl-v1,2,avg_success,9998336,0.0
5883,WarpSAC-L,UnitreeG1PlaceAppleInBowl-v1,2,avg_success,12497920,0.0
5884,WarpSAC-L,UnitreeG1PlaceAppleInBowl-v1,2,avg_success,14997504,0.14
5885,WarpSAC-L,UnitreeG1PlaceAppleInBowl-v1,2,avg_success,17497088,0.32
5886,WarpSAC-L,UnitreeG1PlaceAppleInBowl-v1,2,avg_success,19996672,0.36
5887,WarpSAC-L,UnitreeG1PlaceAppleInBowl-v1,2,avg_success,22496256,0.3
5888,WarpSAC-L,UnitreeG1PlaceAppleInBowl-v1,2,avg_success,24995840,0.0
5889,WarpSAC-L,UnitreeG1PlaceAppleInBowl-v1,2,avg_success,27495424,0.82
5890,WarpSAC-L,UnitreeG1PlaceAppleInBowl-v1,2,avg_success,29995008,0.04
5891,WarpSAC-L,UnitreeG1PlaceAppleInBowl-v1,2,avg_success,32494592,0.02
5892,WarpSAC-L,UnitreeG1PlaceAppleInBowl-v1,2,avg_success,34994176,0.78
5893,WarpSAC-L,UnitreeG1PlaceAppleInBowl-v1,2,avg_success,37493760,0.5
5894,WarpSAC-L,UnitreeG1PlaceAppleInBowl-v1,2,avg_success,39993344,0.46
5895,WarpSAC-L,UnitreeG1PlaceAppleInBowl-v1,2,avg_success,42492928,0.42
5896,WarpSAC-L,UnitreeG1PlaceAppleInBowl-v1,2,avg_success,44992512,0.38
5897,WarpSAC-L,UnitreeG1PlaceAppleInBowl-v1,2,avg_success,47492096,0.12
5898,WarpSAC-L,UnitreeG1PlaceAppleInBowl-v1,2,avg_success,49991680,0.2
5899,WarpSAC-L,UnitreeG1PlaceAppleInBowl-v1,2,avg_success,50000896,0.4
5900,WarpSAC-L,UnitreeG1PlaceAppleInBowl-v1,3,avg_return,0,1.7378
5901,WarpSAC-L,UnitreeG1PlaceAppleInBowl-v1,3,avg_return,2499584,6.2696
5902,WarpSAC-L,UnitreeG1PlaceAppleInBowl-v1,3,avg_return,4999168,4.8365
5903,WarpSAC-L,UnitreeG1PlaceAppleInBowl-v1,3,avg_return,7498752,4.8174
5904,WarpSAC-L,UnitreeG1PlaceAppleInBowl-v1,3,avg_return,9998336,2.7026
5905,WarpSAC-L,UnitreeG1PlaceAppleInBowl-v1,3,avg_return,12497920,7.8129
5906,WarpSAC-L,UnitreeG1PlaceAppleInBowl-v1,3,avg_return,14997504,6.5105
5907,WarpSAC-L,UnitreeG1PlaceAppleInBowl-v1,3,avg_return,17497088,3.2463
5908,WarpSAC-L,UnitreeG1PlaceAppleInBowl-v1,3,avg_return,19996672,46.2781
5909,WarpSAC-L,UnitreeG1PlaceAppleInBowl-v1,3,avg_return,22496256,51.108
5910,WarpSAC-L,UnitreeG1PlaceAppleInBowl-v1,3,avg_return,24995840,16.9959
5911,WarpSAC-L,UnitreeG1PlaceAppleInBowl-v1,3,avg_return,27495424,47.7834
5912,WarpSAC-L,UnitreeG1PlaceAppleInBowl-v1,3,avg_return,29995008,48.9281
5913,WarpSAC-L,UnitreeG1PlaceAppleInBowl-v1,3,avg_return,32494592,53.1858
5914,WarpSAC-L,UnitreeG1PlaceAppleInBowl-v1,3,avg_return,34994176,53.765
5915,WarpSAC-L,UnitreeG1PlaceAppleInBowl-v1,3,avg_return,37493760,55.9193
5916,WarpSAC-L,UnitreeG1PlaceAppleInBowl-v1,3,avg_return,39993344,55.4821
5917,WarpSAC-L,UnitreeG1PlaceAppleInBowl-v1,3,avg_return,42492928,55.9443
5918,WarpSAC-L,UnitreeG1PlaceAppleInBowl-v1,3,avg_return,44992512,54.3198
5919,WarpSAC-L,UnitreeG1PlaceAppleInBowl-v1,3,avg_return,47492096,60.5302
5920,WarpSAC-L,UnitreeG1PlaceAppleInBowl-v1,3,avg_return,49991680,55.6047
5921,WarpSAC-L,UnitreeG1PlaceAppleInBowl-v1,3,avg_return,50000896,55.8101
5922,WarpSAC-L,UnitreeG1PlaceAppleInBowl-v1,3,avg_success,0,0.0
5923,WarpSAC-L,UnitreeG1PlaceAppleInBowl-v1,3,avg_success,2499584,0.0
5924,WarpSAC-L,UnitreeG1PlaceAppleInBowl-v1,3,avg_success,4999168,0.0
5925,WarpSAC-L,UnitreeG1PlaceAppleInBowl-v1,3,avg_success,7498752,0.0
5926,WarpSAC-L,UnitreeG1PlaceAppleInBowl-v1,3,avg_success,9998336,0.0
5927,WarpSAC-L,UnitreeG1PlaceAppleInBowl-v1,3,avg_success,12497920,0.0
5928,WarpSAC-L,UnitreeG1PlaceAppleInBowl-v1,3,avg_success,14997504,0.0
5929,WarpSAC-L,UnitreeG1PlaceAppleInBowl-v1,3,avg_success,17497088,0.0
5930,WarpSAC-L,UnitreeG1PlaceAppleInBowl-v1,3,avg_success,19996672,0.58
5931,WarpSAC-L,UnitreeG1PlaceAppleInBowl-v1,3,avg_success,22496256,0.22
5932,WarpSAC-L,UnitreeG1PlaceAppleInBowl-v1,3,avg_success,24995840,0.2
5933,WarpSAC-L,UnitreeG1PlaceAppleInBowl-v1,3,avg_success,27495424,0.08
5934,WarpSAC-L,UnitreeG1PlaceAppleInBowl-v1,3,avg_success,29995008,0.14
5935,WarpSAC-L,UnitreeG1PlaceAppleInBowl-v1,3,avg_success,32494592,0.12
5936,WarpSAC-L,UnitreeG1PlaceAppleInBowl-v1,3,avg_success,34994176,0.18
5937,WarpSAC-L,UnitreeG1PlaceAppleInBowl-v1,3,avg_success,37493760,0.2
5938,WarpSAC-L,UnitreeG1PlaceAppleInBowl-v1,3,avg_success,39993344,0.54
5939,WarpSAC-L,UnitreeG1PlaceAppleInBowl-v1,3,avg_success,42492928,0.2
5940,WarpSAC-L,UnitreeG1PlaceAppleInBowl-v1,3,avg_success,44992512,0.2
5941,WarpSAC-L,UnitreeG1PlaceAppleInBowl-v1,3,avg_success,47492096,0.32
5942,WarpSAC-L,UnitreeG1PlaceAppleInBowl-v1,3,avg_success,49991680,0.16
5943,WarpSAC-L,UnitreeG1PlaceAppleInBowl-v1,3,avg_success,50000896,0.28
5944,WarpSAC-L,UnitreeG1PlaceAppleInBowl-v1,4,avg_return,0,0.2623
5945,WarpSAC-L,UnitreeG1PlaceAppleInBowl-v1,4,avg_return,2499584,8.2403
5946,WarpSAC-L,UnitreeG1PlaceAppleInBowl-v1,4,avg_return,4999168,2.4178
5947,WarpSAC-L,UnitreeG1PlaceAppleInBowl-v1,4,avg_return,7498752,3.7423
5948,WarpSAC-L,UnitreeG1PlaceAppleInBowl-v1,4,avg_return,9998336,5.0294
5949,WarpSAC-L,UnitreeG1PlaceAppleInBowl-v1,4,avg_return,12497920,3.9841
5950,WarpSAC-L,UnitreeG1PlaceAppleInBowl-v1,4,avg_return,14997504,3.1369
5951,WarpSAC-L,UnitreeG1PlaceAppleInBowl-v1,4,avg_return,17497088,3.4616
5952,WarpSAC-L,UnitreeG1PlaceAppleInBowl-v1,4,avg_return,19996672,4.812
5953,WarpSAC-L,UnitreeG1PlaceAppleInBowl-v1,4,avg_return,22496256,5.3262
5954,WarpSAC-L,UnitreeG1PlaceAppleInBowl-v1,4,avg_return,24995840,16.2135
5955,WarpSAC-L,UnitreeG1PlaceAppleInBowl-v1,4,avg_return,27495424,18.7619
5956,WarpSAC-L,UnitreeG1PlaceAppleInBowl-v1,4,avg_return,29995008,18.9243
5957,WarpSAC-L,UnitreeG1PlaceAppleInBowl-v1,4,avg_return,32494592,20.1814
5958,WarpSAC-L,UnitreeG1PlaceAppleInBowl-v1,4,avg_return,34994176,17.2949
5959,WarpSAC-L,UnitreeG1PlaceAppleInBowl-v1,4,avg_return,37493760,48.7772
5960,WarpSAC-L,UnitreeG1PlaceAppleInBowl-v1,4,avg_return,39993344,50.2528
5961,WarpSAC-L,UnitreeG1PlaceAppleInBowl-v1,4,avg_return,42492928,59.3853
5962,WarpSAC-L,UnitreeG1PlaceAppleInBowl-v1,4,avg_return,44992512,53.785
5963,WarpSAC-L,UnitreeG1PlaceAppleInBowl-v1,4,avg_return,47492096,62.5207
5964,WarpSAC-L,UnitreeG1PlaceAppleInBowl-v1,4,avg_return,49991680,58.3266
5965,WarpSAC-L,UnitreeG1PlaceAppleInBowl-v1,4,avg_return,50000896,64.7147
5966,WarpSAC-L,UnitreeG1PlaceAppleInBowl-v1,4,avg_success,0,0.0
5967,WarpSAC-L,UnitreeG1PlaceAppleInBowl-v1,4,avg_success,2499584,0.0
5968,WarpSAC-L,UnitreeG1PlaceAppleInBowl-v1,4,avg_success,4999168,0.0
5969,WarpSAC-L,UnitreeG1PlaceAppleInBowl-v1,4,avg_success,7498752,0.0
5970,WarpSAC-L,UnitreeG1PlaceAppleInBowl-v1,4,avg_success,9998336,0.0
5971,WarpSAC-L,UnitreeG1PlaceAppleInBowl-v1,4,avg_success,12497920,0.0
5972,WarpSAC-L,UnitreeG1PlaceAppleInBowl-v1,4,avg_success,14997504,0.0
5973,WarpSAC-L,UnitreeG1PlaceAppleInBowl-v1,4,avg_success,17497088,0.0
5974,WarpSAC-L,UnitreeG1PlaceAppleInBowl-v1,4,avg_success,19996672,0.0
5975,WarpSAC-L,UnitreeG1PlaceAppleInBowl-v1,4,avg_success,22496256,0.0
5976,WarpSAC-L,UnitreeG1PlaceAppleInBowl-v1,4,avg_success,24995840,0.0
5977,WarpSAC-L,UnitreeG1PlaceAppleInBowl-v1,4,avg_success,27495424,0.0
5978,WarpSAC-L,UnitreeG1PlaceAppleInBowl-v1,4,avg_success,29995008,0.0
5979,WarpSAC-L,UnitreeG1PlaceAppleInBowl-v1,4,avg_success,32494592,0.0
5980,WarpSAC-L,UnitreeG1PlaceAppleInBowl-v1,4,avg_success,34994176,0.0
5981,WarpSAC-L,UnitreeG1PlaceAppleInBowl-v1,4,avg_success,37493760,0.54
5982,WarpSAC-L,UnitreeG1PlaceAppleInBowl-v1,4,avg_success,39993344,0.14
5983,WarpSAC-L,UnitreeG1PlaceAppleInBowl-v1,4,avg_success,42492928,0.54
5984,WarpSAC-L,UnitreeG1PlaceAppleInBowl-v1,4,avg_success,44992512,0.22
5985,WarpSAC-L,UnitreeG1PlaceAppleInBowl-v1,4,avg_success,47492096,0.76
5986,WarpSAC-L,UnitreeG1PlaceAppleInBowl-v1,4,avg_success,49991680,0.4
5987,WarpSAC-L,UnitreeG1PlaceAppleInBowl-v1,4,avg_success,50000896,0.58
5988,WarpSAC-L,UnitreeG1PlaceAppleInBowl-v1,5,avg_return,0,1.4157
5989,WarpSAC-L,UnitreeG1PlaceAppleInBowl-v1,5,avg_return,2499584,8.3123
5990,WarpSAC-L,UnitreeG1PlaceAppleInBowl-v1,5,avg_return,4999168,16.0413
5991,WarpSAC-L,UnitreeG1PlaceAppleInBowl-v1,5,avg_return,7498752,18.705
5992,WarpSAC-L,UnitreeG1PlaceAppleInBowl-v1,5,avg_return,9998336,20.0885
5993,WarpSAC-L,UnitreeG1PlaceAppleInBowl-v1,5,avg_return,12497920,23.3428
5994,WarpSAC-L,UnitreeG1PlaceAppleInBowl-v1,5,avg_return,14997504,59.981
5995,WarpSAC-L,UnitreeG1PlaceAppleInBowl-v1,5,avg_return,17497088,58.5254
5996,WarpSAC-L,UnitreeG1PlaceAppleInBowl-v1,5,avg_return,19996672,53.2499
5997,WarpSAC-L,UnitreeG1PlaceAppleInBowl-v1,5,avg_return,22496256,57.6512
5998,WarpSAC-L,UnitreeG1PlaceAppleInBowl-v1,5,avg_return,24995840,54.8439
5999,WarpSAC-L,UnitreeG1PlaceAppleInBowl-v1,5,avg_return,27495424,56.4794
6000,WarpSAC-L,UnitreeG1PlaceAppleInBowl-v1,5,avg_return,29995008,53.1916
6001,WarpSAC-L,UnitreeG1PlaceAppleInBowl-v1,5,avg_return,32494592,54.3286
6002,WarpSAC-L,UnitreeG1PlaceAppleInBowl-v1,5,avg_return,34994176,58.6066
6003,WarpSAC-L,UnitreeG1PlaceAppleInBowl-v1,5,avg_return,37493760,63.2366
6004,WarpSAC-L,UnitreeG1PlaceAppleInBowl-v1,5,avg_return,39993344,53.7109
6005,WarpSAC-L,UnitreeG1PlaceAppleInBowl-v1,5,avg_return,42492928,53.4899
6006,WarpSAC-L,UnitreeG1PlaceAppleInBowl-v1,5,avg_return,44992512,55.0424
6007,WarpSAC-L,UnitreeG1PlaceAppleInBowl-v1,5,avg_return,47492096,56.5604
6008,WarpSAC-L,UnitreeG1PlaceAppleInBowl-v1,5,avg_return,49991680,17.991
6009,WarpSAC-L,UnitreeG1PlaceAppleInBowl-v1,5,avg_return,50000896,3.3848
6010,WarpSAC-L,UnitreeG1PlaceAppleInBowl-v1,5,avg_success,0,0.0
6011,WarpSAC-L,UnitreeG1PlaceAppleInBowl-v1,5,avg_success,2499584,0.0
6012,WarpSAC-L,UnitreeG1PlaceAppleInBowl-v1,5,avg_success,4999168,0.0
6013,WarpSAC-L,UnitreeG1PlaceAppleInBowl-v1,5,avg_success,7498752,0.0
6014,WarpSAC-L,UnitreeG1PlaceAppleInBowl-v1,5,avg_success,9998336,0.0
6015,WarpSAC-L,UnitreeG1PlaceAppleInBowl-v1,5,avg_success,12497920,0.02
6016,WarpSAC-L,UnitreeG1PlaceAppleInBowl-v1,5,avg_success,14997504,0.72
6017,WarpSAC-L,UnitreeG1PlaceAppleInBowl-v1,5,avg_success,17497088,0.48
6018,WarpSAC-L,UnitreeG1PlaceAppleInBowl-v1,5,avg_success,19996672,0.74
6019,WarpSAC-L,UnitreeG1PlaceAppleInBowl-v1,5,avg_success,22496256,0.64
6020,WarpSAC-L,UnitreeG1PlaceAppleInBowl-v1,5,avg_success,24995840,0.66
6021,WarpSAC-L,UnitreeG1PlaceAppleInBowl-v1,5,avg_success,27495424,0.2
6022,WarpSAC-L,UnitreeG1PlaceAppleInBowl-v1,5,avg_success,29995008,0.06
6023,WarpSAC-L,UnitreeG1PlaceAppleInBowl-v1,5,avg_success,32494592,0.04
6024,WarpSAC-L,UnitreeG1PlaceAppleInBowl-v1,5,avg_success,34994176,0.42
6025,WarpSAC-L,UnitreeG1PlaceAppleInBowl-v1,5,avg_success,37493760,0.52
6026,WarpSAC-L,UnitreeG1PlaceAppleInBowl-v1,5,avg_success,39993344,0.0
6027,WarpSAC-L,UnitreeG1PlaceAppleInBowl-v1,5,avg_success,42492928,0.0
6028,WarpSAC-L,UnitreeG1PlaceAppleInBowl-v1,5,avg_success,44992512,0.34
6029,WarpSAC-L,UnitreeG1PlaceAppleInBowl-v1,5,avg_success,47492096,0.32
6030,WarpSAC-L,UnitreeG1PlaceAppleInBowl-v1,5,avg_success,49991680,0.28
6031,WarpSAC-L,UnitreeG1PlaceAppleInBowl-v1,5,avg_success,50000896,0.02
6032,WarpSAC-L,UnitreeG1TransportBox-v1,1,avg_return,0,8.9381
6033,WarpSAC-L,UnitreeG1TransportBox-v1,1,avg_return,2499584,32.4753
6034,WarpSAC-L,UnitreeG1TransportBox-v1,1,avg_return,4999168,38.9557
6035,WarpSAC-L,UnitreeG1TransportBox-v1,1,avg_return,7498752,42.1112
6036,WarpSAC-L,UnitreeG1TransportBox-v1,1,avg_return,9998336,44.2962
6037,WarpSAC-L,UnitreeG1TransportBox-v1,1,avg_return,12497920,47.7016
6038,WarpSAC-L,UnitreeG1TransportBox-v1,1,avg_return,14997504,51.4238
6039,WarpSAC-L,UnitreeG1TransportBox-v1,1,avg_return,17497088,51.3154
6040,WarpSAC-L,UnitreeG1TransportBox-v1,1,avg_return,19996672,48.3097
6041,WarpSAC-L,UnitreeG1TransportBox-v1,1,avg_return,22496256,53.3422
6042,WarpSAC-L,UnitreeG1TransportBox-v1,1,avg_return,24995840,44.6913
6043,WarpSAC-L,UnitreeG1TransportBox-v1,1,avg_return,27495424,40.0744
6044,WarpSAC-L,UnitreeG1TransportBox-v1,1,avg_return,29995008,52.0879
6045,WarpSAC-L,UnitreeG1TransportBox-v1,1,avg_return,32494592,51.4463
6046,WarpSAC-L,UnitreeG1TransportBox-v1,1,avg_return,34994176,51.8072
6047,WarpSAC-L,UnitreeG1TransportBox-v1,1,avg_return,37493760,53.273
6048,WarpSAC-L,UnitreeG1TransportBox-v1,1,avg_return,39993344,52.0619
6049,WarpSAC-L,UnitreeG1TransportBox-v1,1,avg_return,42492928,52.4091
6050,WarpSAC-L,UnitreeG1TransportBox-v1,1,avg_return,44992512,51.4633
6051,WarpSAC-L,UnitreeG1TransportBox-v1,1,avg_return,47492096,45.1314
6052,WarpSAC-L,UnitreeG1TransportBox-v1,1,avg_return,49991680,52.9804
6053,WarpSAC-L,UnitreeG1TransportBox-v1,1,avg_return,50000896,54.0832
6054,WarpSAC-L,UnitreeG1TransportBox-v1,1,avg_success,0,0.0
6055,WarpSAC-L,UnitreeG1TransportBox-v1,1,avg_success,2499584,0.0
6056,WarpSAC-L,UnitreeG1TransportBox-v1,1,avg_success,4999168,0.0
6057,WarpSAC-L,UnitreeG1TransportBox-v1,1,avg_success,7498752,0.0
6058,WarpSAC-L,UnitreeG1TransportBox-v1,1,avg_success,9998336,0.0
6059,WarpSAC-L,UnitreeG1TransportBox-v1,1,avg_success,12497920,0.0
6060,WarpSAC-L,UnitreeG1TransportBox-v1,1,avg_success,14997504,0.0
6061,WarpSAC-L,UnitreeG1TransportBox-v1,1,avg_success,17497088,0.0
6062,WarpSAC-L,UnitreeG1TransportBox-v1,1,avg_success,19996672,0.0
6063,WarpSAC-L,UnitreeG1TransportBox-v1,1,avg_success,22496256,0.0
6064,WarpSAC-L,UnitreeG1TransportBox-v1,1,avg_success,24995840,0.0
6065,WarpSAC-L,UnitreeG1TransportBox-v1,1,avg_success,27495424,0.0
6066,WarpSAC-L,UnitreeG1TransportBox-v1,1,avg_success,29995008,0.0
6067,WarpSAC-L,UnitreeG1TransportBox-v1,1,avg_success,32494592,0.0
6068,WarpSAC-L,UnitreeG1TransportBox-v1,1,avg_success,34994176,0.0
6069,WarpSAC-L,UnitreeG1TransportBox-v1,1,avg_success,37493760,0.0
6070,WarpSAC-L,UnitreeG1TransportBox-v1,1,avg_success,39993344,0.0
6071,WarpSAC-L,UnitreeG1TransportBox-v1,1,avg_success,42492928,0.0
6072,WarpSAC-L,UnitreeG1TransportBox-v1,1,avg_success,44992512,0.0
6073,WarpSAC-L,UnitreeG1TransportBox-v1,1,avg_success,47492096,0.0
6074,WarpSAC-L,UnitreeG1TransportBox-v1,1,avg_success,49991680,0.0
6075,WarpSAC-L,UnitreeG1TransportBox-v1,1,avg_success,50000896,0.0
6076,WarpSAC-L,UnitreeG1TransportBox-v1,2,avg_return,0,1.1348
6077,WarpSAC-L,UnitreeG1TransportBox-v1,2,avg_return,2499584,36.5678
6078,WarpSAC-L,UnitreeG1TransportBox-v1,2,avg_return,4999168,37.9207
6079,WarpSAC-L,UnitreeG1TransportBox-v1,2,avg_return,7498752,42.3849
6080,WarpSAC-L,UnitreeG1TransportBox-v1,2,avg_return,9998336,43.027
6081,WarpSAC-L,UnitreeG1TransportBox-v1,2,avg_return,12497920,39.2076
6082,WarpSAC-L,UnitreeG1TransportBox-v1,2,avg_return,14997504,48.9357
6083,WarpSAC-L,UnitreeG1TransportBox-v1,2,avg_return,17497088,49.8371
6084,WarpSAC-L,UnitreeG1TransportBox-v1,2,avg_return,19996672,50.1517
6085,WarpSAC-L,UnitreeG1TransportBox-v1,2,avg_return,22496256,53.6213
6086,WarpSAC-L,UnitreeG1TransportBox-v1,2,avg_return,24995840,51.9071
6087,WarpSAC-L,UnitreeG1TransportBox-v1,2,avg_return,27495424,53.1802
6088,WarpSAC-L,UnitreeG1TransportBox-v1,2,avg_return,29995008,53.1675
6089,WarpSAC-L,UnitreeG1TransportBox-v1,2,avg_return,32494592,53.8603
6090,WarpSAC-L,UnitreeG1TransportBox-v1,2,avg_return,34994176,52.1812
6091,WarpSAC-L,UnitreeG1TransportBox-v1,2,avg_return,37493760,54.2491
6092,WarpSAC-L,UnitreeG1TransportBox-v1,2,avg_return,39993344,53.4318
6093,WarpSAC-L,UnitreeG1TransportBox-v1,2,avg_return,42492928,53.3713
6094,WarpSAC-L,UnitreeG1TransportBox-v1,2,avg_return,44992512,47.2544
6095,WarpSAC-L,UnitreeG1TransportBox-v1,2,avg_return,47492096,49.8958
6096,WarpSAC-L,UnitreeG1TransportBox-v1,2,avg_return,49991680,51.1772
6097,WarpSAC-L,UnitreeG1TransportBox-v1,2,avg_return,50000896,53.6001
6098,WarpSAC-L,UnitreeG1TransportBox-v1,2,avg_success,0,0.0
6099,WarpSAC-L,UnitreeG1TransportBox-v1,2,avg_success,2499584,0.0
6100,WarpSAC-L,UnitreeG1TransportBox-v1,2,avg_success,4999168,0.0
6101,WarpSAC-L,UnitreeG1TransportBox-v1,2,avg_success,7498752,0.0
6102,WarpSAC-L,UnitreeG1TransportBox-v1,2,avg_success,9998336,0.0
6103,WarpSAC-L,UnitreeG1TransportBox-v1,2,avg_success,12497920,0.0
6104,WarpSAC-L,UnitreeG1TransportBox-v1,2,avg_success,14997504,0.0
6105,WarpSAC-L,UnitreeG1TransportBox-v1,2,avg_success,17497088,0.0
6106,WarpSAC-L,UnitreeG1TransportBox-v1,2,avg_success,19996672,0.0
6107,WarpSAC-L,UnitreeG1TransportBox-v1,2,avg_success,22496256,0.0
6108,WarpSAC-L,UnitreeG1TransportBox-v1,2,avg_success,24995840,0.0
6109,WarpSAC-L,UnitreeG1TransportBox-v1,2,avg_success,27495424,0.0
6110,WarpSAC-L,UnitreeG1TransportBox-v1,2,avg_success,29995008,0.0
6111,WarpSAC-L,UnitreeG1TransportBox-v1,2,avg_success,32494592,0.0
6112,WarpSAC-L,UnitreeG1TransportBox-v1,2,avg_success,34994176,0.0
6113,WarpSAC-L,UnitreeG1TransportBox-v1,2,avg_success,37493760,0.0
6114,WarpSAC-L,UnitreeG1TransportBox-v1,2,avg_success,39993344,0.0
6115,WarpSAC-L,UnitreeG1TransportBox-v1,2,avg_success,42492928,0.0
6116,WarpSAC-L,UnitreeG1TransportBox-v1,2,avg_success,44992512,0.0
6117,WarpSAC-L,UnitreeG1TransportBox-v1,2,avg_success,47492096,0.0
6118,WarpSAC-L,UnitreeG1TransportBox-v1,2,avg_success,49991680,0.0
6119,WarpSAC-L,UnitreeG1TransportBox-v1,2,avg_success,50000896,0.0
6120,WarpSAC-L,UnitreeG1TransportBox-v1,3,avg_return,0,1.2115
6121,WarpSAC-L,UnitreeG1TransportBox-v1,3,avg_return,2499584,32.7939
6122,WarpSAC-L,UnitreeG1TransportBox-v1,3,avg_return,4999168,39.0358
6123,WarpSAC-L,UnitreeG1TransportBox-v1,3,avg_return,7498752,42.1066
6124,WarpSAC-L,UnitreeG1TransportBox-v1,3,avg_return,9998336,43.6044
6125,WarpSAC-L,UnitreeG1TransportBox-v1,3,avg_return,12497920,46.1531
6126,WarpSAC-L,UnitreeG1TransportBox-v1,3,avg_return,14997504,49.7655
6127,WarpSAC-L,UnitreeG1TransportBox-v1,3,avg_return,17497088,45.7833
6128,WarpSAC-L,UnitreeG1TransportBox-v1,3,avg_return,19996672,52.341
6129,WarpSAC-L,UnitreeG1TransportBox-v1,3,avg_return,22496256,52.5629
6130,WarpSAC-L,UnitreeG1TransportBox-v1,3,avg_return,24995840,53.5905
6131,WarpSAC-L,UnitreeG1TransportBox-v1,3,avg_return,27495424,53.2197
6132,WarpSAC-L,UnitreeG1TransportBox-v1,3,avg_return,29995008,53.7624
6133,WarpSAC-L,UnitreeG1TransportBox-v1,3,avg_return,32494592,50.0954
6134,WarpSAC-L,UnitreeG1TransportBox-v1,3,avg_return,34994176,52.9358
6135,WarpSAC-L,UnitreeG1TransportBox-v1,3,avg_return,37493760,52.9242
6136,WarpSAC-L,UnitreeG1TransportBox-v1,3,avg_return,39993344,50.2155
6137,WarpSAC-L,UnitreeG1TransportBox-v1,3,avg_return,42492928,53.0761
6138,WarpSAC-L,UnitreeG1TransportBox-v1,3,avg_return,44992512,53.8061
6139,WarpSAC-L,UnitreeG1TransportBox-v1,3,avg_return,47492096,50.2143
6140,WarpSAC-L,UnitreeG1TransportBox-v1,3,avg_return,49991680,52.7109
6141,WarpSAC-L,UnitreeG1TransportBox-v1,3,avg_return,50000896,54.1742
6142,WarpSAC-L,UnitreeG1TransportBox-v1,3,avg_success,0,0.0
6143,WarpSAC-L,UnitreeG1TransportBox-v1,3,avg_success,2499584,0.0
6144,WarpSAC-L,UnitreeG1TransportBox-v1,3,avg_success,4999168,0.0
6145,WarpSAC-L,UnitreeG1TransportBox-v1,3,avg_success,7498752,0.0
6146,WarpSAC-L,UnitreeG1TransportBox-v1,3,avg_success,9998336,0.0
6147,WarpSAC-L,UnitreeG1TransportBox-v1,3,avg_success,12497920,0.0
6148,WarpSAC-L,UnitreeG1TransportBox-v1,3,avg_success,14997504,0.0
6149,WarpSAC-L,UnitreeG1TransportBox-v1,3,avg_success,17497088,0.0
6150,WarpSAC-L,UnitreeG1TransportBox-v1,3,avg_success,19996672,0.0
6151,WarpSAC-L,UnitreeG1TransportBox-v1,3,avg_success,22496256,0.0
6152,WarpSAC-L,UnitreeG1TransportBox-v1,3,avg_success,24995840,0.0
6153,WarpSAC-L,UnitreeG1TransportBox-v1,3,avg_success,27495424,0.0
6154,WarpSAC-L,UnitreeG1TransportBox-v1,3,avg_success,29995008,0.0
6155,WarpSAC-L,UnitreeG1TransportBox-v1,3,avg_success,32494592,0.0
6156,WarpSAC-L,UnitreeG1TransportBox-v1,3,avg_success,34994176,0.0
6157,WarpSAC-L,UnitreeG1TransportBox-v1,3,avg_success,37493760,0.0
6158,WarpSAC-L,UnitreeG1TransportBox-v1,3,avg_success,39993344,0.0
6159,WarpSAC-L,UnitreeG1TransportBox-v1,3,avg_success,42492928,0.0
6160,WarpSAC-L,UnitreeG1TransportBox-v1,3,avg_success,44992512,0.0
6161,WarpSAC-L,UnitreeG1TransportBox-v1,3,avg_success,47492096,0.0
6162,WarpSAC-L,UnitreeG1TransportBox-v1,3,avg_success,49991680,0.0
6163,WarpSAC-L,UnitreeG1TransportBox-v1,3,avg_success,50000896,0.0
6164,WarpSAC-L,UnitreeG1TransportBox-v1,4,avg_return,0,0.3177
6165,WarpSAC-L,UnitreeG1TransportBox-v1,4,avg_return,2499584,31.9837
6166,WarpSAC-L,UnitreeG1TransportBox-v1,4,avg_return,4999168,38.0039
6167,WarpSAC-L,UnitreeG1TransportBox-v1,4,avg_return,7498752,41.0079
6168,WarpSAC-L,UnitreeG1TransportBox-v1,4,avg_return,9998336,44.9736
6169,WarpSAC-L,UnitreeG1TransportBox-v1,4,avg_return,12497920,44.2826
6170,WarpSAC-L,UnitreeG1TransportBox-v1,4,avg_return,14997504,43.0134
6171,WarpSAC-L,UnitreeG1TransportBox-v1,4,avg_return,17497088,51.1995
6172,WarpSAC-L,UnitreeG1TransportBox-v1,4,avg_return,19996672,53.6645
6173,WarpSAC-L,UnitreeG1TransportBox-v1,4,avg_return,22496256,48.4667
6174,WarpSAC-L,UnitreeG1TransportBox-v1,4,avg_return,24995840,54.0051
6175,WarpSAC-L,UnitreeG1TransportBox-v1,4,avg_return,27495424,48.2232
6176,WarpSAC-L,UnitreeG1TransportBox-v1,4,avg_return,29995008,54.0377
6177,WarpSAC-L,UnitreeG1TransportBox-v1,4,avg_return,32494592,53.6191
6178,WarpSAC-L,UnitreeG1TransportBox-v1,4,avg_return,34994176,54.0349
6179,WarpSAC-L,UnitreeG1TransportBox-v1,4,avg_return,37493760,48.7727
6180,WarpSAC-L,UnitreeG1TransportBox-v1,4,avg_return,39993344,53.9393
6181,WarpSAC-L,UnitreeG1TransportBox-v1,4,avg_return,42492928,54.0496
6182,WarpSAC-L,UnitreeG1TransportBox-v1,4,avg_return,44992512,52.9131
6183,WarpSAC-L,UnitreeG1TransportBox-v1,4,avg_return,47492096,53.5139
6184,WarpSAC-L,UnitreeG1TransportBox-v1,4,avg_return,49991680,51.48
6185,WarpSAC-L,UnitreeG1TransportBox-v1,4,avg_return,50000896,53.9877
6186,WarpSAC-L,UnitreeG1TransportBox-v1,4,avg_success,0,0.0
6187,WarpSAC-L,UnitreeG1TransportBox-v1,4,avg_success,2499584,0.0
6188,WarpSAC-L,UnitreeG1TransportBox-v1,4,avg_success,4999168,0.0
6189,WarpSAC-L,UnitreeG1TransportBox-v1,4,avg_success,7498752,0.0
6190,WarpSAC-L,UnitreeG1TransportBox-v1,4,avg_success,9998336,0.0
6191,WarpSAC-L,UnitreeG1TransportBox-v1,4,avg_success,12497920,0.0
6192,WarpSAC-L,UnitreeG1TransportBox-v1,4,avg_success,14997504,0.0
6193,WarpSAC-L,UnitreeG1TransportBox-v1,4,avg_success,17497088,0.0
6194,WarpSAC-L,UnitreeG1TransportBox-v1,4,avg_success,19996672,0.0
6195,WarpSAC-L,UnitreeG1TransportBox-v1,4,avg_success,22496256,0.0
6196,WarpSAC-L,UnitreeG1TransportBox-v1,4,avg_success,24995840,0.0
6197,WarpSAC-L,UnitreeG1TransportBox-v1,4,avg_success,27495424,0.0
6198,WarpSAC-L,UnitreeG1TransportBox-v1,4,avg_success,29995008,0.0
6199,WarpSAC-L,UnitreeG1TransportBox-v1,4,avg_success,32494592,0.0
6200,WarpSAC-L,UnitreeG1TransportBox-v1,4,avg_success,34994176,0.0
6201,WarpSAC-L,UnitreeG1TransportBox-v1,4,avg_success,37493760,0.0
6202,WarpSAC-L,UnitreeG1TransportBox-v1,4,avg_success,39993344,0.0
6203,WarpSAC-L,UnitreeG1TransportBox-v1,4,avg_success,42492928,0.0
6204,WarpSAC-L,UnitreeG1TransportBox-v1,4,avg_success,44992512,0.0
6205,WarpSAC-L,UnitreeG1TransportBox-v1,4,avg_success,47492096,0.0
6206,WarpSAC-L,UnitreeG1TransportBox-v1,4,avg_success,49991680,0.0
6207,WarpSAC-L,UnitreeG1TransportBox-v1,4,avg_success,50000896,0.0
6208,WarpSAC-L,UnitreeG1TransportBox-v1,5,avg_return,0,4.0646
6209,WarpSAC-L,UnitreeG1TransportBox-v1,5,avg_return,2499584,34.895
6210,WarpSAC-L,UnitreeG1TransportBox-v1,5,avg_return,4999168,40.1804
6211,WarpSAC-L,UnitreeG1TransportBox-v1,5,avg_return,7498752,41.6656
6212,WarpSAC-L,UnitreeG1TransportBox-v1,5,avg_return,9998336,45.6837
6213,WarpSAC-L,UnitreeG1TransportBox-v1,5,avg_return,12497920,47.217
6214,WarpSAC-L,UnitreeG1TransportBox-v1,5,avg_return,14997504,49.571
6215,WarpSAC-L,UnitreeG1TransportBox-v1,5,avg_return,17497088,48.3392
6216,WarpSAC-L,UnitreeG1TransportBox-v1,5,avg_return,19996672,53.8184
6217,WarpSAC-L,UnitreeG1TransportBox-v1,5,avg_return,22496256,52.7521
6218,WarpSAC-L,UnitreeG1TransportBox-v1,5,avg_return,24995840,52.5858
6219,WarpSAC-L,UnitreeG1TransportBox-v1,5,avg_return,27495424,52.1231
6220,WarpSAC-L,UnitreeG1TransportBox-v1,5,avg_return,29995008,51.1912
6221,WarpSAC-L,UnitreeG1TransportBox-v1,5,avg_return,32494592,52.8893
6222,WarpSAC-L,UnitreeG1TransportBox-v1,5,avg_return,34994176,52.3947
6223,WarpSAC-L,UnitreeG1TransportBox-v1,5,avg_return,37493760,52.4607
6224,WarpSAC-L,UnitreeG1TransportBox-v1,5,avg_return,39993344,48.0721
6225,WarpSAC-L,UnitreeG1TransportBox-v1,5,avg_return,42492928,53.9837
6226,WarpSAC-L,UnitreeG1TransportBox-v1,5,avg_return,44992512,53.9891
6227,WarpSAC-L,UnitreeG1TransportBox-v1,5,avg_return,47492096,51.5521
6228,WarpSAC-L,UnitreeG1TransportBox-v1,5,avg_return,49991680,53.9836
6229,WarpSAC-L,UnitreeG1TransportBox-v1,5,avg_return,50000896,54.0366
6230,WarpSAC-L,UnitreeG1TransportBox-v1,5,avg_success,0,0.0
6231,WarpSAC-L,UnitreeG1TransportBox-v1,5,avg_success,2499584,0.0
6232,WarpSAC-L,UnitreeG1TransportBox-v1,5,avg_success,4999168,0.0
6233,WarpSAC-L,UnitreeG1TransportBox-v1,5,avg_success,7498752,0.0
6234,WarpSAC-L,UnitreeG1TransportBox-v1,5,avg_success,9998336,0.0
6235,WarpSAC-L,UnitreeG1TransportBox-v1,5,avg_success,12497920,0.0
6236,WarpSAC-L,UnitreeG1TransportBox-v1,5,avg_success,14997504,0.0
6237,WarpSAC-L,UnitreeG1TransportBox-v1,5,avg_success,17497088,0.0
6238,WarpSAC-L,UnitreeG1TransportBox-v1,5,avg_success,19996672,0.0
6239,WarpSAC-L,UnitreeG1TransportBox-v1,5,avg_success,22496256,0.0
6240,WarpSAC-L,UnitreeG1TransportBox-v1,5,avg_success,24995840,0.0
6241,WarpSAC-L,UnitreeG1TransportBox-v1,5,avg_success,27495424,0.0
6242,WarpSAC-L,UnitreeG1TransportBox-v1,5,avg_success,29995008,0.0
6243,WarpSAC-L,UnitreeG1TransportBox-v1,5,avg_success,32494592,0.0
6244,WarpSAC-L,UnitreeG1TransportBox-v1,5,avg_success,34994176,0.0
6245,WarpSAC-L,UnitreeG1TransportBox-v1,5,avg_success,37493760,0.0
6246,WarpSAC-L,UnitreeG1TransportBox-v1,5,avg_success,39993344,0.0
6247,WarpSAC-L,UnitreeG1TransportBox-v1,5,avg_success,42492928,0.0
6248,WarpSAC-L,UnitreeG1TransportBox-v1,5,avg_success,44992512,0.0
6249,WarpSAC-L,UnitreeG1TransportBox-v1,5,avg_success,47492096,0.0
6250,WarpSAC-L,UnitreeG1TransportBox-v1,5,avg_success,49991680,0.0
6251,WarpSAC-L,UnitreeG1TransportBox-v1,5,avg_success,50000896,0.0
6252,WarpSAC-L,Walker2d-v4,1,avg_return,0,-2.4568
6253,WarpSAC-L,Walker2d-v4,1,avg_return,50000,3772.9068
6254,WarpSAC-L,Walker2d-v4,1,avg_return,100000,1876.5095
6255,WarpSAC-L,Walker2d-v4,1,avg_return,150000,4729.2904
6256,WarpSAC-L,Walker2d-v4,1,avg_return,200000,6865.1703
6257,WarpSAC-L,Walker2d-v4,1,avg_return,250000,6526.7535
6258,WarpSAC-L,Walker2d-v4,1,avg_return,300000,7056.9919
6259,WarpSAC-L,Walker2d-v4,1,avg_return,350000,7295.8694
6260,WarpSAC-L,Walker2d-v4,1,avg_return,400000,7110.7004
6261,WarpSAC-L,Walker2d-v4,1,avg_return,450000,7603.844
6262,WarpSAC-L,Walker2d-v4,1,avg_return,500000,7944.6611
6263,WarpSAC-L,Walker2d-v4,1,avg_return,550000,8068.903
6264,WarpSAC-L,Walker2d-v4,1,avg_return,600000,7913.0102
6265,WarpSAC-L,Walker2d-v4,1,avg_return,650000,8066.6242
6266,WarpSAC-L,Walker2d-v4,1,avg_return,700000,7989.0622
6267,WarpSAC-L,Walker2d-v4,1,avg_return,750000,8170.7404
6268,WarpSAC-L,Walker2d-v4,1,avg_return,800000,8033.4198
6269,WarpSAC-L,Walker2d-v4,1,avg_return,850000,8285.0826
6270,WarpSAC-L,Walker2d-v4,1,avg_return,900000,8358.2652
6271,WarpSAC-L,Walker2d-v4,1,avg_return,950000,8520.196
6272,WarpSAC-L,Walker2d-v4,1,avg_return,1000000,8478.1853
6273,WarpSAC-L,Walker2d-v4,1,avg_success,0,0.0
6274,WarpSAC-L,Walker2d-v4,1,avg_success,50000,0.0
6275,WarpSAC-L,Walker2d-v4,1,avg_success,100000,0.0
6276,WarpSAC-L,Walker2d-v4,1,avg_success,150000,0.0
6277,WarpSAC-L,Walker2d-v4,1,avg_success,200000,0.0
6278,WarpSAC-L,Walker2d-v4,1,avg_success,250000,0.0
6279,WarpSAC-L,Walker2d-v4,1,avg_success,300000,0.0
6280,WarpSAC-L,Walker2d-v4,1,avg_success,350000,0.0
6281,WarpSAC-L,Walker2d-v4,1,avg_success,400000,0.0
6282,WarpSAC-L,Walker2d-v4,1,avg_success,450000,0.0
6283,WarpSAC-L,Walker2d-v4,1,avg_success,500000,0.0
6284,WarpSAC-L,Walker2d-v4,1,avg_success,550000,0.0
6285,WarpSAC-L,Walker2d-v4,1,avg_success,600000,0.0
6286,WarpSAC-L,Walker2d-v4,1,avg_success,650000,0.0
6287,WarpSAC-L,Walker2d-v4,1,avg_success,700000,0.0
6288,WarpSAC-L,Walker2d-v4,1,avg_success,750000,0.0
6289,WarpSAC-L,Walker2d-v4,1,avg_success,800000,0.0
6290,WarpSAC-L,Walker2d-v4,1,avg_success,850000,0.0
6291,WarpSAC-L,Walker2d-v4,1,avg_success,900000,0.0
6292,WarpSAC-L,Walker2d-v4,1,avg_success,950000,0.0
6293,WarpSAC-L,Walker2d-v4,1,avg_success,1000000,0.0
6294,WarpSAC-L,Walker2d-v4,2,avg_return,0,-4.2654
6295,WarpSAC-L,Walker2d-v4,2,avg_return,50000,4036.3777
6296,WarpSAC-L,Walker2d-v4,2,avg_return,100000,5453.6919
6297,WarpSAC-L,Walker2d-v4,2,avg_return,150000,6175.1507
6298,WarpSAC-L,Walker2d-v4,2,avg_return,200000,5134.9039
6299,WarpSAC-L,Walker2d-v4,2,avg_return,250000,6305.1288
6300,WarpSAC-L,Walker2d-v4,2,avg_return,300000,6791.4154
6301,WarpSAC-L,Walker2d-v4,2,avg_return,350000,7135.0424
6302,WarpSAC-L,Walker2d-v4,2,avg_return,400000,6141.7166
6303,WarpSAC-L,Walker2d-v4,2,avg_return,450000,7392.2604
6304,WarpSAC-L,Walker2d-v4,2,avg_return,500000,6093.4888
6305,WarpSAC-L,Walker2d-v4,2,avg_return,550000,7632.864
6306,WarpSAC-L,Walker2d-v4,2,avg_return,600000,7323.9277
6307,WarpSAC-L,Walker2d-v4,2,avg_return,650000,7633.4939
6308,WarpSAC-L,Walker2d-v4,2,avg_return,700000,7684.7255
6309,WarpSAC-L,Walker2d-v4,2,avg_return,750000,7630.7896
6310,WarpSAC-L,Walker2d-v4,2,avg_return,800000,7606.4527
6311,WarpSAC-L,Walker2d-v4,2,avg_return,850000,7628.9271
6312,WarpSAC-L,Walker2d-v4,2,avg_return,900000,7709.5508
6313,WarpSAC-L,Walker2d-v4,2,avg_return,950000,7724.4627
6314,WarpSAC-L,Walker2d-v4,2,avg_return,1000000,7858.531
6315,WarpSAC-L,Walker2d-v4,2,avg_success,0,0.0
6316,WarpSAC-L,Walker2d-v4,2,avg_success,50000,0.0
6317,WarpSAC-L,Walker2d-v4,2,avg_success,100000,0.0
6318,WarpSAC-L,Walker2d-v4,2,avg_success,150000,0.0
6319,WarpSAC-L,Walker2d-v4,2,avg_success,200000,0.0
6320,WarpSAC-L,Walker2d-v4,2,avg_success,250000,0.0
6321,WarpSAC-L,Walker2d-v4,2,avg_success,300000,0.0
6322,WarpSAC-L,Walker2d-v4,2,avg_success,350000,0.0
6323,WarpSAC-L,Walker2d-v4,2,avg_success,400000,0.0
6324,WarpSAC-L,Walker2d-v4,2,avg_success,450000,0.0
6325,WarpSAC-L,Walker2d-v4,2,avg_success,500000,0.0
6326,WarpSAC-L,Walker2d-v4,2,avg_success,550000,0.0
6327,WarpSAC-L,Walker2d-v4,2,avg_success,600000,0.0
6328,WarpSAC-L,Walker2d-v4,2,avg_success,650000,0.0
6329,WarpSAC-L,Walker2d-v4,2,avg_success,700000,0.0
6330,WarpSAC-L,Walker2d-v4,2,avg_success,750000,0.0
6331,WarpSAC-L,Walker2d-v4,2,avg_success,800000,0.0
6332,WarpSAC-L,Walker2d-v4,2,avg_success,850000,0.0
6333,WarpSAC-L,Walker2d-v4,2,avg_success,900000,0.0
6334,WarpSAC-L,Walker2d-v4,2,avg_success,950000,0.0
6335,WarpSAC-L,Walker2d-v4,2,avg_success,1000000,0.0
6336,WarpSAC-L,Walker2d-v4,3,avg_return,0,-2.1123
6337,WarpSAC-L,Walker2d-v4,3,avg_return,50000,1781.1594
6338,WarpSAC-L,Walker2d-v4,3,avg_return,100000,5513.6434
6339,WarpSAC-L,Walker2d-v4,3,avg_return,150000,4743.5545
6340,WarpSAC-L,Walker2d-v4,3,avg_return,200000,4292.7087
6341,WarpSAC-L,Walker2d-v4,3,avg_return,250000,3960.8924
6342,WarpSAC-L,Walker2d-v4,3,avg_return,300000,1565.7295
6343,WarpSAC-L,Walker2d-v4,3,avg_return,350000,4492.679
6344,WarpSAC-L,Walker2d-v4,3,avg_return,400000,5054.232
6345,WarpSAC-L,Walker2d-v4,3,avg_return,450000,5932.6453
6346,WarpSAC-L,Walker2d-v4,3,avg_return,500000,4317.6078
6347,WarpSAC-L,Walker2d-v4,3,avg_return,550000,6022.6214
6348,WarpSAC-L,Walker2d-v4,3,avg_return,600000,5788.173
6349,WarpSAC-L,Walker2d-v4,3,avg_return,650000,5786.3758
6350,WarpSAC-L,Walker2d-v4,3,avg_return,700000,6394.1992
6351,WarpSAC-L,Walker2d-v4,3,avg_return,750000,6257.5873
6352,WarpSAC-L,Walker2d-v4,3,avg_return,800000,6440.1741
6353,WarpSAC-L,Walker2d-v4,3,avg_return,850000,5419.1981
6354,WarpSAC-L,Walker2d-v4,3,avg_return,900000,6432.1132
6355,WarpSAC-L,Walker2d-v4,3,avg_return,950000,677.403
6356,WarpSAC-L,Walker2d-v4,3,avg_return,1000000,6325.3278
6357,WarpSAC-L,Walker2d-v4,3,avg_success,0,0.0
6358,WarpSAC-L,Walker2d-v4,3,avg_success,50000,0.0
6359,WarpSAC-L,Walker2d-v4,3,avg_success,100000,0.0
6360,WarpSAC-L,Walker2d-v4,3,avg_success,150000,0.0
6361,WarpSAC-L,Walker2d-v4,3,avg_success,200000,0.0
6362,WarpSAC-L,Walker2d-v4,3,avg_success,250000,0.0
6363,WarpSAC-L,Walker2d-v4,3,avg_success,300000,0.0
6364,WarpSAC-L,Walker2d-v4,3,avg_success,350000,0.0
6365,WarpSAC-L,Walker2d-v4,3,avg_success,400000,0.0
6366,WarpSAC-L,Walker2d-v4,3,avg_success,450000,0.0
6367,WarpSAC-L,Walker2d-v4,3,avg_success,500000,0.0
6368,WarpSAC-L,Walker2d-v4,3,avg_success,550000,0.0
6369,WarpSAC-L,Walker2d-v4,3,avg_success,600000,0.0
6370,WarpSAC-L,Walker2d-v4,3,avg_success,650000,0.0
6371,WarpSAC-L,Walker2d-v4,3,avg_success,700000,0.0
6372,WarpSAC-L,Walker2d-v4,3,avg_success,750000,0.0
6373,WarpSAC-L,Walker2d-v4,3,avg_success,800000,0.0
6374,WarpSAC-L,Walker2d-v4,3,avg_success,850000,0.0
6375,WarpSAC-L,Walker2d-v4,3,avg_success,900000,0.0
6376,WarpSAC-L,Walker2d-v4,3,avg_success,950000,0.0
6377,WarpSAC-L,Walker2d-v4,3,avg_success,1000000,0.0
6378,WarpSAC-L,Walker2d-v4,4,avg_return,0,-8.2056
6379,WarpSAC-L,Walker2d-v4,4,avg_return,50000,2710.3844
6380,WarpSAC-L,Walker2d-v4,4,avg_return,100000,5125.6384
6381,WarpSAC-L,Walker2d-v4,4,avg_return,150000,942.7916
6382,WarpSAC-L,Walker2d-v4,4,avg_return,200000,5694.2063
6383,WarpSAC-L,Walker2d-v4,4,avg_return,250000,5779.2854
6384,WarpSAC-L,Walker2d-v4,4,avg_return,300000,5839.7447
6385,WarpSAC-L,Walker2d-v4,4,avg_return,350000,5944.8512
6386,WarpSAC-L,Walker2d-v4,4,avg_return,400000,5822.4396
6387,WarpSAC-L,Walker2d-v4,4,avg_return,450000,5934.5616
6388,WarpSAC-L,Walker2d-v4,4,avg_return,500000,6873.6273
6389,WarpSAC-L,Walker2d-v4,4,avg_return,550000,4827.6567
6390,WarpSAC-L,Walker2d-v4,4,avg_return,600000,6893.4598
6391,WarpSAC-L,Walker2d-v4,4,avg_return,650000,6677.8593
6392,WarpSAC-L,Walker2d-v4,4,avg_return,700000,7002.5582
6393,WarpSAC-L,Walker2d-v4,4,avg_return,750000,5189.7924
6394,WarpSAC-L,Walker2d-v4,4,avg_return,800000,7066.1354
6395,WarpSAC-L,Walker2d-v4,4,avg_return,850000,7156.9789
6396,WarpSAC-L,Walker2d-v4,4,avg_return,900000,6848.9474
6397,WarpSAC-L,Walker2d-v4,4,avg_return,950000,4836.806
6398,WarpSAC-L,Walker2d-v4,4,avg_return,1000000,6947.6645
6399,WarpSAC-L,Walker2d-v4,4,avg_success,0,0.0
6400,WarpSAC-L,Walker2d-v4,4,avg_success,50000,0.0
6401,WarpSAC-L,Walker2d-v4,4,avg_success,100000,0.0
6402,WarpSAC-L,Walker2d-v4,4,avg_success,150000,0.0
6403,WarpSAC-L,Walker2d-v4,4,avg_success,200000,0.0
6404,WarpSAC-L,Walker2d-v4,4,avg_success,250000,0.0
6405,WarpSAC-L,Walker2d-v4,4,avg_success,300000,0.0
6406,WarpSAC-L,Walker2d-v4,4,avg_success,350000,0.0
6407,WarpSAC-L,Walker2d-v4,4,avg_success,400000,0.0
6408,WarpSAC-L,Walker2d-v4,4,avg_success,450000,0.0
6409,WarpSAC-L,Walker2d-v4,4,avg_success,500000,0.0
6410,WarpSAC-L,Walker2d-v4,4,avg_success,550000,0.0
6411,WarpSAC-L,Walker2d-v4,4,avg_success,600000,0.0
6412,WarpSAC-L,Walker2d-v4,4,avg_success,650000,0.0
6413,WarpSAC-L,Walker2d-v4,4,avg_success,700000,0.0
6414,WarpSAC-L,Walker2d-v4,4,avg_success,750000,0.0
6415,WarpSAC-L,Walker2d-v4,4,avg_success,800000,0.0
6416,WarpSAC-L,Walker2d-v4,4,avg_success,850000,0.0
6417,WarpSAC-L,Walker2d-v4,4,avg_success,900000,0.0
6418,WarpSAC-L,Walker2d-v4,4,avg_success,950000,0.0
6419,WarpSAC-L,Walker2d-v4,4,avg_success,1000000,0.0
6420,WarpSAC-L,Walker2d-v4,5,avg_return,0,-0.3294
6421,WarpSAC-L,Walker2d-v4,5,avg_return,50000,1265.0057
6422,WarpSAC-L,Walker2d-v4,5,avg_return,100000,3307.8938
6423,WarpSAC-L,Walker2d-v4,5,avg_return,150000,5431.6584
6424,WarpSAC-L,Walker2d-v4,5,avg_return,200000,5730.6142
6425,WarpSAC-L,Walker2d-v4,5,avg_return,250000,5913.7224
6426,WarpSAC-L,Walker2d-v4,5,avg_return,300000,6153.2309
6427,WarpSAC-L,Walker2d-v4,5,avg_return,350000,6349.1771
6428,WarpSAC-L,Walker2d-v4,5,avg_return,400000,5772.1482
6429,WarpSAC-L,Walker2d-v4,5,avg_return,450000,4861.77
6430,WarpSAC-L,Walker2d-v4,5,avg_return,500000,6903.3333
6431,WarpSAC-L,Walker2d-v4,5,avg_return,550000,6123.4524
6432,WarpSAC-L,Walker2d-v4,5,avg_return,600000,6991.7384
6433,WarpSAC-L,Walker2d-v4,5,avg_return,650000,7144.773
6434,WarpSAC-L,Walker2d-v4,5,avg_return,700000,7086.4786
6435,WarpSAC-L,Walker2d-v4,5,avg_return,750000,7250.2083
6436,WarpSAC-L,Walker2d-v4,5,avg_return,800000,7157.6092
6437,WarpSAC-L,Walker2d-v4,5,avg_return,850000,7275.5674
6438,WarpSAC-L,Walker2d-v4,5,avg_return,900000,7105.5809
6439,WarpSAC-L,Walker2d-v4,5,avg_return,950000,7245.921
6440,WarpSAC-L,Walker2d-v4,5,avg_return,1000000,7210.3429
6441,WarpSAC-L,Walker2d-v4,5,avg_success,0,0.0
6442,WarpSAC-L,Walker2d-v4,5,avg_success,50000,0.0
6443,WarpSAC-L,Walker2d-v4,5,avg_success,100000,0.0
6444,WarpSAC-L,Walker2d-v4,5,avg_success,150000,0.0
6445,WarpSAC-L,Walker2d-v4,5,avg_success,200000,0.0
6446,WarpSAC-L,Walker2d-v4,5,avg_success,250000,0.0
6447,WarpSAC-L,Walker2d-v4,5,avg_success,300000,0.0
6448,WarpSAC-L,Walker2d-v4,5,avg_success,350000,0.0
6449,WarpSAC-L,Walker2d-v4,5,avg_success,400000,0.0
6450,WarpSAC-L,Walker2d-v4,5,avg_success,450000,0.0
6451,WarpSAC-L,Walker2d-v4,5,avg_success,500000,0.0
6452,WarpSAC-L,Walker2d-v4,5,avg_success,550000,0.0
6453,WarpSAC-L,Walker2d-v4,5,avg_success,600000,0.0
6454,WarpSAC-L,Walker2d-v4,5,avg_success,650000,0.0
6455,WarpSAC-L,Walker2d-v4,5,avg_success,700000,0.0
6456,WarpSAC-L,Walker2d-v4,5,avg_success,750000,0.0
6457,WarpSAC-L,Walker2d-v4,5,avg_success,800000,0.0
6458,WarpSAC-L,Walker2d-v4,5,avg_success,850000,0.0
6459,WarpSAC-L,Walker2d-v4,5,avg_success,900000,0.0
6460,WarpSAC-L,Walker2d-v4,5,avg_success,950000,0.0
6461,WarpSAC-L,Walker2d-v4,5,avg_success,1000000,0.0
6462,WarpSAC-L,dog-run,1,avg_return,0,4.2739
6463,WarpSAC-L,dog-run,1,avg_return,50000,40.8111
6464,WarpSAC-L,dog-run,1,avg_return,100000,97.6188
6465,WarpSAC-L,dog-run,1,avg_return,150000,138.5051
6466,WarpSAC-L,dog-run,1,avg_return,200000,162.8191
6467,WarpSAC-L,dog-run,1,avg_return,250000,213.5064
6468,WarpSAC-L,dog-run,1,avg_return,300000,249.7565
6469,WarpSAC-L,dog-run,1,avg_return,350000,285.6172
6470,WarpSAC-L,dog-run,1,avg_return,400000,303.4612
6471,WarpSAC-L,dog-run,1,avg_return,450000,342.1449
6472,WarpSAC-L,dog-run,1,avg_return,500000,381.9954
6473,WarpSAC-L,dog-run,1,avg_return,550000,442.8767
6474,WarpSAC-L,dog-run,1,avg_return,600000,420.0392
6475,WarpSAC-L,dog-run,1,avg_return,650000,480.4238
6476,WarpSAC-L,dog-run,1,avg_return,700000,522.8417
6477,WarpSAC-L,dog-run,1,avg_return,750000,569.9432
6478,WarpSAC-L,dog-run,1,avg_return,800000,592.3449
6479,WarpSAC-L,dog-run,1,avg_return,850000,617.9164
6480,WarpSAC-L,dog-run,1,avg_return,900000,710.44
6481,WarpSAC-L,dog-run,1,avg_return,950000,709.416
6482,WarpSAC-L,dog-run,1,avg_return,1000000,743.7899
6483,WarpSAC-L,dog-run,1,avg_success,0,0.0
6484,WarpSAC-L,dog-run,1,avg_success,50000,0.0
6485,WarpSAC-L,dog-run,1,avg_success,100000,0.0
6486,WarpSAC-L,dog-run,1,avg_success,150000,0.0
6487,WarpSAC-L,dog-run,1,avg_success,200000,0.0
6488,WarpSAC-L,dog-run,1,avg_success,250000,0.0
6489,WarpSAC-L,dog-run,1,avg_success,300000,0.0
6490,WarpSAC-L,dog-run,1,avg_success,350000,0.0
6491,WarpSAC-L,dog-run,1,avg_success,400000,0.0
6492,WarpSAC-L,dog-run,1,avg_success,450000,0.0
6493,WarpSAC-L,dog-run,1,avg_success,500000,0.0
6494,WarpSAC-L,dog-run,1,avg_success,550000,0.0
6495,WarpSAC-L,dog-run,1,avg_success,600000,0.0
6496,WarpSAC-L,dog-run,1,avg_success,650000,0.0
6497,WarpSAC-L,dog-run,1,avg_success,700000,0.0
6498,WarpSAC-L,dog-run,1,avg_success,750000,0.0
6499,WarpSAC-L,dog-run,1,avg_success,800000,0.0
6500,WarpSAC-L,dog-run,1,avg_success,850000,0.0
6501,WarpSAC-L,dog-run,1,avg_success,900000,0.0
6502,WarpSAC-L,dog-run,1,avg_success,950000,0.0
6503,WarpSAC-L,dog-run,1,avg_success,1000000,0.0
6504,WarpSAC-L,dog-run,2,avg_return,0,8.4692
6505,WarpSAC-L,dog-run,2,avg_return,50000,64.9617
6506,WarpSAC-L,dog-run,2,avg_return,100000,127.7144
6507,WarpSAC-L,dog-run,2,avg_return,150000,145.5414
6508,WarpSAC-L,dog-run,2,avg_return,200000,178.1545
6509,WarpSAC-L,dog-run,2,avg_return,250000,207.0848
6510,WarpSAC-L,dog-run,2,avg_return,300000,232.8012
6511,WarpSAC-L,dog-run,2,avg_return,350000,254.6042
6512,WarpSAC-L,dog-run,2,avg_return,400000,261.3362
6513,WarpSAC-L,dog-run,2,avg_return,450000,311.55
6514,WarpSAC-L,dog-run,2,avg_return,500000,301.4205
6515,WarpSAC-L,dog-run,2,avg_return,550000,328.1181
6516,WarpSAC-L,dog-run,2,avg_return,600000,344.5815
6517,WarpSAC-L,dog-run,2,avg_return,650000,395.0098
6518,WarpSAC-L,dog-run,2,avg_return,700000,388.9789
6519,WarpSAC-L,dog-run,2,avg_return,750000,430.1231
6520,WarpSAC-L,dog-run,2,avg_return,800000,437.2098
6521,WarpSAC-L,dog-run,2,avg_return,850000,438.1724
6522,WarpSAC-L,dog-run,2,avg_return,900000,473.1175
6523,WarpSAC-L,dog-run,2,avg_return,950000,452.2325
6524,WarpSAC-L,dog-run,2,avg_return,1000000,449.4394
6525,WarpSAC-L,dog-run,2,avg_success,0,0.0
6526,WarpSAC-L,dog-run,2,avg_success,50000,0.0
6527,WarpSAC-L,dog-run,2,avg_success,100000,0.0
6528,WarpSAC-L,dog-run,2,avg_success,150000,0.0
6529,WarpSAC-L,dog-run,2,avg_success,200000,0.0
6530,WarpSAC-L,dog-run,2,avg_success,250000,0.0
6531,WarpSAC-L,dog-run,2,avg_success,300000,0.0
6532,WarpSAC-L,dog-run,2,avg_success,350000,0.0
6533,WarpSAC-L,dog-run,2,avg_success,400000,0.0
6534,WarpSAC-L,dog-run,2,avg_success,450000,0.0
6535,WarpSAC-L,dog-run,2,avg_success,500000,0.0
6536,WarpSAC-L,dog-run,2,avg_success,550000,0.0
6537,WarpSAC-L,dog-run,2,avg_success,600000,0.0
6538,WarpSAC-L,dog-run,2,avg_success,650000,0.0
6539,WarpSAC-L,dog-run,2,avg_success,700000,0.0
6540,WarpSAC-L,dog-run,2,avg_success,750000,0.0
6541,WarpSAC-L,dog-run,2,avg_success,800000,0.0
6542,WarpSAC-L,dog-run,2,avg_success,850000,0.0
6543,WarpSAC-L,dog-run,2,avg_success,900000,0.0
6544,WarpSAC-L,dog-run,2,avg_success,950000,0.0
6545,WarpSAC-L,dog-run,2,avg_success,1000000,0.0
6546,WarpSAC-L,dog-run,3,avg_return,0,5.3773
6547,WarpSAC-L,dog-run,3,avg_return,50000,59.006
6548,WarpSAC-L,dog-run,3,avg_return,100000,114.2406
6549,WarpSAC-L,dog-run,3,avg_return,150000,158.2238
6550,WarpSAC-L,dog-run,3,avg_return,200000,181.2753
6551,WarpSAC-L,dog-run,3,avg_return,250000,210.4968
6552,WarpSAC-L,dog-run,3,avg_return,300000,234.5351
6553,WarpSAC-L,dog-run,3,avg_return,350000,255.6368
6554,WarpSAC-L,dog-run,3,avg_return,400000,284.3
6555,WarpSAC-L,dog-run,3,avg_return,450000,277.2397
6556,WarpSAC-L,dog-run,3,avg_return,500000,354.7346
6557,WarpSAC-L,dog-run,3,avg_return,550000,387.5102
6558,WarpSAC-L,dog-run,3,avg_return,600000,438.4402
6559,WarpSAC-L,dog-run,3,avg_return,650000,469.8651
6560,WarpSAC-L,dog-run,3,avg_return,700000,549.6602
6561,WarpSAC-L,dog-run,3,avg_return,750000,477.9079
6562,WarpSAC-L,dog-run,3,avg_return,800000,571.1698
6563,WarpSAC-L,dog-run,3,avg_return,850000,565.402
6564,WarpSAC-L,dog-run,3,avg_return,900000,637.6901
6565,WarpSAC-L,dog-run,3,avg_return,950000,630.0015
6566,WarpSAC-L,dog-run,3,avg_return,1000000,692.1611
6567,WarpSAC-L,dog-run,3,avg_success,0,0.0
6568,WarpSAC-L,dog-run,3,avg_success,50000,0.0
6569,WarpSAC-L,dog-run,3,avg_success,100000,0.0
6570,WarpSAC-L,dog-run,3,avg_success,150000,0.0
6571,WarpSAC-L,dog-run,3,avg_success,200000,0.0
6572,WarpSAC-L,dog-run,3,avg_success,250000,0.0
6573,WarpSAC-L,dog-run,3,avg_success,300000,0.0
6574,WarpSAC-L,dog-run,3,avg_success,350000,0.0
6575,WarpSAC-L,dog-run,3,avg_success,400000,0.0
6576,WarpSAC-L,dog-run,3,avg_success,450000,0.0
6577,WarpSAC-L,dog-run,3,avg_success,500000,0.0
6578,WarpSAC-L,dog-run,3,avg_success,550000,0.0
6579,WarpSAC-L,dog-run,3,avg_success,600000,0.0
6580,WarpSAC-L,dog-run,3,avg_success,650000,0.0
6581,WarpSAC-L,dog-run,3,avg_success,700000,0.0
6582,WarpSAC-L,dog-run,3,avg_success,750000,0.0
6583,WarpSAC-L,dog-run,3,avg_success,800000,0.0
6584,WarpSAC-L,dog-run,3,avg_success,850000,0.0
6585,WarpSAC-L,dog-run,3,avg_success,900000,0.0
6586,WarpSAC-L,dog-run,3,avg_success,950000,0.0
6587,WarpSAC-L,dog-run,3,avg_success,1000000,0.0
6588,WarpSAC-L,dog-run,4,avg_return,0,5.4083
6589,WarpSAC-L,dog-run,4,avg_return,50000,58.5476
6590,WarpSAC-L,dog-run,4,avg_return,100000,119.7768
6591,WarpSAC-L,dog-run,4,avg_return,150000,149.3408
6592,WarpSAC-L,dog-run,4,avg_return,200000,190.5166
6593,WarpSAC-L,dog-run,4,avg_return,250000,270.8523
6594,WarpSAC-L,dog-run,4,avg_return,300000,322.3969
6595,WarpSAC-L,dog-run,4,avg_return,350000,375.4312
6596,WarpSAC-L,dog-run,4,avg_return,400000,381.5701
6597,WarpSAC-L,dog-run,4,avg_return,450000,459.5796
6598,WarpSAC-L,dog-run,4,avg_return,500000,468.5817
6599,WarpSAC-L,dog-run,4,avg_return,550000,523.0769
6600,WarpSAC-L,dog-run,4,avg_return,600000,546.9155
6601,WarpSAC-L,dog-run,4,avg_return,650000,579.4014
6602,WarpSAC-L,dog-run,4,avg_return,700000,623.2933
6603,WarpSAC-L,dog-run,4,avg_return,750000,655.0829
6604,WarpSAC-L,dog-run,4,avg_return,800000,651.3888
6605,WarpSAC-L,dog-run,4,avg_return,850000,652.2286
6606,WarpSAC-L,dog-run,4,avg_return,900000,712.9777
6607,WarpSAC-L,dog-run,4,avg_return,950000,710.6974
6608,WarpSAC-L,dog-run,4,avg_return,1000000,731.0203
6609,WarpSAC-L,dog-run,4,avg_success,0,0.0
6610,WarpSAC-L,dog-run,4,avg_success,50000,0.0
6611,WarpSAC-L,dog-run,4,avg_success,100000,0.0
6612,WarpSAC-L,dog-run,4,avg_success,150000,0.0
6613,WarpSAC-L,dog-run,4,avg_success,200000,0.0
6614,WarpSAC-L,dog-run,4,avg_success,250000,0.0
6615,WarpSAC-L,dog-run,4,avg_success,300000,0.0
6616,WarpSAC-L,dog-run,4,avg_success,350000,0.0
6617,WarpSAC-L,dog-run,4,avg_success,400000,0.0
6618,WarpSAC-L,dog-run,4,avg_success,450000,0.0
6619,WarpSAC-L,dog-run,4,avg_success,500000,0.0
6620,WarpSAC-L,dog-run,4,avg_success,550000,0.0
6621,WarpSAC-L,dog-run,4,avg_success,600000,0.0
6622,WarpSAC-L,dog-run,4,avg_success,650000,0.0
6623,WarpSAC-L,dog-run,4,avg_success,700000,0.0
6624,WarpSAC-L,dog-run,4,avg_success,750000,0.0
6625,WarpSAC-L,dog-run,4,avg_success,800000,0.0
6626,WarpSAC-L,dog-run,4,avg_success,850000,0.0
6627,WarpSAC-L,dog-run,4,avg_success,900000,0.0
6628,WarpSAC-L,dog-run,4,avg_success,950000,0.0
6629,WarpSAC-L,dog-run,4,avg_success,1000000,0.0
6630,WarpSAC-L,dog-run,5,avg_return,0,4.8199
6631,WarpSAC-L,dog-run,5,avg_return,50000,66.2465
6632,WarpSAC-L,dog-run,5,avg_return,100000,107.6121
6633,WarpSAC-L,dog-run,5,avg_return,150000,149.087
6634,WarpSAC-L,dog-run,5,avg_return,200000,165.7513
6635,WarpSAC-L,dog-run,5,avg_return,250000,179.1407
6636,WarpSAC-L,dog-run,5,avg_return,300000,224.1639
6637,WarpSAC-L,dog-run,5,avg_return,350000,247.3033
6638,WarpSAC-L,dog-run,5,avg_return,400000,260.5453
6639,WarpSAC-L,dog-run,5,avg_return,450000,303.8542
6640,WarpSAC-L,dog-run,5,avg_return,500000,313.4158
6641,WarpSAC-L,dog-run,5,avg_return,550000,329.3404
6642,WarpSAC-L,dog-run,5,avg_return,600000,366.5479
6643,WarpSAC-L,dog-run,5,avg_return,650000,433.6195
6644,WarpSAC-L,dog-run,5,avg_return,700000,404.0081
6645,WarpSAC-L,dog-run,5,avg_return,750000,387.0265
6646,WarpSAC-L,dog-run,5,avg_return,800000,436.7289
6647,WarpSAC-L,dog-run,5,avg_return,850000,528.2983
6648,WarpSAC-L,dog-run,5,avg_return,900000,516.2004
6649,WarpSAC-L,dog-run,5,avg_return,950000,593.5627
6650,WarpSAC-L,dog-run,5,avg_return,1000000,598.1496
6651,WarpSAC-L,dog-run,5,avg_success,0,0.0
6652,WarpSAC-L,dog-run,5,avg_success,50000,0.0
6653,WarpSAC-L,dog-run,5,avg_success,100000,0.0
6654,WarpSAC-L,dog-run,5,avg_success,150000,0.0
6655,WarpSAC-L,dog-run,5,avg_success,200000,0.0
6656,WarpSAC-L,dog-run,5,avg_success,250000,0.0
6657,WarpSAC-L,dog-run,5,avg_success,300000,0.0
6658,WarpSAC-L,dog-run,5,avg_success,350000,0.0
6659,WarpSAC-L,dog-run,5,avg_success,400000,0.0
6660,WarpSAC-L,dog-run,5,avg_success,450000,0.0
6661,WarpSAC-L,dog-run,5,avg_success,500000,0.0
6662,WarpSAC-L,dog-run,5,avg_success,550000,0.0
6663,WarpSAC-L,dog-run,5,avg_success,600000,0.0
6664,WarpSAC-L,dog-run,5,avg_success,650000,0.0
6665,WarpSAC-L,dog-run,5,avg_success,700000,0.0
6666,WarpSAC-L,dog-run,5,avg_success,750000,0.0
6667,WarpSAC-L,dog-run,5,avg_success,800000,0.0
6668,WarpSAC-L,dog-run,5,avg_success,850000,0.0
6669,WarpSAC-L,dog-run,5,avg_success,900000,0.0
6670,WarpSAC-L,dog-run,5,avg_success,950000,0.0
6671,WarpSAC-L,dog-run,5,avg_success,1000000,0.0
6672,WarpSAC-L,dog-stand,1,avg_return,0,18.0827
6673,WarpSAC-L,dog-stand,1,avg_return,50000,283.3256
6674,WarpSAC-L,dog-stand,1,avg_return,100000,595.1024
6675,WarpSAC-L,dog-stand,1,avg_return,150000,794.8077
6676,WarpSAC-L,dog-stand,1,avg_return,200000,836.2715
6677,WarpSAC-L,dog-stand,1,avg_return,250000,915.7752
6678,WarpSAC-L,dog-stand,1,avg_return,300000,932.9465
6679,WarpSAC-L,dog-stand,1,avg_return,350000,933.1988
6680,WarpSAC-L,dog-stand,1,avg_return,400000,961.3653
6681,WarpSAC-L,dog-stand,1,avg_return,450000,980.2779
6682,WarpSAC-L,dog-stand,1,avg_return,500000,980.7636
6683,WarpSAC-L,dog-stand,1,avg_return,550000,974.7177
6684,WarpSAC-L,dog-stand,1,avg_return,600000,978.062
6685,WarpSAC-L,dog-stand,1,avg_return,650000,984.0968
6686,WarpSAC-L,dog-stand,1,avg_return,700000,989.2955
6687,WarpSAC-L,dog-stand,1,avg_return,750000,989.4337
6688,WarpSAC-L,dog-stand,1,avg_return,800000,992.612
6689,WarpSAC-L,dog-stand,1,avg_return,850000,993.0211
6690,WarpSAC-L,dog-stand,1,avg_return,900000,992.6936
6691,WarpSAC-L,dog-stand,1,avg_return,950000,988.0657
6692,WarpSAC-L,dog-stand,1,avg_return,1000000,990.5636
6693,WarpSAC-L,dog-stand,1,avg_success,0,0.0
6694,WarpSAC-L,dog-stand,1,avg_success,50000,0.0
6695,WarpSAC-L,dog-stand,1,avg_success,100000,0.0
6696,WarpSAC-L,dog-stand,1,avg_success,150000,0.0
6697,WarpSAC-L,dog-stand,1,avg_success,200000,0.0
6698,WarpSAC-L,dog-stand,1,avg_success,250000,0.0
6699,WarpSAC-L,dog-stand,1,avg_success,300000,0.0
6700,WarpSAC-L,dog-stand,1,avg_success,350000,0.0
6701,WarpSAC-L,dog-stand,1,avg_success,400000,0.0
6702,WarpSAC-L,dog-stand,1,avg_success,450000,0.0
6703,WarpSAC-L,dog-stand,1,avg_success,500000,0.0
6704,WarpSAC-L,dog-stand,1,avg_success,550000,0.0
6705,WarpSAC-L,dog-stand,1,avg_success,600000,0.0
6706,WarpSAC-L,dog-stand,1,avg_success,650000,0.0
6707,WarpSAC-L,dog-stand,1,avg_success,700000,0.0
6708,WarpSAC-L,dog-stand,1,avg_success,750000,0.0
6709,WarpSAC-L,dog-stand,1,avg_success,800000,0.0
6710,WarpSAC-L,dog-stand,1,avg_success,850000,0.0
6711,WarpSAC-L,dog-stand,1,avg_success,900000,0.0
6712,WarpSAC-L,dog-stand,1,avg_success,950000,0.0
6713,WarpSAC-L,dog-stand,1,avg_success,1000000,0.0
6714,WarpSAC-L,dog-stand,2,avg_return,0,37.6331
6715,WarpSAC-L,dog-stand,2,avg_return,50000,340.376
6716,WarpSAC-L,dog-stand,2,avg_return,100000,490.4903
6717,WarpSAC-L,dog-stand,2,avg_return,150000,635.7399
6718,WarpSAC-L,dog-stand,2,avg_return,200000,799.6374
6719,WarpSAC-L,dog-stand,2,avg_return,250000,850.742
6720,WarpSAC-L,dog-stand,2,avg_return,300000,907.4022
6721,WarpSAC-L,dog-stand,2,avg_return,350000,790.8277
6722,WarpSAC-L,dog-stand,2,avg_return,400000,941.8651
6723,WarpSAC-L,dog-stand,2,avg_return,450000,917.2353
6724,WarpSAC-L,dog-stand,2,avg_return,500000,947.5744
6725,WarpSAC-L,dog-stand,2,avg_return,550000,947.1539
6726,WarpSAC-L,dog-stand,2,avg_return,600000,976.83
6727,WarpSAC-L,dog-stand,2,avg_return,650000,976.3384
6728,WarpSAC-L,dog-stand,2,avg_return,700000,972.2699
6729,WarpSAC-L,dog-stand,2,avg_return,750000,969.4715
6730,WarpSAC-L,dog-stand,2,avg_return,800000,953.0842
6731,WarpSAC-L,dog-stand,2,avg_return,850000,979.2146
6732,WarpSAC-L,dog-stand,2,avg_return,900000,981.4897
6733,WarpSAC-L,dog-stand,2,avg_return,950000,984.9483
6734,WarpSAC-L,dog-stand,2,avg_return,1000000,985.5536
6735,WarpSAC-L,dog-stand,2,avg_success,0,0.0
6736,WarpSAC-L,dog-stand,2,avg_success,50000,0.0
6737,WarpSAC-L,dog-stand,2,avg_success,100000,0.0
6738,WarpSAC-L,dog-stand,2,avg_success,150000,0.0
6739,WarpSAC-L,dog-stand,2,avg_success,200000,0.0
6740,WarpSAC-L,dog-stand,2,avg_success,250000,0.0
6741,WarpSAC-L,dog-stand,2,avg_success,300000,0.0
6742,WarpSAC-L,dog-stand,2,avg_success,350000,0.0
6743,WarpSAC-L,dog-stand,2,avg_success,400000,0.0
6744,WarpSAC-L,dog-stand,2,avg_success,450000,0.0
6745,WarpSAC-L,dog-stand,2,avg_success,500000,0.0
6746,WarpSAC-L,dog-stand,2,avg_success,550000,0.0
6747,WarpSAC-L,dog-stand,2,avg_success,600000,0.0
6748,WarpSAC-L,dog-stand,2,avg_success,650000,0.0
6749,WarpSAC-L,dog-stand,2,avg_success,700000,0.0
6750,WarpSAC-L,dog-stand,2,avg_success,750000,0.0
6751,WarpSAC-L,dog-stand,2,avg_success,800000,0.0
6752,WarpSAC-L,dog-stand,2,avg_success,850000,0.0
6753,WarpSAC-L,dog-stand,2,avg_success,900000,0.0
6754,WarpSAC-L,dog-stand,2,avg_success,950000,0.0
6755,WarpSAC-L,dog-stand,2,avg_success,1000000,0.0
6756,WarpSAC-L,dog-stand,3,avg_return,0,23.8686
6757,WarpSAC-L,dog-stand,3,avg_return,50000,335.2582
6758,WarpSAC-L,dog-stand,3,avg_return,100000,629.762
6759,WarpSAC-L,dog-stand,3,avg_return,150000,932.7488
6760,WarpSAC-L,dog-stand,3,avg_return,200000,940.6351
6761,WarpSAC-L,dog-stand,3,avg_return,250000,958.2043
6762,WarpSAC-L,dog-stand,3,avg_return,300000,968.1237
6763,WarpSAC-L,dog-stand,3,avg_return,350000,971.9022
6764,WarpSAC-L,dog-stand,3,avg_return,400000,969.9772
6765,WarpSAC-L,dog-stand,3,avg_return,450000,964.6849
6766,WarpSAC-L,dog-stand,3,avg_return,500000,953.0761
6767,WarpSAC-L,dog-stand,3,avg_return,550000,974.8177
6768,WarpSAC-L,dog-stand,3,avg_return,600000,978.1216
6769,WarpSAC-L,dog-stand,3,avg_return,650000,963.9915
6770,WarpSAC-L,dog-stand,3,avg_return,700000,980.3967
6771,WarpSAC-L,dog-stand,3,avg_return,750000,974.1561
6772,WarpSAC-L,dog-stand,3,avg_return,800000,976.6657
6773,WarpSAC-L,dog-stand,3,avg_return,850000,970.9793
6774,WarpSAC-L,dog-stand,3,avg_return,900000,987.3779
6775,WarpSAC-L,dog-stand,3,avg_return,950000,987.538
6776,WarpSAC-L,dog-stand,3,avg_return,1000000,991.029
6777,WarpSAC-L,dog-stand,3,avg_success,0,0.0
6778,WarpSAC-L,dog-stand,3,avg_success,50000,0.0
6779,WarpSAC-L,dog-stand,3,avg_success,100000,0.0
6780,WarpSAC-L,dog-stand,3,avg_success,150000,0.0
6781,WarpSAC-L,dog-stand,3,avg_success,200000,0.0
6782,WarpSAC-L,dog-stand,3,avg_success,250000,0.0
6783,WarpSAC-L,dog-stand,3,avg_success,300000,0.0
6784,WarpSAC-L,dog-stand,3,avg_success,350000,0.0
6785,WarpSAC-L,dog-stand,3,avg_success,400000,0.0
6786,WarpSAC-L,dog-stand,3,avg_success,450000,0.0
6787,WarpSAC-L,dog-stand,3,avg_success,500000,0.0
6788,WarpSAC-L,dog-stand,3,avg_success,550000,0.0
6789,WarpSAC-L,dog-stand,3,avg_success,600000,0.0
6790,WarpSAC-L,dog-stand,3,avg_success,650000,0.0
6791,WarpSAC-L,dog-stand,3,avg_success,700000,0.0
6792,WarpSAC-L,dog-stand,3,avg_success,750000,0.0
6793,WarpSAC-L,dog-stand,3,avg_success,800000,0.0
6794,WarpSAC-L,dog-stand,3,avg_success,850000,0.0
6795,WarpSAC-L,dog-stand,3,avg_success,900000,0.0
6796,WarpSAC-L,dog-stand,3,avg_success,950000,0.0
6797,WarpSAC-L,dog-stand,3,avg_success,1000000,0.0
6798,WarpSAC-L,dog-stand,4,avg_return,0,21.9318
6799,WarpSAC-L,dog-stand,4,avg_return,50000,326.8288
6800,WarpSAC-L,dog-stand,4,avg_return,100000,577.6391
6801,WarpSAC-L,dog-stand,4,avg_return,150000,712.6145
6802,WarpSAC-L,dog-stand,4,avg_return,200000,873.3769
6803,WarpSAC-L,dog-stand,4,avg_return,250000,907.48
6804,WarpSAC-L,dog-stand,4,avg_return,300000,953.948
6805,WarpSAC-L,dog-stand,4,avg_return,350000,928.7289
6806,WarpSAC-L,dog-stand,4,avg_return,400000,968.07
6807,WarpSAC-L,dog-stand,4,avg_return,450000,981.3589
6808,WarpSAC-L,dog-stand,4,avg_return,500000,980.0987
6809,WarpSAC-L,dog-stand,4,avg_return,550000,988.2108
6810,WarpSAC-L,dog-stand,4,avg_return,600000,986.601
6811,WarpSAC-L,dog-stand,4,avg_return,650000,990.0157
6812,WarpSAC-L,dog-stand,4,avg_return,700000,985.228
6813,WarpSAC-L,dog-stand,4,avg_return,750000,991.2096
6814,WarpSAC-L,dog-stand,4,avg_return,800000,989.9446
6815,WarpSAC-L,dog-stand,4,avg_return,850000,989.4645
6816,WarpSAC-L,dog-stand,4,avg_return,900000,982.6153
6817,WarpSAC-L,dog-stand,4,avg_return,950000,991.3889
6818,WarpSAC-L,dog-stand,4,avg_return,1000000,992.2312
6819,WarpSAC-L,dog-stand,4,avg_success,0,0.0
6820,WarpSAC-L,dog-stand,4,avg_success,50000,0.0
6821,WarpSAC-L,dog-stand,4,avg_success,100000,0.0
6822,WarpSAC-L,dog-stand,4,avg_success,150000,0.0
6823,WarpSAC-L,dog-stand,4,avg_success,200000,0.0
6824,WarpSAC-L,dog-stand,4,avg_success,250000,0.0
6825,WarpSAC-L,dog-stand,4,avg_success,300000,0.0
6826,WarpSAC-L,dog-stand,4,avg_success,350000,0.0
6827,WarpSAC-L,dog-stand,4,avg_success,400000,0.0
6828,WarpSAC-L,dog-stand,4,avg_success,450000,0.0
6829,WarpSAC-L,dog-stand,4,avg_success,500000,0.0
6830,WarpSAC-L,dog-stand,4,avg_success,550000,0.0
6831,WarpSAC-L,dog-stand,4,avg_success,600000,0.0
6832,WarpSAC-L,dog-stand,4,avg_success,650000,0.0
6833,WarpSAC-L,dog-stand,4,avg_success,700000,0.0
6834,WarpSAC-L,dog-stand,4,avg_success,750000,0.0
6835,WarpSAC-L,dog-stand,4,avg_success,800000,0.0
6836,WarpSAC-L,dog-stand,4,avg_success,850000,0.0
6837,WarpSAC-L,dog-stand,4,avg_success,900000,0.0
6838,WarpSAC-L,dog-stand,4,avg_success,950000,0.0
6839,WarpSAC-L,dog-stand,4,avg_success,1000000,0.0
6840,WarpSAC-L,dog-stand,5,avg_return,0,20.8087
6841,WarpSAC-L,dog-stand,5,avg_return,50000,345.808
6842,WarpSAC-L,dog-stand,5,avg_return,100000,549.6208
6843,WarpSAC-L,dog-stand,5,avg_return,150000,771.1484
6844,WarpSAC-L,dog-stand,5,avg_return,200000,933.9185
6845,WarpSAC-L,dog-stand,5,avg_return,250000,912.4574
6846,WarpSAC-L,dog-stand,5,avg_return,300000,908.5243
6847,WarpSAC-L,dog-stand,5,avg_return,350000,955.7081
6848,WarpSAC-L,dog-stand,5,avg_return,400000,965.1618
6849,WarpSAC-L,dog-stand,5,avg_return,450000,962.9111
6850,WarpSAC-L,dog-stand,5,avg_return,500000,971.0243
6851,WarpSAC-L,dog-stand,5,avg_return,550000,971.2559
6852,WarpSAC-L,dog-stand,5,avg_return,600000,975.4279
6853,WarpSAC-L,dog-stand,5,avg_return,650000,985.0867
6854,WarpSAC-L,dog-stand,5,avg_return,700000,985.032
6855,WarpSAC-L,dog-stand,5,avg_return,750000,988.596
6856,WarpSAC-L,dog-stand,5,avg_return,800000,989.2064
6857,WarpSAC-L,dog-stand,5,avg_return,850000,986.8485
6858,WarpSAC-L,dog-stand,5,avg_return,900000,988.956
6859,WarpSAC-L,dog-stand,5,avg_return,950000,988.1626
6860,WarpSAC-L,dog-stand,5,avg_return,1000000,987.9327
6861,WarpSAC-L,dog-stand,5,avg_success,0,0.0
6862,WarpSAC-L,dog-stand,5,avg_success,50000,0.0
6863,WarpSAC-L,dog-stand,5,avg_success,100000,0.0
6864,WarpSAC-L,dog-stand,5,avg_success,150000,0.0
6865,WarpSAC-L,dog-stand,5,avg_success,200000,0.0
6866,WarpSAC-L,dog-stand,5,avg_success,250000,0.0
6867,WarpSAC-L,dog-stand,5,avg_success,300000,0.0
6868,WarpSAC-L,dog-stand,5,avg_success,350000,0.0
6869,WarpSAC-L,dog-stand,5,avg_success,400000,0.0
6870,WarpSAC-L,dog-stand,5,avg_success,450000,0.0
6871,WarpSAC-L,dog-stand,5,avg_success,500000,0.0
6872,WarpSAC-L,dog-stand,5,avg_success,550000,0.0
6873,WarpSAC-L,dog-stand,5,avg_success,600000,0.0
6874,WarpSAC-L,dog-stand,5,avg_success,650000,0.0
6875,WarpSAC-L,dog-stand,5,avg_success,700000,0.0
6876,WarpSAC-L,dog-stand,5,avg_success,750000,0.0
6877,WarpSAC-L,dog-stand,5,avg_success,800000,0.0
6878,WarpSAC-L,dog-stand,5,avg_success,850000,0.0
6879,WarpSAC-L,dog-stand,5,avg_success,900000,0.0
6880,WarpSAC-L,dog-stand,5,avg_success,950000,0.0
6881,WarpSAC-L,dog-stand,5,avg_success,1000000,0.0
6882,WarpSAC-L,dog-trot,1,avg_return,0,5.5747
6883,WarpSAC-L,dog-trot,1,avg_return,50000,77.0553
6884,WarpSAC-L,dog-trot,1,avg_return,100000,165.4204
6885,WarpSAC-L,dog-trot,1,avg_return,150000,213.2605
6886,WarpSAC-L,dog-trot,1,avg_return,200000,263.3911
6887,WarpSAC-L,dog-trot,1,avg_return,250000,329.1304
6888,WarpSAC-L,dog-trot,1,avg_return,300000,371.6013
6889,WarpSAC-L,dog-trot,1,avg_return,350000,430.9919
6890,WarpSAC-L,dog-trot,1,avg_return,400000,449.248
6891,WarpSAC-L,dog-trot,1,avg_return,450000,589.1069
6892,WarpSAC-L,dog-trot,1,avg_return,500000,644.389
6893,WarpSAC-L,dog-trot,1,avg_return,550000,745.53
6894,WarpSAC-L,dog-trot,1,avg_return,600000,769.6062
6895,WarpSAC-L,dog-trot,1,avg_return,650000,878.1858
6896,WarpSAC-L,dog-trot,1,avg_return,700000,905.3287
6897,WarpSAC-L,dog-trot,1,avg_return,750000,893.2673
6898,WarpSAC-L,dog-trot,1,avg_return,800000,910.3013
6899,WarpSAC-L,dog-trot,1,avg_return,850000,934.0469
6900,WarpSAC-L,dog-trot,1,avg_return,900000,925.4723
6901,WarpSAC-L,dog-trot,1,avg_return,950000,912.8556
6902,WarpSAC-L,dog-trot,1,avg_return,1000000,924.8643
6903,WarpSAC-L,dog-trot,1,avg_success,0,0.0
6904,WarpSAC-L,dog-trot,1,avg_success,50000,0.0
6905,WarpSAC-L,dog-trot,1,avg_success,100000,0.0
6906,WarpSAC-L,dog-trot,1,avg_success,150000,0.0
6907,WarpSAC-L,dog-trot,1,avg_success,200000,0.0
6908,WarpSAC-L,dog-trot,1,avg_success,250000,0.0
6909,WarpSAC-L,dog-trot,1,avg_success,300000,0.0
6910,WarpSAC-L,dog-trot,1,avg_success,350000,0.0
6911,WarpSAC-L,dog-trot,1,avg_success,400000,0.0
6912,WarpSAC-L,dog-trot,1,avg_success,450000,0.0
6913,WarpSAC-L,dog-trot,1,avg_success,500000,0.0
6914,WarpSAC-L,dog-trot,1,avg_success,550000,0.0
6915,WarpSAC-L,dog-trot,1,avg_success,600000,0.0
6916,WarpSAC-L,dog-trot,1,avg_success,650000,0.0
6917,WarpSAC-L,dog-trot,1,avg_success,700000,0.0
6918,WarpSAC-L,dog-trot,1,avg_success,750000,0.0
6919,WarpSAC-L,dog-trot,1,avg_success,800000,0.0
6920,WarpSAC-L,dog-trot,1,avg_success,850000,0.0
6921,WarpSAC-L,dog-trot,1,avg_success,900000,0.0
6922,WarpSAC-L,dog-trot,1,avg_success,950000,0.0
6923,WarpSAC-L,dog-trot,1,avg_success,1000000,0.0
6924,WarpSAC-L,dog-trot,2,avg_return,0,10.2213
6925,WarpSAC-L,dog-trot,2,avg_return,50000,84.1345
6926,WarpSAC-L,dog-trot,2,avg_return,100000,168.7792
6927,WarpSAC-L,dog-trot,2,avg_return,150000,246.3235
6928,WarpSAC-L,dog-trot,2,avg_return,200000,370.5501
6929,WarpSAC-L,dog-trot,2,avg_return,250000,399.3678
6930,WarpSAC-L,dog-trot,2,avg_return,300000,515.7889
6931,WarpSAC-L,dog-trot,2,avg_return,350000,624.7972
6932,WarpSAC-L,dog-trot,2,avg_return,400000,698.6701
6933,WarpSAC-L,dog-trot,2,avg_return,450000,802.7236
6934,WarpSAC-L,dog-trot,2,avg_return,500000,800.705
6935,WarpSAC-L,dog-trot,2,avg_return,550000,889.5234
6936,WarpSAC-L,dog-trot,2,avg_return,600000,910.2268
6937,WarpSAC-L,dog-trot,2,avg_return,650000,904.2351
6938,WarpSAC-L,dog-trot,2,avg_return,700000,924.7673
6939,WarpSAC-L,dog-trot,2,avg_return,750000,921.2022
6940,WarpSAC-L,dog-trot,2,avg_return,800000,923.7213
6941,WarpSAC-L,dog-trot,2,avg_return,850000,935.7729
6942,WarpSAC-L,dog-trot,2,avg_return,900000,927.8204
6943,WarpSAC-L,dog-trot,2,avg_return,950000,936.2353
6944,WarpSAC-L,dog-trot,2,avg_return,1000000,942.0742
6945,WarpSAC-L,dog-trot,2,avg_success,0,0.0
6946,WarpSAC-L,dog-trot,2,avg_success,50000,0.0
6947,WarpSAC-L,dog-trot,2,avg_success,100000,0.0
6948,WarpSAC-L,dog-trot,2,avg_success,150000,0.0
6949,WarpSAC-L,dog-trot,2,avg_success,200000,0.0
6950,WarpSAC-L,dog-trot,2,avg_success,250000,0.0
6951,WarpSAC-L,dog-trot,2,avg_success,300000,0.0
6952,WarpSAC-L,dog-trot,2,avg_success,350000,0.0
6953,WarpSAC-L,dog-trot,2,avg_success,400000,0.0
6954,WarpSAC-L,dog-trot,2,avg_success,450000,0.0
6955,WarpSAC-L,dog-trot,2,avg_success,500000,0.0
6956,WarpSAC-L,dog-trot,2,avg_success,550000,0.0
6957,WarpSAC-L,dog-trot,2,avg_success,600000,0.0
6958,WarpSAC-L,dog-trot,2,avg_success,650000,0.0
6959,WarpSAC-L,dog-trot,2,avg_success,700000,0.0
6960,WarpSAC-L,dog-trot,2,avg_success,750000,0.0
6961,WarpSAC-L,dog-trot,2,avg_success,800000,0.0
6962,WarpSAC-L,dog-trot,2,avg_success,850000,0.0
6963,WarpSAC-L,dog-trot,2,avg_success,900000,0.0
6964,WarpSAC-L,dog-trot,2,avg_success,950000,0.0
6965,WarpSAC-L,dog-trot,2,avg_success,1000000,0.0
6966,WarpSAC-L,dog-trot,3,avg_return,0,6.569
6967,WarpSAC-L,dog-trot,3,avg_return,50000,71.9257
6968,WarpSAC-L,dog-trot,3,avg_return,100000,128.7866
6969,WarpSAC-L,dog-trot,3,avg_return,150000,168.0591
6970,WarpSAC-L,dog-trot,3,avg_return,200000,245.0007
6971,WarpSAC-L,dog-trot,3,avg_return,250000,284.206
6972,WarpSAC-L,dog-trot,3,avg_return,300000,393.1898
6973,WarpSAC-L,dog-trot,3,avg_return,350000,427.5087
6974,WarpSAC-L,dog-trot,3,avg_return,400000,533.1553
6975,WarpSAC-L,dog-trot,3,avg_return,450000,655.4828
6976,WarpSAC-L,dog-trot,3,avg_return,500000,801.1663
6977,WarpSAC-L,dog-trot,3,avg_return,550000,863.0348
6978,WarpSAC-L,dog-trot,3,avg_return,600000,896.7194
6979,WarpSAC-L,dog-trot,3,avg_return,650000,905.015
6980,WarpSAC-L,dog-trot,3,avg_return,700000,913.565
6981,WarpSAC-L,dog-trot,3,avg_return,750000,916.5612
6982,WarpSAC-L,dog-trot,3,avg_return,800000,912.9067
6983,WarpSAC-L,dog-trot,3,avg_return,850000,931.0137
6984,WarpSAC-L,dog-trot,3,avg_return,900000,932.9454
6985,WarpSAC-L,dog-trot,3,avg_return,950000,936.1075
6986,WarpSAC-L,dog-trot,3,avg_return,1000000,936.4567
6987,WarpSAC-L,dog-trot,3,avg_success,0,0.0
6988,WarpSAC-L,dog-trot,3,avg_success,50000,0.0
6989,WarpSAC-L,dog-trot,3,avg_success,100000,0.0
6990,WarpSAC-L,dog-trot,3,avg_success,150000,0.0
6991,WarpSAC-L,dog-trot,3,avg_success,200000,0.0
6992,WarpSAC-L,dog-trot,3,avg_success,250000,0.0
6993,WarpSAC-L,dog-trot,3,avg_success,300000,0.0
6994,WarpSAC-L,dog-trot,3,avg_success,350000,0.0
6995,WarpSAC-L,dog-trot,3,avg_success,400000,0.0
6996,WarpSAC-L,dog-trot,3,avg_success,450000,0.0
6997,WarpSAC-L,dog-trot,3,avg_success,500000,0.0
6998,WarpSAC-L,dog-trot,3,avg_success,550000,0.0
6999,WarpSAC-L,dog-trot,3,avg_success,600000,0.0
7000,WarpSAC-L,dog-trot,3,avg_success,650000,0.0
7001,WarpSAC-L,dog-trot,3,avg_success,700000,0.0
7002,WarpSAC-L,dog-trot,3,avg_success,750000,0.0
7003,WarpSAC-L,dog-trot,3,avg_success,800000,0.0
7004,WarpSAC-L,dog-trot,3,avg_success,850000,0.0
7005,WarpSAC-L,dog-trot,3,avg_success,900000,0.0
7006,WarpSAC-L,dog-trot,3,avg_success,950000,0.0
7007,WarpSAC-L,dog-trot,3,avg_success,1000000,0.0
7008,WarpSAC-L,dog-trot,4,avg_return,0,7.2948
7009,WarpSAC-L,dog-trot,4,avg_return,50000,77.3142
7010,WarpSAC-L,dog-trot,4,avg_return,100000,157.0014
7011,WarpSAC-L,dog-trot,4,avg_return,150000,213.6785
7012,WarpSAC-L,dog-trot,4,avg_return,200000,292.1252
7013,WarpSAC-L,dog-trot,4,avg_return,250000,345.421
7014,WarpSAC-L,dog-trot,4,avg_return,300000,375.9657
7015,WarpSAC-L,dog-trot,4,avg_return,350000,516.3981
7016,WarpSAC-L,dog-trot,4,avg_return,400000,545.4759
7017,WarpSAC-L,dog-trot,4,avg_return,450000,631.2501
7018,WarpSAC-L,dog-trot,4,avg_return,500000,749.8125
7019,WarpSAC-L,dog-trot,4,avg_return,550000,803.6073
7020,WarpSAC-L,dog-trot,4,avg_return,600000,889.6191
7021,WarpSAC-L,dog-trot,4,avg_return,650000,916.5106
7022,WarpSAC-L,dog-trot,4,avg_return,700000,908.9489
7023,WarpSAC-L,dog-trot,4,avg_return,750000,919.4795
7024,WarpSAC-L,dog-trot,4,avg_return,800000,915.7163
7025,WarpSAC-L,dog-trot,4,avg_return,850000,914.7336
7026,WarpSAC-L,dog-trot,4,avg_return,900000,915.8925
7027,WarpSAC-L,dog-trot,4,avg_return,950000,928.7232
7028,WarpSAC-L,dog-trot,4,avg_return,1000000,933.9661
7029,WarpSAC-L,dog-trot,4,avg_success,0,0.0
7030,WarpSAC-L,dog-trot,4,avg_success,50000,0.0
7031,WarpSAC-L,dog-trot,4,avg_success,100000,0.0
7032,WarpSAC-L,dog-trot,4,avg_success,150000,0.0
7033,WarpSAC-L,dog-trot,4,avg_success,200000,0.0
7034,WarpSAC-L,dog-trot,4,avg_success,250000,0.0
7035,WarpSAC-L,dog-trot,4,avg_success,300000,0.0
7036,WarpSAC-L,dog-trot,4,avg_success,350000,0.0
7037,WarpSAC-L,dog-trot,4,avg_success,400000,0.0
7038,WarpSAC-L,dog-trot,4,avg_success,450000,0.0
7039,WarpSAC-L,dog-trot,4,avg_success,500000,0.0
7040,WarpSAC-L,dog-trot,4,avg_success,550000,0.0
7041,WarpSAC-L,dog-trot,4,avg_success,600000,0.0
7042,WarpSAC-L,dog-trot,4,avg_success,650000,0.0
7043,WarpSAC-L,dog-trot,4,avg_success,700000,0.0
7044,WarpSAC-L,dog-trot,4,avg_success,750000,0.0
7045,WarpSAC-L,dog-trot,4,avg_success,800000,0.0
7046,WarpSAC-L,dog-trot,4,avg_success,850000,0.0
7047,WarpSAC-L,dog-trot,4,avg_success,900000,0.0
7048,WarpSAC-L,dog-trot,4,avg_success,950000,0.0
7049,WarpSAC-L,dog-trot,4,avg_success,1000000,0.0
7050,WarpSAC-L,dog-trot,5,avg_return,0,6.0952
7051,WarpSAC-L,dog-trot,5,avg_return,50000,63.5015
7052,WarpSAC-L,dog-trot,5,avg_return,100000,154.8678
7053,WarpSAC-L,dog-trot,5,avg_return,150000,224.3473
7054,WarpSAC-L,dog-trot,5,avg_return,200000,255.1843
7055,WarpSAC-L,dog-trot,5,avg_return,250000,364.4792
7056,WarpSAC-L,dog-trot,5,avg_return,300000,436.4705
7057,WarpSAC-L,dog-trot,5,avg_return,350000,532.5304
7058,WarpSAC-L,dog-trot,5,avg_return,400000,612.9562
7059,WarpSAC-L,dog-trot,5,avg_return,450000,687.6202
7060,WarpSAC-L,dog-trot,5,avg_return,500000,725.5937
7061,WarpSAC-L,dog-trot,5,avg_return,550000,816.3921
7062,WarpSAC-L,dog-trot,5,avg_return,600000,855.9838
7063,WarpSAC-L,dog-trot,5,avg_return,650000,897.2882
7064,WarpSAC-L,dog-trot,5,avg_return,700000,887.9755
7065,WarpSAC-L,dog-trot,5,avg_return,750000,897.3012
7066,WarpSAC-L,dog-trot,5,avg_return,800000,911.3582
7067,WarpSAC-L,dog-trot,5,avg_return,850000,906.5003
7068,WarpSAC-L,dog-trot,5,avg_return,900000,884.8678
7069,WarpSAC-L,dog-trot,5,avg_return,950000,906.0383
7070,WarpSAC-L,dog-trot,5,avg_return,1000000,912.4929
7071,WarpSAC-L,dog-trot,5,avg_success,0,0.0
7072,WarpSAC-L,dog-trot,5,avg_success,50000,0.0
7073,WarpSAC-L,dog-trot,5,avg_success,100000,0.0
7074,WarpSAC-L,dog-trot,5,avg_success,150000,0.0
7075,WarpSAC-L,dog-trot,5,avg_success,200000,0.0
7076,WarpSAC-L,dog-trot,5,avg_success,250000,0.0
7077,WarpSAC-L,dog-trot,5,avg_success,300000,0.0
7078,WarpSAC-L,dog-trot,5,avg_success,350000,0.0
7079,WarpSAC-L,dog-trot,5,avg_success,400000,0.0
7080,WarpSAC-L,dog-trot,5,avg_success,450000,0.0
7081,WarpSAC-L,dog-trot,5,avg_success,500000,0.0
7082,WarpSAC-L,dog-trot,5,avg_success,550000,0.0
7083,WarpSAC-L,dog-trot,5,avg_success,600000,0.0
7084,WarpSAC-L,dog-trot,5,avg_success,650000,0.0
7085,WarpSAC-L,dog-trot,5,avg_success,700000,0.0
7086,WarpSAC-L,dog-trot,5,avg_success,750000,0.0
7087,WarpSAC-L,dog-trot,5,avg_success,800000,0.0
7088,WarpSAC-L,dog-trot,5,avg_success,850000,0.0
7089,WarpSAC-L,dog-trot,5,avg_success,900000,0.0
7090,WarpSAC-L,dog-trot,5,avg_success,950000,0.0
7091,WarpSAC-L,dog-trot,5,avg_success,1000000,0.0
7092,WarpSAC-L,dog-walk,1,avg_return,0,7.01
7093,WarpSAC-L,dog-walk,1,avg_return,50000,84.8129
7094,WarpSAC-L,dog-walk,1,avg_return,100000,243.5014
7095,WarpSAC-L,dog-walk,1,avg_return,150000,397.3979
7096,WarpSAC-L,dog-walk,1,avg_return,200000,498.4701
7097,WarpSAC-L,dog-walk,1,avg_return,250000,636.4486
7098,WarpSAC-L,dog-walk,1,avg_return,300000,831.7021
7099,WarpSAC-L,dog-walk,1,avg_return,350000,914.0434
7100,WarpSAC-L,dog-walk,1,avg_return,400000,900.5425
7101,WarpSAC-L,dog-walk,1,avg_return,450000,929.8135
7102,WarpSAC-L,dog-walk,1,avg_return,500000,931.4935
7103,WarpSAC-L,dog-walk,1,avg_return,550000,946.8049
7104,WarpSAC-L,dog-walk,1,avg_return,600000,945.4745
7105,WarpSAC-L,dog-walk,1,avg_return,650000,943.4749
7106,WarpSAC-L,dog-walk,1,avg_return,700000,937.5158
7107,WarpSAC-L,dog-walk,1,avg_return,750000,951.7464
7108,WarpSAC-L,dog-walk,1,avg_return,800000,948.9524
7109,WarpSAC-L,dog-walk,1,avg_return,850000,956.4897
7110,WarpSAC-L,dog-walk,1,avg_return,900000,956.9392
7111,WarpSAC-L,dog-walk,1,avg_return,950000,954.1536
7112,WarpSAC-L,dog-walk,1,avg_return,1000000,959.7058
7113,WarpSAC-L,dog-walk,1,avg_success,0,0.0
7114,WarpSAC-L,dog-walk,1,avg_success,50000,0.0
7115,WarpSAC-L,dog-walk,1,avg_success,100000,0.0
7116,WarpSAC-L,dog-walk,1,avg_success,150000,0.0
7117,WarpSAC-L,dog-walk,1,avg_success,200000,0.0
7118,WarpSAC-L,dog-walk,1,avg_success,250000,0.0
7119,WarpSAC-L,dog-walk,1,avg_success,300000,0.0
7120,WarpSAC-L,dog-walk,1,avg_success,350000,0.0
7121,WarpSAC-L,dog-walk,1,avg_success,400000,0.0
7122,WarpSAC-L,dog-walk,1,avg_success,450000,0.0
7123,WarpSAC-L,dog-walk,1,avg_success,500000,0.0
7124,WarpSAC-L,dog-walk,1,avg_success,550000,0.0
7125,WarpSAC-L,dog-walk,1,avg_success,600000,0.0
7126,WarpSAC-L,dog-walk,1,avg_success,650000,0.0
7127,WarpSAC-L,dog-walk,1,avg_success,700000,0.0
7128,WarpSAC-L,dog-walk,1,avg_success,750000,0.0
7129,WarpSAC-L,dog-walk,1,avg_success,800000,0.0
7130,WarpSAC-L,dog-walk,1,avg_success,850000,0.0
7131,WarpSAC-L,dog-walk,1,avg_success,900000,0.0
7132,WarpSAC-L,dog-walk,1,avg_success,950000,0.0
7133,WarpSAC-L,dog-walk,1,avg_success,1000000,0.0
7134,WarpSAC-L,dog-walk,2,avg_return,0,11.7933
7135,WarpSAC-L,dog-walk,2,avg_return,50000,69.7159
7136,WarpSAC-L,dog-walk,2,avg_return,100000,193.5708
7137,WarpSAC-L,dog-walk,2,avg_return,150000,278.4358
7138,WarpSAC-L,dog-walk,2,avg_return,200000,383.9854
7139,WarpSAC-L,dog-walk,2,avg_return,250000,502.5035
7140,WarpSAC-L,dog-walk,2,avg_return,300000,555.5537
7141,WarpSAC-L,dog-walk,2,avg_return,350000,786.1428
7142,WarpSAC-L,dog-walk,2,avg_return,400000,911.3417
7143,WarpSAC-L,dog-walk,2,avg_return,450000,931.2724
7144,WarpSAC-L,dog-walk,2,avg_return,500000,918.7283
7145,WarpSAC-L,dog-walk,2,avg_return,550000,936.9321
7146,WarpSAC-L,dog-walk,2,avg_return,600000,939.0448
7147,WarpSAC-L,dog-walk,2,avg_return,650000,929.9974
7148,WarpSAC-L,dog-walk,2,avg_return,700000,954.0486
7149,WarpSAC-L,dog-walk,2,avg_return,750000,946.7115
7150,WarpSAC-L,dog-walk,2,avg_return,800000,954.8707
7151,WarpSAC-L,dog-walk,2,avg_return,850000,960.6697
7152,WarpSAC-L,dog-walk,2,avg_return,900000,961.7286
7153,WarpSAC-L,dog-walk,2,avg_return,950000,961.1976
7154,WarpSAC-L,dog-walk,2,avg_return,1000000,957.706
7155,WarpSAC-L,dog-walk,2,avg_success,0,0.0
7156,WarpSAC-L,dog-walk,2,avg_success,50000,0.0
7157,WarpSAC-L,dog-walk,2,avg_success,100000,0.0
7158,WarpSAC-L,dog-walk,2,avg_success,150000,0.0
7159,WarpSAC-L,dog-walk,2,avg_success,200000,0.0
7160,WarpSAC-L,dog-walk,2,avg_success,250000,0.0
7161,WarpSAC-L,dog-walk,2,avg_success,300000,0.0
7162,WarpSAC-L,dog-walk,2,avg_success,350000,0.0
7163,WarpSAC-L,dog-walk,2,avg_success,400000,0.0
7164,WarpSAC-L,dog-walk,2,avg_success,450000,0.0
7165,WarpSAC-L,dog-walk,2,avg_success,500000,0.0
7166,WarpSAC-L,dog-walk,2,avg_success,550000,0.0
7167,WarpSAC-L,dog-walk,2,avg_success,600000,0.0
7168,WarpSAC-L,dog-walk,2,avg_success,650000,0.0
7169,WarpSAC-L,dog-walk,2,avg_success,700000,0.0
7170,WarpSAC-L,dog-walk,2,avg_success,750000,0.0
7171,WarpSAC-L,dog-walk,2,avg_success,800000,0.0
7172,WarpSAC-L,dog-walk,2,avg_success,850000,0.0
7173,WarpSAC-L,dog-walk,2,avg_success,900000,0.0
7174,WarpSAC-L,dog-walk,2,avg_success,950000,0.0
7175,WarpSAC-L,dog-walk,2,avg_success,1000000,0.0
7176,WarpSAC-L,dog-walk,3,avg_return,0,7.7205
7177,WarpSAC-L,dog-walk,3,avg_return,50000,85.1893
7178,WarpSAC-L,dog-walk,3,avg_return,100000,196.7236
7179,WarpSAC-L,dog-walk,3,avg_return,150000,324.6759
7180,WarpSAC-L,dog-walk,3,avg_return,200000,439.6655
7181,WarpSAC-L,dog-walk,3,avg_return,250000,549.8247
7182,WarpSAC-L,dog-walk,3,avg_return,300000,661.2575
7183,WarpSAC-L,dog-walk,3,avg_return,350000,799.5467
7184,WarpSAC-L,dog-walk,3,avg_return,400000,890.0286
7185,WarpSAC-L,dog-walk,3,avg_return,450000,860.4231
7186,WarpSAC-L,dog-walk,3,avg_return,500000,924.5562
7187,WarpSAC-L,dog-walk,3,avg_return,550000,930.4327
7188,WarpSAC-L,dog-walk,3,avg_return,600000,943.883
7189,WarpSAC-L,dog-walk,3,avg_return,650000,941.5927
7190,WarpSAC-L,dog-walk,3,avg_return,700000,948.6677
7191,WarpSAC-L,dog-walk,3,avg_return,750000,945.6122
7192,WarpSAC-L,dog-walk,3,avg_return,800000,955.3018
7193,WarpSAC-L,dog-walk,3,avg_return,850000,945.846
7194,WarpSAC-L,dog-walk,3,avg_return,900000,951.2944
7195,WarpSAC-L,dog-walk,3,avg_return,950000,956.6719
7196,WarpSAC-L,dog-walk,3,avg_return,1000000,961.6147
7197,WarpSAC-L,dog-walk,3,avg_success,0,0.0
7198,WarpSAC-L,dog-walk,3,avg_success,50000,0.0
7199,WarpSAC-L,dog-walk,3,avg_success,100000,0.0
7200,WarpSAC-L,dog-walk,3,avg_success,150000,0.0
7201,WarpSAC-L,dog-walk,3,avg_success,200000,0.0
7202,WarpSAC-L,dog-walk,3,avg_success,250000,0.0
7203,WarpSAC-L,dog-walk,3,avg_success,300000,0.0
7204,WarpSAC-L,dog-walk,3,avg_success,350000,0.0
7205,WarpSAC-L,dog-walk,3,avg_success,400000,0.0
7206,WarpSAC-L,dog-walk,3,avg_success,450000,0.0
7207,WarpSAC-L,dog-walk,3,avg_success,500000,0.0
7208,WarpSAC-L,dog-walk,3,avg_success,550000,0.0
7209,WarpSAC-L,dog-walk,3,avg_success,600000,0.0
7210,WarpSAC-L,dog-walk,3,avg_success,650000,0.0
7211,WarpSAC-L,dog-walk,3,avg_success,700000,0.0
7212,WarpSAC-L,dog-walk,3,avg_success,750000,0.0
7213,WarpSAC-L,dog-walk,3,avg_success,800000,0.0
7214,WarpSAC-L,dog-walk,3,avg_success,850000,0.0
7215,WarpSAC-L,dog-walk,3,avg_success,900000,0.0
7216,WarpSAC-L,dog-walk,3,avg_success,950000,0.0
7217,WarpSAC-L,dog-walk,3,avg_success,1000000,0.0
7218,WarpSAC-L,dog-walk,4,avg_return,0,8.2206
7219,WarpSAC-L,dog-walk,4,avg_return,50000,88.2843
7220,WarpSAC-L,dog-walk,4,avg_return,100000,211.5484
7221,WarpSAC-L,dog-walk,4,avg_return,150000,325.3485
7222,WarpSAC-L,dog-walk,4,avg_return,200000,385.0044
7223,WarpSAC-L,dog-walk,4,avg_return,250000,497.6556
7224,WarpSAC-L,dog-walk,4,avg_return,300000,564.1263
7225,WarpSAC-L,dog-walk,4,avg_return,350000,733.4487
7226,WarpSAC-L,dog-walk,4,avg_return,400000,816.7415
7227,WarpSAC-L,dog-walk,4,avg_return,450000,898.0445
7228,WarpSAC-L,dog-walk,4,avg_return,500000,916.1326
7229,WarpSAC-L,dog-walk,4,avg_return,550000,936.9733
7230,WarpSAC-L,dog-walk,4,avg_return,600000,916.4034
7231,WarpSAC-L,dog-walk,4,avg_return,650000,943.1732
7232,WarpSAC-L,dog-walk,4,avg_return,700000,955.1373
7233,WarpSAC-L,dog-walk,4,avg_return,750000,952.6029
7234,WarpSAC-L,dog-walk,4,avg_return,800000,955.6037
7235,WarpSAC-L,dog-walk,4,avg_return,850000,958.0366
7236,WarpSAC-L,dog-walk,4,avg_return,900000,959.5645
7237,WarpSAC-L,dog-walk,4,avg_return,950000,958.3836
7238,WarpSAC-L,dog-walk,4,avg_return,1000000,958.8726
7239,WarpSAC-L,dog-walk,4,avg_success,0,0.0
7240,WarpSAC-L,dog-walk,4,avg_success,50000,0.0
7241,WarpSAC-L,dog-walk,4,avg_success,100000,0.0
7242,WarpSAC-L,dog-walk,4,avg_success,150000,0.0
7243,WarpSAC-L,dog-walk,4,avg_success,200000,0.0
7244,WarpSAC-L,dog-walk,4,avg_success,250000,0.0
7245,WarpSAC-L,dog-walk,4,avg_success,300000,0.0
7246,WarpSAC-L,dog-walk,4,avg_success,350000,0.0
7247,WarpSAC-L,dog-walk,4,avg_success,400000,0.0
7248,WarpSAC-L,dog-walk,4,avg_success,450000,0.0
7249,WarpSAC-L,dog-walk,4,avg_success,500000,0.0
7250,WarpSAC-L,dog-walk,4,avg_success,550000,0.0
7251,WarpSAC-L,dog-walk,4,avg_success,600000,0.0
7252,WarpSAC-L,dog-walk,4,avg_success,650000,0.0
7253,WarpSAC-L,dog-walk,4,avg_success,700000,0.0
7254,WarpSAC-L,dog-walk,4,avg_success,750000,0.0
7255,WarpSAC-L,dog-walk,4,avg_success,800000,0.0
7256,WarpSAC-L,dog-walk,4,avg_success,850000,0.0
7257,WarpSAC-L,dog-walk,4,avg_success,900000,0.0
7258,WarpSAC-L,dog-walk,4,avg_success,950000,0.0
7259,WarpSAC-L,dog-walk,4,avg_success,1000000,0.0
7260,WarpSAC-L,dog-walk,5,avg_return,0,7.5697
7261,WarpSAC-L,dog-walk,5,avg_return,50000,83.3636
7262,WarpSAC-L,dog-walk,5,avg_return,100000,180.7575
7263,WarpSAC-L,dog-walk,5,avg_return,150000,399.8119
7264,WarpSAC-L,dog-walk,5,avg_return,200000,480.4979
7265,WarpSAC-L,dog-walk,5,avg_return,250000,611.4314
7266,WarpSAC-L,dog-walk,5,avg_return,300000,753.8166
7267,WarpSAC-L,dog-walk,5,avg_return,350000,814.9681
7268,WarpSAC-L,dog-walk,5,avg_return,400000,915.0751
7269,WarpSAC-L,dog-walk,5,avg_return,450000,928.897
7270,WarpSAC-L,dog-walk,5,avg_return,500000,935.5305
7271,WarpSAC-L,dog-walk,5,avg_return,550000,933.5422
7272,WarpSAC-L,dog-walk,5,avg_return,600000,950.2989
7273,WarpSAC-L,dog-walk,5,avg_return,650000,947.2267
7274,WarpSAC-L,dog-walk,5,avg_return,700000,951.7335
7275,WarpSAC-L,dog-walk,5,avg_return,750000,925.9762
7276,WarpSAC-L,dog-walk,5,avg_return,800000,949.1579
7277,WarpSAC-L,dog-walk,5,avg_return,850000,942.4503
7278,WarpSAC-L,dog-walk,5,avg_return,900000,954.3034
7279,WarpSAC-L,dog-walk,5,avg_return,950000,961.0478
7280,WarpSAC-L,dog-walk,5,avg_return,1000000,954.863
7281,WarpSAC-L,dog-walk,5,avg_success,0,0.0
7282,WarpSAC-L,dog-walk,5,avg_success,50000,0.0
7283,WarpSAC-L,dog-walk,5,avg_success,100000,0.0
7284,WarpSAC-L,dog-walk,5,avg_success,150000,0.0
7285,WarpSAC-L,dog-walk,5,avg_success,200000,0.0
7286,WarpSAC-L,dog-walk,5,avg_success,250000,0.0
7287,WarpSAC-L,dog-walk,5,avg_success,300000,0.0
7288,WarpSAC-L,dog-walk,5,avg_success,350000,0.0
7289,WarpSAC-L,dog-walk,5,avg_success,400000,0.0
7290,WarpSAC-L,dog-walk,5,avg_success,450000,0.0
7291,WarpSAC-L,dog-walk,5,avg_success,500000,0.0
7292,WarpSAC-L,dog-walk,5,avg_success,550000,0.0
7293,WarpSAC-L,dog-walk,5,avg_success,600000,0.0
7294,WarpSAC-L,dog-walk,5,avg_success,650000,0.0
7295,WarpSAC-L,dog-walk,5,avg_success,700000,0.0
7296,WarpSAC-L,dog-walk,5,avg_success,750000,0.0
7297,WarpSAC-L,dog-walk,5,avg_success,800000,0.0
7298,WarpSAC-L,dog-walk,5,avg_success,850000,0.0
7299,WarpSAC-L,dog-walk,5,avg_success,900000,0.0
7300,WarpSAC-L,dog-walk,5,avg_success,950000,0.0
7301,WarpSAC-L,dog-walk,5,avg_success,1000000,0.0
7302,WarpSAC-L,h1-balance_hard-v0,1,avg_return,0,8.7108
7303,WarpSAC-L,h1-balance_hard-v0,1,avg_return,50000,42.4953
7304,WarpSAC-L,h1-balance_hard-v0,1,avg_return,100000,62.135
7305,WarpSAC-L,h1-balance_hard-v0,1,avg_return,150000,72.4817
7306,WarpSAC-L,h1-balance_hard-v0,1,avg_return,200000,75.5725
7307,WarpSAC-L,h1-balance_hard-v0,1,avg_return,250000,82.6915
7308,WarpSAC-L,h1-balance_hard-v0,1,avg_return,300000,86.9902
7309,WarpSAC-L,h1-balance_hard-v0,1,avg_return,350000,106.1456
7310,WarpSAC-L,h1-balance_hard-v0,1,avg_return,400000,118.3014
7311,WarpSAC-L,h1-balance_hard-v0,1,avg_return,450000,124.7521
7312,WarpSAC-L,h1-balance_hard-v0,1,avg_return,500000,115.8053
7313,WarpSAC-L,h1-balance_hard-v0,1,avg_return,550000,131.4247
7314,WarpSAC-L,h1-balance_hard-v0,1,avg_return,600000,135.2977
7315,WarpSAC-L,h1-balance_hard-v0,1,avg_return,650000,143.9539
7316,WarpSAC-L,h1-balance_hard-v0,1,avg_return,700000,164.853
7317,WarpSAC-L,h1-balance_hard-v0,1,avg_return,750000,169.5477
7318,WarpSAC-L,h1-balance_hard-v0,1,avg_return,800000,159.0143
7319,WarpSAC-L,h1-balance_hard-v0,1,avg_return,850000,193.8465
7320,WarpSAC-L,h1-balance_hard-v0,1,avg_return,900000,159.266
7321,WarpSAC-L,h1-balance_hard-v0,1,avg_return,950000,234.8982
7322,WarpSAC-L,h1-balance_hard-v0,1,avg_return,1000000,202.4773
7323,WarpSAC-L,h1-balance_hard-v0,1,avg_success,0,0.0
7324,WarpSAC-L,h1-balance_hard-v0,1,avg_success,50000,0.0
7325,WarpSAC-L,h1-balance_hard-v0,1,avg_success,100000,0.0
7326,WarpSAC-L,h1-balance_hard-v0,1,avg_success,150000,0.0
7327,WarpSAC-L,h1-balance_hard-v0,1,avg_success,200000,0.0
7328,WarpSAC-L,h1-balance_hard-v0,1,avg_success,250000,0.0
7329,WarpSAC-L,h1-balance_hard-v0,1,avg_success,300000,0.0
7330,WarpSAC-L,h1-balance_hard-v0,1,avg_success,350000,0.0
7331,WarpSAC-L,h1-balance_hard-v0,1,avg_success,400000,0.0
7332,WarpSAC-L,h1-balance_hard-v0,1,avg_success,450000,0.0
7333,WarpSAC-L,h1-balance_hard-v0,1,avg_success,500000,0.0
7334,WarpSAC-L,h1-balance_hard-v0,1,avg_success,550000,0.0
7335,WarpSAC-L,h1-balance_hard-v0,1,avg_success,600000,0.0
7336,WarpSAC-L,h1-balance_hard-v0,1,avg_success,650000,0.0
7337,WarpSAC-L,h1-balance_hard-v0,1,avg_success,700000,0.0
7338,WarpSAC-L,h1-balance_hard-v0,1,avg_success,750000,0.0
7339,WarpSAC-L,h1-balance_hard-v0,1,avg_success,800000,0.0
7340,WarpSAC-L,h1-balance_hard-v0,1,avg_success,850000,0.0
7341,WarpSAC-L,h1-balance_hard-v0,1,avg_success,900000,0.0
7342,WarpSAC-L,h1-balance_hard-v0,1,avg_success,950000,0.0
7343,WarpSAC-L,h1-balance_hard-v0,1,avg_success,1000000,0.0
7344,WarpSAC-L,h1-balance_hard-v0,2,avg_return,0,9.2853
7345,WarpSAC-L,h1-balance_hard-v0,2,avg_return,50000,44.74
7346,WarpSAC-L,h1-balance_hard-v0,2,avg_return,100000,50.6094
7347,WarpSAC-L,h1-balance_hard-v0,2,avg_return,150000,51.6656
7348,WarpSAC-L,h1-balance_hard-v0,2,avg_return,200000,77.2695
7349,WarpSAC-L,h1-balance_hard-v0,2,avg_return,250000,80.0399
7350,WarpSAC-L,h1-balance_hard-v0,2,avg_return,300000,88.2137
7351,WarpSAC-L,h1-balance_hard-v0,2,avg_return,350000,92.9718
7352,WarpSAC-L,h1-balance_hard-v0,2,avg_return,400000,106.7183
7353,WarpSAC-L,h1-balance_hard-v0,2,avg_return,450000,120.1025
7354,WarpSAC-L,h1-balance_hard-v0,2,avg_return,500000,110.5959
7355,WarpSAC-L,h1-balance_hard-v0,2,avg_return,550000,127.1686
7356,WarpSAC-L,h1-balance_hard-v0,2,avg_return,600000,131.2687
7357,WarpSAC-L,h1-balance_hard-v0,2,avg_return,650000,123.6989
7358,WarpSAC-L,h1-balance_hard-v0,2,avg_return,700000,145.2081
7359,WarpSAC-L,h1-balance_hard-v0,2,avg_return,750000,174.5548
7360,WarpSAC-L,h1-balance_hard-v0,2,avg_return,800000,184.2336
7361,WarpSAC-L,h1-balance_hard-v0,2,avg_return,850000,164.9454
7362,WarpSAC-L,h1-balance_hard-v0,2,avg_return,900000,189.7531
7363,WarpSAC-L,h1-balance_hard-v0,2,avg_return,950000,282.9896
7364,WarpSAC-L,h1-balance_hard-v0,2,avg_return,1000000,276.4352
7365,WarpSAC-L,h1-balance_hard-v0,2,avg_success,0,0.0
7366,WarpSAC-L,h1-balance_hard-v0,2,avg_success,50000,0.0
7367,WarpSAC-L,h1-balance_hard-v0,2,avg_success,100000,0.0
7368,WarpSAC-L,h1-balance_hard-v0,2,avg_success,150000,0.0
7369,WarpSAC-L,h1-balance_hard-v0,2,avg_success,200000,0.0
7370,WarpSAC-L,h1-balance_hard-v0,2,avg_success,250000,0.0
7371,WarpSAC-L,h1-balance_hard-v0,2,avg_success,300000,0.0
7372,WarpSAC-L,h1-balance_hard-v0,2,avg_success,350000,0.0
7373,WarpSAC-L,h1-balance_hard-v0,2,avg_success,400000,0.0
7374,WarpSAC-L,h1-balance_hard-v0,2,avg_success,450000,0.0
7375,WarpSAC-L,h1-balance_hard-v0,2,avg_success,500000,0.0
7376,WarpSAC-L,h1-balance_hard-v0,2,avg_success,550000,0.0
7377,WarpSAC-L,h1-balance_hard-v0,2,avg_success,600000,0.0
7378,WarpSAC-L,h1-balance_hard-v0,2,avg_success,650000,0.0
7379,WarpSAC-L,h1-balance_hard-v0,2,avg_success,700000,0.0
7380,WarpSAC-L,h1-balance_hard-v0,2,avg_success,750000,0.0
7381,WarpSAC-L,h1-balance_hard-v0,2,avg_success,800000,0.0
7382,WarpSAC-L,h1-balance_hard-v0,2,avg_success,850000,0.0
7383,WarpSAC-L,h1-balance_hard-v0,2,avg_success,900000,0.0
7384,WarpSAC-L,h1-balance_hard-v0,2,avg_success,950000,0.0
7385,WarpSAC-L,h1-balance_hard-v0,2,avg_success,1000000,0.0
7386,WarpSAC-L,h1-balance_hard-v0,3,avg_return,0,10.9468
7387,WarpSAC-L,h1-balance_hard-v0,3,avg_return,50000,45.23
7388,WarpSAC-L,h1-balance_hard-v0,3,avg_return,100000,53.0076
7389,WarpSAC-L,h1-balance_hard-v0,3,avg_return,150000,55.8499
7390,WarpSAC-L,h1-balance_hard-v0,3,avg_return,200000,57.0587
7391,WarpSAC-L,h1-balance_hard-v0,3,avg_return,250000,80.2958
7392,WarpSAC-L,h1-balance_hard-v0,3,avg_return,300000,87.9025
7393,WarpSAC-L,h1-balance_hard-v0,3,avg_return,350000,96.7318
7394,WarpSAC-L,h1-balance_hard-v0,3,avg_return,400000,109.1271
7395,WarpSAC-L,h1-balance_hard-v0,3,avg_return,450000,114.6366
7396,WarpSAC-L,h1-balance_hard-v0,3,avg_return,500000,114.0168
7397,WarpSAC-L,h1-balance_hard-v0,3,avg_return,550000,115.0446
7398,WarpSAC-L,h1-balance_hard-v0,3,avg_return,600000,115.1287
7399,WarpSAC-L,h1-balance_hard-v0,3,avg_return,650000,124.9905
7400,WarpSAC-L,h1-balance_hard-v0,3,avg_return,700000,149.6541
7401,WarpSAC-L,h1-balance_hard-v0,3,avg_return,750000,160.6639
7402,WarpSAC-L,h1-balance_hard-v0,3,avg_return,800000,191.6263
7403,WarpSAC-L,h1-balance_hard-v0,3,avg_return,850000,195.823
7404,WarpSAC-L,h1-balance_hard-v0,3,avg_return,900000,186.3573
7405,WarpSAC-L,h1-balance_hard-v0,3,avg_return,950000,269.5725
7406,WarpSAC-L,h1-balance_hard-v0,3,avg_return,1000000,215.4509
7407,WarpSAC-L,h1-balance_hard-v0,3,avg_success,0,0.0
7408,WarpSAC-L,h1-balance_hard-v0,3,avg_success,50000,0.0
7409,WarpSAC-L,h1-balance_hard-v0,3,avg_success,100000,0.0
7410,WarpSAC-L,h1-balance_hard-v0,3,avg_success,150000,0.0
7411,WarpSAC-L,h1-balance_hard-v0,3,avg_success,200000,0.0
7412,WarpSAC-L,h1-balance_hard-v0,3,avg_success,250000,0.0
7413,WarpSAC-L,h1-balance_hard-v0,3,avg_success,300000,0.0
7414,WarpSAC-L,h1-balance_hard-v0,3,avg_success,350000,0.0
7415,WarpSAC-L,h1-balance_hard-v0,3,avg_success,400000,0.0
7416,WarpSAC-L,h1-balance_hard-v0,3,avg_success,450000,0.0
7417,WarpSAC-L,h1-balance_hard-v0,3,avg_success,500000,0.0
7418,WarpSAC-L,h1-balance_hard-v0,3,avg_success,550000,0.0
7419,WarpSAC-L,h1-balance_hard-v0,3,avg_success,600000,0.0
7420,WarpSAC-L,h1-balance_hard-v0,3,avg_success,650000,0.0
7421,WarpSAC-L,h1-balance_hard-v0,3,avg_success,700000,0.0
7422,WarpSAC-L,h1-balance_hard-v0,3,avg_success,750000,0.0
7423,WarpSAC-L,h1-balance_hard-v0,3,avg_success,800000,0.0
7424,WarpSAC-L,h1-balance_hard-v0,3,avg_success,850000,0.0
7425,WarpSAC-L,h1-balance_hard-v0,3,avg_success,900000,0.0
7426,WarpSAC-L,h1-balance_hard-v0,3,avg_success,950000,0.0
7427,WarpSAC-L,h1-balance_hard-v0,3,avg_success,1000000,0.0
7428,WarpSAC-L,h1-balance_hard-v0,4,avg_return,0,9.4808
7429,WarpSAC-L,h1-balance_hard-v0,4,avg_return,50000,44.8226
7430,WarpSAC-L,h1-balance_hard-v0,4,avg_return,100000,54.4137
7431,WarpSAC-L,h1-balance_hard-v0,4,avg_return,150000,67.006
7432,WarpSAC-L,h1-balance_hard-v0,4,avg_return,200000,69.04
7433,WarpSAC-L,h1-balance_hard-v0,4,avg_return,250000,84.5174
7434,WarpSAC-L,h1-balance_hard-v0,4,avg_return,300000,96.3899
7435,WarpSAC-L,h1-balance_hard-v0,4,avg_return,350000,94.1256
7436,WarpSAC-L,h1-balance_hard-v0,4,avg_return,400000,94.3769
7437,WarpSAC-L,h1-balance_hard-v0,4,avg_return,450000,105.458
7438,WarpSAC-L,h1-balance_hard-v0,4,avg_return,500000,119.3771
7439,WarpSAC-L,h1-balance_hard-v0,4,avg_return,550000,117.9206
7440,WarpSAC-L,h1-balance_hard-v0,4,avg_return,600000,117.9354
7441,WarpSAC-L,h1-balance_hard-v0,4,avg_return,650000,131.1999
7442,WarpSAC-L,h1-balance_hard-v0,4,avg_return,700000,149.3415
7443,WarpSAC-L,h1-balance_hard-v0,4,avg_return,750000,161.7455
7444,WarpSAC-L,h1-balance_hard-v0,4,avg_return,800000,147.2769
7445,WarpSAC-L,h1-balance_hard-v0,4,avg_return,850000,181.6293
7446,WarpSAC-L,h1-balance_hard-v0,4,avg_return,900000,170.379
7447,WarpSAC-L,h1-balance_hard-v0,4,avg_return,950000,193.9916
7448,WarpSAC-L,h1-balance_hard-v0,4,avg_return,1000000,187.3422
7449,WarpSAC-L,h1-balance_hard-v0,4,avg_success,0,0.0
7450,WarpSAC-L,h1-balance_hard-v0,4,avg_success,50000,0.0
7451,WarpSAC-L,h1-balance_hard-v0,4,avg_success,100000,0.0
7452,WarpSAC-L,h1-balance_hard-v0,4,avg_success,150000,0.0
7453,WarpSAC-L,h1-balance_hard-v0,4,avg_success,200000,0.0
7454,WarpSAC-L,h1-balance_hard-v0,4,avg_success,250000,0.0
7455,WarpSAC-L,h1-balance_hard-v0,4,avg_success,300000,0.0
7456,WarpSAC-L,h1-balance_hard-v0,4,avg_success,350000,0.0
7457,WarpSAC-L,h1-balance_hard-v0,4,avg_success,400000,0.0
7458,WarpSAC-L,h1-balance_hard-v0,4,avg_success,450000,0.0
7459,WarpSAC-L,h1-balance_hard-v0,4,avg_success,500000,0.0
7460,WarpSAC-L,h1-balance_hard-v0,4,avg_success,550000,0.0
7461,WarpSAC-L,h1-balance_hard-v0,4,avg_success,600000,0.0
7462,WarpSAC-L,h1-balance_hard-v0,4,avg_success,650000,0.0
7463,WarpSAC-L,h1-balance_hard-v0,4,avg_success,700000,0.0
7464,WarpSAC-L,h1-balance_hard-v0,4,avg_success,750000,0.0
7465,WarpSAC-L,h1-balance_hard-v0,4,avg_success,800000,0.0
7466,WarpSAC-L,h1-balance_hard-v0,4,avg_success,850000,0.0
7467,WarpSAC-L,h1-balance_hard-v0,4,avg_success,900000,0.0
7468,WarpSAC-L,h1-balance_hard-v0,4,avg_success,950000,0.0
7469,WarpSAC-L,h1-balance_hard-v0,4,avg_success,1000000,0.0
7470,WarpSAC-L,h1-balance_hard-v0,5,avg_return,0,8.6603
7471,WarpSAC-L,h1-balance_hard-v0,5,avg_return,50000,45.027
7472,WarpSAC-L,h1-balance_hard-v0,5,avg_return,100000,51.1729
7473,WarpSAC-L,h1-balance_hard-v0,5,avg_return,150000,59.8309
7474,WarpSAC-L,h1-balance_hard-v0,5,avg_return,200000,52.5743
7475,WarpSAC-L,h1-balance_hard-v0,5,avg_return,250000,79.3314
7476,WarpSAC-L,h1-balance_hard-v0,5,avg_return,300000,93.0713
7477,WarpSAC-L,h1-balance_hard-v0,5,avg_return,350000,97.1819
7478,WarpSAC-L,h1-balance_hard-v0,5,avg_return,400000,114.1677
7479,WarpSAC-L,h1-balance_hard-v0,5,avg_return,450000,112.628
7480,WarpSAC-L,h1-balance_hard-v0,5,avg_return,500000,117.1247
7481,WarpSAC-L,h1-balance_hard-v0,5,avg_return,550000,120.9576
7482,WarpSAC-L,h1-balance_hard-v0,5,avg_return,600000,134.145
7483,WarpSAC-L,h1-balance_hard-v0,5,avg_return,650000,167.5653
7484,WarpSAC-L,h1-balance_hard-v0,5,avg_return,700000,188.8864
7485,WarpSAC-L,h1-balance_hard-v0,5,avg_return,750000,171.5514
7486,WarpSAC-L,h1-balance_hard-v0,5,avg_return,800000,194.7095
7487,WarpSAC-L,h1-balance_hard-v0,5,avg_return,850000,224.2729
7488,WarpSAC-L,h1-balance_hard-v0,5,avg_return,900000,228.6162
7489,WarpSAC-L,h1-balance_hard-v0,5,avg_return,950000,298.2338
7490,WarpSAC-L,h1-balance_hard-v0,5,avg_return,1000000,264.2321
7491,WarpSAC-L,h1-balance_hard-v0,5,avg_success,0,0.0
7492,WarpSAC-L,h1-balance_hard-v0,5,avg_success,50000,0.0
7493,WarpSAC-L,h1-balance_hard-v0,5,avg_success,100000,0.0
7494,WarpSAC-L,h1-balance_hard-v0,5,avg_success,150000,0.0
7495,WarpSAC-L,h1-balance_hard-v0,5,avg_success,200000,0.0
7496,WarpSAC-L,h1-balance_hard-v0,5,avg_success,250000,0.0
7497,WarpSAC-L,h1-balance_hard-v0,5,avg_success,300000,0.0
7498,WarpSAC-L,h1-balance_hard-v0,5,avg_success,350000,0.0
7499,WarpSAC-L,h1-balance_hard-v0,5,avg_success,400000,0.0
7500,WarpSAC-L,h1-balance_hard-v0,5,avg_success,450000,0.0
7501,WarpSAC-L,h1-balance_hard-v0,5,avg_success,500000,0.0
7502,WarpSAC-L,h1-balance_hard-v0,5,avg_success,550000,0.0
7503,WarpSAC-L,h1-balance_hard-v0,5,avg_success,600000,0.0
7504,WarpSAC-L,h1-balance_hard-v0,5,avg_success,650000,0.0
7505,WarpSAC-L,h1-balance_hard-v0,5,avg_success,700000,0.0
7506,WarpSAC-L,h1-balance_hard-v0,5,avg_success,750000,0.0
7507,WarpSAC-L,h1-balance_hard-v0,5,avg_success,800000,0.0
7508,WarpSAC-L,h1-balance_hard-v0,5,avg_success,850000,0.0
7509,WarpSAC-L,h1-balance_hard-v0,5,avg_success,900000,0.0
7510,WarpSAC-L,h1-balance_hard-v0,5,avg_success,950000,0.0
7511,WarpSAC-L,h1-balance_hard-v0,5,avg_success,1000000,0.0
7512,WarpSAC-L,h1-balance_simple-v0,1,avg_return,0,9.4308
7513,WarpSAC-L,h1-balance_simple-v0,1,avg_return,50000,54.9651
7514,WarpSAC-L,h1-balance_simple-v0,1,avg_return,100000,116.9702
7515,WarpSAC-L,h1-balance_simple-v0,1,avg_return,150000,169.3015
7516,WarpSAC-L,h1-balance_simple-v0,1,avg_return,200000,192.79
7517,WarpSAC-L,h1-balance_simple-v0,1,avg_return,250000,272.4281
7518,WarpSAC-L,h1-balance_simple-v0,1,avg_return,300000,318.87
7519,WarpSAC-L,h1-balance_simple-v0,1,avg_return,350000,353.8041
7520,WarpSAC-L,h1-balance_simple-v0,1,avg_return,400000,444.7905
7521,WarpSAC-L,h1-balance_simple-v0,1,avg_return,450000,695.5493
7522,WarpSAC-L,h1-balance_simple-v0,1,avg_return,500000,662.8766
7523,WarpSAC-L,h1-balance_simple-v0,1,avg_return,550000,456.6618
7524,WarpSAC-L,h1-balance_simple-v0,1,avg_return,600000,734.2977
7525,WarpSAC-L,h1-balance_simple-v0,1,avg_return,650000,801.4225
7526,WarpSAC-L,h1-balance_simple-v0,1,avg_return,700000,745.7841
7527,WarpSAC-L,h1-balance_simple-v0,1,avg_return,750000,832.8174
7528,WarpSAC-L,h1-balance_simple-v0,1,avg_return,800000,561.189
7529,WarpSAC-L,h1-balance_simple-v0,1,avg_return,850000,796.3818
7530,WarpSAC-L,h1-balance_simple-v0,1,avg_return,900000,780.7387
7531,WarpSAC-L,h1-balance_simple-v0,1,avg_return,950000,789.5599
7532,WarpSAC-L,h1-balance_simple-v0,1,avg_return,1000000,861.0841
7533,WarpSAC-L,h1-balance_simple-v0,1,avg_success,0,0.0
7534,WarpSAC-L,h1-balance_simple-v0,1,avg_success,50000,0.0
7535,WarpSAC-L,h1-balance_simple-v0,1,avg_success,100000,0.0
7536,WarpSAC-L,h1-balance_simple-v0,1,avg_success,150000,0.0
7537,WarpSAC-L,h1-balance_simple-v0,1,avg_success,200000,0.0
7538,WarpSAC-L,h1-balance_simple-v0,1,avg_success,250000,0.0
7539,WarpSAC-L,h1-balance_simple-v0,1,avg_success,300000,0.0
7540,WarpSAC-L,h1-balance_simple-v0,1,avg_success,350000,0.0
7541,WarpSAC-L,h1-balance_simple-v0,1,avg_success,400000,0.0
7542,WarpSAC-L,h1-balance_simple-v0,1,avg_success,450000,0.0
7543,WarpSAC-L,h1-balance_simple-v0,1,avg_success,500000,0.0
7544,WarpSAC-L,h1-balance_simple-v0,1,avg_success,550000,0.0
7545,WarpSAC-L,h1-balance_simple-v0,1,avg_success,600000,0.0
7546,WarpSAC-L,h1-balance_simple-v0,1,avg_success,650000,0.0
7547,WarpSAC-L,h1-balance_simple-v0,1,avg_success,700000,0.0
7548,WarpSAC-L,h1-balance_simple-v0,1,avg_success,750000,0.0
7549,WarpSAC-L,h1-balance_simple-v0,1,avg_success,800000,0.0
7550,WarpSAC-L,h1-balance_simple-v0,1,avg_success,850000,0.0
7551,WarpSAC-L,h1-balance_simple-v0,1,avg_success,900000,0.0
7552,WarpSAC-L,h1-balance_simple-v0,1,avg_success,950000,0.0
7553,WarpSAC-L,h1-balance_simple-v0,1,avg_success,1000000,0.0
7554,WarpSAC-L,h1-balance_simple-v0,2,avg_return,0,10.3832
7555,WarpSAC-L,h1-balance_simple-v0,2,avg_return,50000,68.3172
7556,WarpSAC-L,h1-balance_simple-v0,2,avg_return,100000,110.0833
7557,WarpSAC-L,h1-balance_simple-v0,2,avg_return,150000,128.7138
7558,WarpSAC-L,h1-balance_simple-v0,2,avg_return,200000,170.0747
7559,WarpSAC-L,h1-balance_simple-v0,2,avg_return,250000,216.1365
7560,WarpSAC-L,h1-balance_simple-v0,2,avg_return,300000,170.4061
7561,WarpSAC-L,h1-balance_simple-v0,2,avg_return,350000,279.671
7562,WarpSAC-L,h1-balance_simple-v0,2,avg_return,400000,404.3387
7563,WarpSAC-L,h1-balance_simple-v0,2,avg_return,450000,280.152
7564,WarpSAC-L,h1-balance_simple-v0,2,avg_return,500000,448.8496
7565,WarpSAC-L,h1-balance_simple-v0,2,avg_return,550000,535.2541
7566,WarpSAC-L,h1-balance_simple-v0,2,avg_return,600000,522.3384
7567,WarpSAC-L,h1-balance_simple-v0,2,avg_return,650000,451.7889
7568,WarpSAC-L,h1-balance_simple-v0,2,avg_return,700000,814.4119
7569,WarpSAC-L,h1-balance_simple-v0,2,avg_return,750000,827.113
7570,WarpSAC-L,h1-balance_simple-v0,2,avg_return,800000,729.9479
7571,WarpSAC-L,h1-balance_simple-v0,2,avg_return,850000,551.5696
7572,WarpSAC-L,h1-balance_simple-v0,2,avg_return,900000,860.6846
7573,WarpSAC-L,h1-balance_simple-v0,2,avg_return,950000,815.5295
7574,WarpSAC-L,h1-balance_simple-v0,2,avg_return,1000000,581.5807
7575,WarpSAC-L,h1-balance_simple-v0,2,avg_success,0,0.0
7576,WarpSAC-L,h1-balance_simple-v0,2,avg_success,50000,0.0
7577,WarpSAC-L,h1-balance_simple-v0,2,avg_success,100000,0.0
7578,WarpSAC-L,h1-balance_simple-v0,2,avg_success,150000,0.0
7579,WarpSAC-L,h1-balance_simple-v0,2,avg_success,200000,0.0
7580,WarpSAC-L,h1-balance_simple-v0,2,avg_success,250000,0.0
7581,WarpSAC-L,h1-balance_simple-v0,2,avg_success,300000,0.0
7582,WarpSAC-L,h1-balance_simple-v0,2,avg_success,350000,0.0
7583,WarpSAC-L,h1-balance_simple-v0,2,avg_success,400000,0.0
7584,WarpSAC-L,h1-balance_simple-v0,2,avg_success,450000,0.0
7585,WarpSAC-L,h1-balance_simple-v0,2,avg_success,500000,0.0
7586,WarpSAC-L,h1-balance_simple-v0,2,avg_success,550000,0.0
7587,WarpSAC-L,h1-balance_simple-v0,2,avg_success,600000,0.0
7588,WarpSAC-L,h1-balance_simple-v0,2,avg_success,650000,0.0
7589,WarpSAC-L,h1-balance_simple-v0,2,avg_success,700000,0.0
7590,WarpSAC-L,h1-balance_simple-v0,2,avg_success,750000,0.0
7591,WarpSAC-L,h1-balance_simple-v0,2,avg_success,800000,0.0
7592,WarpSAC-L,h1-balance_simple-v0,2,avg_success,850000,0.0
7593,WarpSAC-L,h1-balance_simple-v0,2,avg_success,900000,0.0
7594,WarpSAC-L,h1-balance_simple-v0,2,avg_success,950000,0.0
7595,WarpSAC-L,h1-balance_simple-v0,2,avg_success,1000000,0.0
7596,WarpSAC-L,h1-balance_simple-v0,3,avg_return,0,9.045
7597,WarpSAC-L,h1-balance_simple-v0,3,avg_return,50000,61.5602
7598,WarpSAC-L,h1-balance_simple-v0,3,avg_return,100000,134.8855
7599,WarpSAC-L,h1-balance_simple-v0,3,avg_return,150000,153.5321
7600,WarpSAC-L,h1-balance_simple-v0,3,avg_return,200000,281.423
7601,WarpSAC-L,h1-balance_simple-v0,3,avg_return,250000,322.5763
7602,WarpSAC-L,h1-balance_simple-v0,3,avg_return,300000,561.1154
7603,WarpSAC-L,h1-balance_simple-v0,3,avg_return,350000,444.265
7604,WarpSAC-L,h1-balance_simple-v0,3,avg_return,400000,481.961
7605,WarpSAC-L,h1-balance_simple-v0,3,avg_return,450000,567.113
7606,WarpSAC-L,h1-balance_simple-v0,3,avg_return,500000,479.4412
7607,WarpSAC-L,h1-balance_simple-v0,3,avg_return,550000,712.311
7608,WarpSAC-L,h1-balance_simple-v0,3,avg_return,600000,828.6558
7609,WarpSAC-L,h1-balance_simple-v0,3,avg_return,650000,770.7444
7610,WarpSAC-L,h1-balance_simple-v0,3,avg_return,700000,770.136
7611,WarpSAC-L,h1-balance_simple-v0,3,avg_return,750000,824.9794
7612,WarpSAC-L,h1-balance_simple-v0,3,avg_return,800000,882.4158
7613,WarpSAC-L,h1-balance_simple-v0,3,avg_return,850000,742.381
7614,WarpSAC-L,h1-balance_simple-v0,3,avg_return,900000,871.0992
7615,WarpSAC-L,h1-balance_simple-v0,3,avg_return,950000,858.0692
7616,WarpSAC-L,h1-balance_simple-v0,3,avg_return,1000000,859.9548
7617,WarpSAC-L,h1-balance_simple-v0,3,avg_success,0,0.0
7618,WarpSAC-L,h1-balance_simple-v0,3,avg_success,50000,0.0
7619,WarpSAC-L,h1-balance_simple-v0,3,avg_success,100000,0.0
7620,WarpSAC-L,h1-balance_simple-v0,3,avg_success,150000,0.0
7621,WarpSAC-L,h1-balance_simple-v0,3,avg_success,200000,0.0
7622,WarpSAC-L,h1-balance_simple-v0,3,avg_success,250000,0.0
7623,WarpSAC-L,h1-balance_simple-v0,3,avg_success,300000,0.0
7624,WarpSAC-L,h1-balance_simple-v0,3,avg_success,350000,0.0
7625,WarpSAC-L,h1-balance_simple-v0,3,avg_success,400000,0.0
7626,WarpSAC-L,h1-balance_simple-v0,3,avg_success,450000,0.0
7627,WarpSAC-L,h1-balance_simple-v0,3,avg_success,500000,0.0
7628,WarpSAC-L,h1-balance_simple-v0,3,avg_success,550000,0.0
7629,WarpSAC-L,h1-balance_simple-v0,3,avg_success,600000,0.0
7630,WarpSAC-L,h1-balance_simple-v0,3,avg_success,650000,0.0
7631,WarpSAC-L,h1-balance_simple-v0,3,avg_success,700000,0.0
7632,WarpSAC-L,h1-balance_simple-v0,3,avg_success,750000,0.0
7633,WarpSAC-L,h1-balance_simple-v0,3,avg_success,800000,0.0
7634,WarpSAC-L,h1-balance_simple-v0,3,avg_success,850000,0.0
7635,WarpSAC-L,h1-balance_simple-v0,3,avg_success,900000,0.0
7636,WarpSAC-L,h1-balance_simple-v0,3,avg_success,950000,0.0
7637,WarpSAC-L,h1-balance_simple-v0,3,avg_success,1000000,0.0
7638,WarpSAC-L,h1-balance_simple-v0,4,avg_return,0,8.9308
7639,WarpSAC-L,h1-balance_simple-v0,4,avg_return,50000,70.763
7640,WarpSAC-L,h1-balance_simple-v0,4,avg_return,100000,134.7928
7641,WarpSAC-L,h1-balance_simple-v0,4,avg_return,150000,139.0133
7642,WarpSAC-L,h1-balance_simple-v0,4,avg_return,200000,150.9244
7643,WarpSAC-L,h1-balance_simple-v0,4,avg_return,250000,240.0032
7644,WarpSAC-L,h1-balance_simple-v0,4,avg_return,300000,189.8174
7645,WarpSAC-L,h1-balance_simple-v0,4,avg_return,350000,473.1374
7646,WarpSAC-L,h1-balance_simple-v0,4,avg_return,400000,343.5693
7647,WarpSAC-L,h1-balance_simple-v0,4,avg_return,450000,606.131
7648,WarpSAC-L,h1-balance_simple-v0,4,avg_return,500000,493.2546
7649,WarpSAC-L,h1-balance_simple-v0,4,avg_return,550000,518.9125
7650,WarpSAC-L,h1-balance_simple-v0,4,avg_return,600000,464.0858
7651,WarpSAC-L,h1-balance_simple-v0,4,avg_return,650000,578.8774
7652,WarpSAC-L,h1-balance_simple-v0,4,avg_return,700000,443.2023
7653,WarpSAC-L,h1-balance_simple-v0,4,avg_return,750000,485.7625
7654,WarpSAC-L,h1-balance_simple-v0,4,avg_return,800000,675.3587
7655,WarpSAC-L,h1-balance_simple-v0,4,avg_return,850000,398.3883
7656,WarpSAC-L,h1-balance_simple-v0,4,avg_return,900000,649.8635
7657,WarpSAC-L,h1-balance_simple-v0,4,avg_return,950000,449.1604
7658,WarpSAC-L,h1-balance_simple-v0,4,avg_return,1000000,870.3327
7659,WarpSAC-L,h1-balance_simple-v0,4,avg_success,0,0.0
7660,WarpSAC-L,h1-balance_simple-v0,4,avg_success,50000,0.0
7661,WarpSAC-L,h1-balance_simple-v0,4,avg_success,100000,0.0
7662,WarpSAC-L,h1-balance_simple-v0,4,avg_success,150000,0.0
7663,WarpSAC-L,h1-balance_simple-v0,4,avg_success,200000,0.0
7664,WarpSAC-L,h1-balance_simple-v0,4,avg_success,250000,0.0
7665,WarpSAC-L,h1-balance_simple-v0,4,avg_success,300000,0.0
7666,WarpSAC-L,h1-balance_simple-v0,4,avg_success,350000,0.0
7667,WarpSAC-L,h1-balance_simple-v0,4,avg_success,400000,0.0
7668,WarpSAC-L,h1-balance_simple-v0,4,avg_success,450000,0.0
7669,WarpSAC-L,h1-balance_simple-v0,4,avg_success,500000,0.0
7670,WarpSAC-L,h1-balance_simple-v0,4,avg_success,550000,0.0
7671,WarpSAC-L,h1-balance_simple-v0,4,avg_success,600000,0.0
7672,WarpSAC-L,h1-balance_simple-v0,4,avg_success,650000,0.0
7673,WarpSAC-L,h1-balance_simple-v0,4,avg_success,700000,0.0
7674,WarpSAC-L,h1-balance_simple-v0,4,avg_success,750000,0.0
7675,WarpSAC-L,h1-balance_simple-v0,4,avg_success,800000,0.0
7676,WarpSAC-L,h1-balance_simple-v0,4,avg_success,850000,0.0
7677,WarpSAC-L,h1-balance_simple-v0,4,avg_success,900000,0.0
7678,WarpSAC-L,h1-balance_simple-v0,4,avg_success,950000,0.0
7679,WarpSAC-L,h1-balance_simple-v0,4,avg_success,1000000,0.0
7680,WarpSAC-L,h1-balance_simple-v0,5,avg_return,0,8.7929
7681,WarpSAC-L,h1-balance_simple-v0,5,avg_return,50000,73.0553
7682,WarpSAC-L,h1-balance_simple-v0,5,avg_return,100000,115.5033
7683,WarpSAC-L,h1-balance_simple-v0,5,avg_return,150000,149.4683
7684,WarpSAC-L,h1-balance_simple-v0,5,avg_return,200000,216.3211
7685,WarpSAC-L,h1-balance_simple-v0,5,avg_return,250000,270.1233
7686,WarpSAC-L,h1-balance_simple-v0,5,avg_return,300000,408.6689
7687,WarpSAC-L,h1-balance_simple-v0,5,avg_return,350000,577.819
7688,WarpSAC-L,h1-balance_simple-v0,5,avg_return,400000,444.791
7689,WarpSAC-L,h1-balance_simple-v0,5,avg_return,450000,449.0868
7690,WarpSAC-L,h1-balance_simple-v0,5,avg_return,500000,374.8986
7691,WarpSAC-L,h1-balance_simple-v0,5,avg_return,550000,622.0827
7692,WarpSAC-L,h1-balance_simple-v0,5,avg_return,600000,502.4507
7693,WarpSAC-L,h1-balance_simple-v0,5,avg_return,650000,748.4423
7694,WarpSAC-L,h1-balance_simple-v0,5,avg_return,700000,477.1226
7695,WarpSAC-L,h1-balance_simple-v0,5,avg_return,750000,687.0077
7696,WarpSAC-L,h1-balance_simple-v0,5,avg_return,800000,620.852
7697,WarpSAC-L,h1-balance_simple-v0,5,avg_return,850000,777.4815
7698,WarpSAC-L,h1-balance_simple-v0,5,avg_return,900000,847.8293
7699,WarpSAC-L,h1-balance_simple-v0,5,avg_return,950000,562.7412
7700,WarpSAC-L,h1-balance_simple-v0,5,avg_return,1000000,862.198
7701,WarpSAC-L,h1-balance_simple-v0,5,avg_success,0,0.0
7702,WarpSAC-L,h1-balance_simple-v0,5,avg_success,50000,0.0
7703,WarpSAC-L,h1-balance_simple-v0,5,avg_success,100000,0.0
7704,WarpSAC-L,h1-balance_simple-v0,5,avg_success,150000,0.0
7705,WarpSAC-L,h1-balance_simple-v0,5,avg_success,200000,0.0
7706,WarpSAC-L,h1-balance_simple-v0,5,avg_success,250000,0.0
7707,WarpSAC-L,h1-balance_simple-v0,5,avg_success,300000,0.0
7708,WarpSAC-L,h1-balance_simple-v0,5,avg_success,350000,0.0
7709,WarpSAC-L,h1-balance_simple-v0,5,avg_success,400000,0.0
7710,WarpSAC-L,h1-balance_simple-v0,5,avg_success,450000,0.0
7711,WarpSAC-L,h1-balance_simple-v0,5,avg_success,500000,0.0
7712,WarpSAC-L,h1-balance_simple-v0,5,avg_success,550000,0.0
7713,WarpSAC-L,h1-balance_simple-v0,5,avg_success,600000,0.0
7714,WarpSAC-L,h1-balance_simple-v0,5,avg_success,650000,0.0
7715,WarpSAC-L,h1-balance_simple-v0,5,avg_success,700000,0.0
7716,WarpSAC-L,h1-balance_simple-v0,5,avg_success,750000,0.0
7717,WarpSAC-L,h1-balance_simple-v0,5,avg_success,800000,0.0
7718,WarpSAC-L,h1-balance_simple-v0,5,avg_success,850000,0.0
7719,WarpSAC-L,h1-balance_simple-v0,5,avg_success,900000,0.0
7720,WarpSAC-L,h1-balance_simple-v0,5,avg_success,950000,0.0
7721,WarpSAC-L,h1-balance_simple-v0,5,avg_success,1000000,0.0
7722,WarpSAC-L,h1-crawl-v0,1,avg_return,0,204.5414
7723,WarpSAC-L,h1-crawl-v0,1,avg_return,50000,229.7797
7724,WarpSAC-L,h1-crawl-v0,1,avg_return,100000,399.719
7725,WarpSAC-L,h1-crawl-v0,1,avg_return,150000,577.8444
7726,WarpSAC-L,h1-crawl-v0,1,avg_return,200000,575.0215
7727,WarpSAC-L,h1-crawl-v0,1,avg_return,250000,693.8164
7728,WarpSAC-L,h1-crawl-v0,1,avg_return,300000,803.5422
7729,WarpSAC-L,h1-crawl-v0,1,avg_return,350000,822.4081
7730,WarpSAC-L,h1-crawl-v0,1,avg_return,400000,893.702
7731,WarpSAC-L,h1-crawl-v0,1,avg_return,450000,950.7034
7732,WarpSAC-L,h1-crawl-v0,1,avg_return,500000,956.5856
7733,WarpSAC-L,h1-crawl-v0,1,avg_return,550000,969.039
7734,WarpSAC-L,h1-crawl-v0,1,avg_return,600000,967.1782
7735,WarpSAC-L,h1-crawl-v0,1,avg_return,650000,967.9131
7736,WarpSAC-L,h1-crawl-v0,1,avg_return,700000,955.0877
7737,WarpSAC-L,h1-crawl-v0,1,avg_return,750000,975.4589
7738,WarpSAC-L,h1-crawl-v0,1,avg_return,800000,959.9411
7739,WarpSAC-L,h1-crawl-v0,1,avg_return,850000,856.3753
7740,WarpSAC-L,h1-crawl-v0,1,avg_return,900000,977.8662
7741,WarpSAC-L,h1-crawl-v0,1,avg_return,950000,976.5325
7742,WarpSAC-L,h1-crawl-v0,1,avg_return,1000000,977.1013
7743,WarpSAC-L,h1-crawl-v0,1,avg_success,0,0.0
7744,WarpSAC-L,h1-crawl-v0,1,avg_success,50000,0.0
7745,WarpSAC-L,h1-crawl-v0,1,avg_success,100000,0.0
7746,WarpSAC-L,h1-crawl-v0,1,avg_success,150000,0.0
7747,WarpSAC-L,h1-crawl-v0,1,avg_success,200000,0.0
7748,WarpSAC-L,h1-crawl-v0,1,avg_success,250000,0.0
7749,WarpSAC-L,h1-crawl-v0,1,avg_success,300000,0.0
7750,WarpSAC-L,h1-crawl-v0,1,avg_success,350000,0.0
7751,WarpSAC-L,h1-crawl-v0,1,avg_success,400000,0.0
7752,WarpSAC-L,h1-crawl-v0,1,avg_success,450000,0.0
7753,WarpSAC-L,h1-crawl-v0,1,avg_success,500000,0.0
7754,WarpSAC-L,h1-crawl-v0,1,avg_success,550000,0.0
7755,WarpSAC-L,h1-crawl-v0,1,avg_success,600000,0.0
7756,WarpSAC-L,h1-crawl-v0,1,avg_success,650000,0.0
7757,WarpSAC-L,h1-crawl-v0,1,avg_success,700000,0.0
7758,WarpSAC-L,h1-crawl-v0,1,avg_success,750000,0.0
7759,WarpSAC-L,h1-crawl-v0,1,avg_success,800000,0.0
7760,WarpSAC-L,h1-crawl-v0,1,avg_success,850000,0.0
7761,WarpSAC-L,h1-crawl-v0,1,avg_success,900000,0.0
7762,WarpSAC-L,h1-crawl-v0,1,avg_success,950000,0.0
7763,WarpSAC-L,h1-crawl-v0,1,avg_success,1000000,0.0
7764,WarpSAC-L,h1-crawl-v0,2,avg_return,0,213.8681
7765,WarpSAC-L,h1-crawl-v0,2,avg_return,50000,226.6444
7766,WarpSAC-L,h1-crawl-v0,2,avg_return,100000,583.7997
7767,WarpSAC-L,h1-crawl-v0,2,avg_return,150000,564.4615
7768,WarpSAC-L,h1-crawl-v0,2,avg_return,200000,653.6358
7769,WarpSAC-L,h1-crawl-v0,2,avg_return,250000,771.1949
7770,WarpSAC-L,h1-crawl-v0,2,avg_return,300000,811.5031
7771,WarpSAC-L,h1-crawl-v0,2,avg_return,350000,936.6854
7772,WarpSAC-L,h1-crawl-v0,2,avg_return,400000,973.6314
7773,WarpSAC-L,h1-crawl-v0,2,avg_return,450000,970.8066
7774,WarpSAC-L,h1-crawl-v0,2,avg_return,500000,975.9063
7775,WarpSAC-L,h1-crawl-v0,2,avg_return,550000,976.1342
7776,WarpSAC-L,h1-crawl-v0,2,avg_return,600000,974.9498
7777,WarpSAC-L,h1-crawl-v0,2,avg_return,650000,976.6903
7778,WarpSAC-L,h1-crawl-v0,2,avg_return,700000,976.758
7779,WarpSAC-L,h1-crawl-v0,2,avg_return,750000,977.3683
7780,WarpSAC-L,h1-crawl-v0,2,avg_return,800000,977.7464
7781,WarpSAC-L,h1-crawl-v0,2,avg_return,850000,976.9141
7782,WarpSAC-L,h1-crawl-v0,2,avg_return,900000,978.8036
7783,WarpSAC-L,h1-crawl-v0,2,avg_return,950000,977.5577
7784,WarpSAC-L,h1-crawl-v0,2,avg_return,1000000,978.5226
7785,WarpSAC-L,h1-crawl-v0,2,avg_success,0,0.0
7786,WarpSAC-L,h1-crawl-v0,2,avg_success,50000,0.0
7787,WarpSAC-L,h1-crawl-v0,2,avg_success,100000,0.0
7788,WarpSAC-L,h1-crawl-v0,2,avg_success,150000,0.0
7789,WarpSAC-L,h1-crawl-v0,2,avg_success,200000,0.0
7790,WarpSAC-L,h1-crawl-v0,2,avg_success,250000,0.0
7791,WarpSAC-L,h1-crawl-v0,2,avg_success,300000,0.0
7792,WarpSAC-L,h1-crawl-v0,2,avg_success,350000,0.0
7793,WarpSAC-L,h1-crawl-v0,2,avg_success,400000,0.0
7794,WarpSAC-L,h1-crawl-v0,2,avg_success,450000,0.0
7795,WarpSAC-L,h1-crawl-v0,2,avg_success,500000,0.0
7796,WarpSAC-L,h1-crawl-v0,2,avg_success,550000,0.0
7797,WarpSAC-L,h1-crawl-v0,2,avg_success,600000,0.0
7798,WarpSAC-L,h1-crawl-v0,2,avg_success,650000,0.0
7799,WarpSAC-L,h1-crawl-v0,2,avg_success,700000,0.0
7800,WarpSAC-L,h1-crawl-v0,2,avg_success,750000,0.0
7801,WarpSAC-L,h1-crawl-v0,2,avg_success,800000,0.0
7802,WarpSAC-L,h1-crawl-v0,2,avg_success,850000,0.0
7803,WarpSAC-L,h1-crawl-v0,2,avg_success,900000,0.0
7804,WarpSAC-L,h1-crawl-v0,2,avg_success,950000,0.0
7805,WarpSAC-L,h1-crawl-v0,2,avg_success,1000000,0.0
7806,WarpSAC-L,h1-crawl-v0,3,avg_return,0,289.7081
7807,WarpSAC-L,h1-crawl-v0,3,avg_return,50000,390.7727
7808,WarpSAC-L,h1-crawl-v0,3,avg_return,100000,383.819
7809,WarpSAC-L,h1-crawl-v0,3,avg_return,150000,586.1836
7810,WarpSAC-L,h1-crawl-v0,3,avg_return,200000,548.5662
7811,WarpSAC-L,h1-crawl-v0,3,avg_return,250000,744.6882
7812,WarpSAC-L,h1-crawl-v0,3,avg_return,300000,834.038
7813,WarpSAC-L,h1-crawl-v0,3,avg_return,350000,926.2159
7814,WarpSAC-L,h1-crawl-v0,3,avg_return,400000,970.8282
7815,WarpSAC-L,h1-crawl-v0,3,avg_return,450000,972.2583
7816,WarpSAC-L,h1-crawl-v0,3,avg_return,500000,975.8904
7817,WarpSAC-L,h1-crawl-v0,3,avg_return,550000,975.8271
7818,WarpSAC-L,h1-crawl-v0,3,avg_return,600000,975.8986
7819,WarpSAC-L,h1-crawl-v0,3,avg_return,650000,976.9353
7820,WarpSAC-L,h1-crawl-v0,3,avg_return,700000,977.3646
7821,WarpSAC-L,h1-crawl-v0,3,avg_return,750000,977.8411
7822,WarpSAC-L,h1-crawl-v0,3,avg_return,800000,978.1032
7823,WarpSAC-L,h1-crawl-v0,3,avg_return,850000,973.8113
7824,WarpSAC-L,h1-crawl-v0,3,avg_return,900000,978.0757
7825,WarpSAC-L,h1-crawl-v0,3,avg_return,950000,978.8828
7826,WarpSAC-L,h1-crawl-v0,3,avg_return,1000000,978.1613
7827,WarpSAC-L,h1-crawl-v0,3,avg_success,0,0.0
7828,WarpSAC-L,h1-crawl-v0,3,avg_success,50000,0.0
7829,WarpSAC-L,h1-crawl-v0,3,avg_success,100000,0.0
7830,WarpSAC-L,h1-crawl-v0,3,avg_success,150000,0.0
7831,WarpSAC-L,h1-crawl-v0,3,avg_success,200000,0.0
7832,WarpSAC-L,h1-crawl-v0,3,avg_success,250000,0.0
7833,WarpSAC-L,h1-crawl-v0,3,avg_success,300000,0.0
7834,WarpSAC-L,h1-crawl-v0,3,avg_success,350000,0.0
7835,WarpSAC-L,h1-crawl-v0,3,avg_success,400000,0.0
7836,WarpSAC-L,h1-crawl-v0,3,avg_success,450000,0.0
7837,WarpSAC-L,h1-crawl-v0,3,avg_success,500000,0.0
7838,WarpSAC-L,h1-crawl-v0,3,avg_success,550000,0.0
7839,WarpSAC-L,h1-crawl-v0,3,avg_success,600000,0.0
7840,WarpSAC-L,h1-crawl-v0,3,avg_success,650000,0.0
7841,WarpSAC-L,h1-crawl-v0,3,avg_success,700000,0.0
7842,WarpSAC-L,h1-crawl-v0,3,avg_success,750000,0.0
7843,WarpSAC-L,h1-crawl-v0,3,avg_success,800000,0.0
7844,WarpSAC-L,h1-crawl-v0,3,avg_success,850000,0.0
7845,WarpSAC-L,h1-crawl-v0,3,avg_success,900000,0.0
7846,WarpSAC-L,h1-crawl-v0,3,avg_success,950000,0.0
7847,WarpSAC-L,h1-crawl-v0,3,avg_success,1000000,0.0
7848,WarpSAC-L,h1-crawl-v0,4,avg_return,0,280.1213
7849,WarpSAC-L,h1-crawl-v0,4,avg_return,50000,427.4672
7850,WarpSAC-L,h1-crawl-v0,4,avg_return,100000,465.2417
7851,WarpSAC-L,h1-crawl-v0,4,avg_return,150000,403.2708
7852,WarpSAC-L,h1-crawl-v0,4,avg_return,200000,622.6971
7853,WarpSAC-L,h1-crawl-v0,4,avg_return,250000,701.2413
7854,WarpSAC-L,h1-crawl-v0,4,avg_return,300000,767.8716
7855,WarpSAC-L,h1-crawl-v0,4,avg_return,350000,837.4036
7856,WarpSAC-L,h1-crawl-v0,4,avg_return,400000,911.1066
7857,WarpSAC-L,h1-crawl-v0,4,avg_return,450000,916.421
7858,WarpSAC-L,h1-crawl-v0,4,avg_return,500000,950.2781
7859,WarpSAC-L,h1-crawl-v0,4,avg_return,550000,957.8433
7860,WarpSAC-L,h1-crawl-v0,4,avg_return,600000,966.4391
7861,WarpSAC-L,h1-crawl-v0,4,avg_return,650000,949.6706
7862,WarpSAC-L,h1-crawl-v0,4,avg_return,700000,925.0921
7863,WarpSAC-L,h1-crawl-v0,4,avg_return,750000,975.7752
7864,WarpSAC-L,h1-crawl-v0,4,avg_return,800000,977.4485
7865,WarpSAC-L,h1-crawl-v0,4,avg_return,850000,976.4354
7866,WarpSAC-L,h1-crawl-v0,4,avg_return,900000,976.8181
7867,WarpSAC-L,h1-crawl-v0,4,avg_return,950000,977.4759
7868,WarpSAC-L,h1-crawl-v0,4,avg_return,1000000,976.6396
7869,WarpSAC-L,h1-crawl-v0,4,avg_success,0,0.0
7870,WarpSAC-L,h1-crawl-v0,4,avg_success,50000,0.0
7871,WarpSAC-L,h1-crawl-v0,4,avg_success,100000,0.0
7872,WarpSAC-L,h1-crawl-v0,4,avg_success,150000,0.0
7873,WarpSAC-L,h1-crawl-v0,4,avg_success,200000,0.0
7874,WarpSAC-L,h1-crawl-v0,4,avg_success,250000,0.0
7875,WarpSAC-L,h1-crawl-v0,4,avg_success,300000,0.0
7876,WarpSAC-L,h1-crawl-v0,4,avg_success,350000,0.0
7877,WarpSAC-L,h1-crawl-v0,4,avg_success,400000,0.0
7878,WarpSAC-L,h1-crawl-v0,4,avg_success,450000,0.0
7879,WarpSAC-L,h1-crawl-v0,4,avg_success,500000,0.0
7880,WarpSAC-L,h1-crawl-v0,4,avg_success,550000,0.0
7881,WarpSAC-L,h1-crawl-v0,4,avg_success,600000,0.0
7882,WarpSAC-L,h1-crawl-v0,4,avg_success,650000,0.0
7883,WarpSAC-L,h1-crawl-v0,4,avg_success,700000,0.0
7884,WarpSAC-L,h1-crawl-v0,4,avg_success,750000,0.0
7885,WarpSAC-L,h1-crawl-v0,4,avg_success,800000,0.0
7886,WarpSAC-L,h1-crawl-v0,4,avg_success,850000,0.0
7887,WarpSAC-L,h1-crawl-v0,4,avg_success,900000,0.0
7888,WarpSAC-L,h1-crawl-v0,4,avg_success,950000,0.0
7889,WarpSAC-L,h1-crawl-v0,4,avg_success,1000000,0.0
7890,WarpSAC-L,h1-crawl-v0,5,avg_return,0,238.6644
7891,WarpSAC-L,h1-crawl-v0,5,avg_return,50000,315.8136
7892,WarpSAC-L,h1-crawl-v0,5,avg_return,100000,499.6093
7893,WarpSAC-L,h1-crawl-v0,5,avg_return,150000,451.0964
7894,WarpSAC-L,h1-crawl-v0,5,avg_return,200000,700.8816
7895,WarpSAC-L,h1-crawl-v0,5,avg_return,250000,790.0279
7896,WarpSAC-L,h1-crawl-v0,5,avg_return,300000,818.2253
7897,WarpSAC-L,h1-crawl-v0,5,avg_return,350000,927.1401
7898,WarpSAC-L,h1-crawl-v0,5,avg_return,400000,959.0735
7899,WarpSAC-L,h1-crawl-v0,5,avg_return,450000,975.4761
7900,WarpSAC-L,h1-crawl-v0,5,avg_return,500000,950.3313
7901,WarpSAC-L,h1-crawl-v0,5,avg_return,550000,976.0705
7902,WarpSAC-L,h1-crawl-v0,5,avg_return,600000,978.2148
7903,WarpSAC-L,h1-crawl-v0,5,avg_return,650000,978.1408
7904,WarpSAC-L,h1-crawl-v0,5,avg_return,700000,977.7956
7905,WarpSAC-L,h1-crawl-v0,5,avg_return,750000,957.6923
7906,WarpSAC-L,h1-crawl-v0,5,avg_return,800000,978.7005
7907,WarpSAC-L,h1-crawl-v0,5,avg_return,850000,978.0994
7908,WarpSAC-L,h1-crawl-v0,5,avg_return,900000,979.0642
7909,WarpSAC-L,h1-crawl-v0,5,avg_return,950000,978.7142
7910,WarpSAC-L,h1-crawl-v0,5,avg_return,1000000,978.8234
7911,WarpSAC-L,h1-crawl-v0,5,avg_success,0,0.0
7912,WarpSAC-L,h1-crawl-v0,5,avg_success,50000,0.0
7913,WarpSAC-L,h1-crawl-v0,5,avg_success,100000,0.0
7914,WarpSAC-L,h1-crawl-v0,5,avg_success,150000,0.0
7915,WarpSAC-L,h1-crawl-v0,5,avg_success,200000,0.0
7916,WarpSAC-L,h1-crawl-v0,5,avg_success,250000,0.0
7917,WarpSAC-L,h1-crawl-v0,5,avg_success,300000,0.0
7918,WarpSAC-L,h1-crawl-v0,5,avg_success,350000,0.0
7919,WarpSAC-L,h1-crawl-v0,5,avg_success,400000,0.0
7920,WarpSAC-L,h1-crawl-v0,5,avg_success,450000,0.0
7921,WarpSAC-L,h1-crawl-v0,5,avg_success,500000,0.0
7922,WarpSAC-L,h1-crawl-v0,5,avg_success,550000,0.0
7923,WarpSAC-L,h1-crawl-v0,5,avg_success,600000,0.0
7924,WarpSAC-L,h1-crawl-v0,5,avg_success,650000,0.0
7925,WarpSAC-L,h1-crawl-v0,5,avg_success,700000,0.0
7926,WarpSAC-L,h1-crawl-v0,5,avg_success,750000,0.0
7927,WarpSAC-L,h1-crawl-v0,5,avg_success,800000,0.0
7928,WarpSAC-L,h1-crawl-v0,5,avg_success,850000,0.0
7929,WarpSAC-L,h1-crawl-v0,5,avg_success,900000,0.0
7930,WarpSAC-L,h1-crawl-v0,5,avg_success,950000,0.0
7931,WarpSAC-L,h1-crawl-v0,5,avg_success,1000000,0.0
7932,WarpSAC-L,h1-hurdle-v0,1,avg_return,0,5.7162
7933,WarpSAC-L,h1-hurdle-v0,1,avg_return,50000,9.7443
7934,WarpSAC-L,h1-hurdle-v0,1,avg_return,100000,14.3285
7935,WarpSAC-L,h1-hurdle-v0,1,avg_return,150000,25.9824
7936,WarpSAC-L,h1-hurdle-v0,1,avg_return,200000,34.9568
7937,WarpSAC-L,h1-hurdle-v0,1,avg_return,250000,47.5282
7938,WarpSAC-L,h1-hurdle-v0,1,avg_return,300000,46.0678
7939,WarpSAC-L,h1-hurdle-v0,1,avg_return,350000,76.4608
7940,WarpSAC-L,h1-hurdle-v0,1,avg_return,400000,70.9257
7941,WarpSAC-L,h1-hurdle-v0,1,avg_return,450000,72.7486
7942,WarpSAC-L,h1-hurdle-v0,1,avg_return,500000,70.3753
7943,WarpSAC-L,h1-hurdle-v0,1,avg_return,550000,67.1713
7944,WarpSAC-L,h1-hurdle-v0,1,avg_return,600000,63.5786
7945,WarpSAC-L,h1-hurdle-v0,1,avg_return,650000,73.1368
7946,WarpSAC-L,h1-hurdle-v0,1,avg_return,700000,79.382
7947,WarpSAC-L,h1-hurdle-v0,1,avg_return,750000,78.315
7948,WarpSAC-L,h1-hurdle-v0,1,avg_return,800000,77.5436
7949,WarpSAC-L,h1-hurdle-v0,1,avg_return,850000,78.0818
7950,WarpSAC-L,h1-hurdle-v0,1,avg_return,900000,63.8417
7951,WarpSAC-L,h1-hurdle-v0,1,avg_return,950000,104.7804
7952,WarpSAC-L,h1-hurdle-v0,1,avg_return,1000000,107.9799
7953,WarpSAC-L,h1-hurdle-v0,1,avg_success,0,0.0
7954,WarpSAC-L,h1-hurdle-v0,1,avg_success,50000,0.0
7955,WarpSAC-L,h1-hurdle-v0,1,avg_success,100000,0.0
7956,WarpSAC-L,h1-hurdle-v0,1,avg_success,150000,0.0
7957,WarpSAC-L,h1-hurdle-v0,1,avg_success,200000,0.0
7958,WarpSAC-L,h1-hurdle-v0,1,avg_success,250000,0.0
7959,WarpSAC-L,h1-hurdle-v0,1,avg_success,300000,0.0
7960,WarpSAC-L,h1-hurdle-v0,1,avg_success,350000,0.0
7961,WarpSAC-L,h1-hurdle-v0,1,avg_success,400000,0.0
7962,WarpSAC-L,h1-hurdle-v0,1,avg_success,450000,0.0
7963,WarpSAC-L,h1-hurdle-v0,1,avg_success,500000,0.0
7964,WarpSAC-L,h1-hurdle-v0,1,avg_success,550000,0.0
7965,WarpSAC-L,h1-hurdle-v0,1,avg_success,600000,0.0
7966,WarpSAC-L,h1-hurdle-v0,1,avg_success,650000,0.0
7967,WarpSAC-L,h1-hurdle-v0,1,avg_success,700000,0.0
7968,WarpSAC-L,h1-hurdle-v0,1,avg_success,750000,0.0
7969,WarpSAC-L,h1-hurdle-v0,1,avg_success,800000,0.0
7970,WarpSAC-L,h1-hurdle-v0,1,avg_success,850000,0.0
7971,WarpSAC-L,h1-hurdle-v0,1,avg_success,900000,0.0
7972,WarpSAC-L,h1-hurdle-v0,1,avg_success,950000,0.0
7973,WarpSAC-L,h1-hurdle-v0,1,avg_success,1000000,0.0
7974,WarpSAC-L,h1-hurdle-v0,2,avg_return,0,1.366
7975,WarpSAC-L,h1-hurdle-v0,2,avg_return,50000,6.5119
7976,WarpSAC-L,h1-hurdle-v0,2,avg_return,100000,16.9611
7977,WarpSAC-L,h1-hurdle-v0,2,avg_return,150000,21.5115
7978,WarpSAC-L,h1-hurdle-v0,2,avg_return,200000,36.6602
7979,WarpSAC-L,h1-hurdle-v0,2,avg_return,250000,58.0816
7980,WarpSAC-L,h1-hurdle-v0,2,avg_return,300000,69.4405
7981,WarpSAC-L,h1-hurdle-v0,2,avg_return,350000,52.1348
7982,WarpSAC-L,h1-hurdle-v0,2,avg_return,400000,69.1892
7983,WarpSAC-L,h1-hurdle-v0,2,avg_return,450000,68.4192
7984,WarpSAC-L,h1-hurdle-v0,2,avg_return,500000,71.6676
7985,WarpSAC-L,h1-hurdle-v0,2,avg_return,550000,68.446
7986,WarpSAC-L,h1-hurdle-v0,2,avg_return,600000,86.616
7987,WarpSAC-L,h1-hurdle-v0,2,avg_return,650000,94.5637
7988,WarpSAC-L,h1-hurdle-v0,2,avg_return,700000,112.0693
7989,WarpSAC-L,h1-hurdle-v0,2,avg_return,750000,136.7843
7990,WarpSAC-L,h1-hurdle-v0,2,avg_return,800000,142.4221
7991,WarpSAC-L,h1-hurdle-v0,2,avg_return,850000,147.2348
7992,WarpSAC-L,h1-hurdle-v0,2,avg_return,900000,172.9857
7993,WarpSAC-L,h1-hurdle-v0,2,avg_return,950000,185.5176
7994,WarpSAC-L,h1-hurdle-v0,2,avg_return,1000000,180.1655
7995,WarpSAC-L,h1-hurdle-v0,2,avg_success,0,0.0
7996,WarpSAC-L,h1-hurdle-v0,2,avg_success,50000,0.0
7997,WarpSAC-L,h1-hurdle-v0,2,avg_success,100000,0.0
7998,WarpSAC-L,h1-hurdle-v0,2,avg_success,150000,0.0
7999,WarpSAC-L,h1-hurdle-v0,2,avg_success,200000,0.0
8000,WarpSAC-L,h1-hurdle-v0,2,avg_success,250000,0.0
8001,WarpSAC-L,h1-hurdle-v0,2,avg_success,300000,0.0
8002,WarpSAC-L,h1-hurdle-v0,2,avg_success,350000,0.0
8003,WarpSAC-L,h1-hurdle-v0,2,avg_success,400000,0.0
8004,WarpSAC-L,h1-hurdle-v0,2,avg_success,450000,0.0
8005,WarpSAC-L,h1-hurdle-v0,2,avg_success,500000,0.0
8006,WarpSAC-L,h1-hurdle-v0,2,avg_success,550000,0.0
8007,WarpSAC-L,h1-hurdle-v0,2,avg_success,600000,0.0
8008,WarpSAC-L,h1-hurdle-v0,2,avg_success,650000,0.0
8009,WarpSAC-L,h1-hurdle-v0,2,avg_success,700000,0.0
8010,WarpSAC-L,h1-hurdle-v0,2,avg_success,750000,0.0
8011,WarpSAC-L,h1-hurdle-v0,2,avg_success,800000,0.0
8012,WarpSAC-L,h1-hurdle-v0,2,avg_success,850000,0.0
8013,WarpSAC-L,h1-hurdle-v0,2,avg_success,900000,0.0
8014,WarpSAC-L,h1-hurdle-v0,2,avg_success,950000,0.0
8015,WarpSAC-L,h1-hurdle-v0,2,avg_success,1000000,0.0
8016,WarpSAC-L,h1-hurdle-v0,3,avg_return,0,2.0278
8017,WarpSAC-L,h1-hurdle-v0,3,avg_return,50000,7.8978
8018,WarpSAC-L,h1-hurdle-v0,3,avg_return,100000,24.086
8019,WarpSAC-L,h1-hurdle-v0,3,avg_return,150000,28.9822
8020,WarpSAC-L,h1-hurdle-v0,3,avg_return,200000,43.5411
8021,WarpSAC-L,h1-hurdle-v0,3,avg_return,250000,56.9493
8022,WarpSAC-L,h1-hurdle-v0,3,avg_return,300000,48.9135
8023,WarpSAC-L,h1-hurdle-v0,3,avg_return,350000,52.5422
8024,WarpSAC-L,h1-hurdle-v0,3,avg_return,400000,73.2901
8025,WarpSAC-L,h1-hurdle-v0,3,avg_return,450000,70.1941
8026,WarpSAC-L,h1-hurdle-v0,3,avg_return,500000,41.271
8027,WarpSAC-L,h1-hurdle-v0,3,avg_return,550000,72.0066
8028,WarpSAC-L,h1-hurdle-v0,3,avg_return,600000,76.7829
8029,WarpSAC-L,h1-hurdle-v0,3,avg_return,650000,79.8151
8030,WarpSAC-L,h1-hurdle-v0,3,avg_return,700000,81.8059
8031,WarpSAC-L,h1-hurdle-v0,3,avg_return,750000,91.9759
8032,WarpSAC-L,h1-hurdle-v0,3,avg_return,800000,101.7801
8033,WarpSAC-L,h1-hurdle-v0,3,avg_return,850000,102.2599
8034,WarpSAC-L,h1-hurdle-v0,3,avg_return,900000,102.4242
8035,WarpSAC-L,h1-hurdle-v0,3,avg_return,950000,110.1525
8036,WarpSAC-L,h1-hurdle-v0,3,avg_return,1000000,117.9285
8037,WarpSAC-L,h1-hurdle-v0,3,avg_success,0,0.0
8038,WarpSAC-L,h1-hurdle-v0,3,avg_success,50000,0.0
8039,WarpSAC-L,h1-hurdle-v0,3,avg_success,100000,0.0
8040,WarpSAC-L,h1-hurdle-v0,3,avg_success,150000,0.0
8041,WarpSAC-L,h1-hurdle-v0,3,avg_success,200000,0.0
8042,WarpSAC-L,h1-hurdle-v0,3,avg_success,250000,0.0
8043,WarpSAC-L,h1-hurdle-v0,3,avg_success,300000,0.0
8044,WarpSAC-L,h1-hurdle-v0,3,avg_success,350000,0.0
8045,WarpSAC-L,h1-hurdle-v0,3,avg_success,400000,0.0
8046,WarpSAC-L,h1-hurdle-v0,3,avg_success,450000,0.0
8047,WarpSAC-L,h1-hurdle-v0,3,avg_success,500000,0.0
8048,WarpSAC-L,h1-hurdle-v0,3,avg_success,550000,0.0
8049,WarpSAC-L,h1-hurdle-v0,3,avg_success,600000,0.0
8050,WarpSAC-L,h1-hurdle-v0,3,avg_success,650000,0.0
8051,WarpSAC-L,h1-hurdle-v0,3,avg_success,700000,0.0
8052,WarpSAC-L,h1-hurdle-v0,3,avg_success,750000,0.0
8053,WarpSAC-L,h1-hurdle-v0,3,avg_success,800000,0.0
8054,WarpSAC-L,h1-hurdle-v0,3,avg_success,850000,0.0
8055,WarpSAC-L,h1-hurdle-v0,3,avg_success,900000,0.0
8056,WarpSAC-L,h1-hurdle-v0,3,avg_success,950000,0.0
8057,WarpSAC-L,h1-hurdle-v0,3,avg_success,1000000,0.0
8058,WarpSAC-L,h1-hurdle-v0,4,avg_return,0,3.4999
8059,WarpSAC-L,h1-hurdle-v0,4,avg_return,50000,12.1599
8060,WarpSAC-L,h1-hurdle-v0,4,avg_return,100000,11.0206
8061,WarpSAC-L,h1-hurdle-v0,4,avg_return,150000,26.6933
8062,WarpSAC-L,h1-hurdle-v0,4,avg_return,200000,36.1707
8063,WarpSAC-L,h1-hurdle-v0,4,avg_return,250000,45.4321
8064,WarpSAC-L,h1-hurdle-v0,4,avg_return,300000,46.8199
8065,WarpSAC-L,h1-hurdle-v0,4,avg_return,350000,69.0957
8066,WarpSAC-L,h1-hurdle-v0,4,avg_return,400000,66.8793
8067,WarpSAC-L,h1-hurdle-v0,4,avg_return,450000,63.4099
8068,WarpSAC-L,h1-hurdle-v0,4,avg_return,500000,64.5273
8069,WarpSAC-L,h1-hurdle-v0,4,avg_return,550000,60.5399
8070,WarpSAC-L,h1-hurdle-v0,4,avg_return,600000,51.792
8071,WarpSAC-L,h1-hurdle-v0,4,avg_return,650000,77.7905
8072,WarpSAC-L,h1-hurdle-v0,4,avg_return,700000,45.9445
8073,WarpSAC-L,h1-hurdle-v0,4,avg_return,750000,65.9574
8074,WarpSAC-L,h1-hurdle-v0,4,avg_return,800000,86.516
8075,WarpSAC-L,h1-hurdle-v0,4,avg_return,850000,82.1088
8076,WarpSAC-L,h1-hurdle-v0,4,avg_return,900000,83.4381
8077,WarpSAC-L,h1-hurdle-v0,4,avg_return,950000,82.102
8078,WarpSAC-L,h1-hurdle-v0,4,avg_return,1000000,78.2438
8079,WarpSAC-L,h1-hurdle-v0,4,avg_success,0,0.0
8080,WarpSAC-L,h1-hurdle-v0,4,avg_success,50000,0.0
8081,WarpSAC-L,h1-hurdle-v0,4,avg_success,100000,0.0
8082,WarpSAC-L,h1-hurdle-v0,4,avg_success,150000,0.0
8083,WarpSAC-L,h1-hurdle-v0,4,avg_success,200000,0.0
8084,WarpSAC-L,h1-hurdle-v0,4,avg_success,250000,0.0
8085,WarpSAC-L,h1-hurdle-v0,4,avg_success,300000,0.0
8086,WarpSAC-L,h1-hurdle-v0,4,avg_success,350000,0.0
8087,WarpSAC-L,h1-hurdle-v0,4,avg_success,400000,0.0
8088,WarpSAC-L,h1-hurdle-v0,4,avg_success,450000,0.0
8089,WarpSAC-L,h1-hurdle-v0,4,avg_success,500000,0.0
8090,WarpSAC-L,h1-hurdle-v0,4,avg_success,550000,0.0
8091,WarpSAC-L,h1-hurdle-v0,4,avg_success,600000,0.0
8092,WarpSAC-L,h1-hurdle-v0,4,avg_success,650000,0.0
8093,WarpSAC-L,h1-hurdle-v0,4,avg_success,700000,0.0
8094,WarpSAC-L,h1-hurdle-v0,4,avg_success,750000,0.0
8095,WarpSAC-L,h1-hurdle-v0,4,avg_success,800000,0.0
8096,WarpSAC-L,h1-hurdle-v0,4,avg_success,850000,0.0
8097,WarpSAC-L,h1-hurdle-v0,4,avg_success,900000,0.0
8098,WarpSAC-L,h1-hurdle-v0,4,avg_success,950000,0.0
8099,WarpSAC-L,h1-hurdle-v0,4,avg_success,1000000,0.0
8100,WarpSAC-L,h1-hurdle-v0,5,avg_return,0,1.6768
8101,WarpSAC-L,h1-hurdle-v0,5,avg_return,50000,12.3842
8102,WarpSAC-L,h1-hurdle-v0,5,avg_return,100000,13.8444
8103,WarpSAC-L,h1-hurdle-v0,5,avg_return,150000,23.1146
8104,WarpSAC-L,h1-hurdle-v0,5,avg_return,200000,23.5721
8105,WarpSAC-L,h1-hurdle-v0,5,avg_return,250000,39.2508
8106,WarpSAC-L,h1-hurdle-v0,5,avg_return,300000,49.3536
8107,WarpSAC-L,h1-hurdle-v0,5,avg_return,350000,61.083
8108,WarpSAC-L,h1-hurdle-v0,5,avg_return,400000,63.3804
8109,WarpSAC-L,h1-hurdle-v0,5,avg_return,450000,68.2289
8110,WarpSAC-L,h1-hurdle-v0,5,avg_return,500000,76.1123
8111,WarpSAC-L,h1-hurdle-v0,5,avg_return,550000,76.3726
8112,WarpSAC-L,h1-hurdle-v0,5,avg_return,600000,63.7927
8113,WarpSAC-L,h1-hurdle-v0,5,avg_return,650000,80.4795
8114,WarpSAC-L,h1-hurdle-v0,5,avg_return,700000,80.0539
8115,WarpSAC-L,h1-hurdle-v0,5,avg_return,750000,92.7923
8116,WarpSAC-L,h1-hurdle-v0,5,avg_return,800000,96.2312
8117,WarpSAC-L,h1-hurdle-v0,5,avg_return,850000,117.0169
8118,WarpSAC-L,h1-hurdle-v0,5,avg_return,900000,120.7296
8119,WarpSAC-L,h1-hurdle-v0,5,avg_return,950000,127.742
8120,WarpSAC-L,h1-hurdle-v0,5,avg_return,1000000,133.7124
8121,WarpSAC-L,h1-hurdle-v0,5,avg_success,0,0.0
8122,WarpSAC-L,h1-hurdle-v0,5,avg_success,50000,0.0
8123,WarpSAC-L,h1-hurdle-v0,5,avg_success,100000,0.0
8124,WarpSAC-L,h1-hurdle-v0,5,avg_success,150000,0.0
8125,WarpSAC-L,h1-hurdle-v0,5,avg_success,200000,0.0
8126,WarpSAC-L,h1-hurdle-v0,5,avg_success,250000,0.0
8127,WarpSAC-L,h1-hurdle-v0,5,avg_success,300000,0.0
8128,WarpSAC-L,h1-hurdle-v0,5,avg_success,350000,0.0
8129,WarpSAC-L,h1-hurdle-v0,5,avg_success,400000,0.0
8130,WarpSAC-L,h1-hurdle-v0,5,avg_success,450000,0.0
8131,WarpSAC-L,h1-hurdle-v0,5,avg_success,500000,0.0
8132,WarpSAC-L,h1-hurdle-v0,5,avg_success,550000,0.0
8133,WarpSAC-L,h1-hurdle-v0,5,avg_success,600000,0.0
8134,WarpSAC-L,h1-hurdle-v0,5,avg_success,650000,0.0
8135,WarpSAC-L,h1-hurdle-v0,5,avg_success,700000,0.0
8136,WarpSAC-L,h1-hurdle-v0,5,avg_success,750000,0.0
8137,WarpSAC-L,h1-hurdle-v0,5,avg_success,800000,0.0
8138,WarpSAC-L,h1-hurdle-v0,5,avg_success,850000,0.0
8139,WarpSAC-L,h1-hurdle-v0,5,avg_success,900000,0.0
8140,WarpSAC-L,h1-hurdle-v0,5,avg_success,950000,0.0
8141,WarpSAC-L,h1-hurdle-v0,5,avg_success,1000000,0.0
8142,WarpSAC-L,h1-maze-v0,1,avg_return,0,114.3928
8143,WarpSAC-L,h1-maze-v0,1,avg_return,50000,123.3229
8144,WarpSAC-L,h1-maze-v0,1,avg_return,100000,321.1529
8145,WarpSAC-L,h1-maze-v0,1,avg_return,150000,134.4821
8146,WarpSAC-L,h1-maze-v0,1,avg_return,200000,142.7955
8147,WarpSAC-L,h1-maze-v0,1,avg_return,250000,159.0263
8148,WarpSAC-L,h1-maze-v0,1,avg_return,300000,284.795
8149,WarpSAC-L,h1-maze-v0,1,avg_return,350000,302.656
8150,WarpSAC-L,h1-maze-v0,1,avg_return,400000,307.0866
8151,WarpSAC-L,h1-maze-v0,1,avg_return,450000,340.9827
8152,WarpSAC-L,h1-maze-v0,1,avg_return,500000,344.0697
8153,WarpSAC-L,h1-maze-v0,1,avg_return,550000,347.3703
8154,WarpSAC-L,h1-maze-v0,1,avg_return,600000,344.1418
8155,WarpSAC-L,h1-maze-v0,1,avg_return,650000,351.8683
8156,WarpSAC-L,h1-maze-v0,1,avg_return,700000,361.0326
8157,WarpSAC-L,h1-maze-v0,1,avg_return,750000,362.6251
8158,WarpSAC-L,h1-maze-v0,1,avg_return,800000,354.9796
8159,WarpSAC-L,h1-maze-v0,1,avg_return,850000,322.0927
8160,WarpSAC-L,h1-maze-v0,1,avg_return,900000,355.9258
8161,WarpSAC-L,h1-maze-v0,1,avg_return,950000,365.3886
8162,WarpSAC-L,h1-maze-v0,1,avg_return,1000000,349.5488
8163,WarpSAC-L,h1-maze-v0,1,avg_success,0,0.0
8164,WarpSAC-L,h1-maze-v0,1,avg_success,50000,0.0
8165,WarpSAC-L,h1-maze-v0,1,avg_success,100000,0.0
8166,WarpSAC-L,h1-maze-v0,1,avg_success,150000,0.0
8167,WarpSAC-L,h1-maze-v0,1,avg_success,200000,0.0
8168,WarpSAC-L,h1-maze-v0,1,avg_success,250000,0.0
8169,WarpSAC-L,h1-maze-v0,1,avg_success,300000,0.0
8170,WarpSAC-L,h1-maze-v0,1,avg_success,350000,0.0
8171,WarpSAC-L,h1-maze-v0,1,avg_success,400000,0.0
8172,WarpSAC-L,h1-maze-v0,1,avg_success,450000,0.0
8173,WarpSAC-L,h1-maze-v0,1,avg_success,500000,0.0
8174,WarpSAC-L,h1-maze-v0,1,avg_success,550000,0.0
8175,WarpSAC-L,h1-maze-v0,1,avg_success,600000,0.0
8176,WarpSAC-L,h1-maze-v0,1,avg_success,650000,0.0
8177,WarpSAC-L,h1-maze-v0,1,avg_success,700000,0.0
8178,WarpSAC-L,h1-maze-v0,1,avg_success,750000,0.0
8179,WarpSAC-L,h1-maze-v0,1,avg_success,800000,0.0
8180,WarpSAC-L,h1-maze-v0,1,avg_success,850000,0.0
8181,WarpSAC-L,h1-maze-v0,1,avg_success,900000,0.0
8182,WarpSAC-L,h1-maze-v0,1,avg_success,950000,0.0
8183,WarpSAC-L,h1-maze-v0,1,avg_success,1000000,0.0
8184,WarpSAC-L,h1-maze-v0,2,avg_return,0,110.4627
8185,WarpSAC-L,h1-maze-v0,2,avg_return,50000,131.5296
8186,WarpSAC-L,h1-maze-v0,2,avg_return,100000,172.4747
8187,WarpSAC-L,h1-maze-v0,2,avg_return,150000,122.6534
8188,WarpSAC-L,h1-maze-v0,2,avg_return,200000,121.6852
8189,WarpSAC-L,h1-maze-v0,2,avg_return,250000,123.8974
8190,WarpSAC-L,h1-maze-v0,2,avg_return,300000,150.4663
8191,WarpSAC-L,h1-maze-v0,2,avg_return,350000,130.6368
8192,WarpSAC-L,h1-maze-v0,2,avg_return,400000,121.2073
8193,WarpSAC-L,h1-maze-v0,2,avg_return,450000,134.7969
8194,WarpSAC-L,h1-maze-v0,2,avg_return,500000,128.1138
8195,WarpSAC-L,h1-maze-v0,2,avg_return,550000,148.1989
8196,WarpSAC-L,h1-maze-v0,2,avg_return,600000,273.1489
8197,WarpSAC-L,h1-maze-v0,2,avg_return,650000,299.5701
8198,WarpSAC-L,h1-maze-v0,2,avg_return,700000,291.002
8199,WarpSAC-L,h1-maze-v0,2,avg_return,750000,341.9228
8200,WarpSAC-L,h1-maze-v0,2,avg_return,800000,309.9746
8201,WarpSAC-L,h1-maze-v0,2,avg_return,850000,349.8781
8202,WarpSAC-L,h1-maze-v0,2,avg_return,900000,311.2322
8203,WarpSAC-L,h1-maze-v0,2,avg_return,950000,349.0261
8204,WarpSAC-L,h1-maze-v0,2,avg_return,1000000,359.3412
8205,WarpSAC-L,h1-maze-v0,2,avg_success,0,0.0
8206,WarpSAC-L,h1-maze-v0,2,avg_success,50000,0.0
8207,WarpSAC-L,h1-maze-v0,2,avg_success,100000,0.0
8208,WarpSAC-L,h1-maze-v0,2,avg_success,150000,0.0
8209,WarpSAC-L,h1-maze-v0,2,avg_success,200000,0.0
8210,WarpSAC-L,h1-maze-v0,2,avg_success,250000,0.0
8211,WarpSAC-L,h1-maze-v0,2,avg_success,300000,0.0
8212,WarpSAC-L,h1-maze-v0,2,avg_success,350000,0.0
8213,WarpSAC-L,h1-maze-v0,2,avg_success,400000,0.0
8214,WarpSAC-L,h1-maze-v0,2,avg_success,450000,0.0
8215,WarpSAC-L,h1-maze-v0,2,avg_success,500000,0.0
8216,WarpSAC-L,h1-maze-v0,2,avg_success,550000,0.0
8217,WarpSAC-L,h1-maze-v0,2,avg_success,600000,0.0
8218,WarpSAC-L,h1-maze-v0,2,avg_success,650000,0.0
8219,WarpSAC-L,h1-maze-v0,2,avg_success,700000,0.0
8220,WarpSAC-L,h1-maze-v0,2,avg_success,750000,0.0
8221,WarpSAC-L,h1-maze-v0,2,avg_success,800000,0.0
8222,WarpSAC-L,h1-maze-v0,2,avg_success,850000,0.0
8223,WarpSAC-L,h1-maze-v0,2,avg_success,900000,0.0
8224,WarpSAC-L,h1-maze-v0,2,avg_success,950000,0.0
8225,WarpSAC-L,h1-maze-v0,2,avg_success,1000000,0.0
8226,WarpSAC-L,h1-maze-v0,3,avg_return,0,109.5551
8227,WarpSAC-L,h1-maze-v0,3,avg_return,50000,118.0155
8228,WarpSAC-L,h1-maze-v0,3,avg_return,100000,175.1295
8229,WarpSAC-L,h1-maze-v0,3,avg_return,150000,185.7382
8230,WarpSAC-L,h1-maze-v0,3,avg_return,200000,148.3263
8231,WarpSAC-L,h1-maze-v0,3,avg_return,250000,119.3272
8232,WarpSAC-L,h1-maze-v0,3,avg_return,300000,123.2843
8233,WarpSAC-L,h1-maze-v0,3,avg_return,350000,193.4829
8234,WarpSAC-L,h1-maze-v0,3,avg_return,400000,137.4137
8235,WarpSAC-L,h1-maze-v0,3,avg_return,450000,312.5604
8236,WarpSAC-L,h1-maze-v0,3,avg_return,500000,296.1549
8237,WarpSAC-L,h1-maze-v0,3,avg_return,550000,340.5997
8238,WarpSAC-L,h1-maze-v0,3,avg_return,600000,343.4246
8239,WarpSAC-L,h1-maze-v0,3,avg_return,650000,386.7456
8240,WarpSAC-L,h1-maze-v0,3,avg_return,700000,357.5767
8241,WarpSAC-L,h1-maze-v0,3,avg_return,750000,345.5833
8242,WarpSAC-L,h1-maze-v0,3,avg_return,800000,358.7382
8243,WarpSAC-L,h1-maze-v0,3,avg_return,850000,342.3058
8244,WarpSAC-L,h1-maze-v0,3,avg_return,900000,372.718
8245,WarpSAC-L,h1-maze-v0,3,avg_return,950000,335.0609
8246,WarpSAC-L,h1-maze-v0,3,avg_return,1000000,353.7737
8247,WarpSAC-L,h1-maze-v0,3,avg_success,0,0.0
8248,WarpSAC-L,h1-maze-v0,3,avg_success,50000,0.0
8249,WarpSAC-L,h1-maze-v0,3,avg_success,100000,0.0
8250,WarpSAC-L,h1-maze-v0,3,avg_success,150000,0.0
8251,WarpSAC-L,h1-maze-v0,3,avg_success,200000,0.0
8252,WarpSAC-L,h1-maze-v0,3,avg_success,250000,0.0
8253,WarpSAC-L,h1-maze-v0,3,avg_success,300000,0.0
8254,WarpSAC-L,h1-maze-v0,3,avg_success,350000,0.0
8255,WarpSAC-L,h1-maze-v0,3,avg_success,400000,0.0
8256,WarpSAC-L,h1-maze-v0,3,avg_success,450000,0.0
8257,WarpSAC-L,h1-maze-v0,3,avg_success,500000,0.0
8258,WarpSAC-L,h1-maze-v0,3,avg_success,550000,0.0
8259,WarpSAC-L,h1-maze-v0,3,avg_success,600000,0.0
8260,WarpSAC-L,h1-maze-v0,3,avg_success,650000,0.0
8261,WarpSAC-L,h1-maze-v0,3,avg_success,700000,0.0
8262,WarpSAC-L,h1-maze-v0,3,avg_success,750000,0.0
8263,WarpSAC-L,h1-maze-v0,3,avg_success,800000,0.0
8264,WarpSAC-L,h1-maze-v0,3,avg_success,850000,0.0
8265,WarpSAC-L,h1-maze-v0,3,avg_success,900000,0.0
8266,WarpSAC-L,h1-maze-v0,3,avg_success,950000,0.0
8267,WarpSAC-L,h1-maze-v0,3,avg_success,1000000,0.0
8268,WarpSAC-L,h1-maze-v0,4,avg_return,0,106.6381
8269,WarpSAC-L,h1-maze-v0,4,avg_return,50000,133.329
8270,WarpSAC-L,h1-maze-v0,4,avg_return,100000,262.9364
8271,WarpSAC-L,h1-maze-v0,4,avg_return,150000,124.6331
8272,WarpSAC-L,h1-maze-v0,4,avg_return,200000,149.6822
8273,WarpSAC-L,h1-maze-v0,4,avg_return,250000,146.2476
8274,WarpSAC-L,h1-maze-v0,4,avg_return,300000,154.7035
8275,WarpSAC-L,h1-maze-v0,4,avg_return,350000,147.6028
8276,WarpSAC-L,h1-maze-v0,4,avg_return,400000,135.2046
8277,WarpSAC-L,h1-maze-v0,4,avg_return,450000,159.8041
8278,WarpSAC-L,h1-maze-v0,4,avg_return,500000,132.0174
8279,WarpSAC-L,h1-maze-v0,4,avg_return,550000,224.3409
8280,WarpSAC-L,h1-maze-v0,4,avg_return,600000,285.4521
8281,WarpSAC-L,h1-maze-v0,4,avg_return,650000,256.5285
8282,WarpSAC-L,h1-maze-v0,4,avg_return,700000,321.9784
8283,WarpSAC-L,h1-maze-v0,4,avg_return,750000,301.6882
8284,WarpSAC-L,h1-maze-v0,4,avg_return,800000,354.1459
8285,WarpSAC-L,h1-maze-v0,4,avg_return,850000,325.1858
8286,WarpSAC-L,h1-maze-v0,4,avg_return,900000,340.0633
8287,WarpSAC-L,h1-maze-v0,4,avg_return,950000,334.9411
8288,WarpSAC-L,h1-maze-v0,4,avg_return,1000000,291.8829
8289,WarpSAC-L,h1-maze-v0,4,avg_success,0,0.0
8290,WarpSAC-L,h1-maze-v0,4,avg_success,50000,0.0
8291,WarpSAC-L,h1-maze-v0,4,avg_success,100000,0.0
8292,WarpSAC-L,h1-maze-v0,4,avg_success,150000,0.0
8293,WarpSAC-L,h1-maze-v0,4,avg_success,200000,0.0
8294,WarpSAC-L,h1-maze-v0,4,avg_success,250000,0.0
8295,WarpSAC-L,h1-maze-v0,4,avg_success,300000,0.0
8296,WarpSAC-L,h1-maze-v0,4,avg_success,350000,0.0
8297,WarpSAC-L,h1-maze-v0,4,avg_success,400000,0.0
8298,WarpSAC-L,h1-maze-v0,4,avg_success,450000,0.0
8299,WarpSAC-L,h1-maze-v0,4,avg_success,500000,0.0
8300,WarpSAC-L,h1-maze-v0,4,avg_success,550000,0.0
8301,WarpSAC-L,h1-maze-v0,4,avg_success,600000,0.0
8302,WarpSAC-L,h1-maze-v0,4,avg_success,650000,0.0
8303,WarpSAC-L,h1-maze-v0,4,avg_success,700000,0.0
8304,WarpSAC-L,h1-maze-v0,4,avg_success,750000,0.0
8305,WarpSAC-L,h1-maze-v0,4,avg_success,800000,0.0
8306,WarpSAC-L,h1-maze-v0,4,avg_success,850000,0.0
8307,WarpSAC-L,h1-maze-v0,4,avg_success,900000,0.0
8308,WarpSAC-L,h1-maze-v0,4,avg_success,950000,0.0
8309,WarpSAC-L,h1-maze-v0,4,avg_success,1000000,0.0
8310,WarpSAC-L,h1-maze-v0,5,avg_return,0,108.5978
8311,WarpSAC-L,h1-maze-v0,5,avg_return,50000,148.4828
8312,WarpSAC-L,h1-maze-v0,5,avg_return,100000,150.9034
8313,WarpSAC-L,h1-maze-v0,5,avg_return,150000,174.8965
8314,WarpSAC-L,h1-maze-v0,5,avg_return,200000,128.0253
8315,WarpSAC-L,h1-maze-v0,5,avg_return,250000,260.2707
8316,WarpSAC-L,h1-maze-v0,5,avg_return,300000,133.8129
8317,WarpSAC-L,h1-maze-v0,5,avg_return,350000,216.7842
8318,WarpSAC-L,h1-maze-v0,5,avg_return,400000,253.9791
8319,WarpSAC-L,h1-maze-v0,5,avg_return,450000,345.5811
8320,WarpSAC-L,h1-maze-v0,5,avg_return,500000,334.0438
8321,WarpSAC-L,h1-maze-v0,5,avg_return,550000,332.7053
8322,WarpSAC-L,h1-maze-v0,5,avg_return,600000,337.9977
8323,WarpSAC-L,h1-maze-v0,5,avg_return,650000,344.187
8324,WarpSAC-L,h1-maze-v0,5,avg_return,700000,344.1133
8325,WarpSAC-L,h1-maze-v0,5,avg_return,750000,355.7895
8326,WarpSAC-L,h1-maze-v0,5,avg_return,800000,348.006
8327,WarpSAC-L,h1-maze-v0,5,avg_return,850000,306.0927
8328,WarpSAC-L,h1-maze-v0,5,avg_return,900000,351.0466
8329,WarpSAC-L,h1-maze-v0,5,avg_return,950000,347.2414
8330,WarpSAC-L,h1-maze-v0,5,avg_return,1000000,371.6575
8331,WarpSAC-L,h1-maze-v0,5,avg_success,0,0.0
8332,WarpSAC-L,h1-maze-v0,5,avg_success,50000,0.0
8333,WarpSAC-L,h1-maze-v0,5,avg_success,100000,0.0
8334,WarpSAC-L,h1-maze-v0,5,avg_success,150000,0.0
8335,WarpSAC-L,h1-maze-v0,5,avg_success,200000,0.0
8336,WarpSAC-L,h1-maze-v0,5,avg_success,250000,0.0
8337,WarpSAC-L,h1-maze-v0,5,avg_success,300000,0.0
8338,WarpSAC-L,h1-maze-v0,5,avg_success,350000,0.0
8339,WarpSAC-L,h1-maze-v0,5,avg_success,400000,0.0
8340,WarpSAC-L,h1-maze-v0,5,avg_success,450000,0.0
8341,WarpSAC-L,h1-maze-v0,5,avg_success,500000,0.0
8342,WarpSAC-L,h1-maze-v0,5,avg_success,550000,0.0
8343,WarpSAC-L,h1-maze-v0,5,avg_success,600000,0.0
8344,WarpSAC-L,h1-maze-v0,5,avg_success,650000,0.0
8345,WarpSAC-L,h1-maze-v0,5,avg_success,700000,0.0
8346,WarpSAC-L,h1-maze-v0,5,avg_success,750000,0.0
8347,WarpSAC-L,h1-maze-v0,5,avg_success,800000,0.0
8348,WarpSAC-L,h1-maze-v0,5,avg_success,850000,0.0
8349,WarpSAC-L,h1-maze-v0,5,avg_success,900000,0.0
8350,WarpSAC-L,h1-maze-v0,5,avg_success,950000,0.0
8351,WarpSAC-L,h1-maze-v0,5,avg_success,1000000,0.0
8352,WarpSAC-L,h1-pole-v0,1,avg_return,0,29.9515
8353,WarpSAC-L,h1-pole-v0,1,avg_return,50000,48.2226
8354,WarpSAC-L,h1-pole-v0,1,avg_return,100000,96.4526
8355,WarpSAC-L,h1-pole-v0,1,avg_return,150000,150.6843
8356,WarpSAC-L,h1-pole-v0,1,avg_return,200000,132.2417
8357,WarpSAC-L,h1-pole-v0,1,avg_return,250000,192.1683
8358,WarpSAC-L,h1-pole-v0,1,avg_return,300000,243.4717
8359,WarpSAC-L,h1-pole-v0,1,avg_return,350000,357.8029
8360,WarpSAC-L,h1-pole-v0,1,avg_return,400000,389.7875
8361,WarpSAC-L,h1-pole-v0,1,avg_return,450000,548.4017
8362,WarpSAC-L,h1-pole-v0,1,avg_return,500000,750.0809
8363,WarpSAC-L,h1-pole-v0,1,avg_return,550000,845.0544
8364,WarpSAC-L,h1-pole-v0,1,avg_return,600000,927.8341
8365,WarpSAC-L,h1-pole-v0,1,avg_return,650000,884.4852
8366,WarpSAC-L,h1-pole-v0,1,avg_return,700000,911.6602
8367,WarpSAC-L,h1-pole-v0,1,avg_return,750000,929.7109
8368,WarpSAC-L,h1-pole-v0,1,avg_return,800000,929.2343
8369,WarpSAC-L,h1-pole-v0,1,avg_return,850000,915.2096
8370,WarpSAC-L,h1-pole-v0,1,avg_return,900000,930.0777
8371,WarpSAC-L,h1-pole-v0,1,avg_return,950000,933.32
8372,WarpSAC-L,h1-pole-v0,1,avg_return,1000000,935.6918
8373,WarpSAC-L,h1-pole-v0,1,avg_success,0,0.0
8374,WarpSAC-L,h1-pole-v0,1,avg_success,50000,0.0
8375,WarpSAC-L,h1-pole-v0,1,avg_success,100000,0.0
8376,WarpSAC-L,h1-pole-v0,1,avg_success,150000,0.0
8377,WarpSAC-L,h1-pole-v0,1,avg_success,200000,0.0
8378,WarpSAC-L,h1-pole-v0,1,avg_success,250000,0.0
8379,WarpSAC-L,h1-pole-v0,1,avg_success,300000,0.0
8380,WarpSAC-L,h1-pole-v0,1,avg_success,350000,0.0
8381,WarpSAC-L,h1-pole-v0,1,avg_success,400000,0.0
8382,WarpSAC-L,h1-pole-v0,1,avg_success,450000,0.0
8383,WarpSAC-L,h1-pole-v0,1,avg_success,500000,0.0
8384,WarpSAC-L,h1-pole-v0,1,avg_success,550000,0.0
8385,WarpSAC-L,h1-pole-v0,1,avg_success,600000,0.0
8386,WarpSAC-L,h1-pole-v0,1,avg_success,650000,0.0
8387,WarpSAC-L,h1-pole-v0,1,avg_success,700000,0.0
8388,WarpSAC-L,h1-pole-v0,1,avg_success,750000,0.0
8389,WarpSAC-L,h1-pole-v0,1,avg_success,800000,0.0
8390,WarpSAC-L,h1-pole-v0,1,avg_success,850000,0.0
8391,WarpSAC-L,h1-pole-v0,1,avg_success,900000,0.0
8392,WarpSAC-L,h1-pole-v0,1,avg_success,950000,0.0
8393,WarpSAC-L,h1-pole-v0,1,avg_success,1000000,0.0
8394,WarpSAC-L,h1-pole-v0,2,avg_return,0,19.5707
8395,WarpSAC-L,h1-pole-v0,2,avg_return,50000,71.7812
8396,WarpSAC-L,h1-pole-v0,2,avg_return,100000,111.9255
8397,WarpSAC-L,h1-pole-v0,2,avg_return,150000,121.3482
8398,WarpSAC-L,h1-pole-v0,2,avg_return,200000,200.1534
8399,WarpSAC-L,h1-pole-v0,2,avg_return,250000,200.1017
8400,WarpSAC-L,h1-pole-v0,2,avg_return,300000,273.3203
8401,WarpSAC-L,h1-pole-v0,2,avg_return,350000,363.7866
8402,WarpSAC-L,h1-pole-v0,2,avg_return,400000,370.6145
8403,WarpSAC-L,h1-pole-v0,2,avg_return,450000,537.0759
8404,WarpSAC-L,h1-pole-v0,2,avg_return,500000,523.9717
8405,WarpSAC-L,h1-pole-v0,2,avg_return,550000,731.6877
8406,WarpSAC-L,h1-pole-v0,2,avg_return,600000,746.4626
8407,WarpSAC-L,h1-pole-v0,2,avg_return,650000,839.3468
8408,WarpSAC-L,h1-pole-v0,2,avg_return,700000,916.7028
8409,WarpSAC-L,h1-pole-v0,2,avg_return,750000,798.6858
8410,WarpSAC-L,h1-pole-v0,2,avg_return,800000,921.177
8411,WarpSAC-L,h1-pole-v0,2,avg_return,850000,938.4798
8412,WarpSAC-L,h1-pole-v0,2,avg_return,900000,937.0902
8413,WarpSAC-L,h1-pole-v0,2,avg_return,950000,933.0089
8414,WarpSAC-L,h1-pole-v0,2,avg_return,1000000,939.2672
8415,WarpSAC-L,h1-pole-v0,2,avg_success,0,0.0
8416,WarpSAC-L,h1-pole-v0,2,avg_success,50000,0.0
8417,WarpSAC-L,h1-pole-v0,2,avg_success,100000,0.0
8418,WarpSAC-L,h1-pole-v0,2,avg_success,150000,0.0
8419,WarpSAC-L,h1-pole-v0,2,avg_success,200000,0.0
8420,WarpSAC-L,h1-pole-v0,2,avg_success,250000,0.0
8421,WarpSAC-L,h1-pole-v0,2,avg_success,300000,0.0
8422,WarpSAC-L,h1-pole-v0,2,avg_success,350000,0.0
8423,WarpSAC-L,h1-pole-v0,2,avg_success,400000,0.0
8424,WarpSAC-L,h1-pole-v0,2,avg_success,450000,0.0
8425,WarpSAC-L,h1-pole-v0,2,avg_success,500000,0.0
8426,WarpSAC-L,h1-pole-v0,2,avg_success,550000,0.0
8427,WarpSAC-L,h1-pole-v0,2,avg_success,600000,0.0
8428,WarpSAC-L,h1-pole-v0,2,avg_success,650000,0.0
8429,WarpSAC-L,h1-pole-v0,2,avg_success,700000,0.0
8430,WarpSAC-L,h1-pole-v0,2,avg_success,750000,0.0
8431,WarpSAC-L,h1-pole-v0,2,avg_success,800000,0.0
8432,WarpSAC-L,h1-pole-v0,2,avg_success,850000,0.0
8433,WarpSAC-L,h1-pole-v0,2,avg_success,900000,0.0
8434,WarpSAC-L,h1-pole-v0,2,avg_success,950000,0.0
8435,WarpSAC-L,h1-pole-v0,2,avg_success,1000000,0.0
8436,WarpSAC-L,h1-pole-v0,3,avg_return,0,18.2062
8437,WarpSAC-L,h1-pole-v0,3,avg_return,50000,83.809
8438,WarpSAC-L,h1-pole-v0,3,avg_return,100000,88.0427
8439,WarpSAC-L,h1-pole-v0,3,avg_return,150000,107.1043
8440,WarpSAC-L,h1-pole-v0,3,avg_return,200000,228.1602
8441,WarpSAC-L,h1-pole-v0,3,avg_return,250000,238.5665
8442,WarpSAC-L,h1-pole-v0,3,avg_return,300000,297.1127
8443,WarpSAC-L,h1-pole-v0,3,avg_return,350000,547.0508
8444,WarpSAC-L,h1-pole-v0,3,avg_return,400000,666.9546
8445,WarpSAC-L,h1-pole-v0,3,avg_return,450000,729.4151
8446,WarpSAC-L,h1-pole-v0,3,avg_return,500000,924.9361
8447,WarpSAC-L,h1-pole-v0,3,avg_return,550000,914.6513
8448,WarpSAC-L,h1-pole-v0,3,avg_return,600000,932.9334
8449,WarpSAC-L,h1-pole-v0,3,avg_return,650000,932.8753
8450,WarpSAC-L,h1-pole-v0,3,avg_return,700000,901.4284
8451,WarpSAC-L,h1-pole-v0,3,avg_return,750000,936.5686
8452,WarpSAC-L,h1-pole-v0,3,avg_return,800000,936.4648
8453,WarpSAC-L,h1-pole-v0,3,avg_return,850000,931.738
8454,WarpSAC-L,h1-pole-v0,3,avg_return,900000,888.7045
8455,WarpSAC-L,h1-pole-v0,3,avg_return,950000,935.9564
8456,WarpSAC-L,h1-pole-v0,3,avg_return,1000000,909.0043
8457,WarpSAC-L,h1-pole-v0,3,avg_success,0,0.0
8458,WarpSAC-L,h1-pole-v0,3,avg_success,50000,0.0
8459,WarpSAC-L,h1-pole-v0,3,avg_success,100000,0.0
8460,WarpSAC-L,h1-pole-v0,3,avg_success,150000,0.0
8461,WarpSAC-L,h1-pole-v0,3,avg_success,200000,0.0
8462,WarpSAC-L,h1-pole-v0,3,avg_success,250000,0.0
8463,WarpSAC-L,h1-pole-v0,3,avg_success,300000,0.0
8464,WarpSAC-L,h1-pole-v0,3,avg_success,350000,0.0
8465,WarpSAC-L,h1-pole-v0,3,avg_success,400000,0.0
8466,WarpSAC-L,h1-pole-v0,3,avg_success,450000,0.0
8467,WarpSAC-L,h1-pole-v0,3,avg_success,500000,0.0
8468,WarpSAC-L,h1-pole-v0,3,avg_success,550000,0.0
8469,WarpSAC-L,h1-pole-v0,3,avg_success,600000,0.0
8470,WarpSAC-L,h1-pole-v0,3,avg_success,650000,0.0
8471,WarpSAC-L,h1-pole-v0,3,avg_success,700000,0.0
8472,WarpSAC-L,h1-pole-v0,3,avg_success,750000,0.0
8473,WarpSAC-L,h1-pole-v0,3,avg_success,800000,0.0
8474,WarpSAC-L,h1-pole-v0,3,avg_success,850000,0.0
8475,WarpSAC-L,h1-pole-v0,3,avg_success,900000,0.0
8476,WarpSAC-L,h1-pole-v0,3,avg_success,950000,0.0
8477,WarpSAC-L,h1-pole-v0,3,avg_success,1000000,0.0
8478,WarpSAC-L,h1-pole-v0,4,avg_return,0,17.4399
8479,WarpSAC-L,h1-pole-v0,4,avg_return,50000,39.0118
8480,WarpSAC-L,h1-pole-v0,4,avg_return,100000,72.2283
8481,WarpSAC-L,h1-pole-v0,4,avg_return,150000,141.8695
8482,WarpSAC-L,h1-pole-v0,4,avg_return,200000,179.2051
8483,WarpSAC-L,h1-pole-v0,4,avg_return,250000,249.0865
8484,WarpSAC-L,h1-pole-v0,4,avg_return,300000,275.8437
8485,WarpSAC-L,h1-pole-v0,4,avg_return,350000,328.2149
8486,WarpSAC-L,h1-pole-v0,4,avg_return,400000,388.5685
8487,WarpSAC-L,h1-pole-v0,4,avg_return,450000,469.7993
8488,WarpSAC-L,h1-pole-v0,4,avg_return,500000,541.9113
8489,WarpSAC-L,h1-pole-v0,4,avg_return,550000,671.5176
8490,WarpSAC-L,h1-pole-v0,4,avg_return,600000,906.5485
8491,WarpSAC-L,h1-pole-v0,4,avg_return,650000,937.3145
8492,WarpSAC-L,h1-pole-v0,4,avg_return,700000,938.3673
8493,WarpSAC-L,h1-pole-v0,4,avg_return,750000,937.6215
8494,WarpSAC-L,h1-pole-v0,4,avg_return,800000,939.2379
8495,WarpSAC-L,h1-pole-v0,4,avg_return,850000,940.8865
8496,WarpSAC-L,h1-pole-v0,4,avg_return,900000,940.0015
8497,WarpSAC-L,h1-pole-v0,4,avg_return,950000,943.1288
8498,WarpSAC-L,h1-pole-v0,4,avg_return,1000000,941.0004
8499,WarpSAC-L,h1-pole-v0,4,avg_success,0,0.0
8500,WarpSAC-L,h1-pole-v0,4,avg_success,50000,0.0
8501,WarpSAC-L,h1-pole-v0,4,avg_success,100000,0.0
8502,WarpSAC-L,h1-pole-v0,4,avg_success,150000,0.0
8503,WarpSAC-L,h1-pole-v0,4,avg_success,200000,0.0
8504,WarpSAC-L,h1-pole-v0,4,avg_success,250000,0.0
8505,WarpSAC-L,h1-pole-v0,4,avg_success,300000,0.0
8506,WarpSAC-L,h1-pole-v0,4,avg_success,350000,0.0
8507,WarpSAC-L,h1-pole-v0,4,avg_success,400000,0.0
8508,WarpSAC-L,h1-pole-v0,4,avg_success,450000,0.0
8509,WarpSAC-L,h1-pole-v0,4,avg_success,500000,0.0
8510,WarpSAC-L,h1-pole-v0,4,avg_success,550000,0.0
8511,WarpSAC-L,h1-pole-v0,4,avg_success,600000,0.0
8512,WarpSAC-L,h1-pole-v0,4,avg_success,650000,0.0
8513,WarpSAC-L,h1-pole-v0,4,avg_success,700000,0.0
8514,WarpSAC-L,h1-pole-v0,4,avg_success,750000,0.0
8515,WarpSAC-L,h1-pole-v0,4,avg_success,800000,0.0
8516,WarpSAC-L,h1-pole-v0,4,avg_success,850000,0.0
8517,WarpSAC-L,h1-pole-v0,4,avg_success,900000,0.0
8518,WarpSAC-L,h1-pole-v0,4,avg_success,950000,0.0
8519,WarpSAC-L,h1-pole-v0,4,avg_success,1000000,0.0
8520,WarpSAC-L,h1-pole-v0,5,avg_return,0,24.2205
8521,WarpSAC-L,h1-pole-v0,5,avg_return,50000,54.1088
8522,WarpSAC-L,h1-pole-v0,5,avg_return,100000,84.5404
8523,WarpSAC-L,h1-pole-v0,5,avg_return,150000,128.0362
8524,WarpSAC-L,h1-pole-v0,5,avg_return,200000,165.7937
8525,WarpSAC-L,h1-pole-v0,5,avg_return,250000,171.0532
8526,WarpSAC-L,h1-pole-v0,5,avg_return,300000,236.4541
8527,WarpSAC-L,h1-pole-v0,5,avg_return,350000,361.2442
8528,WarpSAC-L,h1-pole-v0,5,avg_return,400000,451.8562
8529,WarpSAC-L,h1-pole-v0,5,avg_return,450000,605.2185
8530,WarpSAC-L,h1-pole-v0,5,avg_return,500000,658.7986
8531,WarpSAC-L,h1-pole-v0,5,avg_return,550000,895.3422
8532,WarpSAC-L,h1-pole-v0,5,avg_return,600000,923.4235
8533,WarpSAC-L,h1-pole-v0,5,avg_return,650000,933.2895
8534,WarpSAC-L,h1-pole-v0,5,avg_return,700000,931.0625
8535,WarpSAC-L,h1-pole-v0,5,avg_return,750000,932.6183
8536,WarpSAC-L,h1-pole-v0,5,avg_return,800000,927.6654
8537,WarpSAC-L,h1-pole-v0,5,avg_return,850000,936.442
8538,WarpSAC-L,h1-pole-v0,5,avg_return,900000,935.9133
8539,WarpSAC-L,h1-pole-v0,5,avg_return,950000,936.9754
8540,WarpSAC-L,h1-pole-v0,5,avg_return,1000000,934.1636
8541,WarpSAC-L,h1-pole-v0,5,avg_success,0,0.0
8542,WarpSAC-L,h1-pole-v0,5,avg_success,50000,0.0
8543,WarpSAC-L,h1-pole-v0,5,avg_success,100000,0.0
8544,WarpSAC-L,h1-pole-v0,5,avg_success,150000,0.0
8545,WarpSAC-L,h1-pole-v0,5,avg_success,200000,0.0
8546,WarpSAC-L,h1-pole-v0,5,avg_success,250000,0.0
8547,WarpSAC-L,h1-pole-v0,5,avg_success,300000,0.0
8548,WarpSAC-L,h1-pole-v0,5,avg_success,350000,0.0
8549,WarpSAC-L,h1-pole-v0,5,avg_success,400000,0.0
8550,WarpSAC-L,h1-pole-v0,5,avg_success,450000,0.0
8551,WarpSAC-L,h1-pole-v0,5,avg_success,500000,0.0
8552,WarpSAC-L,h1-pole-v0,5,avg_success,550000,0.0
8553,WarpSAC-L,h1-pole-v0,5,avg_success,600000,0.0
8554,WarpSAC-L,h1-pole-v0,5,avg_success,650000,0.0
8555,WarpSAC-L,h1-pole-v0,5,avg_success,700000,0.0
8556,WarpSAC-L,h1-pole-v0,5,avg_success,750000,0.0
8557,WarpSAC-L,h1-pole-v0,5,avg_success,800000,0.0
8558,WarpSAC-L,h1-pole-v0,5,avg_success,850000,0.0
8559,WarpSAC-L,h1-pole-v0,5,avg_success,900000,0.0
8560,WarpSAC-L,h1-pole-v0,5,avg_success,950000,0.0
8561,WarpSAC-L,h1-pole-v0,5,avg_success,1000000,0.0
8562,WarpSAC-L,h1-reach-v0,1,avg_return,0,-69.0937
8563,WarpSAC-L,h1-reach-v0,1,avg_return,50000,676.3804
8564,WarpSAC-L,h1-reach-v0,1,avg_return,100000,1305.246
8565,WarpSAC-L,h1-reach-v0,1,avg_return,150000,1531.6727
8566,WarpSAC-L,h1-reach-v0,1,avg_return,200000,1501.4782
8567,WarpSAC-L,h1-reach-v0,1,avg_return,250000,2332.6341
8568,WarpSAC-L,h1-reach-v0,1,avg_return,300000,2418.8213
8569,WarpSAC-L,h1-reach-v0,1,avg_return,350000,2646.9316
8570,WarpSAC-L,h1-reach-v0,1,avg_return,400000,2522.343
8571,WarpSAC-L,h1-reach-v0,1,avg_return,450000,2385.1942
8572,WarpSAC-L,h1-reach-v0,1,avg_return,500000,3012.8604
8573,WarpSAC-L,h1-reach-v0,1,avg_return,550000,3257.2381
8574,WarpSAC-L,h1-reach-v0,1,avg_return,600000,3530.2047
8575,WarpSAC-L,h1-reach-v0,1,avg_return,650000,2582.0959
8576,WarpSAC-L,h1-reach-v0,1,avg_return,700000,3954.5502
8577,WarpSAC-L,h1-reach-v0,1,avg_return,750000,3520.1431
8578,WarpSAC-L,h1-reach-v0,1,avg_return,800000,4609.4415
8579,WarpSAC-L,h1-reach-v0,1,avg_return,850000,4011.2507
8580,WarpSAC-L,h1-reach-v0,1,avg_return,900000,3514.9026
8581,WarpSAC-L,h1-reach-v0,1,avg_return,950000,4647.6822
8582,WarpSAC-L,h1-reach-v0,1,avg_return,1000000,4717.2543
8583,WarpSAC-L,h1-reach-v0,1,avg_success,0,0.0
8584,WarpSAC-L,h1-reach-v0,1,avg_success,50000,0.0
8585,WarpSAC-L,h1-reach-v0,1,avg_success,100000,0.0
8586,WarpSAC-L,h1-reach-v0,1,avg_success,150000,0.0
8587,WarpSAC-L,h1-reach-v0,1,avg_success,200000,0.0
8588,WarpSAC-L,h1-reach-v0,1,avg_success,250000,0.0
8589,WarpSAC-L,h1-reach-v0,1,avg_success,300000,0.0
8590,WarpSAC-L,h1-reach-v0,1,avg_success,350000,0.0
8591,WarpSAC-L,h1-reach-v0,1,avg_success,400000,0.0
8592,WarpSAC-L,h1-reach-v0,1,avg_success,450000,0.0
8593,WarpSAC-L,h1-reach-v0,1,avg_success,500000,0.0
8594,WarpSAC-L,h1-reach-v0,1,avg_success,550000,0.0
8595,WarpSAC-L,h1-reach-v0,1,avg_success,600000,0.0
8596,WarpSAC-L,h1-reach-v0,1,avg_success,650000,0.0
8597,WarpSAC-L,h1-reach-v0,1,avg_success,700000,0.0
8598,WarpSAC-L,h1-reach-v0,1,avg_success,750000,0.0
8599,WarpSAC-L,h1-reach-v0,1,avg_success,800000,0.0
8600,WarpSAC-L,h1-reach-v0,1,avg_success,850000,0.0
8601,WarpSAC-L,h1-reach-v0,1,avg_success,900000,0.0
8602,WarpSAC-L,h1-reach-v0,1,avg_success,950000,0.0
8603,WarpSAC-L,h1-reach-v0,1,avg_success,1000000,0.0
8604,WarpSAC-L,h1-reach-v0,2,avg_return,0,-294.6024
8605,WarpSAC-L,h1-reach-v0,2,avg_return,50000,1304.0094
8606,WarpSAC-L,h1-reach-v0,2,avg_return,100000,1731.8691
8607,WarpSAC-L,h1-reach-v0,2,avg_return,150000,2294.1457
8608,WarpSAC-L,h1-reach-v0,2,avg_return,200000,2185.1313
8609,WarpSAC-L,h1-reach-v0,2,avg_return,250000,2402.6024
8610,WarpSAC-L,h1-reach-v0,2,avg_return,300000,3455.536
8611,WarpSAC-L,h1-reach-v0,2,avg_return,350000,4058.4627
8612,WarpSAC-L,h1-reach-v0,2,avg_return,400000,4117.7458
8613,WarpSAC-L,h1-reach-v0,2,avg_return,450000,3749.4272
8614,WarpSAC-L,h1-reach-v0,2,avg_return,500000,4375.6885
8615,WarpSAC-L,h1-reach-v0,2,avg_return,550000,4186.7597
8616,WarpSAC-L,h1-reach-v0,2,avg_return,600000,4620.0591
8617,WarpSAC-L,h1-reach-v0,2,avg_return,650000,4483.7787
8618,WarpSAC-L,h1-reach-v0,2,avg_return,700000,4955.7347
8619,WarpSAC-L,h1-reach-v0,2,avg_return,750000,4753.1399
8620,WarpSAC-L,h1-reach-v0,2,avg_return,800000,4634.039
8621,WarpSAC-L,h1-reach-v0,2,avg_return,850000,4344.9204
8622,WarpSAC-L,h1-reach-v0,2,avg_return,900000,5890.385
8623,WarpSAC-L,h1-reach-v0,2,avg_return,950000,5132.2833
8624,WarpSAC-L,h1-reach-v0,2,avg_return,1000000,6159.1922
8625,WarpSAC-L,h1-reach-v0,2,avg_success,0,0.0
8626,WarpSAC-L,h1-reach-v0,2,avg_success,50000,0.0
8627,WarpSAC-L,h1-reach-v0,2,avg_success,100000,0.0
8628,WarpSAC-L,h1-reach-v0,2,avg_success,150000,0.0
8629,WarpSAC-L,h1-reach-v0,2,avg_success,200000,0.0
8630,WarpSAC-L,h1-reach-v0,2,avg_success,250000,0.0
8631,WarpSAC-L,h1-reach-v0,2,avg_success,300000,0.0
8632,WarpSAC-L,h1-reach-v0,2,avg_success,350000,0.0
8633,WarpSAC-L,h1-reach-v0,2,avg_success,400000,0.0
8634,WarpSAC-L,h1-reach-v0,2,avg_success,450000,0.0
8635,WarpSAC-L,h1-reach-v0,2,avg_success,500000,0.0
8636,WarpSAC-L,h1-reach-v0,2,avg_success,550000,0.0
8637,WarpSAC-L,h1-reach-v0,2,avg_success,600000,0.0
8638,WarpSAC-L,h1-reach-v0,2,avg_success,650000,0.0
8639,WarpSAC-L,h1-reach-v0,2,avg_success,700000,0.0
8640,WarpSAC-L,h1-reach-v0,2,avg_success,750000,0.0
8641,WarpSAC-L,h1-reach-v0,2,avg_success,800000,0.0
8642,WarpSAC-L,h1-reach-v0,2,avg_success,850000,0.0
8643,WarpSAC-L,h1-reach-v0,2,avg_success,900000,0.0
8644,WarpSAC-L,h1-reach-v0,2,avg_success,950000,0.0
8645,WarpSAC-L,h1-reach-v0,2,avg_success,1000000,0.0
8646,WarpSAC-L,h1-reach-v0,3,avg_return,0,-378.3859
8647,WarpSAC-L,h1-reach-v0,3,avg_return,50000,887.8985
8648,WarpSAC-L,h1-reach-v0,3,avg_return,100000,1617.358
8649,WarpSAC-L,h1-reach-v0,3,avg_return,150000,1950.5788
8650,WarpSAC-L,h1-reach-v0,3,avg_return,200000,1856.6033
8651,WarpSAC-L,h1-reach-v0,3,avg_return,250000,1345.2856
8652,WarpSAC-L,h1-reach-v0,3,avg_return,300000,2141.4127
8653,WarpSAC-L,h1-reach-v0,3,avg_return,350000,1854.2064
8654,WarpSAC-L,h1-reach-v0,3,avg_return,400000,2126.5348
8655,WarpSAC-L,h1-reach-v0,3,avg_return,450000,2540.9298
8656,WarpSAC-L,h1-reach-v0,3,avg_return,500000,2707.2327
8657,WarpSAC-L,h1-reach-v0,3,avg_return,550000,2478.8565
8658,WarpSAC-L,h1-reach-v0,3,avg_return,600000,2296.6463
8659,WarpSAC-L,h1-reach-v0,3,avg_return,650000,3006.6555
8660,WarpSAC-L,h1-reach-v0,3,avg_return,700000,2873.0781
8661,WarpSAC-L,h1-reach-v0,3,avg_return,750000,2642.4079
8662,WarpSAC-L,h1-reach-v0,3,avg_return,800000,3529.1388
8663,WarpSAC-L,h1-reach-v0,3,avg_return,850000,3337.4454
8664,WarpSAC-L,h1-reach-v0,3,avg_return,900000,3226.496
8665,WarpSAC-L,h1-reach-v0,3,avg_return,950000,3629.4783
8666,WarpSAC-L,h1-reach-v0,3,avg_return,1000000,5084.3825
8667,WarpSAC-L,h1-reach-v0,3,avg_success,0,0.0
8668,WarpSAC-L,h1-reach-v0,3,avg_success,50000,0.0
8669,WarpSAC-L,h1-reach-v0,3,avg_success,100000,0.0
8670,WarpSAC-L,h1-reach-v0,3,avg_success,150000,0.0
8671,WarpSAC-L,h1-reach-v0,3,avg_success,200000,0.0
8672,WarpSAC-L,h1-reach-v0,3,avg_success,250000,0.0
8673,WarpSAC-L,h1-reach-v0,3,avg_success,300000,0.0
8674,WarpSAC-L,h1-reach-v0,3,avg_success,350000,0.0
8675,WarpSAC-L,h1-reach-v0,3,avg_success,400000,0.0
8676,WarpSAC-L,h1-reach-v0,3,avg_success,450000,0.0
8677,WarpSAC-L,h1-reach-v0,3,avg_success,500000,0.0
8678,WarpSAC-L,h1-reach-v0,3,avg_success,550000,0.0
8679,WarpSAC-L,h1-reach-v0,3,avg_success,600000,0.0
8680,WarpSAC-L,h1-reach-v0,3,avg_success,650000,0.0
8681,WarpSAC-L,h1-reach-v0,3,avg_success,700000,0.0
8682,WarpSAC-L,h1-reach-v0,3,avg_success,750000,0.0
8683,WarpSAC-L,h1-reach-v0,3,avg_success,800000,0.0
8684,WarpSAC-L,h1-reach-v0,3,avg_success,850000,0.0
8685,WarpSAC-L,h1-reach-v0,3,avg_success,900000,0.0
8686,WarpSAC-L,h1-reach-v0,3,avg_success,950000,0.0
8687,WarpSAC-L,h1-reach-v0,3,avg_success,1000000,0.0
8688,WarpSAC-L,h1-reach-v0,4,avg_return,0,809.0653
8689,WarpSAC-L,h1-reach-v0,4,avg_return,50000,1004.1541
8690,WarpSAC-L,h1-reach-v0,4,avg_return,100000,1457.1631
8691,WarpSAC-L,h1-reach-v0,4,avg_return,150000,1574.7944
8692,WarpSAC-L,h1-reach-v0,4,avg_return,200000,1517.1745
8693,WarpSAC-L,h1-reach-v0,4,avg_return,250000,2138.9196
8694,WarpSAC-L,h1-reach-v0,4,avg_return,300000,2316.926
8695,WarpSAC-L,h1-reach-v0,4,avg_return,350000,2762.2167
8696,WarpSAC-L,h1-reach-v0,4,avg_return,400000,2903.3495
8697,WarpSAC-L,h1-reach-v0,4,avg_return,450000,2121.0648
8698,WarpSAC-L,h1-reach-v0,4,avg_return,500000,3073.7422
8699,WarpSAC-L,h1-reach-v0,4,avg_return,550000,3224.3558
8700,WarpSAC-L,h1-reach-v0,4,avg_return,600000,2729.6924
8701,WarpSAC-L,h1-reach-v0,4,avg_return,650000,4128.3208
8702,WarpSAC-L,h1-reach-v0,4,avg_return,700000,4197.4697
8703,WarpSAC-L,h1-reach-v0,4,avg_return,750000,5185.9579
8704,WarpSAC-L,h1-reach-v0,4,avg_return,800000,4713.7566
8705,WarpSAC-L,h1-reach-v0,4,avg_return,850000,4829.1599
8706,WarpSAC-L,h1-reach-v0,4,avg_return,900000,6281.1101
8707,WarpSAC-L,h1-reach-v0,4,avg_return,950000,5756.453
8708,WarpSAC-L,h1-reach-v0,4,avg_return,1000000,6863.1515
8709,WarpSAC-L,h1-reach-v0,4,avg_success,0,0.0
8710,WarpSAC-L,h1-reach-v0,4,avg_success,50000,0.0
8711,WarpSAC-L,h1-reach-v0,4,avg_success,100000,0.0
8712,WarpSAC-L,h1-reach-v0,4,avg_success,150000,0.0
8713,WarpSAC-L,h1-reach-v0,4,avg_success,200000,0.0
8714,WarpSAC-L,h1-reach-v0,4,avg_success,250000,0.0
8715,WarpSAC-L,h1-reach-v0,4,avg_success,300000,0.0
8716,WarpSAC-L,h1-reach-v0,4,avg_success,350000,0.0
8717,WarpSAC-L,h1-reach-v0,4,avg_success,400000,0.0
8718,WarpSAC-L,h1-reach-v0,4,avg_success,450000,0.0
8719,WarpSAC-L,h1-reach-v0,4,avg_success,500000,0.0
8720,WarpSAC-L,h1-reach-v0,4,avg_success,550000,0.0
8721,WarpSAC-L,h1-reach-v0,4,avg_success,600000,0.0
8722,WarpSAC-L,h1-reach-v0,4,avg_success,650000,0.0
8723,WarpSAC-L,h1-reach-v0,4,avg_success,700000,0.0
8724,WarpSAC-L,h1-reach-v0,4,avg_success,750000,0.0
8725,WarpSAC-L,h1-reach-v0,4,avg_success,800000,0.0
8726,WarpSAC-L,h1-reach-v0,4,avg_success,850000,0.0
8727,WarpSAC-L,h1-reach-v0,4,avg_success,900000,0.0
8728,WarpSAC-L,h1-reach-v0,4,avg_success,950000,0.0
8729,WarpSAC-L,h1-reach-v0,4,avg_success,1000000,0.0
8730,WarpSAC-L,h1-reach-v0,5,avg_return,0,-73.6093
8731,WarpSAC-L,h1-reach-v0,5,avg_return,50000,1005.7258
8732,WarpSAC-L,h1-reach-v0,5,avg_return,100000,1332.5437
8733,WarpSAC-L,h1-reach-v0,5,avg_return,150000,2057.0581
8734,WarpSAC-L,h1-reach-v0,5,avg_return,200000,2547.9145
8735,WarpSAC-L,h1-reach-v0,5,avg_return,250000,3210.9977
8736,WarpSAC-L,h1-reach-v0,5,avg_return,300000,1977.1946
8737,WarpSAC-L,h1-reach-v0,5,avg_return,350000,3501.8121
8738,WarpSAC-L,h1-reach-v0,5,avg_return,400000,3104.3498
8739,WarpSAC-L,h1-reach-v0,5,avg_return,450000,3441.4936
8740,WarpSAC-L,h1-reach-v0,5,avg_return,500000,2689.1043
8741,WarpSAC-L,h1-reach-v0,5,avg_return,550000,3483.9739
8742,WarpSAC-L,h1-reach-v0,5,avg_return,600000,3094.2039
8743,WarpSAC-L,h1-reach-v0,5,avg_return,650000,3377.8899
8744,WarpSAC-L,h1-reach-v0,5,avg_return,700000,3441.1015
8745,WarpSAC-L,h1-reach-v0,5,avg_return,750000,3572.0702
8746,WarpSAC-L,h1-reach-v0,5,avg_return,800000,3507.7898
8747,WarpSAC-L,h1-reach-v0,5,avg_return,850000,3743.1873
8748,WarpSAC-L,h1-reach-v0,5,avg_return,900000,4576.3271
8749,WarpSAC-L,h1-reach-v0,5,avg_return,950000,5220.7092
8750,WarpSAC-L,h1-reach-v0,5,avg_return,1000000,4967.3951
8751,WarpSAC-L,h1-reach-v0,5,avg_success,0,0.0
8752,WarpSAC-L,h1-reach-v0,5,avg_success,50000,0.0
8753,WarpSAC-L,h1-reach-v0,5,avg_success,100000,0.0
8754,WarpSAC-L,h1-reach-v0,5,avg_success,150000,0.0
8755,WarpSAC-L,h1-reach-v0,5,avg_success,200000,0.0
8756,WarpSAC-L,h1-reach-v0,5,avg_success,250000,0.0
8757,WarpSAC-L,h1-reach-v0,5,avg_success,300000,0.0
8758,WarpSAC-L,h1-reach-v0,5,avg_success,350000,0.0
8759,WarpSAC-L,h1-reach-v0,5,avg_success,400000,0.0
8760,WarpSAC-L,h1-reach-v0,5,avg_success,450000,0.0
8761,WarpSAC-L,h1-reach-v0,5,avg_success,500000,0.0
8762,WarpSAC-L,h1-reach-v0,5,avg_success,550000,0.0
8763,WarpSAC-L,h1-reach-v0,5,avg_success,600000,0.0
8764,WarpSAC-L,h1-reach-v0,5,avg_success,650000,0.0
8765,WarpSAC-L,h1-reach-v0,5,avg_success,700000,0.0
8766,WarpSAC-L,h1-reach-v0,5,avg_success,750000,0.0
8767,WarpSAC-L,h1-reach-v0,5,avg_success,800000,0.0
8768,WarpSAC-L,h1-reach-v0,5,avg_success,850000,0.0
8769,WarpSAC-L,h1-reach-v0,5,avg_success,900000,0.0
8770,WarpSAC-L,h1-reach-v0,5,avg_success,950000,0.0
8771,WarpSAC-L,h1-reach-v0,5,avg_success,1000000,0.0
8772,WarpSAC-L,h1-run-v0,1,avg_return,0,3.3699
8773,WarpSAC-L,h1-run-v0,1,avg_return,50000,8.5838
8774,WarpSAC-L,h1-run-v0,1,avg_return,100000,7.4686
8775,WarpSAC-L,h1-run-v0,1,avg_return,150000,18.4641
8776,WarpSAC-L,h1-run-v0,1,avg_return,200000,30.9628
8777,WarpSAC-L,h1-run-v0,1,avg_return,250000,32.5403
8778,WarpSAC-L,h1-run-v0,1,avg_return,300000,45.5129
8779,WarpSAC-L,h1-run-v0,1,avg_return,350000,49.2916
8780,WarpSAC-L,h1-run-v0,1,avg_return,400000,71.679
8781,WarpSAC-L,h1-run-v0,1,avg_return,450000,77.9929
8782,WarpSAC-L,h1-run-v0,1,avg_return,500000,98.006
8783,WarpSAC-L,h1-run-v0,1,avg_return,550000,107.2932
8784,WarpSAC-L,h1-run-v0,1,avg_return,600000,164.1215
8785,WarpSAC-L,h1-run-v0,1,avg_return,650000,280.3232
8786,WarpSAC-L,h1-run-v0,1,avg_return,700000,444.4216
8787,WarpSAC-L,h1-run-v0,1,avg_return,750000,502.6432
8788,WarpSAC-L,h1-run-v0,1,avg_return,800000,647.4202
8789,WarpSAC-L,h1-run-v0,1,avg_return,850000,801.7695
8790,WarpSAC-L,h1-run-v0,1,avg_return,900000,828.5843
8791,WarpSAC-L,h1-run-v0,1,avg_return,950000,749.5251
8792,WarpSAC-L,h1-run-v0,1,avg_return,1000000,833.5333
8793,WarpSAC-L,h1-run-v0,1,avg_success,0,0.0
8794,WarpSAC-L,h1-run-v0,1,avg_success,50000,0.0
8795,WarpSAC-L,h1-run-v0,1,avg_success,100000,0.0
8796,WarpSAC-L,h1-run-v0,1,avg_success,150000,0.0
8797,WarpSAC-L,h1-run-v0,1,avg_success,200000,0.0
8798,WarpSAC-L,h1-run-v0,1,avg_success,250000,0.0
8799,WarpSAC-L,h1-run-v0,1,avg_success,300000,0.0
8800,WarpSAC-L,h1-run-v0,1,avg_success,350000,0.0
8801,WarpSAC-L,h1-run-v0,1,avg_success,400000,0.0
8802,WarpSAC-L,h1-run-v0,1,avg_success,450000,0.0
8803,WarpSAC-L,h1-run-v0,1,avg_success,500000,0.0
8804,WarpSAC-L,h1-run-v0,1,avg_success,550000,0.0
8805,WarpSAC-L,h1-run-v0,1,avg_success,600000,0.0
8806,WarpSAC-L,h1-run-v0,1,avg_success,650000,0.0
8807,WarpSAC-L,h1-run-v0,1,avg_success,700000,0.0
8808,WarpSAC-L,h1-run-v0,1,avg_success,750000,0.0
8809,WarpSAC-L,h1-run-v0,1,avg_success,800000,0.0
8810,WarpSAC-L,h1-run-v0,1,avg_success,850000,0.0
8811,WarpSAC-L,h1-run-v0,1,avg_success,900000,0.0
8812,WarpSAC-L,h1-run-v0,1,avg_success,950000,0.0
8813,WarpSAC-L,h1-run-v0,1,avg_success,1000000,0.0
8814,WarpSAC-L,h1-run-v0,2,avg_return,0,1.662
8815,WarpSAC-L,h1-run-v0,2,avg_return,50000,9.8851
8816,WarpSAC-L,h1-run-v0,2,avg_return,100000,14.2781
8817,WarpSAC-L,h1-run-v0,2,avg_return,150000,26.4027
8818,WarpSAC-L,h1-run-v0,2,avg_return,200000,35.3079
8819,WarpSAC-L,h1-run-v0,2,avg_return,250000,50.9704
8820,WarpSAC-L,h1-run-v0,2,avg_return,300000,48.156
8821,WarpSAC-L,h1-run-v0,2,avg_return,350000,65.5642
8822,WarpSAC-L,h1-run-v0,2,avg_return,400000,104.7972
8823,WarpSAC-L,h1-run-v0,2,avg_return,450000,194.378
8824,WarpSAC-L,h1-run-v0,2,avg_return,500000,234.6541
8825,WarpSAC-L,h1-run-v0,2,avg_return,550000,498.5616
8826,WarpSAC-L,h1-run-v0,2,avg_return,600000,746.9328
8827,WarpSAC-L,h1-run-v0,2,avg_return,650000,820.2126
8828,WarpSAC-L,h1-run-v0,2,avg_return,700000,838.2687
8829,WarpSAC-L,h1-run-v0,2,avg_return,750000,839.4017
8830,WarpSAC-L,h1-run-v0,2,avg_return,800000,837.435
8831,WarpSAC-L,h1-run-v0,2,avg_return,850000,843.1221
8832,WarpSAC-L,h1-run-v0,2,avg_return,900000,845.0873
8833,WarpSAC-L,h1-run-v0,2,avg_return,950000,843.3546
8834,WarpSAC-L,h1-run-v0,2,avg_return,1000000,848.4281
8835,WarpSAC-L,h1-run-v0,2,avg_success,0,0.0
8836,WarpSAC-L,h1-run-v0,2,avg_success,50000,0.0
8837,WarpSAC-L,h1-run-v0,2,avg_success,100000,0.0
8838,WarpSAC-L,h1-run-v0,2,avg_success,150000,0.0
8839,WarpSAC-L,h1-run-v0,2,avg_success,200000,0.0
8840,WarpSAC-L,h1-run-v0,2,avg_success,250000,0.0
8841,WarpSAC-L,h1-run-v0,2,avg_success,300000,0.0
8842,WarpSAC-L,h1-run-v0,2,avg_success,350000,0.0
8843,WarpSAC-L,h1-run-v0,2,avg_success,400000,0.0
8844,WarpSAC-L,h1-run-v0,2,avg_success,450000,0.0
8845,WarpSAC-L,h1-run-v0,2,avg_success,500000,0.0
8846,WarpSAC-L,h1-run-v0,2,avg_success,550000,0.0
8847,WarpSAC-L,h1-run-v0,2,avg_success,600000,0.0
8848,WarpSAC-L,h1-run-v0,2,avg_success,650000,0.0
8849,WarpSAC-L,h1-run-v0,2,avg_success,700000,0.0
8850,WarpSAC-L,h1-run-v0,2,avg_success,750000,0.0
8851,WarpSAC-L,h1-run-v0,2,avg_success,800000,0.0
8852,WarpSAC-L,h1-run-v0,2,avg_success,850000,0.0
8853,WarpSAC-L,h1-run-v0,2,avg_success,900000,0.0
8854,WarpSAC-L,h1-run-v0,2,avg_success,950000,0.0
8855,WarpSAC-L,h1-run-v0,2,avg_success,1000000,0.0
8856,WarpSAC-L,h1-run-v0,3,avg_return,0,2.0357
8857,WarpSAC-L,h1-run-v0,3,avg_return,50000,7.3185
8858,WarpSAC-L,h1-run-v0,3,avg_return,100000,13.6087
8859,WarpSAC-L,h1-run-v0,3,avg_return,150000,22.3452
8860,WarpSAC-L,h1-run-v0,3,avg_return,200000,30.0582
8861,WarpSAC-L,h1-run-v0,3,avg_return,250000,47.4463
8862,WarpSAC-L,h1-run-v0,3,avg_return,300000,71.045
8863,WarpSAC-L,h1-run-v0,3,avg_return,350000,117.7605
8864,WarpSAC-L,h1-run-v0,3,avg_return,400000,135.0433
8865,WarpSAC-L,h1-run-v0,3,avg_return,450000,150.3661
8866,WarpSAC-L,h1-run-v0,3,avg_return,500000,232.5893
8867,WarpSAC-L,h1-run-v0,3,avg_return,550000,318.5299
8868,WarpSAC-L,h1-run-v0,3,avg_return,600000,470.0495
8869,WarpSAC-L,h1-run-v0,3,avg_return,650000,558.6301
8870,WarpSAC-L,h1-run-v0,3,avg_return,700000,643.3754
8871,WarpSAC-L,h1-run-v0,3,avg_return,750000,802.8392
8872,WarpSAC-L,h1-run-v0,3,avg_return,800000,827.8977
8873,WarpSAC-L,h1-run-v0,3,avg_return,850000,828.7114
8874,WarpSAC-L,h1-run-v0,3,avg_return,900000,832.7429
8875,WarpSAC-L,h1-run-v0,3,avg_return,950000,834.8455
8876,WarpSAC-L,h1-run-v0,3,avg_return,1000000,827.4075
8877,WarpSAC-L,h1-run-v0,3,avg_success,0,0.0
8878,WarpSAC-L,h1-run-v0,3,avg_success,50000,0.0
8879,WarpSAC-L,h1-run-v0,3,avg_success,100000,0.0
8880,WarpSAC-L,h1-run-v0,3,avg_success,150000,0.0
8881,WarpSAC-L,h1-run-v0,3,avg_success,200000,0.0
8882,WarpSAC-L,h1-run-v0,3,avg_success,250000,0.0
8883,WarpSAC-L,h1-run-v0,3,avg_success,300000,0.0
8884,WarpSAC-L,h1-run-v0,3,avg_success,350000,0.0
8885,WarpSAC-L,h1-run-v0,3,avg_success,400000,0.0
8886,WarpSAC-L,h1-run-v0,3,avg_success,450000,0.0
8887,WarpSAC-L,h1-run-v0,3,avg_success,500000,0.0
8888,WarpSAC-L,h1-run-v0,3,avg_success,550000,0.0
8889,WarpSAC-L,h1-run-v0,3,avg_success,600000,0.0
8890,WarpSAC-L,h1-run-v0,3,avg_success,650000,0.0
8891,WarpSAC-L,h1-run-v0,3,avg_success,700000,0.0
8892,WarpSAC-L,h1-run-v0,3,avg_success,750000,0.0
8893,WarpSAC-L,h1-run-v0,3,avg_success,800000,0.0
8894,WarpSAC-L,h1-run-v0,3,avg_success,850000,0.0
8895,WarpSAC-L,h1-run-v0,3,avg_success,900000,0.0
8896,WarpSAC-L,h1-run-v0,3,avg_success,950000,0.0
8897,WarpSAC-L,h1-run-v0,3,avg_success,1000000,0.0
8898,WarpSAC-L,h1-run-v0,4,avg_return,0,3.3744
8899,WarpSAC-L,h1-run-v0,4,avg_return,50000,10.0385
8900,WarpSAC-L,h1-run-v0,4,avg_return,100000,12.7671
8901,WarpSAC-L,h1-run-v0,4,avg_return,150000,28.0238
8902,WarpSAC-L,h1-run-v0,4,avg_return,200000,34.8914
8903,WarpSAC-L,h1-run-v0,4,avg_return,250000,57.0232
8904,WarpSAC-L,h1-run-v0,4,avg_return,300000,65.052
8905,WarpSAC-L,h1-run-v0,4,avg_return,350000,77.779
8906,WarpSAC-L,h1-run-v0,4,avg_return,400000,114.9852
8907,WarpSAC-L,h1-run-v0,4,avg_return,450000,157.4652
8908,WarpSAC-L,h1-run-v0,4,avg_return,500000,130.3984
8909,WarpSAC-L,h1-run-v0,4,avg_return,550000,242.8682
8910,WarpSAC-L,h1-run-v0,4,avg_return,600000,335.242
8911,WarpSAC-L,h1-run-v0,4,avg_return,650000,503.8229
8912,WarpSAC-L,h1-run-v0,4,avg_return,700000,809.0349
8913,WarpSAC-L,h1-run-v0,4,avg_return,750000,805.2596
8914,WarpSAC-L,h1-run-v0,4,avg_return,800000,825.4786
8915,WarpSAC-L,h1-run-v0,4,avg_return,850000,807.9504
8916,WarpSAC-L,h1-run-v0,4,avg_return,900000,829.0138
8917,WarpSAC-L,h1-run-v0,4,avg_return,950000,829.4387
8918,WarpSAC-L,h1-run-v0,4,avg_return,1000000,834.2977
8919,WarpSAC-L,h1-run-v0,4,avg_success,0,0.0
8920,WarpSAC-L,h1-run-v0,4,avg_success,50000,0.0
8921,WarpSAC-L,h1-run-v0,4,avg_success,100000,0.0
8922,WarpSAC-L,h1-run-v0,4,avg_success,150000,0.0
8923,WarpSAC-L,h1-run-v0,4,avg_success,200000,0.0
8924,WarpSAC-L,h1-run-v0,4,avg_success,250000,0.0
8925,WarpSAC-L,h1-run-v0,4,avg_success,300000,0.0
8926,WarpSAC-L,h1-run-v0,4,avg_success,350000,0.0
8927,WarpSAC-L,h1-run-v0,4,avg_success,400000,0.0
8928,WarpSAC-L,h1-run-v0,4,avg_success,450000,0.0
8929,WarpSAC-L,h1-run-v0,4,avg_success,500000,0.0
8930,WarpSAC-L,h1-run-v0,4,avg_success,550000,0.0
8931,WarpSAC-L,h1-run-v0,4,avg_success,600000,0.0
8932,WarpSAC-L,h1-run-v0,4,avg_success,650000,0.0
8933,WarpSAC-L,h1-run-v0,4,avg_success,700000,0.0
8934,WarpSAC-L,h1-run-v0,4,avg_success,750000,0.0
8935,WarpSAC-L,h1-run-v0,4,avg_success,800000,0.0
8936,WarpSAC-L,h1-run-v0,4,avg_success,850000,0.0
8937,WarpSAC-L,h1-run-v0,4,avg_success,900000,0.0
8938,WarpSAC-L,h1-run-v0,4,avg_success,950000,0.0
8939,WarpSAC-L,h1-run-v0,4,avg_success,1000000,0.0
8940,WarpSAC-L,h1-run-v0,5,avg_return,0,1.8877
8941,WarpSAC-L,h1-run-v0,5,avg_return,50000,8.6907
8942,WarpSAC-L,h1-run-v0,5,avg_return,100000,18.1832
8943,WarpSAC-L,h1-run-v0,5,avg_return,150000,27.3073
8944,WarpSAC-L,h1-run-v0,5,avg_return,200000,29.9478
8945,WarpSAC-L,h1-run-v0,5,avg_return,250000,44.2873
8946,WarpSAC-L,h1-run-v0,5,avg_return,300000,63.7742
8947,WarpSAC-L,h1-run-v0,5,avg_return,350000,79.2433
8948,WarpSAC-L,h1-run-v0,5,avg_return,400000,59.3402
8949,WarpSAC-L,h1-run-v0,5,avg_return,450000,113.4083
8950,WarpSAC-L,h1-run-v0,5,avg_return,500000,140.8745
8951,WarpSAC-L,h1-run-v0,5,avg_return,550000,190.1359
8952,WarpSAC-L,h1-run-v0,5,avg_return,600000,229.35
8953,WarpSAC-L,h1-run-v0,5,avg_return,650000,265.5403
8954,WarpSAC-L,h1-run-v0,5,avg_return,700000,344.6872
8955,WarpSAC-L,h1-run-v0,5,avg_return,750000,552.4694
8956,WarpSAC-L,h1-run-v0,5,avg_return,800000,787.0699
8957,WarpSAC-L,h1-run-v0,5,avg_return,850000,828.897
8958,WarpSAC-L,h1-run-v0,5,avg_return,900000,823.1136
8959,WarpSAC-L,h1-run-v0,5,avg_return,950000,824.3155
8960,WarpSAC-L,h1-run-v0,5,avg_return,1000000,829.0643
8961,WarpSAC-L,h1-run-v0,5,avg_success,0,0.0
8962,WarpSAC-L,h1-run-v0,5,avg_success,50000,0.0
8963,WarpSAC-L,h1-run-v0,5,avg_success,100000,0.0
8964,WarpSAC-L,h1-run-v0,5,avg_success,150000,0.0
8965,WarpSAC-L,h1-run-v0,5,avg_success,200000,0.0
8966,WarpSAC-L,h1-run-v0,5,avg_success,250000,0.0
8967,WarpSAC-L,h1-run-v0,5,avg_success,300000,0.0
8968,WarpSAC-L,h1-run-v0,5,avg_success,350000,0.0
8969,WarpSAC-L,h1-run-v0,5,avg_success,400000,0.0
8970,WarpSAC-L,h1-run-v0,5,avg_success,450000,0.0
8971,WarpSAC-L,h1-run-v0,5,avg_success,500000,0.0
8972,WarpSAC-L,h1-run-v0,5,avg_success,550000,0.0
8973,WarpSAC-L,h1-run-v0,5,avg_success,600000,0.0
8974,WarpSAC-L,h1-run-v0,5,avg_success,650000,0.0
8975,WarpSAC-L,h1-run-v0,5,avg_success,700000,0.0
8976,WarpSAC-L,h1-run-v0,5,avg_success,750000,0.0
8977,WarpSAC-L,h1-run-v0,5,avg_success,800000,0.0
8978,WarpSAC-L,h1-run-v0,5,avg_success,850000,0.0
8979,WarpSAC-L,h1-run-v0,5,avg_success,900000,0.0
8980,WarpSAC-L,h1-run-v0,5,avg_success,950000,0.0
8981,WarpSAC-L,h1-run-v0,5,avg_success,1000000,0.0
8982,WarpSAC-L,h1-sit_hard-v0,1,avg_return,0,3.638
8983,WarpSAC-L,h1-sit_hard-v0,1,avg_return,50000,25.8896
8984,WarpSAC-L,h1-sit_hard-v0,1,avg_return,100000,431.6505
8985,WarpSAC-L,h1-sit_hard-v0,1,avg_return,150000,640.714
8986,WarpSAC-L,h1-sit_hard-v0,1,avg_return,200000,548.7629
8987,WarpSAC-L,h1-sit_hard-v0,1,avg_return,250000,692.6918
8988,WarpSAC-L,h1-sit_hard-v0,1,avg_return,300000,724.6471
8989,WarpSAC-L,h1-sit_hard-v0,1,avg_return,350000,442.1747
8990,WarpSAC-L,h1-sit_hard-v0,1,avg_return,400000,336.2866
8991,WarpSAC-L,h1-sit_hard-v0,1,avg_return,450000,892.078
8992,WarpSAC-L,h1-sit_hard-v0,1,avg_return,500000,902.7758
8993,WarpSAC-L,h1-sit_hard-v0,1,avg_return,550000,826.921
8994,WarpSAC-L,h1-sit_hard-v0,1,avg_return,600000,798.3831
8995,WarpSAC-L,h1-sit_hard-v0,1,avg_return,650000,812.6509
8996,WarpSAC-L,h1-sit_hard-v0,1,avg_return,700000,909.4782
8997,WarpSAC-L,h1-sit_hard-v0,1,avg_return,750000,843.5596
8998,WarpSAC-L,h1-sit_hard-v0,1,avg_return,800000,890.3336
8999,WarpSAC-L,h1-sit_hard-v0,1,avg_return,850000,895.563
9000,WarpSAC-L,h1-sit_hard-v0,1,avg_return,900000,898.8519
9001,WarpSAC-L,h1-sit_hard-v0,1,avg_return,950000,926.5443
9002,WarpSAC-L,h1-sit_hard-v0,1,avg_return,1000000,933.6682
9003,WarpSAC-L,h1-sit_hard-v0,1,avg_success,0,0.0
9004,WarpSAC-L,h1-sit_hard-v0,1,avg_success,50000,0.0
9005,WarpSAC-L,h1-sit_hard-v0,1,avg_success,100000,0.0
9006,WarpSAC-L,h1-sit_hard-v0,1,avg_success,150000,0.0
9007,WarpSAC-L,h1-sit_hard-v0,1,avg_success,200000,0.0
9008,WarpSAC-L,h1-sit_hard-v0,1,avg_success,250000,0.0
9009,WarpSAC-L,h1-sit_hard-v0,1,avg_success,300000,0.0
9010,WarpSAC-L,h1-sit_hard-v0,1,avg_success,350000,0.0
9011,WarpSAC-L,h1-sit_hard-v0,1,avg_success,400000,0.0
9012,WarpSAC-L,h1-sit_hard-v0,1,avg_success,450000,0.0
9013,WarpSAC-L,h1-sit_hard-v0,1,avg_success,500000,0.0
9014,WarpSAC-L,h1-sit_hard-v0,1,avg_success,550000,0.0
9015,WarpSAC-L,h1-sit_hard-v0,1,avg_success,600000,0.0
9016,WarpSAC-L,h1-sit_hard-v0,1,avg_success,650000,0.0
9017,WarpSAC-L,h1-sit_hard-v0,1,avg_success,700000,0.0
9018,WarpSAC-L,h1-sit_hard-v0,1,avg_success,750000,0.0
9019,WarpSAC-L,h1-sit_hard-v0,1,avg_success,800000,0.0
9020,WarpSAC-L,h1-sit_hard-v0,1,avg_success,850000,0.0
9021,WarpSAC-L,h1-sit_hard-v0,1,avg_success,900000,0.0
9022,WarpSAC-L,h1-sit_hard-v0,1,avg_success,950000,0.0
9023,WarpSAC-L,h1-sit_hard-v0,1,avg_success,1000000,0.0
9024,WarpSAC-L,h1-sit_hard-v0,2,avg_return,0,5.21
9025,WarpSAC-L,h1-sit_hard-v0,2,avg_return,50000,24.3773
9026,WarpSAC-L,h1-sit_hard-v0,2,avg_return,100000,76.4963
9027,WarpSAC-L,h1-sit_hard-v0,2,avg_return,150000,464.3139
9028,WarpSAC-L,h1-sit_hard-v0,2,avg_return,200000,650.3899
9029,WarpSAC-L,h1-sit_hard-v0,2,avg_return,250000,681.2089
9030,WarpSAC-L,h1-sit_hard-v0,2,avg_return,300000,599.6001
9031,WarpSAC-L,h1-sit_hard-v0,2,avg_return,350000,776.1013
9032,WarpSAC-L,h1-sit_hard-v0,2,avg_return,400000,729.6256
9033,WarpSAC-L,h1-sit_hard-v0,2,avg_return,450000,816.5595
9034,WarpSAC-L,h1-sit_hard-v0,2,avg_return,500000,842.1311
9035,WarpSAC-L,h1-sit_hard-v0,2,avg_return,550000,845.3453
9036,WarpSAC-L,h1-sit_hard-v0,2,avg_return,600000,837.5066
9037,WarpSAC-L,h1-sit_hard-v0,2,avg_return,650000,884.777
9038,WarpSAC-L,h1-sit_hard-v0,2,avg_return,700000,774.4329
9039,WarpSAC-L,h1-sit_hard-v0,2,avg_return,750000,895.2115
9040,WarpSAC-L,h1-sit_hard-v0,2,avg_return,800000,866.4856
9041,WarpSAC-L,h1-sit_hard-v0,2,avg_return,850000,908.8363
9042,WarpSAC-L,h1-sit_hard-v0,2,avg_return,900000,884.5304
9043,WarpSAC-L,h1-sit_hard-v0,2,avg_return,950000,885.4599
9044,WarpSAC-L,h1-sit_hard-v0,2,avg_return,1000000,892.3913
9045,WarpSAC-L,h1-sit_hard-v0,2,avg_success,0,0.0
9046,WarpSAC-L,h1-sit_hard-v0,2,avg_success,50000,0.0
9047,WarpSAC-L,h1-sit_hard-v0,2,avg_success,100000,0.0
9048,WarpSAC-L,h1-sit_hard-v0,2,avg_success,150000,0.0
9049,WarpSAC-L,h1-sit_hard-v0,2,avg_success,200000,0.0
9050,WarpSAC-L,h1-sit_hard-v0,2,avg_success,250000,0.0
9051,WarpSAC-L,h1-sit_hard-v0,2,avg_success,300000,0.0
9052,WarpSAC-L,h1-sit_hard-v0,2,avg_success,350000,0.0
9053,WarpSAC-L,h1-sit_hard-v0,2,avg_success,400000,0.0
9054,WarpSAC-L,h1-sit_hard-v0,2,avg_success,450000,0.0
9055,WarpSAC-L,h1-sit_hard-v0,2,avg_success,500000,0.0
9056,WarpSAC-L,h1-sit_hard-v0,2,avg_success,550000,0.0
9057,WarpSAC-L,h1-sit_hard-v0,2,avg_success,600000,0.0
9058,WarpSAC-L,h1-sit_hard-v0,2,avg_success,650000,0.0
9059,WarpSAC-L,h1-sit_hard-v0,2,avg_success,700000,0.0
9060,WarpSAC-L,h1-sit_hard-v0,2,avg_success,750000,0.0
9061,WarpSAC-L,h1-sit_hard-v0,2,avg_success,800000,0.0
9062,WarpSAC-L,h1-sit_hard-v0,2,avg_success,850000,0.0
9063,WarpSAC-L,h1-sit_hard-v0,2,avg_success,900000,0.0
9064,WarpSAC-L,h1-sit_hard-v0,2,avg_success,950000,0.0
9065,WarpSAC-L,h1-sit_hard-v0,2,avg_success,1000000,0.0
9066,WarpSAC-L,h1-sit_hard-v0,3,avg_return,0,8.097
9067,WarpSAC-L,h1-sit_hard-v0,3,avg_return,50000,30.7071
9068,WarpSAC-L,h1-sit_hard-v0,3,avg_return,100000,476.0213
9069,WarpSAC-L,h1-sit_hard-v0,3,avg_return,150000,687.2083
9070,WarpSAC-L,h1-sit_hard-v0,3,avg_return,200000,492.2226
9071,WarpSAC-L,h1-sit_hard-v0,3,avg_return,250000,438.4417
9072,WarpSAC-L,h1-sit_hard-v0,3,avg_return,300000,825.3195
9073,WarpSAC-L,h1-sit_hard-v0,3,avg_return,350000,851.3269
9074,WarpSAC-L,h1-sit_hard-v0,3,avg_return,400000,860.1806
9075,WarpSAC-L,h1-sit_hard-v0,3,avg_return,450000,763.6042
9076,WarpSAC-L,h1-sit_hard-v0,3,avg_return,500000,916.4304
9077,WarpSAC-L,h1-sit_hard-v0,3,avg_return,550000,714.8269
9078,WarpSAC-L,h1-sit_hard-v0,3,avg_return,600000,862.2695
9079,WarpSAC-L,h1-sit_hard-v0,3,avg_return,650000,898.967
9080,WarpSAC-L,h1-sit_hard-v0,3,avg_return,700000,774.2817
9081,WarpSAC-L,h1-sit_hard-v0,3,avg_return,750000,879.2602
9082,WarpSAC-L,h1-sit_hard-v0,3,avg_return,800000,935.8207
9083,WarpSAC-L,h1-sit_hard-v0,3,avg_return,850000,923.7392
9084,WarpSAC-L,h1-sit_hard-v0,3,avg_return,900000,927.2713
9085,WarpSAC-L,h1-sit_hard-v0,3,avg_return,950000,929.1482
9086,WarpSAC-L,h1-sit_hard-v0,3,avg_return,1000000,824.9255
9087,WarpSAC-L,h1-sit_hard-v0,3,avg_success,0,0.0
9088,WarpSAC-L,h1-sit_hard-v0,3,avg_success,50000,0.0
9089,WarpSAC-L,h1-sit_hard-v0,3,avg_success,100000,0.0
9090,WarpSAC-L,h1-sit_hard-v0,3,avg_success,150000,0.0
9091,WarpSAC-L,h1-sit_hard-v0,3,avg_success,200000,0.0
9092,WarpSAC-L,h1-sit_hard-v0,3,avg_success,250000,0.0
9093,WarpSAC-L,h1-sit_hard-v0,3,avg_success,300000,0.0
9094,WarpSAC-L,h1-sit_hard-v0,3,avg_success,350000,0.0
9095,WarpSAC-L,h1-sit_hard-v0,3,avg_success,400000,0.0
9096,WarpSAC-L,h1-sit_hard-v0,3,avg_success,450000,0.0
9097,WarpSAC-L,h1-sit_hard-v0,3,avg_success,500000,0.0
9098,WarpSAC-L,h1-sit_hard-v0,3,avg_success,550000,0.0
9099,WarpSAC-L,h1-sit_hard-v0,3,avg_success,600000,0.0
9100,WarpSAC-L,h1-sit_hard-v0,3,avg_success,650000,0.0
9101,WarpSAC-L,h1-sit_hard-v0,3,avg_success,700000,0.0
9102,WarpSAC-L,h1-sit_hard-v0,3,avg_success,750000,0.0
9103,WarpSAC-L,h1-sit_hard-v0,3,avg_success,800000,0.0
9104,WarpSAC-L,h1-sit_hard-v0,3,avg_success,850000,0.0
9105,WarpSAC-L,h1-sit_hard-v0,3,avg_success,900000,0.0
9106,WarpSAC-L,h1-sit_hard-v0,3,avg_success,950000,0.0
9107,WarpSAC-L,h1-sit_hard-v0,3,avg_success,1000000,0.0
9108,WarpSAC-L,h1-sit_hard-v0,4,avg_return,0,2.8175
9109,WarpSAC-L,h1-sit_hard-v0,4,avg_return,50000,23.3749
9110,WarpSAC-L,h1-sit_hard-v0,4,avg_return,100000,311.1173
9111,WarpSAC-L,h1-sit_hard-v0,4,avg_return,150000,551.2923
9112,WarpSAC-L,h1-sit_hard-v0,4,avg_return,200000,544.5253
9113,WarpSAC-L,h1-sit_hard-v0,4,avg_return,250000,748.8958
9114,WarpSAC-L,h1-sit_hard-v0,4,avg_return,300000,338.5592
9115,WarpSAC-L,h1-sit_hard-v0,4,avg_return,350000,823.0568
9116,WarpSAC-L,h1-sit_hard-v0,4,avg_return,400000,722.7234
9117,WarpSAC-L,h1-sit_hard-v0,4,avg_return,450000,806.9949
9118,WarpSAC-L,h1-sit_hard-v0,4,avg_return,500000,869.8627
9119,WarpSAC-L,h1-sit_hard-v0,4,avg_return,550000,749.028
9120,WarpSAC-L,h1-sit_hard-v0,4,avg_return,600000,906.3026
9121,WarpSAC-L,h1-sit_hard-v0,4,avg_return,650000,858.2079
9122,WarpSAC-L,h1-sit_hard-v0,4,avg_return,700000,894.2526
9123,WarpSAC-L,h1-sit_hard-v0,4,avg_return,750000,884.9867
9124,WarpSAC-L,h1-sit_hard-v0,4,avg_return,800000,915.8847
9125,WarpSAC-L,h1-sit_hard-v0,4,avg_return,850000,890.2857
9126,WarpSAC-L,h1-sit_hard-v0,4,avg_return,900000,925.8275
9127,WarpSAC-L,h1-sit_hard-v0,4,avg_return,950000,930.9799
9128,WarpSAC-L,h1-sit_hard-v0,4,avg_return,1000000,862.9332
9129,WarpSAC-L,h1-sit_hard-v0,4,avg_success,0,0.0
9130,WarpSAC-L,h1-sit_hard-v0,4,avg_success,50000,0.0
9131,WarpSAC-L,h1-sit_hard-v0,4,avg_success,100000,0.0
9132,WarpSAC-L,h1-sit_hard-v0,4,avg_success,150000,0.0
9133,WarpSAC-L,h1-sit_hard-v0,4,avg_success,200000,0.0
9134,WarpSAC-L,h1-sit_hard-v0,4,avg_success,250000,0.0
9135,WarpSAC-L,h1-sit_hard-v0,4,avg_success,300000,0.0
9136,WarpSAC-L,h1-sit_hard-v0,4,avg_success,350000,0.0
9137,WarpSAC-L,h1-sit_hard-v0,4,avg_success,400000,0.0
9138,WarpSAC-L,h1-sit_hard-v0,4,avg_success,450000,0.0
9139,WarpSAC-L,h1-sit_hard-v0,4,avg_success,500000,0.0
9140,WarpSAC-L,h1-sit_hard-v0,4,avg_success,550000,0.0
9141,WarpSAC-L,h1-sit_hard-v0,4,avg_success,600000,0.0
9142,WarpSAC-L,h1-sit_hard-v0,4,avg_success,650000,0.0
9143,WarpSAC-L,h1-sit_hard-v0,4,avg_success,700000,0.0
9144,WarpSAC-L,h1-sit_hard-v0,4,avg_success,750000,0.0
9145,WarpSAC-L,h1-sit_hard-v0,4,avg_success,800000,0.0
9146,WarpSAC-L,h1-sit_hard-v0,4,avg_success,850000,0.0
9147,WarpSAC-L,h1-sit_hard-v0,4,avg_success,900000,0.0
9148,WarpSAC-L,h1-sit_hard-v0,4,avg_success,950000,0.0
9149,WarpSAC-L,h1-sit_hard-v0,4,avg_success,1000000,0.0
9150,WarpSAC-L,h1-sit_hard-v0,5,avg_return,0,5.4104
9151,WarpSAC-L,h1-sit_hard-v0,5,avg_return,50000,69.7477
9152,WarpSAC-L,h1-sit_hard-v0,5,avg_return,100000,313.0546
9153,WarpSAC-L,h1-sit_hard-v0,5,avg_return,150000,611.383
9154,WarpSAC-L,h1-sit_hard-v0,5,avg_return,200000,720.0924
9155,WarpSAC-L,h1-sit_hard-v0,5,avg_return,250000,797.4191
9156,WarpSAC-L,h1-sit_hard-v0,5,avg_return,300000,652.4071
9157,WarpSAC-L,h1-sit_hard-v0,5,avg_return,350000,786.4113
9158,WarpSAC-L,h1-sit_hard-v0,5,avg_return,400000,866.9304
9159,WarpSAC-L,h1-sit_hard-v0,5,avg_return,450000,878.5411
9160,WarpSAC-L,h1-sit_hard-v0,5,avg_return,500000,776.7367
9161,WarpSAC-L,h1-sit_hard-v0,5,avg_return,550000,728.9882
9162,WarpSAC-L,h1-sit_hard-v0,5,avg_return,600000,634.9449
9163,WarpSAC-L,h1-sit_hard-v0,5,avg_return,650000,754.1954
9164,WarpSAC-L,h1-sit_hard-v0,5,avg_return,700000,624.9867
9165,WarpSAC-L,h1-sit_hard-v0,5,avg_return,750000,633.8404
9166,WarpSAC-L,h1-sit_hard-v0,5,avg_return,800000,926.4787
9167,WarpSAC-L,h1-sit_hard-v0,5,avg_return,850000,848.4082
9168,WarpSAC-L,h1-sit_hard-v0,5,avg_return,900000,759.0602
9169,WarpSAC-L,h1-sit_hard-v0,5,avg_return,950000,926.718
9170,WarpSAC-L,h1-sit_hard-v0,5,avg_return,1000000,901.2907
9171,WarpSAC-L,h1-sit_hard-v0,5,avg_success,0,0.0
9172,WarpSAC-L,h1-sit_hard-v0,5,avg_success,50000,0.0
9173,WarpSAC-L,h1-sit_hard-v0,5,avg_success,100000,0.0
9174,WarpSAC-L,h1-sit_hard-v0,5,avg_success,150000,0.0
9175,WarpSAC-L,h1-sit_hard-v0,5,avg_success,200000,0.0
9176,WarpSAC-L,h1-sit_hard-v0,5,avg_success,250000,0.0
9177,WarpSAC-L,h1-sit_hard-v0,5,avg_success,300000,0.0
9178,WarpSAC-L,h1-sit_hard-v0,5,avg_success,350000,0.0
9179,WarpSAC-L,h1-sit_hard-v0,5,avg_success,400000,0.0
9180,WarpSAC-L,h1-sit_hard-v0,5,avg_success,450000,0.0
9181,WarpSAC-L,h1-sit_hard-v0,5,avg_success,500000,0.0
9182,WarpSAC-L,h1-sit_hard-v0,5,avg_success,550000,0.0
9183,WarpSAC-L,h1-sit_hard-v0,5,avg_success,600000,0.0
9184,WarpSAC-L,h1-sit_hard-v0,5,avg_success,650000,0.0
9185,WarpSAC-L,h1-sit_hard-v0,5,avg_success,700000,0.0
9186,WarpSAC-L,h1-sit_hard-v0,5,avg_success,750000,0.0
9187,WarpSAC-L,h1-sit_hard-v0,5,avg_success,800000,0.0
9188,WarpSAC-L,h1-sit_hard-v0,5,avg_success,850000,0.0
9189,WarpSAC-L,h1-sit_hard-v0,5,avg_success,900000,0.0
9190,WarpSAC-L,h1-sit_hard-v0,5,avg_success,950000,0.0
9191,WarpSAC-L,h1-sit_hard-v0,5,avg_success,1000000,0.0
9192,WarpSAC-L,h1-sit_simple-v0,1,avg_return,0,6.3284
9193,WarpSAC-L,h1-sit_simple-v0,1,avg_return,50000,375.5031
9194,WarpSAC-L,h1-sit_simple-v0,1,avg_return,100000,684.8512
9195,WarpSAC-L,h1-sit_simple-v0,1,avg_return,150000,846.9414
9196,WarpSAC-L,h1-sit_simple-v0,1,avg_return,200000,917.7063
9197,WarpSAC-L,h1-sit_simple-v0,1,avg_return,250000,908.1851
9198,WarpSAC-L,h1-sit_simple-v0,1,avg_return,300000,930.295
9199,WarpSAC-L,h1-sit_simple-v0,1,avg_return,350000,934.6163
9200,WarpSAC-L,h1-sit_simple-v0,1,avg_return,400000,944.308
9201,WarpSAC-L,h1-sit_simple-v0,1,avg_return,450000,955.6103
9202,WarpSAC-L,h1-sit_simple-v0,1,avg_return,500000,957.801
9203,WarpSAC-L,h1-sit_simple-v0,1,avg_return,550000,964.2751
9204,WarpSAC-L,h1-sit_simple-v0,1,avg_return,600000,962.6534
9205,WarpSAC-L,h1-sit_simple-v0,1,avg_return,650000,970.4893
9206,WarpSAC-L,h1-sit_simple-v0,1,avg_return,700000,964.9156
9207,WarpSAC-L,h1-sit_simple-v0,1,avg_return,750000,966.4874
9208,WarpSAC-L,h1-sit_simple-v0,1,avg_return,800000,970.7303
9209,WarpSAC-L,h1-sit_simple-v0,1,avg_return,850000,958.1801
9210,WarpSAC-L,h1-sit_simple-v0,1,avg_return,900000,971.1051
9211,WarpSAC-L,h1-sit_simple-v0,1,avg_return,950000,962.6303
9212,WarpSAC-L,h1-sit_simple-v0,1,avg_return,1000000,961.8352
9213,WarpSAC-L,h1-sit_simple-v0,1,avg_success,0,0.0
9214,WarpSAC-L,h1-sit_simple-v0,1,avg_success,50000,0.0
9215,WarpSAC-L,h1-sit_simple-v0,1,avg_success,100000,0.0
9216,WarpSAC-L,h1-sit_simple-v0,1,avg_success,150000,0.0
9217,WarpSAC-L,h1-sit_simple-v0,1,avg_success,200000,0.0
9218,WarpSAC-L,h1-sit_simple-v0,1,avg_success,250000,0.0
9219,WarpSAC-L,h1-sit_simple-v0,1,avg_success,300000,0.0
9220,WarpSAC-L,h1-sit_simple-v0,1,avg_success,350000,0.0
9221,WarpSAC-L,h1-sit_simple-v0,1,avg_success,400000,0.0
9222,WarpSAC-L,h1-sit_simple-v0,1,avg_success,450000,0.0
9223,WarpSAC-L,h1-sit_simple-v0,1,avg_success,500000,0.0
9224,WarpSAC-L,h1-sit_simple-v0,1,avg_success,550000,0.0
9225,WarpSAC-L,h1-sit_simple-v0,1,avg_success,600000,0.0
9226,WarpSAC-L,h1-sit_simple-v0,1,avg_success,650000,0.0
9227,WarpSAC-L,h1-sit_simple-v0,1,avg_success,700000,0.0
9228,WarpSAC-L,h1-sit_simple-v0,1,avg_success,750000,0.0
9229,WarpSAC-L,h1-sit_simple-v0,1,avg_success,800000,0.0
9230,WarpSAC-L,h1-sit_simple-v0,1,avg_success,850000,0.0
9231,WarpSAC-L,h1-sit_simple-v0,1,avg_success,900000,0.0
9232,WarpSAC-L,h1-sit_simple-v0,1,avg_success,950000,0.0
9233,WarpSAC-L,h1-sit_simple-v0,1,avg_success,1000000,0.0
9234,WarpSAC-L,h1-sit_simple-v0,2,avg_return,0,7.637
9235,WarpSAC-L,h1-sit_simple-v0,2,avg_return,50000,608.9493
9236,WarpSAC-L,h1-sit_simple-v0,2,avg_return,100000,763.1174
9237,WarpSAC-L,h1-sit_simple-v0,2,avg_return,150000,856.3255
9238,WarpSAC-L,h1-sit_simple-v0,2,avg_return,200000,910.4982
9239,WarpSAC-L,h1-sit_simple-v0,2,avg_return,250000,914.1954
9240,WarpSAC-L,h1-sit_simple-v0,2,avg_return,300000,917.2143
9241,WarpSAC-L,h1-sit_simple-v0,2,avg_return,350000,930.966
9242,WarpSAC-L,h1-sit_simple-v0,2,avg_return,400000,942.7443
9243,WarpSAC-L,h1-sit_simple-v0,2,avg_return,450000,956.7132
9244,WarpSAC-L,h1-sit_simple-v0,2,avg_return,500000,956.2946
9245,WarpSAC-L,h1-sit_simple-v0,2,avg_return,550000,949.3049
9246,WarpSAC-L,h1-sit_simple-v0,2,avg_return,600000,954.3319
9247,WarpSAC-L,h1-sit_simple-v0,2,avg_return,650000,946.1849
9248,WarpSAC-L,h1-sit_simple-v0,2,avg_return,700000,943.8876
9249,WarpSAC-L,h1-sit_simple-v0,2,avg_return,750000,955.9404
9250,WarpSAC-L,h1-sit_simple-v0,2,avg_return,800000,943.2578
9251,WarpSAC-L,h1-sit_simple-v0,2,avg_return,850000,953.8871
9252,WarpSAC-L,h1-sit_simple-v0,2,avg_return,900000,961.782
9253,WarpSAC-L,h1-sit_simple-v0,2,avg_return,950000,955.0016
9254,WarpSAC-L,h1-sit_simple-v0,2,avg_return,1000000,953.8401
9255,WarpSAC-L,h1-sit_simple-v0,2,avg_success,0,0.0
9256,WarpSAC-L,h1-sit_simple-v0,2,avg_success,50000,0.0
9257,WarpSAC-L,h1-sit_simple-v0,2,avg_success,100000,0.0
9258,WarpSAC-L,h1-sit_simple-v0,2,avg_success,150000,0.0
9259,WarpSAC-L,h1-sit_simple-v0,2,avg_success,200000,0.0
9260,WarpSAC-L,h1-sit_simple-v0,2,avg_success,250000,0.0
9261,WarpSAC-L,h1-sit_simple-v0,2,avg_success,300000,0.0
9262,WarpSAC-L,h1-sit_simple-v0,2,avg_success,350000,0.0
9263,WarpSAC-L,h1-sit_simple-v0,2,avg_success,400000,0.0
9264,WarpSAC-L,h1-sit_simple-v0,2,avg_success,450000,0.0
9265,WarpSAC-L,h1-sit_simple-v0,2,avg_success,500000,0.0
9266,WarpSAC-L,h1-sit_simple-v0,2,avg_success,550000,0.0
9267,WarpSAC-L,h1-sit_simple-v0,2,avg_success,600000,0.0
9268,WarpSAC-L,h1-sit_simple-v0,2,avg_success,650000,0.0
9269,WarpSAC-L,h1-sit_simple-v0,2,avg_success,700000,0.0
9270,WarpSAC-L,h1-sit_simple-v0,2,avg_success,750000,0.0
9271,WarpSAC-L,h1-sit_simple-v0,2,avg_success,800000,0.0
9272,WarpSAC-L,h1-sit_simple-v0,2,avg_success,850000,0.0
9273,WarpSAC-L,h1-sit_simple-v0,2,avg_success,900000,0.0
9274,WarpSAC-L,h1-sit_simple-v0,2,avg_success,950000,0.0
9275,WarpSAC-L,h1-sit_simple-v0,2,avg_success,1000000,0.0
9276,WarpSAC-L,h1-sit_simple-v0,3,avg_return,0,5.7359
9277,WarpSAC-L,h1-sit_simple-v0,3,avg_return,50000,213.1606
9278,WarpSAC-L,h1-sit_simple-v0,3,avg_return,100000,575.8446
9279,WarpSAC-L,h1-sit_simple-v0,3,avg_return,150000,857.5636
9280,WarpSAC-L,h1-sit_simple-v0,3,avg_return,200000,882.1156
9281,WarpSAC-L,h1-sit_simple-v0,3,avg_return,250000,884.5866
9282,WarpSAC-L,h1-sit_simple-v0,3,avg_return,300000,931.9874
9283,WarpSAC-L,h1-sit_simple-v0,3,avg_return,350000,945.3189
9284,WarpSAC-L,h1-sit_simple-v0,3,avg_return,400000,948.0746
9285,WarpSAC-L,h1-sit_simple-v0,3,avg_return,450000,950.6418
9286,WarpSAC-L,h1-sit_simple-v0,3,avg_return,500000,934.1092
9287,WarpSAC-L,h1-sit_simple-v0,3,avg_return,550000,946.8815
9288,WarpSAC-L,h1-sit_simple-v0,3,avg_return,600000,949.5148
9289,WarpSAC-L,h1-sit_simple-v0,3,avg_return,650000,947.3344
9290,WarpSAC-L,h1-sit_simple-v0,3,avg_return,700000,951.5167
9291,WarpSAC-L,h1-sit_simple-v0,3,avg_return,750000,952.7369
9292,WarpSAC-L,h1-sit_simple-v0,3,avg_return,800000,957.3481
9293,WarpSAC-L,h1-sit_simple-v0,3,avg_return,850000,952.7783
9294,WarpSAC-L,h1-sit_simple-v0,3,avg_return,900000,958.8528
9295,WarpSAC-L,h1-sit_simple-v0,3,avg_return,950000,966.4064
9296,WarpSAC-L,h1-sit_simple-v0,3,avg_return,1000000,952.0802
9297,WarpSAC-L,h1-sit_simple-v0,3,avg_success,0,0.0
9298,WarpSAC-L,h1-sit_simple-v0,3,avg_success,50000,0.0
9299,WarpSAC-L,h1-sit_simple-v0,3,avg_success,100000,0.0
9300,WarpSAC-L,h1-sit_simple-v0,3,avg_success,150000,0.0
9301,WarpSAC-L,h1-sit_simple-v0,3,avg_success,200000,0.0
9302,WarpSAC-L,h1-sit_simple-v0,3,avg_success,250000,0.0
9303,WarpSAC-L,h1-sit_simple-v0,3,avg_success,300000,0.0
9304,WarpSAC-L,h1-sit_simple-v0,3,avg_success,350000,0.0
9305,WarpSAC-L,h1-sit_simple-v0,3,avg_success,400000,0.0
9306,WarpSAC-L,h1-sit_simple-v0,3,avg_success,450000,0.0
9307,WarpSAC-L,h1-sit_simple-v0,3,avg_success,500000,0.0
9308,WarpSAC-L,h1-sit_simple-v0,3,avg_success,550000,0.0
9309,WarpSAC-L,h1-sit_simple-v0,3,avg_success,600000,0.0
9310,WarpSAC-L,h1-sit_simple-v0,3,avg_success,650000,0.0
9311,WarpSAC-L,h1-sit_simple-v0,3,avg_success,700000,0.0
9312,WarpSAC-L,h1-sit_simple-v0,3,avg_success,750000,0.0
9313,WarpSAC-L,h1-sit_simple-v0,3,avg_success,800000,0.0
9314,WarpSAC-L,h1-sit_simple-v0,3,avg_success,850000,0.0
9315,WarpSAC-L,h1-sit_simple-v0,3,avg_success,900000,0.0
9316,WarpSAC-L,h1-sit_simple-v0,3,avg_success,950000,0.0
9317,WarpSAC-L,h1-sit_simple-v0,3,avg_success,1000000,0.0
9318,WarpSAC-L,h1-sit_simple-v0,4,avg_return,0,3.6502
9319,WarpSAC-L,h1-sit_simple-v0,4,avg_return,50000,583.1991
9320,WarpSAC-L,h1-sit_simple-v0,4,avg_return,100000,651.3637
9321,WarpSAC-L,h1-sit_simple-v0,4,avg_return,150000,856.3568
9322,WarpSAC-L,h1-sit_simple-v0,4,avg_return,200000,939.6061
9323,WarpSAC-L,h1-sit_simple-v0,4,avg_return,250000,915.2853
9324,WarpSAC-L,h1-sit_simple-v0,4,avg_return,300000,894.2032
9325,WarpSAC-L,h1-sit_simple-v0,4,avg_return,350000,922.3654
9326,WarpSAC-L,h1-sit_simple-v0,4,avg_return,400000,924.8053
9327,WarpSAC-L,h1-sit_simple-v0,4,avg_return,450000,939.6838
9328,WarpSAC-L,h1-sit_simple-v0,4,avg_return,500000,931.2911
9329,WarpSAC-L,h1-sit_simple-v0,4,avg_return,550000,942.8464
9330,WarpSAC-L,h1-sit_simple-v0,4,avg_return,600000,938.6164
9331,WarpSAC-L,h1-sit_simple-v0,4,avg_return,650000,949.659
9332,WarpSAC-L,h1-sit_simple-v0,4,avg_return,700000,952.5003
9333,WarpSAC-L,h1-sit_simple-v0,4,avg_return,750000,948.4655
9334,WarpSAC-L,h1-sit_simple-v0,4,avg_return,800000,956.6144
9335,WarpSAC-L,h1-sit_simple-v0,4,avg_return,850000,953.3972
9336,WarpSAC-L,h1-sit_simple-v0,4,avg_return,900000,950.4216
9337,WarpSAC-L,h1-sit_simple-v0,4,avg_return,950000,955.0989
9338,WarpSAC-L,h1-sit_simple-v0,4,avg_return,1000000,960.0654
9339,WarpSAC-L,h1-sit_simple-v0,4,avg_success,0,0.0
9340,WarpSAC-L,h1-sit_simple-v0,4,avg_success,50000,0.0
9341,WarpSAC-L,h1-sit_simple-v0,4,avg_success,100000,0.0
9342,WarpSAC-L,h1-sit_simple-v0,4,avg_success,150000,0.0
9343,WarpSAC-L,h1-sit_simple-v0,4,avg_success,200000,0.0
9344,WarpSAC-L,h1-sit_simple-v0,4,avg_success,250000,0.0
9345,WarpSAC-L,h1-sit_simple-v0,4,avg_success,300000,0.0
9346,WarpSAC-L,h1-sit_simple-v0,4,avg_success,350000,0.0
9347,WarpSAC-L,h1-sit_simple-v0,4,avg_success,400000,0.0
9348,WarpSAC-L,h1-sit_simple-v0,4,avg_success,450000,0.0
9349,WarpSAC-L,h1-sit_simple-v0,4,avg_success,500000,0.0
9350,WarpSAC-L,h1-sit_simple-v0,4,avg_success,550000,0.0
9351,WarpSAC-L,h1-sit_simple-v0,4,avg_success,600000,0.0
9352,WarpSAC-L,h1-sit_simple-v0,4,avg_success,650000,0.0
9353,WarpSAC-L,h1-sit_simple-v0,4,avg_success,700000,0.0
9354,WarpSAC-L,h1-sit_simple-v0,4,avg_success,750000,0.0
9355,WarpSAC-L,h1-sit_simple-v0,4,avg_success,800000,0.0
9356,WarpSAC-L,h1-sit_simple-v0,4,avg_success,850000,0.0
9357,WarpSAC-L,h1-sit_simple-v0,4,avg_success,900000,0.0
9358,WarpSAC-L,h1-sit_simple-v0,4,avg_success,950000,0.0
9359,WarpSAC-L,h1-sit_simple-v0,4,avg_success,1000000,0.0
9360,WarpSAC-L,h1-sit_simple-v0,5,avg_return,0,6.6308
9361,WarpSAC-L,h1-sit_simple-v0,5,avg_return,50000,441.0254
9362,WarpSAC-L,h1-sit_simple-v0,5,avg_return,100000,766.3149
9363,WarpSAC-L,h1-sit_simple-v0,5,avg_return,150000,871.3207
9364,WarpSAC-L,h1-sit_simple-v0,5,avg_return,200000,872.6851
9365,WarpSAC-L,h1-sit_simple-v0,5,avg_return,250000,905.4554
9366,WarpSAC-L,h1-sit_simple-v0,5,avg_return,300000,930.2298
9367,WarpSAC-L,h1-sit_simple-v0,5,avg_return,350000,949.9483
9368,WarpSAC-L,h1-sit_simple-v0,5,avg_return,400000,931.6573
9369,WarpSAC-L,h1-sit_simple-v0,5,avg_return,450000,959.5964
9370,WarpSAC-L,h1-sit_simple-v0,5,avg_return,500000,947.0095
9371,WarpSAC-L,h1-sit_simple-v0,5,avg_return,550000,953.2634
9372,WarpSAC-L,h1-sit_simple-v0,5,avg_return,600000,951.8214
9373,WarpSAC-L,h1-sit_simple-v0,5,avg_return,650000,968.3119
9374,WarpSAC-L,h1-sit_simple-v0,5,avg_return,700000,955.0502
9375,WarpSAC-L,h1-sit_simple-v0,5,avg_return,750000,944.3535
9376,WarpSAC-L,h1-sit_simple-v0,5,avg_return,800000,954.781
9377,WarpSAC-L,h1-sit_simple-v0,5,avg_return,850000,956.9752
9378,WarpSAC-L,h1-sit_simple-v0,5,avg_return,900000,951.6025
9379,WarpSAC-L,h1-sit_simple-v0,5,avg_return,950000,962.2167
9380,WarpSAC-L,h1-sit_simple-v0,5,avg_return,1000000,963.8985
9381,WarpSAC-L,h1-sit_simple-v0,5,avg_success,0,0.0
9382,WarpSAC-L,h1-sit_simple-v0,5,avg_success,50000,0.0
9383,WarpSAC-L,h1-sit_simple-v0,5,avg_success,100000,0.0
9384,WarpSAC-L,h1-sit_simple-v0,5,avg_success,150000,0.0
9385,WarpSAC-L,h1-sit_simple-v0,5,avg_success,200000,0.0
9386,WarpSAC-L,h1-sit_simple-v0,5,avg_success,250000,0.0
9387,WarpSAC-L,h1-sit_simple-v0,5,avg_success,300000,0.0
9388,WarpSAC-L,h1-sit_simple-v0,5,avg_success,350000,0.0
9389,WarpSAC-L,h1-sit_simple-v0,5,avg_success,400000,0.0
9390,WarpSAC-L,h1-sit_simple-v0,5,avg_success,450000,0.0
9391,WarpSAC-L,h1-sit_simple-v0,5,avg_success,500000,0.0
9392,WarpSAC-L,h1-sit_simple-v0,5,avg_success,550000,0.0
9393,WarpSAC-L,h1-sit_simple-v0,5,avg_success,600000,0.0
9394,WarpSAC-L,h1-sit_simple-v0,5,avg_success,650000,0.0
9395,WarpSAC-L,h1-sit_simple-v0,5,avg_success,700000,0.0
9396,WarpSAC-L,h1-sit_simple-v0,5,avg_success,750000,0.0
9397,WarpSAC-L,h1-sit_simple-v0,5,avg_success,800000,0.0
9398,WarpSAC-L,h1-sit_simple-v0,5,avg_success,850000,0.0
9399,WarpSAC-L,h1-sit_simple-v0,5,avg_success,900000,0.0
9400,WarpSAC-L,h1-sit_simple-v0,5,avg_success,950000,0.0
9401,WarpSAC-L,h1-sit_simple-v0,5,avg_success,1000000,0.0
9402,WarpSAC-L,h1-slide-v0,1,avg_return,0,4.862
9403,WarpSAC-L,h1-slide-v0,1,avg_return,50000,17.4145
9404,WarpSAC-L,h1-slide-v0,1,avg_return,100000,35.0262
9405,WarpSAC-L,h1-slide-v0,1,avg_return,150000,69.8541
9406,WarpSAC-L,h1-slide-v0,1,avg_return,200000,92.9731
9407,WarpSAC-L,h1-slide-v0,1,avg_return,250000,137.5317
9408,WarpSAC-L,h1-slide-v0,1,avg_return,300000,216.743
9409,WarpSAC-L,h1-slide-v0,1,avg_return,350000,266.6171
9410,WarpSAC-L,h1-slide-v0,1,avg_return,400000,340.8478
9411,WarpSAC-L,h1-slide-v0,1,avg_return,450000,389.6292
9412,WarpSAC-L,h1-slide-v0,1,avg_return,500000,369.8979
9413,WarpSAC-L,h1-slide-v0,1,avg_return,550000,420.8298
9414,WarpSAC-L,h1-slide-v0,1,avg_return,600000,487.3251
9415,WarpSAC-L,h1-slide-v0,1,avg_return,650000,605.5737
9416,WarpSAC-L,h1-slide-v0,1,avg_return,700000,711.6767
9417,WarpSAC-L,h1-slide-v0,1,avg_return,750000,774.7285
9418,WarpSAC-L,h1-slide-v0,1,avg_return,800000,741.3214
9419,WarpSAC-L,h1-slide-v0,1,avg_return,850000,827.6406
9420,WarpSAC-L,h1-slide-v0,1,avg_return,900000,803.1803
9421,WarpSAC-L,h1-slide-v0,1,avg_return,950000,829.5429
9422,WarpSAC-L,h1-slide-v0,1,avg_return,1000000,855.2005
9423,WarpSAC-L,h1-slide-v0,1,avg_success,0,0.0
9424,WarpSAC-L,h1-slide-v0,1,avg_success,50000,0.0
9425,WarpSAC-L,h1-slide-v0,1,avg_success,100000,0.0
9426,WarpSAC-L,h1-slide-v0,1,avg_success,150000,0.0
9427,WarpSAC-L,h1-slide-v0,1,avg_success,200000,0.0
9428,WarpSAC-L,h1-slide-v0,1,avg_success,250000,0.0
9429,WarpSAC-L,h1-slide-v0,1,avg_success,300000,0.0
9430,WarpSAC-L,h1-slide-v0,1,avg_success,350000,0.0
9431,WarpSAC-L,h1-slide-v0,1,avg_success,400000,0.0
9432,WarpSAC-L,h1-slide-v0,1,avg_success,450000,0.0
9433,WarpSAC-L,h1-slide-v0,1,avg_success,500000,0.0
9434,WarpSAC-L,h1-slide-v0,1,avg_success,550000,0.0
9435,WarpSAC-L,h1-slide-v0,1,avg_success,600000,0.0
9436,WarpSAC-L,h1-slide-v0,1,avg_success,650000,0.0
9437,WarpSAC-L,h1-slide-v0,1,avg_success,700000,0.0
9438,WarpSAC-L,h1-slide-v0,1,avg_success,750000,0.0
9439,WarpSAC-L,h1-slide-v0,1,avg_success,800000,0.0
9440,WarpSAC-L,h1-slide-v0,1,avg_success,850000,0.0
9441,WarpSAC-L,h1-slide-v0,1,avg_success,900000,0.0
9442,WarpSAC-L,h1-slide-v0,1,avg_success,950000,0.0
9443,WarpSAC-L,h1-slide-v0,1,avg_success,1000000,0.0
9444,WarpSAC-L,h1-slide-v0,2,avg_return,0,2.0046
9445,WarpSAC-L,h1-slide-v0,2,avg_return,50000,36.3892
9446,WarpSAC-L,h1-slide-v0,2,avg_return,100000,53.4377
9447,WarpSAC-L,h1-slide-v0,2,avg_return,150000,70.5097
9448,WarpSAC-L,h1-slide-v0,2,avg_return,200000,138.3264
9449,WarpSAC-L,h1-slide-v0,2,avg_return,250000,222.4592
9450,WarpSAC-L,h1-slide-v0,2,avg_return,300000,268.5927
9451,WarpSAC-L,h1-slide-v0,2,avg_return,350000,311.7216
9452,WarpSAC-L,h1-slide-v0,2,avg_return,400000,353.5641
9453,WarpSAC-L,h1-slide-v0,2,avg_return,450000,386.8262
9454,WarpSAC-L,h1-slide-v0,2,avg_return,500000,444.903
9455,WarpSAC-L,h1-slide-v0,2,avg_return,550000,425.8064
9456,WarpSAC-L,h1-slide-v0,2,avg_return,600000,535.3434
9457,WarpSAC-L,h1-slide-v0,2,avg_return,650000,625.6871
9458,WarpSAC-L,h1-slide-v0,2,avg_return,700000,695.2611
9459,WarpSAC-L,h1-slide-v0,2,avg_return,750000,811.7655
9460,WarpSAC-L,h1-slide-v0,2,avg_return,800000,687.4024
9461,WarpSAC-L,h1-slide-v0,2,avg_return,850000,854.7854
9462,WarpSAC-L,h1-slide-v0,2,avg_return,900000,855.0627
9463,WarpSAC-L,h1-slide-v0,2,avg_return,950000,861.8182
9464,WarpSAC-L,h1-slide-v0,2,avg_return,1000000,858.9041
9465,WarpSAC-L,h1-slide-v0,2,avg_success,0,0.0
9466,WarpSAC-L,h1-slide-v0,2,avg_success,50000,0.0
9467,WarpSAC-L,h1-slide-v0,2,avg_success,100000,0.0
9468,WarpSAC-L,h1-slide-v0,2,avg_success,150000,0.0
9469,WarpSAC-L,h1-slide-v0,2,avg_success,200000,0.0
9470,WarpSAC-L,h1-slide-v0,2,avg_success,250000,0.0
9471,WarpSAC-L,h1-slide-v0,2,avg_success,300000,0.0
9472,WarpSAC-L,h1-slide-v0,2,avg_success,350000,0.0
9473,WarpSAC-L,h1-slide-v0,2,avg_success,400000,0.0
9474,WarpSAC-L,h1-slide-v0,2,avg_success,450000,0.0
9475,WarpSAC-L,h1-slide-v0,2,avg_success,500000,0.0
9476,WarpSAC-L,h1-slide-v0,2,avg_success,550000,0.0
9477,WarpSAC-L,h1-slide-v0,2,avg_success,600000,0.0
9478,WarpSAC-L,h1-slide-v0,2,avg_success,650000,0.0
9479,WarpSAC-L,h1-slide-v0,2,avg_success,700000,0.0
9480,WarpSAC-L,h1-slide-v0,2,avg_success,750000,0.0
9481,WarpSAC-L,h1-slide-v0,2,avg_success,800000,0.0
9482,WarpSAC-L,h1-slide-v0,2,avg_success,850000,0.0
9483,WarpSAC-L,h1-slide-v0,2,avg_success,900000,0.0
9484,WarpSAC-L,h1-slide-v0,2,avg_success,950000,0.0
9485,WarpSAC-L,h1-slide-v0,2,avg_success,1000000,0.0
9486,WarpSAC-L,h1-slide-v0,3,avg_return,0,2.4571
9487,WarpSAC-L,h1-slide-v0,3,avg_return,50000,30.271
9488,WarpSAC-L,h1-slide-v0,3,avg_return,100000,33.3917
9489,WarpSAC-L,h1-slide-v0,3,avg_return,150000,35.7034
9490,WarpSAC-L,h1-slide-v0,3,avg_return,200000,62.7509
9491,WarpSAC-L,h1-slide-v0,3,avg_return,250000,77.2039
9492,WarpSAC-L,h1-slide-v0,3,avg_return,300000,103.5127
9493,WarpSAC-L,h1-slide-v0,3,avg_return,350000,154.2801
9494,WarpSAC-L,h1-slide-v0,3,avg_return,400000,228.421
9495,WarpSAC-L,h1-slide-v0,3,avg_return,450000,255.0675
9496,WarpSAC-L,h1-slide-v0,3,avg_return,500000,295.8107
9497,WarpSAC-L,h1-slide-v0,3,avg_return,550000,334.7339
9498,WarpSAC-L,h1-slide-v0,3,avg_return,600000,318.1281
9499,WarpSAC-L,h1-slide-v0,3,avg_return,650000,334.1767
9500,WarpSAC-L,h1-slide-v0,3,avg_return,700000,354.5572
9501,WarpSAC-L,h1-slide-v0,3,avg_return,750000,392.3783
9502,WarpSAC-L,h1-slide-v0,3,avg_return,800000,462.6598
9503,WarpSAC-L,h1-slide-v0,3,avg_return,850000,489.629
9504,WarpSAC-L,h1-slide-v0,3,avg_return,900000,464.5529
9505,WarpSAC-L,h1-slide-v0,3,avg_return,950000,642.1756
9506,WarpSAC-L,h1-slide-v0,3,avg_return,1000000,648.2
9507,WarpSAC-L,h1-slide-v0,3,avg_success,0,0.0
9508,WarpSAC-L,h1-slide-v0,3,avg_success,50000,0.0
9509,WarpSAC-L,h1-slide-v0,3,avg_success,100000,0.0
9510,WarpSAC-L,h1-slide-v0,3,avg_success,150000,0.0
9511,WarpSAC-L,h1-slide-v0,3,avg_success,200000,0.0
9512,WarpSAC-L,h1-slide-v0,3,avg_success,250000,0.0
9513,WarpSAC-L,h1-slide-v0,3,avg_success,300000,0.0
9514,WarpSAC-L,h1-slide-v0,3,avg_success,350000,0.0
9515,WarpSAC-L,h1-slide-v0,3,avg_success,400000,0.0
9516,WarpSAC-L,h1-slide-v0,3,avg_success,450000,0.0
9517,WarpSAC-L,h1-slide-v0,3,avg_success,500000,0.0
9518,WarpSAC-L,h1-slide-v0,3,avg_success,550000,0.0
9519,WarpSAC-L,h1-slide-v0,3,avg_success,600000,0.0
9520,WarpSAC-L,h1-slide-v0,3,avg_success,650000,0.0
9521,WarpSAC-L,h1-slide-v0,3,avg_success,700000,0.0
9522,WarpSAC-L,h1-slide-v0,3,avg_success,750000,0.0
9523,WarpSAC-L,h1-slide-v0,3,avg_success,800000,0.0
9524,WarpSAC-L,h1-slide-v0,3,avg_success,850000,0.0
9525,WarpSAC-L,h1-slide-v0,3,avg_success,900000,0.0
9526,WarpSAC-L,h1-slide-v0,3,avg_success,950000,0.0
9527,WarpSAC-L,h1-slide-v0,3,avg_success,1000000,0.0
9528,WarpSAC-L,h1-slide-v0,4,avg_return,0,1.104
9529,WarpSAC-L,h1-slide-v0,4,avg_return,50000,31.8514
9530,WarpSAC-L,h1-slide-v0,4,avg_return,100000,51.9628
9531,WarpSAC-L,h1-slide-v0,4,avg_return,150000,68.9933
9532,WarpSAC-L,h1-slide-v0,4,avg_return,200000,73.7441
9533,WarpSAC-L,h1-slide-v0,4,avg_return,250000,109.742
9534,WarpSAC-L,h1-slide-v0,4,avg_return,300000,183.8196
9535,WarpSAC-L,h1-slide-v0,4,avg_return,350000,238.2686
9536,WarpSAC-L,h1-slide-v0,4,avg_return,400000,239.6311
9537,WarpSAC-L,h1-slide-v0,4,avg_return,450000,224.6524
9538,WarpSAC-L,h1-slide-v0,4,avg_return,500000,301.9275
9539,WarpSAC-L,h1-slide-v0,4,avg_return,550000,340.0159
9540,WarpSAC-L,h1-slide-v0,4,avg_return,600000,321.0564
9541,WarpSAC-L,h1-slide-v0,4,avg_return,650000,406.7171
9542,WarpSAC-L,h1-slide-v0,4,avg_return,700000,429.2891
9543,WarpSAC-L,h1-slide-v0,4,avg_return,750000,635.3328
9544,WarpSAC-L,h1-slide-v0,4,avg_return,800000,705.8608
9545,WarpSAC-L,h1-slide-v0,4,avg_return,850000,718.302
9546,WarpSAC-L,h1-slide-v0,4,avg_return,900000,823.074
9547,WarpSAC-L,h1-slide-v0,4,avg_return,950000,864.6929
9548,WarpSAC-L,h1-slide-v0,4,avg_return,1000000,863.4042
9549,WarpSAC-L,h1-slide-v0,4,avg_success,0,0.0
9550,WarpSAC-L,h1-slide-v0,4,avg_success,50000,0.0
9551,WarpSAC-L,h1-slide-v0,4,avg_success,100000,0.0
9552,WarpSAC-L,h1-slide-v0,4,avg_success,150000,0.0
9553,WarpSAC-L,h1-slide-v0,4,avg_success,200000,0.0
9554,WarpSAC-L,h1-slide-v0,4,avg_success,250000,0.0
9555,WarpSAC-L,h1-slide-v0,4,avg_success,300000,0.0
9556,WarpSAC-L,h1-slide-v0,4,avg_success,350000,0.0
9557,WarpSAC-L,h1-slide-v0,4,avg_success,400000,0.0
9558,WarpSAC-L,h1-slide-v0,4,avg_success,450000,0.0
9559,WarpSAC-L,h1-slide-v0,4,avg_success,500000,0.0
9560,WarpSAC-L,h1-slide-v0,4,avg_success,550000,0.0
9561,WarpSAC-L,h1-slide-v0,4,avg_success,600000,0.0
9562,WarpSAC-L,h1-slide-v0,4,avg_success,650000,0.0
9563,WarpSAC-L,h1-slide-v0,4,avg_success,700000,0.0
9564,WarpSAC-L,h1-slide-v0,4,avg_success,750000,0.0
9565,WarpSAC-L,h1-slide-v0,4,avg_success,800000,0.0
9566,WarpSAC-L,h1-slide-v0,4,avg_success,850000,0.0
9567,WarpSAC-L,h1-slide-v0,4,avg_success,900000,0.0
9568,WarpSAC-L,h1-slide-v0,4,avg_success,950000,0.0
9569,WarpSAC-L,h1-slide-v0,4,avg_success,1000000,0.0
9570,WarpSAC-L,h1-slide-v0,5,avg_return,0,1.9806
9571,WarpSAC-L,h1-slide-v0,5,avg_return,50000,23.7421
9572,WarpSAC-L,h1-slide-v0,5,avg_return,100000,45.6445
9573,WarpSAC-L,h1-slide-v0,5,avg_return,150000,57.8638
9574,WarpSAC-L,h1-slide-v0,5,avg_return,200000,70.6834
9575,WarpSAC-L,h1-slide-v0,5,avg_return,250000,100.7822
9576,WarpSAC-L,h1-slide-v0,5,avg_return,300000,122.885
9577,WarpSAC-L,h1-slide-v0,5,avg_return,350000,140.9733
9578,WarpSAC-L,h1-slide-v0,5,avg_return,400000,251.479
9579,WarpSAC-L,h1-slide-v0,5,avg_return,450000,290.0056
9580,WarpSAC-L,h1-slide-v0,5,avg_return,500000,367.0692
9581,WarpSAC-L,h1-slide-v0,5,avg_return,550000,325.861
9582,WarpSAC-L,h1-slide-v0,5,avg_return,600000,426.9525
9583,WarpSAC-L,h1-slide-v0,5,avg_return,650000,363.4653
9584,WarpSAC-L,h1-slide-v0,5,avg_return,700000,409.9851
9585,WarpSAC-L,h1-slide-v0,5,avg_return,750000,481.8556
9586,WarpSAC-L,h1-slide-v0,5,avg_return,800000,626.2359
9587,WarpSAC-L,h1-slide-v0,5,avg_return,850000,665.7298
9588,WarpSAC-L,h1-slide-v0,5,avg_return,900000,736.7026
9589,WarpSAC-L,h1-slide-v0,5,avg_return,950000,781.8677
9590,WarpSAC-L,h1-slide-v0,5,avg_return,1000000,847.6354
9591,WarpSAC-L,h1-slide-v0,5,avg_success,0,0.0
9592,WarpSAC-L,h1-slide-v0,5,avg_success,50000,0.0
9593,WarpSAC-L,h1-slide-v0,5,avg_success,100000,0.0
9594,WarpSAC-L,h1-slide-v0,5,avg_success,150000,0.0
9595,WarpSAC-L,h1-slide-v0,5,avg_success,200000,0.0
9596,WarpSAC-L,h1-slide-v0,5,avg_success,250000,0.0
9597,WarpSAC-L,h1-slide-v0,5,avg_success,300000,0.0
9598,WarpSAC-L,h1-slide-v0,5,avg_success,350000,0.0
9599,WarpSAC-L,h1-slide-v0,5,avg_success,400000,0.0
9600,WarpSAC-L,h1-slide-v0,5,avg_success,450000,0.0
9601,WarpSAC-L,h1-slide-v0,5,avg_success,500000,0.0
9602,WarpSAC-L,h1-slide-v0,5,avg_success,550000,0.0
9603,WarpSAC-L,h1-slide-v0,5,avg_success,600000,0.0
9604,WarpSAC-L,h1-slide-v0,5,avg_success,650000,0.0
9605,WarpSAC-L,h1-slide-v0,5,avg_success,700000,0.0
9606,WarpSAC-L,h1-slide-v0,5,avg_success,750000,0.0
9607,WarpSAC-L,h1-slide-v0,5,avg_success,800000,0.0
9608,WarpSAC-L,h1-slide-v0,5,avg_success,850000,0.0
9609,WarpSAC-L,h1-slide-v0,5,avg_success,900000,0.0
9610,WarpSAC-L,h1-slide-v0,5,avg_success,950000,0.0
9611,WarpSAC-L,h1-slide-v0,5,avg_success,1000000,0.0
9612,WarpSAC-L,h1-stair-v0,1,avg_return,0,4.8292
9613,WarpSAC-L,h1-stair-v0,1,avg_return,50000,21.6119
9614,WarpSAC-L,h1-stair-v0,1,avg_return,100000,39.7343
9615,WarpSAC-L,h1-stair-v0,1,avg_return,150000,43.0146
9616,WarpSAC-L,h1-stair-v0,1,avg_return,200000,43.4271
9617,WarpSAC-L,h1-stair-v0,1,avg_return,250000,59.2361
9618,WarpSAC-L,h1-stair-v0,1,avg_return,300000,91.0267
9619,WarpSAC-L,h1-stair-v0,1,avg_return,350000,71.3842
9620,WarpSAC-L,h1-stair-v0,1,avg_return,400000,87.8837
9621,WarpSAC-L,h1-stair-v0,1,avg_return,450000,125.5607
9622,WarpSAC-L,h1-stair-v0,1,avg_return,500000,129.2355
9623,WarpSAC-L,h1-stair-v0,1,avg_return,550000,179.4415
9624,WarpSAC-L,h1-stair-v0,1,avg_return,600000,200.8934
9625,WarpSAC-L,h1-stair-v0,1,avg_return,650000,228.1374
9626,WarpSAC-L,h1-stair-v0,1,avg_return,700000,235.6364
9627,WarpSAC-L,h1-stair-v0,1,avg_return,750000,291.5947
9628,WarpSAC-L,h1-stair-v0,1,avg_return,800000,242.3079
9629,WarpSAC-L,h1-stair-v0,1,avg_return,850000,354.3853
9630,WarpSAC-L,h1-stair-v0,1,avg_return,900000,422.8646
9631,WarpSAC-L,h1-stair-v0,1,avg_return,950000,370.8709
9632,WarpSAC-L,h1-stair-v0,1,avg_return,1000000,453.2528
9633,WarpSAC-L,h1-stair-v0,1,avg_success,0,0.0
9634,WarpSAC-L,h1-stair-v0,1,avg_success,50000,0.0
9635,WarpSAC-L,h1-stair-v0,1,avg_success,100000,0.0
9636,WarpSAC-L,h1-stair-v0,1,avg_success,150000,0.0
9637,WarpSAC-L,h1-stair-v0,1,avg_success,200000,0.0
9638,WarpSAC-L,h1-stair-v0,1,avg_success,250000,0.0
9639,WarpSAC-L,h1-stair-v0,1,avg_success,300000,0.0
9640,WarpSAC-L,h1-stair-v0,1,avg_success,350000,0.0
9641,WarpSAC-L,h1-stair-v0,1,avg_success,400000,0.0
9642,WarpSAC-L,h1-stair-v0,1,avg_success,450000,0.0
9643,WarpSAC-L,h1-stair-v0,1,avg_success,500000,0.0
9644,WarpSAC-L,h1-stair-v0,1,avg_success,550000,0.0
9645,WarpSAC-L,h1-stair-v0,1,avg_success,600000,0.0
9646,WarpSAC-L,h1-stair-v0,1,avg_success,650000,0.0
9647,WarpSAC-L,h1-stair-v0,1,avg_success,700000,0.0
9648,WarpSAC-L,h1-stair-v0,1,avg_success,750000,0.0
9649,WarpSAC-L,h1-stair-v0,1,avg_success,800000,0.0
9650,WarpSAC-L,h1-stair-v0,1,avg_success,850000,0.0
9651,WarpSAC-L,h1-stair-v0,1,avg_success,900000,0.0
9652,WarpSAC-L,h1-stair-v0,1,avg_success,950000,0.0
9653,WarpSAC-L,h1-stair-v0,1,avg_success,1000000,0.0
9654,WarpSAC-L,h1-stair-v0,2,avg_return,0,1.7529
9655,WarpSAC-L,h1-stair-v0,2,avg_return,50000,33.759
9656,WarpSAC-L,h1-stair-v0,2,avg_return,100000,35.364
9657,WarpSAC-L,h1-stair-v0,2,avg_return,150000,63.0718
9658,WarpSAC-L,h1-stair-v0,2,avg_return,200000,83.9484
9659,WarpSAC-L,h1-stair-v0,2,avg_return,250000,92.8261
9660,WarpSAC-L,h1-stair-v0,2,avg_return,300000,111.5655
9661,WarpSAC-L,h1-stair-v0,2,avg_return,350000,124.8902
9662,WarpSAC-L,h1-stair-v0,2,avg_return,400000,166.7127
9663,WarpSAC-L,h1-stair-v0,2,avg_return,450000,156.8616
9664,WarpSAC-L,h1-stair-v0,2,avg_return,500000,219.8236
9665,WarpSAC-L,h1-stair-v0,2,avg_return,550000,259.7251
9666,WarpSAC-L,h1-stair-v0,2,avg_return,600000,249.4954
9667,WarpSAC-L,h1-stair-v0,2,avg_return,650000,273.9528
9668,WarpSAC-L,h1-stair-v0,2,avg_return,700000,279.3628
9669,WarpSAC-L,h1-stair-v0,2,avg_return,750000,328.1052
9670,WarpSAC-L,h1-stair-v0,2,avg_return,800000,360.6595
9671,WarpSAC-L,h1-stair-v0,2,avg_return,850000,356.231
9672,WarpSAC-L,h1-stair-v0,2,avg_return,900000,423.8425
9673,WarpSAC-L,h1-stair-v0,2,avg_return,950000,510.523
9674,WarpSAC-L,h1-stair-v0,2,avg_return,1000000,499.8759
9675,WarpSAC-L,h1-stair-v0,2,avg_success,0,0.0
9676,WarpSAC-L,h1-stair-v0,2,avg_success,50000,0.0
9677,WarpSAC-L,h1-stair-v0,2,avg_success,100000,0.0
9678,WarpSAC-L,h1-stair-v0,2,avg_success,150000,0.0
9679,WarpSAC-L,h1-stair-v0,2,avg_success,200000,0.0
9680,WarpSAC-L,h1-stair-v0,2,avg_success,250000,0.0
9681,WarpSAC-L,h1-stair-v0,2,avg_success,300000,0.0
9682,WarpSAC-L,h1-stair-v0,2,avg_success,350000,0.0
9683,WarpSAC-L,h1-stair-v0,2,avg_success,400000,0.0
9684,WarpSAC-L,h1-stair-v0,2,avg_success,450000,0.0
9685,WarpSAC-L,h1-stair-v0,2,avg_success,500000,0.0
9686,WarpSAC-L,h1-stair-v0,2,avg_success,550000,0.0
9687,WarpSAC-L,h1-stair-v0,2,avg_success,600000,0.0
9688,WarpSAC-L,h1-stair-v0,2,avg_success,650000,0.0
9689,WarpSAC-L,h1-stair-v0,2,avg_success,700000,0.0
9690,WarpSAC-L,h1-stair-v0,2,avg_success,750000,0.0
9691,WarpSAC-L,h1-stair-v0,2,avg_success,800000,0.0
9692,WarpSAC-L,h1-stair-v0,2,avg_success,850000,0.0
9693,WarpSAC-L,h1-stair-v0,2,avg_success,900000,0.0
9694,WarpSAC-L,h1-stair-v0,2,avg_success,950000,0.0
9695,WarpSAC-L,h1-stair-v0,2,avg_success,1000000,0.0
9696,WarpSAC-L,h1-stair-v0,3,avg_return,0,2.4306
9697,WarpSAC-L,h1-stair-v0,3,avg_return,50000,41.6063
9698,WarpSAC-L,h1-stair-v0,3,avg_return,100000,25.7774
9699,WarpSAC-L,h1-stair-v0,3,avg_return,150000,62.0455
9700,WarpSAC-L,h1-stair-v0,3,avg_return,200000,71.9012
9701,WarpSAC-L,h1-stair-v0,3,avg_return,250000,87.4416
9702,WarpSAC-L,h1-stair-v0,3,avg_return,300000,131.7736
9703,WarpSAC-L,h1-stair-v0,3,avg_return,350000,147.0826
9704,WarpSAC-L,h1-stair-v0,3,avg_return,400000,186.1289
9705,WarpSAC-L,h1-stair-v0,3,avg_return,450000,219.0703
9706,WarpSAC-L,h1-stair-v0,3,avg_return,500000,211.3281
9707,WarpSAC-L,h1-stair-v0,3,avg_return,550000,223.5297
9708,WarpSAC-L,h1-stair-v0,3,avg_return,600000,261.4725
9709,WarpSAC-L,h1-stair-v0,3,avg_return,650000,276.4115
9710,WarpSAC-L,h1-stair-v0,3,avg_return,700000,313.834
9711,WarpSAC-L,h1-stair-v0,3,avg_return,750000,312.1644
9712,WarpSAC-L,h1-stair-v0,3,avg_return,800000,350.9627
9713,WarpSAC-L,h1-stair-v0,3,avg_return,850000,415.6238
9714,WarpSAC-L,h1-stair-v0,3,avg_return,900000,398.8347
9715,WarpSAC-L,h1-stair-v0,3,avg_return,950000,407.5795
9716,WarpSAC-L,h1-stair-v0,3,avg_return,1000000,389.8568
9717,WarpSAC-L,h1-stair-v0,3,avg_success,0,0.0
9718,WarpSAC-L,h1-stair-v0,3,avg_success,50000,0.0
9719,WarpSAC-L,h1-stair-v0,3,avg_success,100000,0.0
9720,WarpSAC-L,h1-stair-v0,3,avg_success,150000,0.0
9721,WarpSAC-L,h1-stair-v0,3,avg_success,200000,0.0
9722,WarpSAC-L,h1-stair-v0,3,avg_success,250000,0.0
9723,WarpSAC-L,h1-stair-v0,3,avg_success,300000,0.0
9724,WarpSAC-L,h1-stair-v0,3,avg_success,350000,0.0
9725,WarpSAC-L,h1-stair-v0,3,avg_success,400000,0.0
9726,WarpSAC-L,h1-stair-v0,3,avg_success,450000,0.0
9727,WarpSAC-L,h1-stair-v0,3,avg_success,500000,0.0
9728,WarpSAC-L,h1-stair-v0,3,avg_success,550000,0.0
9729,WarpSAC-L,h1-stair-v0,3,avg_success,600000,0.0
9730,WarpSAC-L,h1-stair-v0,3,avg_success,650000,0.0
9731,WarpSAC-L,h1-stair-v0,3,avg_success,700000,0.0
9732,WarpSAC-L,h1-stair-v0,3,avg_success,750000,0.0
9733,WarpSAC-L,h1-stair-v0,3,avg_success,800000,0.0
9734,WarpSAC-L,h1-stair-v0,3,avg_success,850000,0.0
9735,WarpSAC-L,h1-stair-v0,3,avg_success,900000,0.0
9736,WarpSAC-L,h1-stair-v0,3,avg_success,950000,0.0
9737,WarpSAC-L,h1-stair-v0,3,avg_success,1000000,0.0
9738,WarpSAC-L,h1-stair-v0,4,avg_return,0,1.1203
9739,WarpSAC-L,h1-stair-v0,4,avg_return,50000,41.0045
9740,WarpSAC-L,h1-stair-v0,4,avg_return,100000,38.3303
9741,WarpSAC-L,h1-stair-v0,4,avg_return,150000,57.6665
9742,WarpSAC-L,h1-stair-v0,4,avg_return,200000,87.0294
9743,WarpSAC-L,h1-stair-v0,4,avg_return,250000,206.974
9744,WarpSAC-L,h1-stair-v0,4,avg_return,300000,205.1839
9745,WarpSAC-L,h1-stair-v0,4,avg_return,350000,241.5487
9746,WarpSAC-L,h1-stair-v0,4,avg_return,400000,247.2285
9747,WarpSAC-L,h1-stair-v0,4,avg_return,450000,430.2798
9748,WarpSAC-L,h1-stair-v0,4,avg_return,500000,462.2678
9749,WarpSAC-L,h1-stair-v0,4,avg_return,550000,528.243
9750,WarpSAC-L,h1-stair-v0,4,avg_return,600000,574.3146
9751,WarpSAC-L,h1-stair-v0,4,avg_return,650000,564.1464
9752,WarpSAC-L,h1-stair-v0,4,avg_return,700000,550.1583
9753,WarpSAC-L,h1-stair-v0,4,avg_return,750000,570.6137
9754,WarpSAC-L,h1-stair-v0,4,avg_return,800000,568.4791
9755,WarpSAC-L,h1-stair-v0,4,avg_return,850000,582.1396
9756,WarpSAC-L,h1-stair-v0,4,avg_return,900000,573.8978
9757,WarpSAC-L,h1-stair-v0,4,avg_return,950000,501.7381
9758,WarpSAC-L,h1-stair-v0,4,avg_return,1000000,588.1427
9759,WarpSAC-L,h1-stair-v0,4,avg_success,0,0.0
9760,WarpSAC-L,h1-stair-v0,4,avg_success,50000,0.0
9761,WarpSAC-L,h1-stair-v0,4,avg_success,100000,0.0
9762,WarpSAC-L,h1-stair-v0,4,avg_success,150000,0.0
9763,WarpSAC-L,h1-stair-v0,4,avg_success,200000,0.0
9764,WarpSAC-L,h1-stair-v0,4,avg_success,250000,0.0
9765,WarpSAC-L,h1-stair-v0,4,avg_success,300000,0.0
9766,WarpSAC-L,h1-stair-v0,4,avg_success,350000,0.0
9767,WarpSAC-L,h1-stair-v0,4,avg_success,400000,0.0
9768,WarpSAC-L,h1-stair-v0,4,avg_success,450000,0.0
9769,WarpSAC-L,h1-stair-v0,4,avg_success,500000,0.0
9770,WarpSAC-L,h1-stair-v0,4,avg_success,550000,0.0
9771,WarpSAC-L,h1-stair-v0,4,avg_success,600000,0.0
9772,WarpSAC-L,h1-stair-v0,4,avg_success,650000,0.0
9773,WarpSAC-L,h1-stair-v0,4,avg_success,700000,0.0
9774,WarpSAC-L,h1-stair-v0,4,avg_success,750000,0.0
9775,WarpSAC-L,h1-stair-v0,4,avg_success,800000,0.0
9776,WarpSAC-L,h1-stair-v0,4,avg_success,850000,0.0
9777,WarpSAC-L,h1-stair-v0,4,avg_success,900000,0.0
9778,WarpSAC-L,h1-stair-v0,4,avg_success,950000,0.0
9779,WarpSAC-L,h1-stair-v0,4,avg_success,1000000,0.0
9780,WarpSAC-L,h1-stair-v0,5,avg_return,0,1.9606
9781,WarpSAC-L,h1-stair-v0,5,avg_return,50000,30.9794
9782,WarpSAC-L,h1-stair-v0,5,avg_return,100000,42.2041
9783,WarpSAC-L,h1-stair-v0,5,avg_return,150000,52.4444
9784,WarpSAC-L,h1-stair-v0,5,avg_return,200000,73.2403
9785,WarpSAC-L,h1-stair-v0,5,avg_return,250000,84.0974
9786,WarpSAC-L,h1-stair-v0,5,avg_return,300000,109.6264
9787,WarpSAC-L,h1-stair-v0,5,avg_return,350000,122.3691
9788,WarpSAC-L,h1-stair-v0,5,avg_return,400000,125.5596
9789,WarpSAC-L,h1-stair-v0,5,avg_return,450000,177.329
9790,WarpSAC-L,h1-stair-v0,5,avg_return,500000,243.1269
9791,WarpSAC-L,h1-stair-v0,5,avg_return,550000,273.5189
9792,WarpSAC-L,h1-stair-v0,5,avg_return,600000,281.9359
9793,WarpSAC-L,h1-stair-v0,5,avg_return,650000,349.8848
9794,WarpSAC-L,h1-stair-v0,5,avg_return,700000,424.6003
9795,WarpSAC-L,h1-stair-v0,5,avg_return,750000,535.2907
9796,WarpSAC-L,h1-stair-v0,5,avg_return,800000,547.5967
9797,WarpSAC-L,h1-stair-v0,5,avg_return,850000,729.8645
9798,WarpSAC-L,h1-stair-v0,5,avg_return,900000,688.8485
9799,WarpSAC-L,h1-stair-v0,5,avg_return,950000,814.8716
9800,WarpSAC-L,h1-stair-v0,5,avg_return,1000000,803.1808
9801,WarpSAC-L,h1-stair-v0,5,avg_success,0,0.0
9802,WarpSAC-L,h1-stair-v0,5,avg_success,50000,0.0
9803,WarpSAC-L,h1-stair-v0,5,avg_success,100000,0.0
9804,WarpSAC-L,h1-stair-v0,5,avg_success,150000,0.0
9805,WarpSAC-L,h1-stair-v0,5,avg_success,200000,0.0
9806,WarpSAC-L,h1-stair-v0,5,avg_success,250000,0.0
9807,WarpSAC-L,h1-stair-v0,5,avg_success,300000,0.0
9808,WarpSAC-L,h1-stair-v0,5,avg_success,350000,0.0
9809,WarpSAC-L,h1-stair-v0,5,avg_success,400000,0.0
9810,WarpSAC-L,h1-stair-v0,5,avg_success,450000,0.0
9811,WarpSAC-L,h1-stair-v0,5,avg_success,500000,0.0
9812,WarpSAC-L,h1-stair-v0,5,avg_success,550000,0.0
9813,WarpSAC-L,h1-stair-v0,5,avg_success,600000,0.0
9814,WarpSAC-L,h1-stair-v0,5,avg_success,650000,0.0
9815,WarpSAC-L,h1-stair-v0,5,avg_success,700000,0.0
9816,WarpSAC-L,h1-stair-v0,5,avg_success,750000,0.0
9817,WarpSAC-L,h1-stair-v0,5,avg_success,800000,0.0
9818,WarpSAC-L,h1-stair-v0,5,avg_success,850000,0.0
9819,WarpSAC-L,h1-stair-v0,5,avg_success,900000,0.0
9820,WarpSAC-L,h1-stair-v0,5,avg_success,950000,0.0
9821,WarpSAC-L,h1-stair-v0,5,avg_success,1000000,0.0
9822,WarpSAC-L,h1-stand-v0,1,avg_return,0,16.2611
9823,WarpSAC-L,h1-stand-v0,1,avg_return,50000,17.4739
9824,WarpSAC-L,h1-stand-v0,1,avg_return,100000,43.1621
9825,WarpSAC-L,h1-stand-v0,1,avg_return,150000,40.3075
9826,WarpSAC-L,h1-stand-v0,1,avg_return,200000,102.4492
9827,WarpSAC-L,h1-stand-v0,1,avg_return,250000,223.8567
9828,WarpSAC-L,h1-stand-v0,1,avg_return,300000,651.6026
9829,WarpSAC-L,h1-stand-v0,1,avg_return,350000,845.849
9830,WarpSAC-L,h1-stand-v0,1,avg_return,400000,836.2589
9831,WarpSAC-L,h1-stand-v0,1,avg_return,450000,825.9904
9832,WarpSAC-L,h1-stand-v0,1,avg_return,500000,583.1125
9833,WarpSAC-L,h1-stand-v0,1,avg_return,550000,812.1289
9834,WarpSAC-L,h1-stand-v0,1,avg_return,600000,945.679
9835,WarpSAC-L,h1-stand-v0,1,avg_return,650000,887.9818
9836,WarpSAC-L,h1-stand-v0,1,avg_return,700000,911.615
9837,WarpSAC-L,h1-stand-v0,1,avg_return,750000,537.7505
9838,WarpSAC-L,h1-stand-v0,1,avg_return,800000,737.3116
9839,WarpSAC-L,h1-stand-v0,1,avg_return,850000,914.4109
9840,WarpSAC-L,h1-stand-v0,1,avg_return,900000,827.3154
9841,WarpSAC-L,h1-stand-v0,1,avg_return,950000,911.9457
9842,WarpSAC-L,h1-stand-v0,1,avg_return,1000000,877.7182
9843,WarpSAC-L,h1-stand-v0,1,avg_success,0,0.0
9844,WarpSAC-L,h1-stand-v0,1,avg_success,50000,0.0
9845,WarpSAC-L,h1-stand-v0,1,avg_success,100000,0.0
9846,WarpSAC-L,h1-stand-v0,1,avg_success,150000,0.0
9847,WarpSAC-L,h1-stand-v0,1,avg_success,200000,0.0
9848,WarpSAC-L,h1-stand-v0,1,avg_success,250000,0.0
9849,WarpSAC-L,h1-stand-v0,1,avg_success,300000,0.0
9850,WarpSAC-L,h1-stand-v0,1,avg_success,350000,0.0
9851,WarpSAC-L,h1-stand-v0,1,avg_success,400000,0.0
9852,WarpSAC-L,h1-stand-v0,1,avg_success,450000,0.0
9853,WarpSAC-L,h1-stand-v0,1,avg_success,500000,0.0
9854,WarpSAC-L,h1-stand-v0,1,avg_success,550000,0.0
9855,WarpSAC-L,h1-stand-v0,1,avg_success,600000,0.0
9856,WarpSAC-L,h1-stand-v0,1,avg_success,650000,0.0
9857,WarpSAC-L,h1-stand-v0,1,avg_success,700000,0.0
9858,WarpSAC-L,h1-stand-v0,1,avg_success,750000,0.0
9859,WarpSAC-L,h1-stand-v0,1,avg_success,800000,0.0
9860,WarpSAC-L,h1-stand-v0,1,avg_success,850000,0.0
9861,WarpSAC-L,h1-stand-v0,1,avg_success,900000,0.0
9862,WarpSAC-L,h1-stand-v0,1,avg_success,950000,0.0
9863,WarpSAC-L,h1-stand-v0,1,avg_success,1000000,0.0
9864,WarpSAC-L,h1-stand-v0,2,avg_return,0,8.7761
9865,WarpSAC-L,h1-stand-v0,2,avg_return,50000,31.5229
9866,WarpSAC-L,h1-stand-v0,2,avg_return,100000,26.3973
9867,WarpSAC-L,h1-stand-v0,2,avg_return,150000,96.6273
9868,WarpSAC-L,h1-stand-v0,2,avg_return,200000,150.1421
9869,WarpSAC-L,h1-stand-v0,2,avg_return,250000,232.1523
9870,WarpSAC-L,h1-stand-v0,2,avg_return,300000,310.0985
9871,WarpSAC-L,h1-stand-v0,2,avg_return,350000,798.9888
9872,WarpSAC-L,h1-stand-v0,2,avg_return,400000,746.8684
9873,WarpSAC-L,h1-stand-v0,2,avg_return,450000,297.5457
9874,WarpSAC-L,h1-stand-v0,2,avg_return,500000,473.0702
9875,WarpSAC-L,h1-stand-v0,2,avg_return,550000,900.4475
9876,WarpSAC-L,h1-stand-v0,2,avg_return,600000,318.6203
9877,WarpSAC-L,h1-stand-v0,2,avg_return,650000,847.7734
9878,WarpSAC-L,h1-stand-v0,2,avg_return,700000,902.5075
9879,WarpSAC-L,h1-stand-v0,2,avg_return,750000,892.0275
9880,WarpSAC-L,h1-stand-v0,2,avg_return,800000,895.806
9881,WarpSAC-L,h1-stand-v0,2,avg_return,850000,893.5749
9882,WarpSAC-L,h1-stand-v0,2,avg_return,900000,911.5369
9883,WarpSAC-L,h1-stand-v0,2,avg_return,950000,904.0186
9884,WarpSAC-L,h1-stand-v0,2,avg_return,1000000,913.5875
9885,WarpSAC-L,h1-stand-v0,2,avg_success,0,0.0
9886,WarpSAC-L,h1-stand-v0,2,avg_success,50000,0.0
9887,WarpSAC-L,h1-stand-v0,2,avg_success,100000,0.0
9888,WarpSAC-L,h1-stand-v0,2,avg_success,150000,0.0
9889,WarpSAC-L,h1-stand-v0,2,avg_success,200000,0.0
9890,WarpSAC-L,h1-stand-v0,2,avg_success,250000,0.0
9891,WarpSAC-L,h1-stand-v0,2,avg_success,300000,0.0
9892,WarpSAC-L,h1-stand-v0,2,avg_success,350000,0.0
9893,WarpSAC-L,h1-stand-v0,2,avg_success,400000,0.0
9894,WarpSAC-L,h1-stand-v0,2,avg_success,450000,0.0
9895,WarpSAC-L,h1-stand-v0,2,avg_success,500000,0.0
9896,WarpSAC-L,h1-stand-v0,2,avg_success,550000,0.0
9897,WarpSAC-L,h1-stand-v0,2,avg_success,600000,0.0
9898,WarpSAC-L,h1-stand-v0,2,avg_success,650000,0.0
9899,WarpSAC-L,h1-stand-v0,2,avg_success,700000,0.0
9900,WarpSAC-L,h1-stand-v0,2,avg_success,750000,0.0
9901,WarpSAC-L,h1-stand-v0,2,avg_success,800000,0.0
9902,WarpSAC-L,h1-stand-v0,2,avg_success,850000,0.0
9903,WarpSAC-L,h1-stand-v0,2,avg_success,900000,0.0
9904,WarpSAC-L,h1-stand-v0,2,avg_success,950000,0.0
9905,WarpSAC-L,h1-stand-v0,2,avg_success,1000000,0.0
9906,WarpSAC-L,h1-stand-v0,3,avg_return,0,11.8333
9907,WarpSAC-L,h1-stand-v0,3,avg_return,50000,29.9216
9908,WarpSAC-L,h1-stand-v0,3,avg_return,100000,73.4358
9909,WarpSAC-L,h1-stand-v0,3,avg_return,150000,90.8095
9910,WarpSAC-L,h1-stand-v0,3,avg_return,200000,229.5154
9911,WarpSAC-L,h1-stand-v0,3,avg_return,250000,603.554
9912,WarpSAC-L,h1-stand-v0,3,avg_return,300000,630.0179
9913,WarpSAC-L,h1-stand-v0,3,avg_return,350000,622.6413
9914,WarpSAC-L,h1-stand-v0,3,avg_return,400000,883.0469
9915,WarpSAC-L,h1-stand-v0,3,avg_return,450000,794.283
9916,WarpSAC-L,h1-stand-v0,3,avg_return,500000,335.6164
9917,WarpSAC-L,h1-stand-v0,3,avg_return,550000,700.3064
9918,WarpSAC-L,h1-stand-v0,3,avg_return,600000,639.7789
9919,WarpSAC-L,h1-stand-v0,3,avg_return,650000,797.6519
9920,WarpSAC-L,h1-stand-v0,3,avg_return,700000,692.6271
9921,WarpSAC-L,h1-stand-v0,3,avg_return,750000,813.3603
9922,WarpSAC-L,h1-stand-v0,3,avg_return,800000,914.3819
9923,WarpSAC-L,h1-stand-v0,3,avg_return,850000,610.6728
9924,WarpSAC-L,h1-stand-v0,3,avg_return,900000,703.8601
9925,WarpSAC-L,h1-stand-v0,3,avg_return,950000,916.1286
9926,WarpSAC-L,h1-stand-v0,3,avg_return,1000000,723.8754
9927,WarpSAC-L,h1-stand-v0,3,avg_success,0,0.0
9928,WarpSAC-L,h1-stand-v0,3,avg_success,50000,0.0
9929,WarpSAC-L,h1-stand-v0,3,avg_success,100000,0.0
9930,WarpSAC-L,h1-stand-v0,3,avg_success,150000,0.0
9931,WarpSAC-L,h1-stand-v0,3,avg_success,200000,0.0
9932,WarpSAC-L,h1-stand-v0,3,avg_success,250000,0.0
9933,WarpSAC-L,h1-stand-v0,3,avg_success,300000,0.0
9934,WarpSAC-L,h1-stand-v0,3,avg_success,350000,0.0
9935,WarpSAC-L,h1-stand-v0,3,avg_success,400000,0.0
9936,WarpSAC-L,h1-stand-v0,3,avg_success,450000,0.0
9937,WarpSAC-L,h1-stand-v0,3,avg_success,500000,0.0
9938,WarpSAC-L,h1-stand-v0,3,avg_success,550000,0.0
9939,WarpSAC-L,h1-stand-v0,3,avg_success,600000,0.0
9940,WarpSAC-L,h1-stand-v0,3,avg_success,650000,0.0
9941,WarpSAC-L,h1-stand-v0,3,avg_success,700000,0.0
9942,WarpSAC-L,h1-stand-v0,3,avg_success,750000,0.0
9943,WarpSAC-L,h1-stand-v0,3,avg_success,800000,0.0
9944,WarpSAC-L,h1-stand-v0,3,avg_success,850000,0.0
9945,WarpSAC-L,h1-stand-v0,3,avg_success,900000,0.0
9946,WarpSAC-L,h1-stand-v0,3,avg_success,950000,0.0
9947,WarpSAC-L,h1-stand-v0,3,avg_success,1000000,0.0
9948,WarpSAC-L,h1-stand-v0,4,avg_return,0,16.859
9949,WarpSAC-L,h1-stand-v0,4,avg_return,50000,48.16
9950,WarpSAC-L,h1-stand-v0,4,avg_return,100000,57.0173
9951,WarpSAC-L,h1-stand-v0,4,avg_return,150000,61.0493
9952,WarpSAC-L,h1-stand-v0,4,avg_return,200000,143.2668
9953,WarpSAC-L,h1-stand-v0,4,avg_return,250000,590.0266
9954,WarpSAC-L,h1-stand-v0,4,avg_return,300000,724.7564
9955,WarpSAC-L,h1-stand-v0,4,avg_return,350000,889.4231
9956,WarpSAC-L,h1-stand-v0,4,avg_return,400000,854.3537
9957,WarpSAC-L,h1-stand-v0,4,avg_return,450000,745.4965
9958,WarpSAC-L,h1-stand-v0,4,avg_return,500000,774.1975
9959,WarpSAC-L,h1-stand-v0,4,avg_return,550000,665.071
9960,WarpSAC-L,h1-stand-v0,4,avg_return,600000,816.6201
9961,WarpSAC-L,h1-stand-v0,4,avg_return,650000,892.8293
9962,WarpSAC-L,h1-stand-v0,4,avg_return,700000,856.3279
9963,WarpSAC-L,h1-stand-v0,4,avg_return,750000,849.4687
9964,WarpSAC-L,h1-stand-v0,4,avg_return,800000,919.8788
9965,WarpSAC-L,h1-stand-v0,4,avg_return,850000,911.8607
9966,WarpSAC-L,h1-stand-v0,4,avg_return,900000,920.1007
9967,WarpSAC-L,h1-stand-v0,4,avg_return,950000,878.6145
9968,WarpSAC-L,h1-stand-v0,4,avg_return,1000000,918.6419
9969,WarpSAC-L,h1-stand-v0,4,avg_success,0,0.0
9970,WarpSAC-L,h1-stand-v0,4,avg_success,50000,0.0
9971,WarpSAC-L,h1-stand-v0,4,avg_success,100000,0.0
9972,WarpSAC-L,h1-stand-v0,4,avg_success,150000,0.0
9973,WarpSAC-L,h1-stand-v0,4,avg_success,200000,0.0
9974,WarpSAC-L,h1-stand-v0,4,avg_success,250000,0.0
9975,WarpSAC-L,h1-stand-v0,4,avg_success,300000,0.0
9976,WarpSAC-L,h1-stand-v0,4,avg_success,350000,0.0
9977,WarpSAC-L,h1-stand-v0,4,avg_success,400000,0.0
9978,WarpSAC-L,h1-stand-v0,4,avg_success,450000,0.0
9979,WarpSAC-L,h1-stand-v0,4,avg_success,500000,0.0
9980,WarpSAC-L,h1-stand-v0,4,avg_success,550000,0.0
9981,WarpSAC-L,h1-stand-v0,4,avg_success,600000,0.0
9982,WarpSAC-L,h1-stand-v0,4,avg_success,650000,0.0
9983,WarpSAC-L,h1-stand-v0,4,avg_success,700000,0.0
9984,WarpSAC-L,h1-stand-v0,4,avg_success,750000,0.0
9985,WarpSAC-L,h1-stand-v0,4,avg_success,800000,0.0
9986,WarpSAC-L,h1-stand-v0,4,avg_success,850000,0.0
9987,WarpSAC-L,h1-stand-v0,4,avg_success,900000,0.0
9988,WarpSAC-L,h1-stand-v0,4,avg_success,950000,0.0
9989,WarpSAC-L,h1-stand-v0,4,avg_success,1000000,0.0
9990,WarpSAC-L,h1-stand-v0,5,avg_return,0,11.1816
9991,WarpSAC-L,h1-stand-v0,5,avg_return,50000,40.6579
9992,WarpSAC-L,h1-stand-v0,5,avg_return,100000,44.6085
9993,WarpSAC-L,h1-stand-v0,5,avg_return,150000,54.4332
9994,WarpSAC-L,h1-stand-v0,5,avg_return,200000,105.2249
9995,WarpSAC-L,h1-stand-v0,5,avg_return,250000,209.6246
9996,WarpSAC-L,h1-stand-v0,5,avg_return,300000,299.6607
9997,WarpSAC-L,h1-stand-v0,5,avg_return,350000,775.7768
9998,WarpSAC-L,h1-stand-v0,5,avg_return,400000,831.7902
9999,WarpSAC-L,h1-stand-v0,5,avg_return,450000,818.1313
10000,WarpSAC-L,h1-stand-v0,5,avg_return,500000,911.5363
10001,WarpSAC-L,h1-stand-v0,5,avg_return,550000,893.6979
10002,WarpSAC-L,h1-stand-v0,5,avg_return,600000,877.5399
10003,WarpSAC-L,h1-stand-v0,5,avg_return,650000,854.1104
10004,WarpSAC-L,h1-stand-v0,5,avg_return,700000,751.0028
10005,WarpSAC-L,h1-stand-v0,5,avg_return,750000,892.5344
10006,WarpSAC-L,h1-stand-v0,5,avg_return,800000,655.1255
10007,WarpSAC-L,h1-stand-v0,5,avg_return,850000,911.8255
10008,WarpSAC-L,h1-stand-v0,5,avg_return,900000,801.2317
10009,WarpSAC-L,h1-stand-v0,5,avg_return,950000,896.7622
10010,WarpSAC-L,h1-stand-v0,5,avg_return,1000000,910.4879
10011,WarpSAC-L,h1-stand-v0,5,avg_success,0,0.0
10012,WarpSAC-L,h1-stand-v0,5,avg_success,50000,0.0
10013,WarpSAC-L,h1-stand-v0,5,avg_success,100000,0.0
10014,WarpSAC-L,h1-stand-v0,5,avg_success,150000,0.0
10015,WarpSAC-L,h1-stand-v0,5,avg_success,200000,0.0
10016,WarpSAC-L,h1-stand-v0,5,avg_success,250000,0.0
10017,WarpSAC-L,h1-stand-v0,5,avg_success,300000,0.0
10018,WarpSAC-L,h1-stand-v0,5,avg_success,350000,0.0
10019,WarpSAC-L,h1-stand-v0,5,avg_success,400000,0.0
10020,WarpSAC-L,h1-stand-v0,5,avg_success,450000,0.0
10021,WarpSAC-L,h1-stand-v0,5,avg_success,500000,0.0
10022,WarpSAC-L,h1-stand-v0,5,avg_success,550000,0.0
10023,WarpSAC-L,h1-stand-v0,5,avg_success,600000,0.0
10024,WarpSAC-L,h1-stand-v0,5,avg_success,650000,0.0
10025,WarpSAC-L,h1-stand-v0,5,avg_success,700000,0.0
10026,WarpSAC-L,h1-stand-v0,5,avg_success,750000,0.0
10027,WarpSAC-L,h1-stand-v0,5,avg_success,800000,0.0
10028,WarpSAC-L,h1-stand-v0,5,avg_success,850000,0.0
10029,WarpSAC-L,h1-stand-v0,5,avg_success,900000,0.0
10030,WarpSAC-L,h1-stand-v0,5,avg_success,950000,0.0
10031,WarpSAC-L,h1-stand-v0,5,avg_success,1000000,0.0
10032,WarpSAC-L,h1-walk-v0,1,avg_return,0,4.0159
10033,WarpSAC-L,h1-walk-v0,1,avg_return,50000,18.3929
10034,WarpSAC-L,h1-walk-v0,1,avg_return,100000,43.6401
10035,WarpSAC-L,h1-walk-v0,1,avg_return,150000,112.4743
10036,WarpSAC-L,h1-walk-v0,1,avg_return,200000,163.7552
10037,WarpSAC-L,h1-walk-v0,1,avg_return,250000,178.3752
10038,WarpSAC-L,h1-walk-v0,1,avg_return,300000,312.2236
10039,WarpSAC-L,h1-walk-v0,1,avg_return,350000,722.3962
10040,WarpSAC-L,h1-walk-v0,1,avg_return,400000,860.118
10041,WarpSAC-L,h1-walk-v0,1,avg_return,450000,847.5614
10042,WarpSAC-L,h1-walk-v0,1,avg_return,500000,843.0601
10043,WarpSAC-L,h1-walk-v0,1,avg_return,550000,849.4506
10044,WarpSAC-L,h1-walk-v0,1,avg_return,600000,882.7946
10045,WarpSAC-L,h1-walk-v0,1,avg_return,650000,882.4575
10046,WarpSAC-L,h1-walk-v0,1,avg_return,700000,894.8889
10047,WarpSAC-L,h1-walk-v0,1,avg_return,750000,894.3085
10048,WarpSAC-L,h1-walk-v0,1,avg_return,800000,892.6234
10049,WarpSAC-L,h1-walk-v0,1,avg_return,850000,893.4618
10050,WarpSAC-L,h1-walk-v0,1,avg_return,900000,898.8382
10051,WarpSAC-L,h1-walk-v0,1,avg_return,950000,895.7507
10052,WarpSAC-L,h1-walk-v0,1,avg_return,1000000,910.5305
10053,WarpSAC-L,h1-walk-v0,1,avg_success,0,0.0
10054,WarpSAC-L,h1-walk-v0,1,avg_success,50000,0.0
10055,WarpSAC-L,h1-walk-v0,1,avg_success,100000,0.0
10056,WarpSAC-L,h1-walk-v0,1,avg_success,150000,0.0
10057,WarpSAC-L,h1-walk-v0,1,avg_success,200000,0.0
10058,WarpSAC-L,h1-walk-v0,1,avg_success,250000,0.0
10059,WarpSAC-L,h1-walk-v0,1,avg_success,300000,0.0
10060,WarpSAC-L,h1-walk-v0,1,avg_success,350000,0.0
10061,WarpSAC-L,h1-walk-v0,1,avg_success,400000,0.0
10062,WarpSAC-L,h1-walk-v0,1,avg_success,450000,0.0
10063,WarpSAC-L,h1-walk-v0,1,avg_success,500000,0.0
10064,WarpSAC-L,h1-walk-v0,1,avg_success,550000,0.0
10065,WarpSAC-L,h1-walk-v0,1,avg_success,600000,0.0
10066,WarpSAC-L,h1-walk-v0,1,avg_success,650000,0.0
10067,WarpSAC-L,h1-walk-v0,1,avg_success,700000,0.0
10068,WarpSAC-L,h1-walk-v0,1,avg_success,750000,0.0
10069,WarpSAC-L,h1-walk-v0,1,avg_success,800000,0.0
10070,WarpSAC-L,h1-walk-v0,1,avg_success,850000,0.0
10071,WarpSAC-L,h1-walk-v0,1,avg_success,900000,0.0
10072,WarpSAC-L,h1-walk-v0,1,avg_success,950000,0.0
10073,WarpSAC-L,h1-walk-v0,1,avg_success,1000000,0.0
10074,WarpSAC-L,h1-walk-v0,2,avg_return,0,2.2451
10075,WarpSAC-L,h1-walk-v0,2,avg_return,50000,12.7486
10076,WarpSAC-L,h1-walk-v0,2,avg_return,100000,88.6041
10077,WarpSAC-L,h1-walk-v0,2,avg_return,150000,80.1162
10078,WarpSAC-L,h1-walk-v0,2,avg_return,200000,224.2453
10079,WarpSAC-L,h1-walk-v0,2,avg_return,250000,481.8319
10080,WarpSAC-L,h1-walk-v0,2,avg_return,300000,823.4139
10081,WarpSAC-L,h1-walk-v0,2,avg_return,350000,867.8759
10082,WarpSAC-L,h1-walk-v0,2,avg_return,400000,833.0701
10083,WarpSAC-L,h1-walk-v0,2,avg_return,450000,871.3703
10084,WarpSAC-L,h1-walk-v0,2,avg_return,500000,890.1831
10085,WarpSAC-L,h1-walk-v0,2,avg_return,550000,889.2676
10086,WarpSAC-L,h1-walk-v0,2,avg_return,600000,894.2796
10087,WarpSAC-L,h1-walk-v0,2,avg_return,650000,894.4732
10088,WarpSAC-L,h1-walk-v0,2,avg_return,700000,893.6488
10089,WarpSAC-L,h1-walk-v0,2,avg_return,750000,892.0504
10090,WarpSAC-L,h1-walk-v0,2,avg_return,800000,897.1618
10091,WarpSAC-L,h1-walk-v0,2,avg_return,850000,894.3823
10092,WarpSAC-L,h1-walk-v0,2,avg_return,900000,901.8105
10093,WarpSAC-L,h1-walk-v0,2,avg_return,950000,905.9384
10094,WarpSAC-L,h1-walk-v0,2,avg_return,1000000,911.6433
10095,WarpSAC-L,h1-walk-v0,2,avg_success,0,0.0
10096,WarpSAC-L,h1-walk-v0,2,avg_success,50000,0.0
10097,WarpSAC-L,h1-walk-v0,2,avg_success,100000,0.0
10098,WarpSAC-L,h1-walk-v0,2,avg_success,150000,0.0
10099,WarpSAC-L,h1-walk-v0,2,avg_success,200000,0.0
10100,WarpSAC-L,h1-walk-v0,2,avg_success,250000,0.0
10101,WarpSAC-L,h1-walk-v0,2,avg_success,300000,0.0
10102,WarpSAC-L,h1-walk-v0,2,avg_success,350000,0.0
10103,WarpSAC-L,h1-walk-v0,2,avg_success,400000,0.0
10104,WarpSAC-L,h1-walk-v0,2,avg_success,450000,0.0
10105,WarpSAC-L,h1-walk-v0,2,avg_success,500000,0.0
10106,WarpSAC-L,h1-walk-v0,2,avg_success,550000,0.0
10107,WarpSAC-L,h1-walk-v0,2,avg_success,600000,0.0
10108,WarpSAC-L,h1-walk-v0,2,avg_success,650000,0.0
10109,WarpSAC-L,h1-walk-v0,2,avg_success,700000,0.0
10110,WarpSAC-L,h1-walk-v0,2,avg_success,750000,0.0
10111,WarpSAC-L,h1-walk-v0,2,avg_success,800000,0.0
10112,WarpSAC-L,h1-walk-v0,2,avg_success,850000,0.0
10113,WarpSAC-L,h1-walk-v0,2,avg_success,900000,0.0
10114,WarpSAC-L,h1-walk-v0,2,avg_success,950000,0.0
10115,WarpSAC-L,h1-walk-v0,2,avg_success,1000000,0.0
10116,WarpSAC-L,h1-walk-v0,3,avg_return,0,2.1995
10117,WarpSAC-L,h1-walk-v0,3,avg_return,50000,14.129
10118,WarpSAC-L,h1-walk-v0,3,avg_return,100000,44.7934
10119,WarpSAC-L,h1-walk-v0,3,avg_return,150000,82.2475
10120,WarpSAC-L,h1-walk-v0,3,avg_return,200000,129.6202
10121,WarpSAC-L,h1-walk-v0,3,avg_return,250000,294.6306
10122,WarpSAC-L,h1-walk-v0,3,avg_return,300000,437.6091
10123,WarpSAC-L,h1-walk-v0,3,avg_return,350000,643.0453
10124,WarpSAC-L,h1-walk-v0,3,avg_return,400000,838.5323
10125,WarpSAC-L,h1-walk-v0,3,avg_return,450000,858.2914
10126,WarpSAC-L,h1-walk-v0,3,avg_return,500000,866.4483
10127,WarpSAC-L,h1-walk-v0,3,avg_return,550000,880.3609
10128,WarpSAC-L,h1-walk-v0,3,avg_return,600000,877.5299
10129,WarpSAC-L,h1-walk-v0,3,avg_return,650000,879.0985
10130,WarpSAC-L,h1-walk-v0,3,avg_return,700000,895.1439
10131,WarpSAC-L,h1-walk-v0,3,avg_return,750000,885.3052
10132,WarpSAC-L,h1-walk-v0,3,avg_return,800000,889.9104
10133,WarpSAC-L,h1-walk-v0,3,avg_return,850000,893.7851
10134,WarpSAC-L,h1-walk-v0,3,avg_return,900000,899.8979
10135,WarpSAC-L,h1-walk-v0,3,avg_return,950000,891.0129
10136,WarpSAC-L,h1-walk-v0,3,avg_return,1000000,901.6039
10137,WarpSAC-L,h1-walk-v0,3,avg_success,0,0.0
10138,WarpSAC-L,h1-walk-v0,3,avg_success,50000,0.0
10139,WarpSAC-L,h1-walk-v0,3,avg_success,100000,0.0
10140,WarpSAC-L,h1-walk-v0,3,avg_success,150000,0.0
10141,WarpSAC-L,h1-walk-v0,3,avg_success,200000,0.0
10142,WarpSAC-L,h1-walk-v0,3,avg_success,250000,0.0
10143,WarpSAC-L,h1-walk-v0,3,avg_success,300000,0.0
10144,WarpSAC-L,h1-walk-v0,3,avg_success,350000,0.0
10145,WarpSAC-L,h1-walk-v0,3,avg_success,400000,0.0
10146,WarpSAC-L,h1-walk-v0,3,avg_success,450000,0.0
10147,WarpSAC-L,h1-walk-v0,3,avg_success,500000,0.0
10148,WarpSAC-L,h1-walk-v0,3,avg_success,550000,0.0
10149,WarpSAC-L,h1-walk-v0,3,avg_success,600000,0.0
10150,WarpSAC-L,h1-walk-v0,3,avg_success,650000,0.0
10151,WarpSAC-L,h1-walk-v0,3,avg_success,700000,0.0
10152,WarpSAC-L,h1-walk-v0,3,avg_success,750000,0.0
10153,WarpSAC-L,h1-walk-v0,3,avg_success,800000,0.0
10154,WarpSAC-L,h1-walk-v0,3,avg_success,850000,0.0
10155,WarpSAC-L,h1-walk-v0,3,avg_success,900000,0.0
10156,WarpSAC-L,h1-walk-v0,3,avg_success,950000,0.0
10157,WarpSAC-L,h1-walk-v0,3,avg_success,1000000,0.0
10158,WarpSAC-L,h1-walk-v0,4,avg_return,0,3.9786
10159,WarpSAC-L,h1-walk-v0,4,avg_return,50000,18.3936
10160,WarpSAC-L,h1-walk-v0,4,avg_return,100000,63.6666
10161,WarpSAC-L,h1-walk-v0,4,avg_return,150000,78.8185
10162,WarpSAC-L,h1-walk-v0,4,avg_return,200000,128.2081
10163,WarpSAC-L,h1-walk-v0,4,avg_return,250000,236.7398
10164,WarpSAC-L,h1-walk-v0,4,avg_return,300000,356.3227
10165,WarpSAC-L,h1-walk-v0,4,avg_return,350000,538.1082
10166,WarpSAC-L,h1-walk-v0,4,avg_return,400000,852.025
10167,WarpSAC-L,h1-walk-v0,4,avg_return,450000,859.2187
10168,WarpSAC-L,h1-walk-v0,4,avg_return,500000,866.5725
10169,WarpSAC-L,h1-walk-v0,4,avg_return,550000,882.5767
10170,WarpSAC-L,h1-walk-v0,4,avg_return,600000,880.1354
10171,WarpSAC-L,h1-walk-v0,4,avg_return,650000,880.1395
10172,WarpSAC-L,h1-walk-v0,4,avg_return,700000,875.3256
10173,WarpSAC-L,h1-walk-v0,4,avg_return,750000,882.4989
10174,WarpSAC-L,h1-walk-v0,4,avg_return,800000,881.0785
10175,WarpSAC-L,h1-walk-v0,4,avg_return,850000,893.9836
10176,WarpSAC-L,h1-walk-v0,4,avg_return,900000,889.9394
10177,WarpSAC-L,h1-walk-v0,4,avg_return,950000,894.7454
10178,WarpSAC-L,h1-walk-v0,4,avg_return,1000000,893.2921
10179,WarpSAC-L,h1-walk-v0,4,avg_success,0,0.0
10180,WarpSAC-L,h1-walk-v0,4,avg_success,50000,0.0
10181,WarpSAC-L,h1-walk-v0,4,avg_success,100000,0.0
10182,WarpSAC-L,h1-walk-v0,4,avg_success,150000,0.0
10183,WarpSAC-L,h1-walk-v0,4,avg_success,200000,0.0
10184,WarpSAC-L,h1-walk-v0,4,avg_success,250000,0.0
10185,WarpSAC-L,h1-walk-v0,4,avg_success,300000,0.0
10186,WarpSAC-L,h1-walk-v0,4,avg_success,350000,0.0
10187,WarpSAC-L,h1-walk-v0,4,avg_success,400000,0.0
10188,WarpSAC-L,h1-walk-v0,4,avg_success,450000,0.0
10189,WarpSAC-L,h1-walk-v0,4,avg_success,500000,0.0
10190,WarpSAC-L,h1-walk-v0,4,avg_success,550000,0.0
10191,WarpSAC-L,h1-walk-v0,4,avg_success,600000,0.0
10192,WarpSAC-L,h1-walk-v0,4,avg_success,650000,0.0
10193,WarpSAC-L,h1-walk-v0,4,avg_success,700000,0.0
10194,WarpSAC-L,h1-walk-v0,4,avg_success,750000,0.0
10195,WarpSAC-L,h1-walk-v0,4,avg_success,800000,0.0
10196,WarpSAC-L,h1-walk-v0,4,avg_success,850000,0.0
10197,WarpSAC-L,h1-walk-v0,4,avg_success,900000,0.0
10198,WarpSAC-L,h1-walk-v0,4,avg_success,950000,0.0
10199,WarpSAC-L,h1-walk-v0,4,avg_success,1000000,0.0
10200,WarpSAC-L,h1-walk-v0,5,avg_return,0,2.0062
10201,WarpSAC-L,h1-walk-v0,5,avg_return,50000,14.6727
10202,WarpSAC-L,h1-walk-v0,5,avg_return,100000,41.1894
10203,WarpSAC-L,h1-walk-v0,5,avg_return,150000,100.9589
10204,WarpSAC-L,h1-walk-v0,5,avg_return,200000,112.0835
10205,WarpSAC-L,h1-walk-v0,5,avg_return,250000,178.4416
10206,WarpSAC-L,h1-walk-v0,5,avg_return,300000,219.0473
10207,WarpSAC-L,h1-walk-v0,5,avg_return,350000,321.6637
10208,WarpSAC-L,h1-walk-v0,5,avg_return,400000,734.6677
10209,WarpSAC-L,h1-walk-v0,5,avg_return,450000,869.7157
10210,WarpSAC-L,h1-walk-v0,5,avg_return,500000,871.5069
10211,WarpSAC-L,h1-walk-v0,5,avg_return,550000,871.7602
10212,WarpSAC-L,h1-walk-v0,5,avg_return,600000,706.6802
10213,WarpSAC-L,h1-walk-v0,5,avg_return,650000,880.6786
10214,WarpSAC-L,h1-walk-v0,5,avg_return,700000,888.0639
10215,WarpSAC-L,h1-walk-v0,5,avg_return,750000,879.2376
10216,WarpSAC-L,h1-walk-v0,5,avg_return,800000,884.515
10217,WarpSAC-L,h1-walk-v0,5,avg_return,850000,892.526
10218,WarpSAC-L,h1-walk-v0,5,avg_return,900000,891.9851
10219,WarpSAC-L,h1-walk-v0,5,avg_return,950000,892.3641
10220,WarpSAC-L,h1-walk-v0,5,avg_return,1000000,895.6353
10221,WarpSAC-L,h1-walk-v0,5,avg_success,0,0.0
10222,WarpSAC-L,h1-walk-v0,5,avg_success,50000,0.0
10223,WarpSAC-L,h1-walk-v0,5,avg_success,100000,0.0
10224,WarpSAC-L,h1-walk-v0,5,avg_success,150000,0.0
10225,WarpSAC-L,h1-walk-v0,5,avg_success,200000,0.0
10226,WarpSAC-L,h1-walk-v0,5,avg_success,250000,0.0
10227,WarpSAC-L,h1-walk-v0,5,avg_success,300000,0.0
10228,WarpSAC-L,h1-walk-v0,5,avg_success,350000,0.0
10229,WarpSAC-L,h1-walk-v0,5,avg_success,400000,0.0
10230,WarpSAC-L,h1-walk-v0,5,avg_success,450000,0.0
10231,WarpSAC-L,h1-walk-v0,5,avg_success,500000,0.0
10232,WarpSAC-L,h1-walk-v0,5,avg_success,550000,0.0
10233,WarpSAC-L,h1-walk-v0,5,avg_success,600000,0.0
10234,WarpSAC-L,h1-walk-v0,5,avg_success,650000,0.0
10235,WarpSAC-L,h1-walk-v0,5,avg_success,700000,0.0
10236,WarpSAC-L,h1-walk-v0,5,avg_success,750000,0.0
10237,WarpSAC-L,h1-walk-v0,5,avg_success,800000,0.0
10238,WarpSAC-L,h1-walk-v0,5,avg_success,850000,0.0
10239,WarpSAC-L,h1-walk-v0,5,avg_success,900000,0.0
10240,WarpSAC-L,h1-walk-v0,5,avg_success,950000,0.0
10241,WarpSAC-L,h1-walk-v0,5,avg_success,1000000,0.0
10242,WarpSAC-L,humanoid-run,1,avg_return,0,0.8726
10243,WarpSAC-L,humanoid-run,1,avg_return,50000,6.6028
10244,WarpSAC-L,humanoid-run,1,avg_return,100000,106.4048
10245,WarpSAC-L,humanoid-run,1,avg_return,150000,132.6048
10246,WarpSAC-L,humanoid-run,1,avg_return,200000,155.7907
10247,WarpSAC-L,humanoid-run,1,avg_return,250000,163.3638
10248,WarpSAC-L,humanoid-run,1,avg_return,300000,172.2222
10249,WarpSAC-L,humanoid-run,1,avg_return,350000,184.0394
10250,WarpSAC-L,humanoid-run,1,avg_return,400000,197.708
10251,WarpSAC-L,humanoid-run,1,avg_return,450000,201.1671
10252,WarpSAC-L,humanoid-run,1,avg_return,500000,243.7009
10253,WarpSAC-L,humanoid-run,1,avg_return,550000,275.4676
10254,WarpSAC-L,humanoid-run,1,avg_return,600000,356.2738
10255,WarpSAC-L,humanoid-run,1,avg_return,650000,393.7827
10256,WarpSAC-L,humanoid-run,1,avg_return,700000,402.2394
10257,WarpSAC-L,humanoid-run,1,avg_return,750000,443.2828
10258,WarpSAC-L,humanoid-run,1,avg_return,800000,461.6022
10259,WarpSAC-L,humanoid-run,1,avg_return,850000,481.3832
10260,WarpSAC-L,humanoid-run,1,avg_return,900000,497.2305
10261,WarpSAC-L,humanoid-run,1,avg_return,950000,508.4009
10262,WarpSAC-L,humanoid-run,1,avg_return,1000000,517.7092
10263,WarpSAC-L,humanoid-run,1,avg_success,0,0.0
10264,WarpSAC-L,humanoid-run,1,avg_success,50000,0.0
10265,WarpSAC-L,humanoid-run,1,avg_success,100000,0.0
10266,WarpSAC-L,humanoid-run,1,avg_success,150000,0.0
10267,WarpSAC-L,humanoid-run,1,avg_success,200000,0.0
10268,WarpSAC-L,humanoid-run,1,avg_success,250000,0.0
10269,WarpSAC-L,humanoid-run,1,avg_success,300000,0.0
10270,WarpSAC-L,humanoid-run,1,avg_success,350000,0.0
10271,WarpSAC-L,humanoid-run,1,avg_success,400000,0.0
10272,WarpSAC-L,humanoid-run,1,avg_success,450000,0.0
10273,WarpSAC-L,humanoid-run,1,avg_success,500000,0.0
10274,WarpSAC-L,humanoid-run,1,avg_success,550000,0.0
10275,WarpSAC-L,humanoid-run,1,avg_success,600000,0.0
10276,WarpSAC-L,humanoid-run,1,avg_success,650000,0.0
10277,WarpSAC-L,humanoid-run,1,avg_success,700000,0.0
10278,WarpSAC-L,humanoid-run,1,avg_success,750000,0.0
10279,WarpSAC-L,humanoid-run,1,avg_success,800000,0.0
10280,WarpSAC-L,humanoid-run,1,avg_success,850000,0.0
10281,WarpSAC-L,humanoid-run,1,avg_success,900000,0.0
10282,WarpSAC-L,humanoid-run,1,avg_success,950000,0.0
10283,WarpSAC-L,humanoid-run,1,avg_success,1000000,0.0
10284,WarpSAC-L,humanoid-run,2,avg_return,0,0.9005
10285,WarpSAC-L,humanoid-run,2,avg_return,50000,1.0964
10286,WarpSAC-L,humanoid-run,2,avg_return,100000,55.1051
10287,WarpSAC-L,humanoid-run,2,avg_return,150000,101.1752
10288,WarpSAC-L,humanoid-run,2,avg_return,200000,114.3888
10289,WarpSAC-L,humanoid-run,2,avg_return,250000,137.4396
10290,WarpSAC-L,humanoid-run,2,avg_return,300000,154.049
10291,WarpSAC-L,humanoid-run,2,avg_return,350000,193.1871
10292,WarpSAC-L,humanoid-run,2,avg_return,400000,243.8186
10293,WarpSAC-L,humanoid-run,2,avg_return,450000,328.3554
10294,WarpSAC-L,humanoid-run,2,avg_return,500000,338.0008
10295,WarpSAC-L,humanoid-run,2,avg_return,550000,403.9603
10296,WarpSAC-L,humanoid-run,2,avg_return,600000,431.401
10297,WarpSAC-L,humanoid-run,2,avg_return,650000,453.5581
10298,WarpSAC-L,humanoid-run,2,avg_return,700000,456.9719
10299,WarpSAC-L,humanoid-run,2,avg_return,750000,479.6631
10300,WarpSAC-L,humanoid-run,2,avg_return,800000,492.1776
10301,WarpSAC-L,humanoid-run,2,avg_return,850000,517.011
10302,WarpSAC-L,humanoid-run,2,avg_return,900000,515.401
10303,WarpSAC-L,humanoid-run,2,avg_return,950000,537.1684
10304,WarpSAC-L,humanoid-run,2,avg_return,1000000,543.568
10305,WarpSAC-L,humanoid-run,2,avg_success,0,0.0
10306,WarpSAC-L,humanoid-run,2,avg_success,50000,0.0
10307,WarpSAC-L,humanoid-run,2,avg_success,100000,0.0
10308,WarpSAC-L,humanoid-run,2,avg_success,150000,0.0
10309,WarpSAC-L,humanoid-run,2,avg_success,200000,0.0
10310,WarpSAC-L,humanoid-run,2,avg_success,250000,0.0
10311,WarpSAC-L,humanoid-run,2,avg_success,300000,0.0
10312,WarpSAC-L,humanoid-run,2,avg_success,350000,0.0
10313,WarpSAC-L,humanoid-run,2,avg_success,400000,0.0
10314,WarpSAC-L,humanoid-run,2,avg_success,450000,0.0
10315,WarpSAC-L,humanoid-run,2,avg_success,500000,0.0
10316,WarpSAC-L,humanoid-run,2,avg_success,550000,0.0
10317,WarpSAC-L,humanoid-run,2,avg_success,600000,0.0
10318,WarpSAC-L,humanoid-run,2,avg_success,650000,0.0
10319,WarpSAC-L,humanoid-run,2,avg_success,700000,0.0
10320,WarpSAC-L,humanoid-run,2,avg_success,750000,0.0
10321,WarpSAC-L,humanoid-run,2,avg_success,800000,0.0
10322,WarpSAC-L,humanoid-run,2,avg_success,850000,0.0
10323,WarpSAC-L,humanoid-run,2,avg_success,900000,0.0
10324,WarpSAC-L,humanoid-run,2,avg_success,950000,0.0
10325,WarpSAC-L,humanoid-run,2,avg_success,1000000,0.0
10326,WarpSAC-L,humanoid-run,3,avg_return,0,0.9064
10327,WarpSAC-L,humanoid-run,3,avg_return,50000,1.2617
10328,WarpSAC-L,humanoid-run,3,avg_return,100000,1.2071
10329,WarpSAC-L,humanoid-run,3,avg_return,150000,70.3995
10330,WarpSAC-L,humanoid-run,3,avg_return,200000,108.9965
10331,WarpSAC-L,humanoid-run,3,avg_return,250000,150.6136
10332,WarpSAC-L,humanoid-run,3,avg_return,300000,229.9019
10333,WarpSAC-L,humanoid-run,3,avg_return,350000,349.5431
10334,WarpSAC-L,humanoid-run,3,avg_return,400000,409.11
10335,WarpSAC-L,humanoid-run,3,avg_return,450000,483.6242
10336,WarpSAC-L,humanoid-run,3,avg_return,500000,517.5432
10337,WarpSAC-L,humanoid-run,3,avg_return,550000,530.4418
10338,WarpSAC-L,humanoid-run,3,avg_return,600000,453.4335
10339,WarpSAC-L,humanoid-run,3,avg_return,650000,512.2743
10340,WarpSAC-L,humanoid-run,3,avg_return,700000,498.2657
10341,WarpSAC-L,humanoid-run,3,avg_return,750000,583.6548
10342,WarpSAC-L,humanoid-run,3,avg_return,800000,595.5493
10343,WarpSAC-L,humanoid-run,3,avg_return,850000,599.9061
10344,WarpSAC-L,humanoid-run,3,avg_return,900000,624.8954
10345,WarpSAC-L,humanoid-run,3,avg_return,950000,600.2601
10346,WarpSAC-L,humanoid-run,3,avg_return,1000000,578.8343
10347,WarpSAC-L,humanoid-run,3,avg_success,0,0.0
10348,WarpSAC-L,humanoid-run,3,avg_success,50000,0.0
10349,WarpSAC-L,humanoid-run,3,avg_success,100000,0.0
10350,WarpSAC-L,humanoid-run,3,avg_success,150000,0.0
10351,WarpSAC-L,humanoid-run,3,avg_success,200000,0.0
10352,WarpSAC-L,humanoid-run,3,avg_success,250000,0.0
10353,WarpSAC-L,humanoid-run,3,avg_success,300000,0.0
10354,WarpSAC-L,humanoid-run,3,avg_success,350000,0.0
10355,WarpSAC-L,humanoid-run,3,avg_success,400000,0.0
10356,WarpSAC-L,humanoid-run,3,avg_success,450000,0.0
10357,WarpSAC-L,humanoid-run,3,avg_success,500000,0.0
10358,WarpSAC-L,humanoid-run,3,avg_success,550000,0.0
10359,WarpSAC-L,humanoid-run,3,avg_success,600000,0.0
10360,WarpSAC-L,humanoid-run,3,avg_success,650000,0.0
10361,WarpSAC-L,humanoid-run,3,avg_success,700000,0.0
10362,WarpSAC-L,humanoid-run,3,avg_success,750000,0.0
10363,WarpSAC-L,humanoid-run,3,avg_success,800000,0.0
10364,WarpSAC-L,humanoid-run,3,avg_success,850000,0.0
10365,WarpSAC-L,humanoid-run,3,avg_success,900000,0.0
10366,WarpSAC-L,humanoid-run,3,avg_success,950000,0.0
10367,WarpSAC-L,humanoid-run,3,avg_success,1000000,0.0
10368,WarpSAC-L,humanoid-run,4,avg_return,0,0.85
10369,WarpSAC-L,humanoid-run,4,avg_return,50000,1.1716
10370,WarpSAC-L,humanoid-run,4,avg_return,100000,50.066
10371,WarpSAC-L,humanoid-run,4,avg_return,150000,104.2563
10372,WarpSAC-L,humanoid-run,4,avg_return,200000,116.415
10373,WarpSAC-L,humanoid-run,4,avg_return,250000,139.3635
10374,WarpSAC-L,humanoid-run,4,avg_return,300000,146.7506
10375,WarpSAC-L,humanoid-run,4,avg_return,350000,159.9059
10376,WarpSAC-L,humanoid-run,4,avg_return,400000,170.5894
10377,WarpSAC-L,humanoid-run,4,avg_return,450000,197.1218
10378,WarpSAC-L,humanoid-run,4,avg_return,500000,279.0864
10379,WarpSAC-L,humanoid-run,4,avg_return,550000,331.6424
10380,WarpSAC-L,humanoid-run,4,avg_return,600000,278.859
10381,WarpSAC-L,humanoid-run,4,avg_return,650000,420.5338
10382,WarpSAC-L,humanoid-run,4,avg_return,700000,460.9793
10383,WarpSAC-L,humanoid-run,4,avg_return,750000,481.5137
10384,WarpSAC-L,humanoid-run,4,avg_return,800000,493.6185
10385,WarpSAC-L,humanoid-run,4,avg_return,850000,509.3859
10386,WarpSAC-L,humanoid-run,4,avg_return,900000,545.3804
10387,WarpSAC-L,humanoid-run,4,avg_return,950000,542.4445
10388,WarpSAC-L,humanoid-run,4,avg_return,1000000,558.6645
10389,WarpSAC-L,humanoid-run,4,avg_success,0,0.0
10390,WarpSAC-L,humanoid-run,4,avg_success,50000,0.0
10391,WarpSAC-L,humanoid-run,4,avg_success,100000,0.0
10392,WarpSAC-L,humanoid-run,4,avg_success,150000,0.0
10393,WarpSAC-L,humanoid-run,4,avg_success,200000,0.0
10394,WarpSAC-L,humanoid-run,4,avg_success,250000,0.0
10395,WarpSAC-L,humanoid-run,4,avg_success,300000,0.0
10396,WarpSAC-L,humanoid-run,4,avg_success,350000,0.0
10397,WarpSAC-L,humanoid-run,4,avg_success,400000,0.0
10398,WarpSAC-L,humanoid-run,4,avg_success,450000,0.0
10399,WarpSAC-L,humanoid-run,4,avg_success,500000,0.0
10400,WarpSAC-L,humanoid-run,4,avg_success,550000,0.0
10401,WarpSAC-L,humanoid-run,4,avg_success,600000,0.0
10402,WarpSAC-L,humanoid-run,4,avg_success,650000,0.0
10403,WarpSAC-L,humanoid-run,4,avg_success,700000,0.0
10404,WarpSAC-L,humanoid-run,4,avg_success,750000,0.0
10405,WarpSAC-L,humanoid-run,4,avg_success,800000,0.0
10406,WarpSAC-L,humanoid-run,4,avg_success,850000,0.0
10407,WarpSAC-L,humanoid-run,4,avg_success,900000,0.0
10408,WarpSAC-L,humanoid-run,4,avg_success,950000,0.0
10409,WarpSAC-L,humanoid-run,4,avg_success,1000000,0.0
10410,WarpSAC-L,humanoid-run,5,avg_return,0,0.9583
10411,WarpSAC-L,humanoid-run,5,avg_return,50000,1.16
10412,WarpSAC-L,humanoid-run,5,avg_return,100000,1.9888
10413,WarpSAC-L,humanoid-run,5,avg_return,150000,80.309
10414,WarpSAC-L,humanoid-run,5,avg_return,200000,111.2493
10415,WarpSAC-L,humanoid-run,5,avg_return,250000,140.2119
10416,WarpSAC-L,humanoid-run,5,avg_return,300000,167.6504
10417,WarpSAC-L,humanoid-run,5,avg_return,350000,223.5323
10418,WarpSAC-L,humanoid-run,5,avg_return,400000,294.9616
10419,WarpSAC-L,humanoid-run,5,avg_return,450000,343.6647
10420,WarpSAC-L,humanoid-run,5,avg_return,500000,306.9504
10421,WarpSAC-L,humanoid-run,5,avg_return,550000,386.5973
10422,WarpSAC-L,humanoid-run,5,avg_return,600000,433.043
10423,WarpSAC-L,humanoid-run,5,avg_return,650000,432.9309
10424,WarpSAC-L,humanoid-run,5,avg_return,700000,464.7101
10425,WarpSAC-L,humanoid-run,5,avg_return,750000,468.3208
10426,WarpSAC-L,humanoid-run,5,avg_return,800000,495.4716
10427,WarpSAC-L,humanoid-run,5,avg_return,850000,505.6464
10428,WarpSAC-L,humanoid-run,5,avg_return,900000,510.6629
10429,WarpSAC-L,humanoid-run,5,avg_return,950000,509.1898
10430,WarpSAC-L,humanoid-run,5,avg_return,1000000,515.3297
10431,WarpSAC-L,humanoid-run,5,avg_success,0,0.0
10432,WarpSAC-L,humanoid-run,5,avg_success,50000,0.0
10433,WarpSAC-L,humanoid-run,5,avg_success,100000,0.0
10434,WarpSAC-L,humanoid-run,5,avg_success,150000,0.0
10435,WarpSAC-L,humanoid-run,5,avg_success,200000,0.0
10436,WarpSAC-L,humanoid-run,5,avg_success,250000,0.0
10437,WarpSAC-L,humanoid-run,5,avg_success,300000,0.0
10438,WarpSAC-L,humanoid-run,5,avg_success,350000,0.0
10439,WarpSAC-L,humanoid-run,5,avg_success,400000,0.0
10440,WarpSAC-L,humanoid-run,5,avg_success,450000,0.0
10441,WarpSAC-L,humanoid-run,5,avg_success,500000,0.0
10442,WarpSAC-L,humanoid-run,5,avg_success,550000,0.0
10443,WarpSAC-L,humanoid-run,5,avg_success,600000,0.0
10444,WarpSAC-L,humanoid-run,5,avg_success,650000,0.0
10445,WarpSAC-L,humanoid-run,5,avg_success,700000,0.0
10446,WarpSAC-L,humanoid-run,5,avg_success,750000,0.0
10447,WarpSAC-L,humanoid-run,5,avg_success,800000,0.0
10448,WarpSAC-L,humanoid-run,5,avg_success,850000,0.0
10449,WarpSAC-L,humanoid-run,5,avg_success,900000,0.0
10450,WarpSAC-L,humanoid-run,5,avg_success,950000,0.0
10451,WarpSAC-L,humanoid-run,5,avg_success,1000000,0.0
10452,WarpSAC-L,humanoid-stand,1,avg_return,0,4.9621
10453,WarpSAC-L,humanoid-stand,1,avg_return,50000,6.4664
10454,WarpSAC-L,humanoid-stand,1,avg_return,100000,5.7633
10455,WarpSAC-L,humanoid-stand,1,avg_return,150000,5.8215
10456,WarpSAC-L,humanoid-stand,1,avg_return,200000,6.7023
10457,WarpSAC-L,humanoid-stand,1,avg_return,250000,5.7668
10458,WarpSAC-L,humanoid-stand,1,avg_return,300000,214.7503
10459,WarpSAC-L,humanoid-stand,1,avg_return,350000,406.1007
10460,WarpSAC-L,humanoid-stand,1,avg_return,400000,527.3002
10461,WarpSAC-L,humanoid-stand,1,avg_return,450000,673.6075
10462,WarpSAC-L,humanoid-stand,1,avg_return,500000,885.2527
10463,WarpSAC-L,humanoid-stand,1,avg_return,550000,921.9436
10464,WarpSAC-L,humanoid-stand,1,avg_return,600000,871.2677
10465,WarpSAC-L,humanoid-stand,1,avg_return,650000,929.6838
10466,WarpSAC-L,humanoid-stand,1,avg_return,700000,946.9824
10467,WarpSAC-L,humanoid-stand,1,avg_return,750000,944.9761
10468,WarpSAC-L,humanoid-stand,1,avg_return,800000,951.9702
10469,WarpSAC-L,humanoid-stand,1,avg_return,850000,949.3004
10470,WarpSAC-L,humanoid-stand,1,avg_return,900000,928.5481
10471,WarpSAC-L,humanoid-stand,1,avg_return,950000,947.5259
10472,WarpSAC-L,humanoid-stand,1,avg_return,1000000,951.6397
10473,WarpSAC-L,humanoid-stand,1,avg_success,0,0.0
10474,WarpSAC-L,humanoid-stand,1,avg_success,50000,0.0
10475,WarpSAC-L,humanoid-stand,1,avg_success,100000,0.0
10476,WarpSAC-L,humanoid-stand,1,avg_success,150000,0.0
10477,WarpSAC-L,humanoid-stand,1,avg_success,200000,0.0
10478,WarpSAC-L,humanoid-stand,1,avg_success,250000,0.0
10479,WarpSAC-L,humanoid-stand,1,avg_success,300000,0.0
10480,WarpSAC-L,humanoid-stand,1,avg_success,350000,0.0
10481,WarpSAC-L,humanoid-stand,1,avg_success,400000,0.0
10482,WarpSAC-L,humanoid-stand,1,avg_success,450000,0.0
10483,WarpSAC-L,humanoid-stand,1,avg_success,500000,0.0
10484,WarpSAC-L,humanoid-stand,1,avg_success,550000,0.0
10485,WarpSAC-L,humanoid-stand,1,avg_success,600000,0.0
10486,WarpSAC-L,humanoid-stand,1,avg_success,650000,0.0
10487,WarpSAC-L,humanoid-stand,1,avg_success,700000,0.0
10488,WarpSAC-L,humanoid-stand,1,avg_success,750000,0.0
10489,WarpSAC-L,humanoid-stand,1,avg_success,800000,0.0
10490,WarpSAC-L,humanoid-stand,1,avg_success,850000,0.0
10491,WarpSAC-L,humanoid-stand,1,avg_success,900000,0.0
10492,WarpSAC-L,humanoid-stand,1,avg_success,950000,0.0
10493,WarpSAC-L,humanoid-stand,1,avg_success,1000000,0.0
10494,WarpSAC-L,humanoid-stand,2,avg_return,0,5.2093
10495,WarpSAC-L,humanoid-stand,2,avg_return,50000,5.7035
10496,WarpSAC-L,humanoid-stand,2,avg_return,100000,6.2379
10497,WarpSAC-L,humanoid-stand,2,avg_return,150000,6.3598
10498,WarpSAC-L,humanoid-stand,2,avg_return,200000,7.439
10499,WarpSAC-L,humanoid-stand,2,avg_return,250000,379.7667
10500,WarpSAC-L,humanoid-stand,2,avg_return,300000,528.308
10501,WarpSAC-L,humanoid-stand,2,avg_return,350000,768.7163
10502,WarpSAC-L,humanoid-stand,2,avg_return,400000,866.1238
10503,WarpSAC-L,humanoid-stand,2,avg_return,450000,918.0967
10504,WarpSAC-L,humanoid-stand,2,avg_return,500000,934.3765
10505,WarpSAC-L,humanoid-stand,2,avg_return,550000,909.8093
10506,WarpSAC-L,humanoid-stand,2,avg_return,600000,917.3825
10507,WarpSAC-L,humanoid-stand,2,avg_return,650000,945.5151
10508,WarpSAC-L,humanoid-stand,2,avg_return,700000,952.9088
10509,WarpSAC-L,humanoid-stand,2,avg_return,750000,951.3096
10510,WarpSAC-L,humanoid-stand,2,avg_return,800000,945.7793
10511,WarpSAC-L,humanoid-stand,2,avg_return,850000,951.9169
10512,WarpSAC-L,humanoid-stand,2,avg_return,900000,957.7741
10513,WarpSAC-L,humanoid-stand,2,avg_return,950000,955.0875
10514,WarpSAC-L,humanoid-stand,2,avg_return,1000000,963.7365
10515,WarpSAC-L,humanoid-stand,2,avg_success,0,0.0
10516,WarpSAC-L,humanoid-stand,2,avg_success,50000,0.0
10517,WarpSAC-L,humanoid-stand,2,avg_success,100000,0.0
10518,WarpSAC-L,humanoid-stand,2,avg_success,150000,0.0
10519,WarpSAC-L,humanoid-stand,2,avg_success,200000,0.0
10520,WarpSAC-L,humanoid-stand,2,avg_success,250000,0.0
10521,WarpSAC-L,humanoid-stand,2,avg_success,300000,0.0
10522,WarpSAC-L,humanoid-stand,2,avg_success,350000,0.0
10523,WarpSAC-L,humanoid-stand,2,avg_success,400000,0.0
10524,WarpSAC-L,humanoid-stand,2,avg_success,450000,0.0
10525,WarpSAC-L,humanoid-stand,2,avg_success,500000,0.0
10526,WarpSAC-L,humanoid-stand,2,avg_success,550000,0.0
10527,WarpSAC-L,humanoid-stand,2,avg_success,600000,0.0
10528,WarpSAC-L,humanoid-stand,2,avg_success,650000,0.0
10529,WarpSAC-L,humanoid-stand,2,avg_success,700000,0.0
10530,WarpSAC-L,humanoid-stand,2,avg_success,750000,0.0
10531,WarpSAC-L,humanoid-stand,2,avg_success,800000,0.0
10532,WarpSAC-L,humanoid-stand,2,avg_success,850000,0.0
10533,WarpSAC-L,humanoid-stand,2,avg_success,900000,0.0
10534,WarpSAC-L,humanoid-stand,2,avg_success,950000,0.0
10535,WarpSAC-L,humanoid-stand,2,avg_success,1000000,0.0
10536,WarpSAC-L,humanoid-stand,3,avg_return,0,5.259
10537,WarpSAC-L,humanoid-stand,3,avg_return,50000,5.9561
10538,WarpSAC-L,humanoid-stand,3,avg_return,100000,217.4351
10539,WarpSAC-L,humanoid-stand,3,avg_return,150000,519.6292
10540,WarpSAC-L,humanoid-stand,3,avg_return,200000,874.2166
10541,WarpSAC-L,humanoid-stand,3,avg_return,250000,875.4342
10542,WarpSAC-L,humanoid-stand,3,avg_return,300000,885.0797
10543,WarpSAC-L,humanoid-stand,3,avg_return,350000,936.8511
10544,WarpSAC-L,humanoid-stand,3,avg_return,400000,948.1505
10545,WarpSAC-L,humanoid-stand,3,avg_return,450000,935.6164
10546,WarpSAC-L,humanoid-stand,3,avg_return,500000,951.3998
10547,WarpSAC-L,humanoid-stand,3,avg_return,550000,951.0542
10548,WarpSAC-L,humanoid-stand,3,avg_return,600000,952.2939
10549,WarpSAC-L,humanoid-stand,3,avg_return,650000,954.3974
10550,WarpSAC-L,humanoid-stand,3,avg_return,700000,951.0686
10551,WarpSAC-L,humanoid-stand,3,avg_return,750000,955.6122
10552,WarpSAC-L,humanoid-stand,3,avg_return,800000,960.8428
10553,WarpSAC-L,humanoid-stand,3,avg_return,850000,961.4483
10554,WarpSAC-L,humanoid-stand,3,avg_return,900000,963.6129
10555,WarpSAC-L,humanoid-stand,3,avg_return,950000,936.1776
10556,WarpSAC-L,humanoid-stand,3,avg_return,1000000,959.5348
10557,WarpSAC-L,humanoid-stand,3,avg_success,0,0.0
10558,WarpSAC-L,humanoid-stand,3,avg_success,50000,0.0
10559,WarpSAC-L,humanoid-stand,3,avg_success,100000,0.0
10560,WarpSAC-L,humanoid-stand,3,avg_success,150000,0.0
10561,WarpSAC-L,humanoid-stand,3,avg_success,200000,0.0
10562,WarpSAC-L,humanoid-stand,3,avg_success,250000,0.0
10563,WarpSAC-L,humanoid-stand,3,avg_success,300000,0.0
10564,WarpSAC-L,humanoid-stand,3,avg_success,350000,0.0
10565,WarpSAC-L,humanoid-stand,3,avg_success,400000,0.0
10566,WarpSAC-L,humanoid-stand,3,avg_success,450000,0.0
10567,WarpSAC-L,humanoid-stand,3,avg_success,500000,0.0
10568,WarpSAC-L,humanoid-stand,3,avg_success,550000,0.0
10569,WarpSAC-L,humanoid-stand,3,avg_success,600000,0.0
10570,WarpSAC-L,humanoid-stand,3,avg_success,650000,0.0
10571,WarpSAC-L,humanoid-stand,3,avg_success,700000,0.0
10572,WarpSAC-L,humanoid-stand,3,avg_success,750000,0.0
10573,WarpSAC-L,humanoid-stand,3,avg_success,800000,0.0
10574,WarpSAC-L,humanoid-stand,3,avg_success,850000,0.0
10575,WarpSAC-L,humanoid-stand,3,avg_success,900000,0.0
10576,WarpSAC-L,humanoid-stand,3,avg_success,950000,0.0
10577,WarpSAC-L,humanoid-stand,3,avg_success,1000000,0.0
10578,WarpSAC-L,humanoid-stand,4,avg_return,0,4.8805
10579,WarpSAC-L,humanoid-stand,4,avg_return,50000,6.0704
10580,WarpSAC-L,humanoid-stand,4,avg_return,100000,5.8216
10581,WarpSAC-L,humanoid-stand,4,avg_return,150000,6.6095
10582,WarpSAC-L,humanoid-stand,4,avg_return,200000,6.1942
10583,WarpSAC-L,humanoid-stand,4,avg_return,250000,7.0583
10584,WarpSAC-L,humanoid-stand,4,avg_return,300000,253.759
10585,WarpSAC-L,humanoid-stand,4,avg_return,350000,422.361
10586,WarpSAC-L,humanoid-stand,4,avg_return,400000,607.9308
10587,WarpSAC-L,humanoid-stand,4,avg_return,450000,860.2053
10588,WarpSAC-L,humanoid-stand,4,avg_return,500000,929.658
10589,WarpSAC-L,humanoid-stand,4,avg_return,550000,938.3738
10590,WarpSAC-L,humanoid-stand,4,avg_return,600000,947.4429
10591,WarpSAC-L,humanoid-stand,4,avg_return,650000,948.2598
10592,WarpSAC-L,humanoid-stand,4,avg_return,700000,948.2732
10593,WarpSAC-L,humanoid-stand,4,avg_return,750000,921.4256
10594,WarpSAC-L,humanoid-stand,4,avg_return,800000,954.8785
10595,WarpSAC-L,humanoid-stand,4,avg_return,850000,958.4082
10596,WarpSAC-L,humanoid-stand,4,avg_return,900000,956.3447
10597,WarpSAC-L,humanoid-stand,4,avg_return,950000,961.3282
10598,WarpSAC-L,humanoid-stand,4,avg_return,1000000,963.0549
10599,WarpSAC-L,humanoid-stand,4,avg_success,0,0.0
10600,WarpSAC-L,humanoid-stand,4,avg_success,50000,0.0
10601,WarpSAC-L,humanoid-stand,4,avg_success,100000,0.0
10602,WarpSAC-L,humanoid-stand,4,avg_success,150000,0.0
10603,WarpSAC-L,humanoid-stand,4,avg_success,200000,0.0
10604,WarpSAC-L,humanoid-stand,4,avg_success,250000,0.0
10605,WarpSAC-L,humanoid-stand,4,avg_success,300000,0.0
10606,WarpSAC-L,humanoid-stand,4,avg_success,350000,0.0
10607,WarpSAC-L,humanoid-stand,4,avg_success,400000,0.0
10608,WarpSAC-L,humanoid-stand,4,avg_success,450000,0.0
10609,WarpSAC-L,humanoid-stand,4,avg_success,500000,0.0
10610,WarpSAC-L,humanoid-stand,4,avg_success,550000,0.0
10611,WarpSAC-L,humanoid-stand,4,avg_success,600000,0.0
10612,WarpSAC-L,humanoid-stand,4,avg_success,650000,0.0
10613,WarpSAC-L,humanoid-stand,4,avg_success,700000,0.0
10614,WarpSAC-L,humanoid-stand,4,avg_success,750000,0.0
10615,WarpSAC-L,humanoid-stand,4,avg_success,800000,0.0
10616,WarpSAC-L,humanoid-stand,4,avg_success,850000,0.0
10617,WarpSAC-L,humanoid-stand,4,avg_success,900000,0.0
10618,WarpSAC-L,humanoid-stand,4,avg_success,950000,0.0
10619,WarpSAC-L,humanoid-stand,4,avg_success,1000000,0.0
10620,WarpSAC-L,humanoid-stand,5,avg_return,0,5.5483
10621,WarpSAC-L,humanoid-stand,5,avg_return,50000,6.3878
10622,WarpSAC-L,humanoid-stand,5,avg_return,100000,6.7831
10623,WarpSAC-L,humanoid-stand,5,avg_return,150000,6.9772
10624,WarpSAC-L,humanoid-stand,5,avg_return,200000,7.8257
10625,WarpSAC-L,humanoid-stand,5,avg_return,250000,6.8365
10626,WarpSAC-L,humanoid-stand,5,avg_return,300000,8.1723
10627,WarpSAC-L,humanoid-stand,5,avg_return,350000,155.2157
10628,WarpSAC-L,humanoid-stand,5,avg_return,400000,400.0642
10629,WarpSAC-L,humanoid-stand,5,avg_return,450000,534.7128
10630,WarpSAC-L,humanoid-stand,5,avg_return,500000,626.9611
10631,WarpSAC-L,humanoid-stand,5,avg_return,550000,748.4621
10632,WarpSAC-L,humanoid-stand,5,avg_return,600000,867.6431
10633,WarpSAC-L,humanoid-stand,5,avg_return,650000,932.8754
10634,WarpSAC-L,humanoid-stand,5,avg_return,700000,939.9804
10635,WarpSAC-L,humanoid-stand,5,avg_return,750000,899.4452
10636,WarpSAC-L,humanoid-stand,5,avg_return,800000,934.4124
10637,WarpSAC-L,humanoid-stand,5,avg_return,850000,935.8862
10638,WarpSAC-L,humanoid-stand,5,avg_return,900000,942.8043
10639,WarpSAC-L,humanoid-stand,5,avg_return,950000,935.5145
10640,WarpSAC-L,humanoid-stand,5,avg_return,1000000,943.0633
10641,WarpSAC-L,humanoid-stand,5,avg_success,0,0.0
10642,WarpSAC-L,humanoid-stand,5,avg_success,50000,0.0
10643,WarpSAC-L,humanoid-stand,5,avg_success,100000,0.0
10644,WarpSAC-L,humanoid-stand,5,avg_success,150000,0.0
10645,WarpSAC-L,humanoid-stand,5,avg_success,200000,0.0
10646,WarpSAC-L,humanoid-stand,5,avg_success,250000,0.0
10647,WarpSAC-L,humanoid-stand,5,avg_success,300000,0.0
10648,WarpSAC-L,humanoid-stand,5,avg_success,350000,0.0
10649,WarpSAC-L,humanoid-stand,5,avg_success,400000,0.0
10650,WarpSAC-L,humanoid-stand,5,avg_success,450000,0.0
10651,WarpSAC-L,humanoid-stand,5,avg_success,500000,0.0
10652,WarpSAC-L,humanoid-stand,5,avg_success,550000,0.0
10653,WarpSAC-L,humanoid-stand,5,avg_success,600000,0.0
10654,WarpSAC-L,humanoid-stand,5,avg_success,650000,0.0
10655,WarpSAC-L,humanoid-stand,5,avg_success,700000,0.0
10656,WarpSAC-L,humanoid-stand,5,avg_success,750000,0.0
10657,WarpSAC-L,humanoid-stand,5,avg_success,800000,0.0
10658,WarpSAC-L,humanoid-stand,5,avg_success,850000,0.0
10659,WarpSAC-L,humanoid-stand,5,avg_success,900000,0.0
10660,WarpSAC-L,humanoid-stand,5,avg_success,950000,0.0
10661,WarpSAC-L,humanoid-stand,5,avg_success,1000000,0.0
10662,WarpSAC-L,humanoid-walk,1,avg_return,0,1.203
10663,WarpSAC-L,humanoid-walk,1,avg_return,50000,1.5076
10664,WarpSAC-L,humanoid-walk,1,avg_return,100000,175.7837
10665,WarpSAC-L,humanoid-walk,1,avg_return,150000,372.8834
10666,WarpSAC-L,humanoid-walk,1,avg_return,200000,497.1535
10667,WarpSAC-L,humanoid-walk,1,avg_return,250000,598.8444
10668,WarpSAC-L,humanoid-walk,1,avg_return,300000,806.6856
10669,WarpSAC-L,humanoid-walk,1,avg_return,350000,881.756
10670,WarpSAC-L,humanoid-walk,1,avg_return,400000,881.5018
10671,WarpSAC-L,humanoid-walk,1,avg_return,450000,879.4091
10672,WarpSAC-L,humanoid-walk,1,avg_return,500000,908.3211
10673,WarpSAC-L,humanoid-walk,1,avg_return,550000,894.1039
10674,WarpSAC-L,humanoid-walk,1,avg_return,600000,925.678
10675,WarpSAC-L,humanoid-walk,1,avg_return,650000,920.0184
10676,WarpSAC-L,humanoid-walk,1,avg_return,700000,935.1646
10677,WarpSAC-L,humanoid-walk,1,avg_return,750000,938.6756
10678,WarpSAC-L,humanoid-walk,1,avg_return,800000,937.4968
10679,WarpSAC-L,humanoid-walk,1,avg_return,850000,938.497
10680,WarpSAC-L,humanoid-walk,1,avg_return,900000,941.3306
10681,WarpSAC-L,humanoid-walk,1,avg_return,950000,935.1408
10682,WarpSAC-L,humanoid-walk,1,avg_return,1000000,944.9447
10683,WarpSAC-L,humanoid-walk,1,avg_success,0,0.0
10684,WarpSAC-L,humanoid-walk,1,avg_success,50000,0.0
10685,WarpSAC-L,humanoid-walk,1,avg_success,100000,0.0
10686,WarpSAC-L,humanoid-walk,1,avg_success,150000,0.0
10687,WarpSAC-L,humanoid-walk,1,avg_success,200000,0.0
10688,WarpSAC-L,humanoid-walk,1,avg_success,250000,0.0
10689,WarpSAC-L,humanoid-walk,1,avg_success,300000,0.0
10690,WarpSAC-L,humanoid-walk,1,avg_success,350000,0.0
10691,WarpSAC-L,humanoid-walk,1,avg_success,400000,0.0
10692,WarpSAC-L,humanoid-walk,1,avg_success,450000,0.0
10693,WarpSAC-L,humanoid-walk,1,avg_success,500000,0.0
10694,WarpSAC-L,humanoid-walk,1,avg_success,550000,0.0
10695,WarpSAC-L,humanoid-walk,1,avg_success,600000,0.0
10696,WarpSAC-L,humanoid-walk,1,avg_success,650000,0.0
10697,WarpSAC-L,humanoid-walk,1,avg_success,700000,0.0
10698,WarpSAC-L,humanoid-walk,1,avg_success,750000,0.0
10699,WarpSAC-L,humanoid-walk,1,avg_success,800000,0.0
10700,WarpSAC-L,humanoid-walk,1,avg_success,850000,0.0
10701,WarpSAC-L,humanoid-walk,1,avg_success,900000,0.0
10702,WarpSAC-L,humanoid-walk,1,avg_success,950000,0.0
10703,WarpSAC-L,humanoid-walk,1,avg_success,1000000,0.0
10704,WarpSAC-L,humanoid-walk,2,avg_return,0,1.1697
10705,WarpSAC-L,humanoid-walk,2,avg_return,50000,1.4429
10706,WarpSAC-L,humanoid-walk,2,avg_return,100000,1.732
10707,WarpSAC-L,humanoid-walk,2,avg_return,150000,251.9894
10708,WarpSAC-L,humanoid-walk,2,avg_return,200000,355.2915
10709,WarpSAC-L,humanoid-walk,2,avg_return,250000,415.938
10710,WarpSAC-L,humanoid-walk,2,avg_return,300000,446.8399
10711,WarpSAC-L,humanoid-walk,2,avg_return,350000,492.1381
10712,WarpSAC-L,humanoid-walk,2,avg_return,400000,526.5333
10713,WarpSAC-L,humanoid-walk,2,avg_return,450000,545.7183
10714,WarpSAC-L,humanoid-walk,2,avg_return,500000,584.1896
10715,WarpSAC-L,humanoid-walk,2,avg_return,550000,604.8654
10716,WarpSAC-L,humanoid-walk,2,avg_return,600000,690.5359
10717,WarpSAC-L,humanoid-walk,2,avg_return,650000,797.7361
10718,WarpSAC-L,humanoid-walk,2,avg_return,700000,838.9522
10719,WarpSAC-L,humanoid-walk,2,avg_return,750000,882.0439
10720,WarpSAC-L,humanoid-walk,2,avg_return,800000,876.9334
10721,WarpSAC-L,humanoid-walk,2,avg_return,850000,921.6502
10722,WarpSAC-L,humanoid-walk,2,avg_return,900000,921.5124
10723,WarpSAC-L,humanoid-walk,2,avg_return,950000,916.939
10724,WarpSAC-L,humanoid-walk,2,avg_return,1000000,920.3974
10725,WarpSAC-L,humanoid-walk,2,avg_success,0,0.0
10726,WarpSAC-L,humanoid-walk,2,avg_success,50000,0.0
10727,WarpSAC-L,humanoid-walk,2,avg_success,100000,0.0
10728,WarpSAC-L,humanoid-walk,2,avg_success,150000,0.0
10729,WarpSAC-L,humanoid-walk,2,avg_success,200000,0.0
10730,WarpSAC-L,humanoid-walk,2,avg_success,250000,0.0
10731,WarpSAC-L,humanoid-walk,2,avg_success,300000,0.0
10732,WarpSAC-L,humanoid-walk,2,avg_success,350000,0.0
10733,WarpSAC-L,humanoid-walk,2,avg_success,400000,0.0
10734,WarpSAC-L,humanoid-walk,2,avg_success,450000,0.0
10735,WarpSAC-L,humanoid-walk,2,avg_success,500000,0.0
10736,WarpSAC-L,humanoid-walk,2,avg_success,550000,0.0
10737,WarpSAC-L,humanoid-walk,2,avg_success,600000,0.0
10738,WarpSAC-L,humanoid-walk,2,avg_success,650000,0.0
10739,WarpSAC-L,humanoid-walk,2,avg_success,700000,0.0
10740,WarpSAC-L,humanoid-walk,2,avg_success,750000,0.0
10741,WarpSAC-L,humanoid-walk,2,avg_success,800000,0.0
10742,WarpSAC-L,humanoid-walk,2,avg_success,850000,0.0
10743,WarpSAC-L,humanoid-walk,2,avg_success,900000,0.0
10744,WarpSAC-L,humanoid-walk,2,avg_success,950000,0.0
10745,WarpSAC-L,humanoid-walk,2,avg_success,1000000,0.0
10746,WarpSAC-L,humanoid-walk,3,avg_return,0,1.1534
10747,WarpSAC-L,humanoid-walk,3,avg_return,50000,1.4638
10748,WarpSAC-L,humanoid-walk,3,avg_return,100000,1.6681
10749,WarpSAC-L,humanoid-walk,3,avg_return,150000,2.5079
10750,WarpSAC-L,humanoid-walk,3,avg_return,200000,314.707
10751,WarpSAC-L,humanoid-walk,3,avg_return,250000,407.9614
10752,WarpSAC-L,humanoid-walk,3,avg_return,300000,498.8053
10753,WarpSAC-L,humanoid-walk,3,avg_return,350000,551.0626
10754,WarpSAC-L,humanoid-walk,3,avg_return,400000,593.3166
10755,WarpSAC-L,humanoid-walk,3,avg_return,450000,809.77
10756,WarpSAC-L,humanoid-walk,3,avg_return,500000,908.5472
10757,WarpSAC-L,humanoid-walk,3,avg_return,550000,913.829
10758,WarpSAC-L,humanoid-walk,3,avg_return,600000,925.0582
10759,WarpSAC-L,humanoid-walk,3,avg_return,650000,919.6121
10760,WarpSAC-L,humanoid-walk,3,avg_return,700000,920.4851
10761,WarpSAC-L,humanoid-walk,3,avg_return,750000,926.6699
10762,WarpSAC-L,humanoid-walk,3,avg_return,800000,928.7875
10763,WarpSAC-L,humanoid-walk,3,avg_return,850000,916.4677
10764,WarpSAC-L,humanoid-walk,3,avg_return,900000,939.3423
10765,WarpSAC-L,humanoid-walk,3,avg_return,950000,940.1648
10766,WarpSAC-L,humanoid-walk,3,avg_return,1000000,934.8775
10767,WarpSAC-L,humanoid-walk,3,avg_success,0,0.0
10768,WarpSAC-L,humanoid-walk,3,avg_success,50000,0.0
10769,WarpSAC-L,humanoid-walk,3,avg_success,100000,0.0
10770,WarpSAC-L,humanoid-walk,3,avg_success,150000,0.0
10771,WarpSAC-L,humanoid-walk,3,avg_success,200000,0.0
10772,WarpSAC-L,humanoid-walk,3,avg_success,250000,0.0
10773,WarpSAC-L,humanoid-walk,3,avg_success,300000,0.0
10774,WarpSAC-L,humanoid-walk,3,avg_success,350000,0.0
10775,WarpSAC-L,humanoid-walk,3,avg_success,400000,0.0
10776,WarpSAC-L,humanoid-walk,3,avg_success,450000,0.0
10777,WarpSAC-L,humanoid-walk,3,avg_success,500000,0.0
10778,WarpSAC-L,humanoid-walk,3,avg_success,550000,0.0
10779,WarpSAC-L,humanoid-walk,3,avg_success,600000,0.0
10780,WarpSAC-L,humanoid-walk,3,avg_success,650000,0.0
10781,WarpSAC-L,humanoid-walk,3,avg_success,700000,0.0
10782,WarpSAC-L,humanoid-walk,3,avg_success,750000,0.0
10783,WarpSAC-L,humanoid-walk,3,avg_success,800000,0.0
10784,WarpSAC-L,humanoid-walk,3,avg_success,850000,0.0
10785,WarpSAC-L,humanoid-walk,3,avg_success,900000,0.0
10786,WarpSAC-L,humanoid-walk,3,avg_success,950000,0.0
10787,WarpSAC-L,humanoid-walk,3,avg_success,1000000,0.0
10788,WarpSAC-L,humanoid-walk,4,avg_return,0,1.1598
10789,WarpSAC-L,humanoid-walk,4,avg_return,50000,1.8125
10790,WarpSAC-L,humanoid-walk,4,avg_return,100000,160.86
10791,WarpSAC-L,humanoid-walk,4,avg_return,150000,372.6552
10792,WarpSAC-L,humanoid-walk,4,avg_return,200000,498.4452
10793,WarpSAC-L,humanoid-walk,4,avg_return,250000,569.2473
10794,WarpSAC-L,humanoid-walk,4,avg_return,300000,596.8213
10795,WarpSAC-L,humanoid-walk,4,avg_return,350000,828.7349
10796,WarpSAC-L,humanoid-walk,4,avg_return,400000,896.4467
10797,WarpSAC-L,humanoid-walk,4,avg_return,450000,921.1106
10798,WarpSAC-L,humanoid-walk,4,avg_return,500000,929.9364
10799,WarpSAC-L,humanoid-walk,4,avg_return,550000,940.3984
10800,WarpSAC-L,humanoid-walk,4,avg_return,600000,940.657
10801,WarpSAC-L,humanoid-walk,4,avg_return,650000,941.6837
10802,WarpSAC-L,humanoid-walk,4,avg_return,700000,945.7598
10803,WarpSAC-L,humanoid-walk,4,avg_return,750000,945.1465
10804,WarpSAC-L,humanoid-walk,4,avg_return,800000,940.3694
10805,WarpSAC-L,humanoid-walk,4,avg_return,850000,948.5592
10806,WarpSAC-L,humanoid-walk,4,avg_return,900000,948.1298
10807,WarpSAC-L,humanoid-walk,4,avg_return,950000,950.648
10808,WarpSAC-L,humanoid-walk,4,avg_return,1000000,950.8278
10809,WarpSAC-L,humanoid-walk,4,avg_success,0,0.0
10810,WarpSAC-L,humanoid-walk,4,avg_success,50000,0.0
10811,WarpSAC-L,humanoid-walk,4,avg_success,100000,0.0
10812,WarpSAC-L,humanoid-walk,4,avg_success,150000,0.0
10813,WarpSAC-L,humanoid-walk,4,avg_success,200000,0.0
10814,WarpSAC-L,humanoid-walk,4,avg_success,250000,0.0
10815,WarpSAC-L,humanoid-walk,4,avg_success,300000,0.0
10816,WarpSAC-L,humanoid-walk,4,avg_success,350000,0.0
10817,WarpSAC-L,humanoid-walk,4,avg_success,400000,0.0
10818,WarpSAC-L,humanoid-walk,4,avg_success,450000,0.0
10819,WarpSAC-L,humanoid-walk,4,avg_success,500000,0.0
10820,WarpSAC-L,humanoid-walk,4,avg_success,550000,0.0
10821,WarpSAC-L,humanoid-walk,4,avg_success,600000,0.0
10822,WarpSAC-L,humanoid-walk,4,avg_success,650000,0.0
10823,WarpSAC-L,humanoid-walk,4,avg_success,700000,0.0
10824,WarpSAC-L,humanoid-walk,4,avg_success,750000,0.0
10825,WarpSAC-L,humanoid-walk,4,avg_success,800000,0.0
10826,WarpSAC-L,humanoid-walk,4,avg_success,850000,0.0
10827,WarpSAC-L,humanoid-walk,4,avg_success,900000,0.0
10828,WarpSAC-L,humanoid-walk,4,avg_success,950000,0.0
10829,WarpSAC-L,humanoid-walk,4,avg_success,1000000,0.0
10830,WarpSAC-L,humanoid-walk,5,avg_return,0,1.2428
10831,WarpSAC-L,humanoid-walk,5,avg_return,50000,1.9032
10832,WarpSAC-L,humanoid-walk,5,avg_return,100000,2.0681
10833,WarpSAC-L,humanoid-walk,5,avg_return,150000,274.9854
10834,WarpSAC-L,humanoid-walk,5,avg_return,200000,383.6146
10835,WarpSAC-L,humanoid-walk,5,avg_return,250000,468.9643
10836,WarpSAC-L,humanoid-walk,5,avg_return,300000,525.7717
10837,WarpSAC-L,humanoid-walk,5,avg_return,350000,612.8762
10838,WarpSAC-L,humanoid-walk,5,avg_return,400000,733.9494
10839,WarpSAC-L,humanoid-walk,5,avg_return,450000,828.8721
10840,WarpSAC-L,humanoid-walk,5,avg_return,500000,786.8124
10841,WarpSAC-L,humanoid-walk,5,avg_return,550000,915.0362
10842,WarpSAC-L,humanoid-walk,5,avg_return,600000,917.5945
10843,WarpSAC-L,humanoid-walk,5,avg_return,650000,922.068
10844,WarpSAC-L,humanoid-walk,5,avg_return,700000,921.756
10845,WarpSAC-L,humanoid-walk,5,avg_return,750000,923.1984
10846,WarpSAC-L,humanoid-walk,5,avg_return,800000,930.6219
10847,WarpSAC-L,humanoid-walk,5,avg_return,850000,921.5925
10848,WarpSAC-L,humanoid-walk,5,avg_return,900000,932.1524
10849,WarpSAC-L,humanoid-walk,5,avg_return,950000,919.8063
10850,WarpSAC-L,humanoid-walk,5,avg_return,1000000,935.6226
10851,WarpSAC-L,humanoid-walk,5,avg_success,0,0.0
10852,WarpSAC-L,humanoid-walk,5,avg_success,50000,0.0
10853,WarpSAC-L,humanoid-walk,5,avg_success,100000,0.0
10854,WarpSAC-L,humanoid-walk,5,avg_success,150000,0.0
10855,WarpSAC-L,humanoid-walk,5,avg_success,200000,0.0
10856,WarpSAC-L,humanoid-walk,5,avg_success,250000,0.0
10857,WarpSAC-L,humanoid-walk,5,avg_success,300000,0.0
10858,WarpSAC-L,humanoid-walk,5,avg_success,350000,0.0
10859,WarpSAC-L,humanoid-walk,5,avg_success,400000,0.0
10860,WarpSAC-L,humanoid-walk,5,avg_success,450000,0.0
10861,WarpSAC-L,humanoid-walk,5,avg_success,500000,0.0
10862,WarpSAC-L,humanoid-walk,5,avg_success,550000,0.0
10863,WarpSAC-L,humanoid-walk,5,avg_success,600000,0.0
10864,WarpSAC-L,humanoid-walk,5,avg_success,650000,0.0
10865,WarpSAC-L,humanoid-walk,5,avg_success,700000,0.0
10866,WarpSAC-L,humanoid-walk,5,avg_success,750000,0.0
10867,WarpSAC-L,humanoid-walk,5,avg_success,800000,0.0
10868,WarpSAC-L,humanoid-walk,5,avg_success,850000,0.0
10869,WarpSAC-L,humanoid-walk,5,avg_success,900000,0.0
10870,WarpSAC-L,humanoid-walk,5,avg_success,950000,0.0
10871,WarpSAC-L,humanoid-walk,5,avg_success,1000000,0.0
10872,WarpSAC-L,myo-key-turn,1,avg_return,0,-9338.9941
10873,WarpSAC-L,myo-key-turn,1,avg_return,50000,6.2412
10874,WarpSAC-L,myo-key-turn,1,avg_return,100000,2434.5904
10875,WarpSAC-L,myo-key-turn,1,avg_return,150000,2181.9964
10876,WarpSAC-L,myo-key-turn,1,avg_return,200000,2808.1727
10877,WarpSAC-L,myo-key-turn,1,avg_return,250000,2384.2582
10878,WarpSAC-L,myo-key-turn,1,avg_return,300000,3166.3398
10879,WarpSAC-L,myo-key-turn,1,avg_return,350000,2855.53
10880,WarpSAC-L,myo-key-turn,1,avg_return,400000,3286.1204
10881,WarpSAC-L,myo-key-turn,1,avg_return,450000,3319.0499
10882,WarpSAC-L,myo-key-turn,1,avg_return,500000,3247.3164
10883,WarpSAC-L,myo-key-turn,1,avg_return,550000,3272.2963
10884,WarpSAC-L,myo-key-turn,1,avg_return,600000,3497.1256
10885,WarpSAC-L,myo-key-turn,1,avg_return,650000,3567.592
10886,WarpSAC-L,myo-key-turn,1,avg_return,700000,3576.0513
10887,WarpSAC-L,myo-key-turn,1,avg_return,750000,3571.5103
10888,WarpSAC-L,myo-key-turn,1,avg_return,800000,3595.1516
10889,WarpSAC-L,myo-key-turn,1,avg_return,850000,3540.7334
10890,WarpSAC-L,myo-key-turn,1,avg_return,900000,3764.1269
10891,WarpSAC-L,myo-key-turn,1,avg_return,950000,3816.7797
10892,WarpSAC-L,myo-key-turn,1,avg_return,1000000,3868.9695
10893,WarpSAC-L,myo-key-turn,1,avg_success,0,0.0
10894,WarpSAC-L,myo-key-turn,1,avg_success,50000,0.0
10895,WarpSAC-L,myo-key-turn,1,avg_success,100000,1.0
10896,WarpSAC-L,myo-key-turn,1,avg_success,150000,1.0
10897,WarpSAC-L,myo-key-turn,1,avg_success,200000,1.0
10898,WarpSAC-L,myo-key-turn,1,avg_success,250000,1.0
10899,WarpSAC-L,myo-key-turn,1,avg_success,300000,1.0
10900,WarpSAC-L,myo-key-turn,1,avg_success,350000,1.0
10901,WarpSAC-L,myo-key-turn,1,avg_success,400000,1.0
10902,WarpSAC-L,myo-key-turn,1,avg_success,450000,1.0
10903,WarpSAC-L,myo-key-turn,1,avg_success,500000,1.0
10904,WarpSAC-L,myo-key-turn,1,avg_success,550000,1.0
10905,WarpSAC-L,myo-key-turn,1,avg_success,600000,1.0
10906,WarpSAC-L,myo-key-turn,1,avg_success,650000,1.0
10907,WarpSAC-L,myo-key-turn,1,avg_success,700000,1.0
10908,WarpSAC-L,myo-key-turn,1,avg_success,750000,1.0
10909,WarpSAC-L,myo-key-turn,1,avg_success,800000,1.0
10910,WarpSAC-L,myo-key-turn,1,avg_success,850000,1.0
10911,WarpSAC-L,myo-key-turn,1,avg_success,900000,1.0
10912,WarpSAC-L,myo-key-turn,1,avg_success,950000,1.0
10913,WarpSAC-L,myo-key-turn,1,avg_success,1000000,1.0
10914,WarpSAC-L,myo-key-turn,2,avg_return,0,-342.8897
10915,WarpSAC-L,myo-key-turn,2,avg_return,50000,1428.7513
10916,WarpSAC-L,myo-key-turn,2,avg_return,100000,2328.5216
10917,WarpSAC-L,myo-key-turn,2,avg_return,150000,2365.0521
10918,WarpSAC-L,myo-key-turn,2,avg_return,200000,2369.113
10919,WarpSAC-L,myo-key-turn,2,avg_return,250000,2387.8285
10920,WarpSAC-L,myo-key-turn,2,avg_return,300000,2382.9525
10921,WarpSAC-L,myo-key-turn,2,avg_return,350000,2361.5378
10922,WarpSAC-L,myo-key-turn,2,avg_return,400000,2389.2484
10923,WarpSAC-L,myo-key-turn,2,avg_return,450000,2391.2796
10924,WarpSAC-L,myo-key-turn,2,avg_return,500000,2391.377
10925,WarpSAC-L,myo-key-turn,2,avg_return,550000,2399.7758
10926,WarpSAC-L,myo-key-turn,2,avg_return,600000,2394.3573
10927,WarpSAC-L,myo-key-turn,2,avg_return,650000,2398.611
10928,WarpSAC-L,myo-key-turn,2,avg_return,700000,2399.6263
10929,WarpSAC-L,myo-key-turn,2,avg_return,750000,2397.278
10930,WarpSAC-L,myo-key-turn,2,avg_return,800000,2402.7556
10931,WarpSAC-L,myo-key-turn,2,avg_return,850000,2402.9638
10932,WarpSAC-L,myo-key-turn,2,avg_return,900000,2402.1232
10933,WarpSAC-L,myo-key-turn,2,avg_return,950000,2385.6706
10934,WarpSAC-L,myo-key-turn,2,avg_return,1000000,2402.0081
10935,WarpSAC-L,myo-key-turn,2,avg_success,0,0.0
10936,WarpSAC-L,myo-key-turn,2,avg_success,50000,1.0
10937,WarpSAC-L,myo-key-turn,2,avg_success,100000,1.0
10938,WarpSAC-L,myo-key-turn,2,avg_success,150000,1.0
10939,WarpSAC-L,myo-key-turn,2,avg_success,200000,1.0
10940,WarpSAC-L,myo-key-turn,2,avg_success,250000,1.0
10941,WarpSAC-L,myo-key-turn,2,avg_success,300000,1.0
10942,WarpSAC-L,myo-key-turn,2,avg_success,350000,1.0
10943,WarpSAC-L,myo-key-turn,2,avg_success,400000,1.0
10944,WarpSAC-L,myo-key-turn,2,avg_success,450000,1.0
10945,WarpSAC-L,myo-key-turn,2,avg_success,500000,1.0
10946,WarpSAC-L,myo-key-turn,2,avg_success,550000,1.0
10947,WarpSAC-L,myo-key-turn,2,avg_success,600000,1.0
10948,WarpSAC-L,myo-key-turn,2,avg_success,650000,1.0
10949,WarpSAC-L,myo-key-turn,2,avg_success,700000,1.0
10950,WarpSAC-L,myo-key-turn,2,avg_success,750000,1.0
10951,WarpSAC-L,myo-key-turn,2,avg_success,800000,1.0
10952,WarpSAC-L,myo-key-turn,2,avg_success,850000,1.0
10953,WarpSAC-L,myo-key-turn,2,avg_success,900000,1.0
10954,WarpSAC-L,myo-key-turn,2,avg_success,950000,1.0
10955,WarpSAC-L,myo-key-turn,2,avg_success,1000000,1.0
10956,WarpSAC-L,myo-key-turn,3,avg_return,0,22.6344
10957,WarpSAC-L,myo-key-turn,3,avg_return,50000,-4413.8798
10958,WarpSAC-L,myo-key-turn,3,avg_return,100000,1191.6474
10959,WarpSAC-L,myo-key-turn,3,avg_return,150000,2964.9843
10960,WarpSAC-L,myo-key-turn,3,avg_return,200000,3245.6583
10961,WarpSAC-L,myo-key-turn,3,avg_return,250000,3422.7764
10962,WarpSAC-L,myo-key-turn,3,avg_return,300000,3050.8565
10963,WarpSAC-L,myo-key-turn,3,avg_return,350000,3575.1294
10964,WarpSAC-L,myo-key-turn,3,avg_return,400000,3766.3263
10965,WarpSAC-L,myo-key-turn,3,avg_return,450000,3627.6498
10966,WarpSAC-L,myo-key-turn,3,avg_return,500000,3780.8284
10967,WarpSAC-L,myo-key-turn,3,avg_return,550000,3661.1493
10968,WarpSAC-L,myo-key-turn,3,avg_return,600000,3783.6217
10969,WarpSAC-L,myo-key-turn,3,avg_return,650000,3795.9503
10970,WarpSAC-L,myo-key-turn,3,avg_return,700000,3803.6941
10971,WarpSAC-L,myo-key-turn,3,avg_return,750000,3340.5617
10972,WarpSAC-L,myo-key-turn,3,avg_return,800000,3803.8892
10973,WarpSAC-L,myo-key-turn,3,avg_return,850000,3801.1507
10974,WarpSAC-L,myo-key-turn,3,avg_return,900000,3713.3122
10975,WarpSAC-L,myo-key-turn,3,avg_return,950000,3813.8918
10976,WarpSAC-L,myo-key-turn,3,avg_return,1000000,3807.1851
10977,WarpSAC-L,myo-key-turn,3,avg_success,0,0.0
10978,WarpSAC-L,myo-key-turn,3,avg_success,50000,0.0
10979,WarpSAC-L,myo-key-turn,3,avg_success,100000,1.0
10980,WarpSAC-L,myo-key-turn,3,avg_success,150000,1.0
10981,WarpSAC-L,myo-key-turn,3,avg_success,200000,1.0
10982,WarpSAC-L,myo-key-turn,3,avg_success,250000,1.0
10983,WarpSAC-L,myo-key-turn,3,avg_success,300000,1.0
10984,WarpSAC-L,myo-key-turn,3,avg_success,350000,1.0
10985,WarpSAC-L,myo-key-turn,3,avg_success,400000,1.0
10986,WarpSAC-L,myo-key-turn,3,avg_success,450000,1.0
10987,WarpSAC-L,myo-key-turn,3,avg_success,500000,1.0
10988,WarpSAC-L,myo-key-turn,3,avg_success,550000,1.0
10989,WarpSAC-L,myo-key-turn,3,avg_success,600000,1.0
10990,WarpSAC-L,myo-key-turn,3,avg_success,650000,1.0
10991,WarpSAC-L,myo-key-turn,3,avg_success,700000,1.0
10992,WarpSAC-L,myo-key-turn,3,avg_success,750000,1.0
10993,WarpSAC-L,myo-key-turn,3,avg_success,800000,1.0
10994,WarpSAC-L,myo-key-turn,3,avg_success,850000,1.0
10995,WarpSAC-L,myo-key-turn,3,avg_success,900000,1.0
10996,WarpSAC-L,myo-key-turn,3,avg_success,950000,1.0
10997,WarpSAC-L,myo-key-turn,3,avg_success,1000000,1.0
10998,WarpSAC-L,myo-key-turn,4,avg_return,0,-1639.8014
10999,WarpSAC-L,myo-key-turn,4,avg_return,50000,13.8305
11000,WarpSAC-L,myo-key-turn,4,avg_return,100000,2134.7743
11001,WarpSAC-L,myo-key-turn,4,avg_return,150000,2493.8857
11002,WarpSAC-L,myo-key-turn,4,avg_return,200000,2714.6756
11003,WarpSAC-L,myo-key-turn,4,avg_return,250000,2777.4692
11004,WarpSAC-L,myo-key-turn,4,avg_return,300000,2749.3126
11005,WarpSAC-L,myo-key-turn,4,avg_return,350000,2754.4108
11006,WarpSAC-L,myo-key-turn,4,avg_return,400000,2791.6162
11007,WarpSAC-L,myo-key-turn,4,avg_return,450000,2798.5238
11008,WarpSAC-L,myo-key-turn,4,avg_return,500000,2792.7835
11009,WarpSAC-L,myo-key-turn,4,avg_return,550000,2772.1371
11010,WarpSAC-L,myo-key-turn,4,avg_return,600000,2800.0291
11011,WarpSAC-L,myo-key-turn,4,avg_return,650000,2803.8758
11012,WarpSAC-L,myo-key-turn,4,avg_return,700000,2803.3986
11013,WarpSAC-L,myo-key-turn,4,avg_return,750000,2807.0028
11014,WarpSAC-L,myo-key-turn,4,avg_return,800000,2805.8897
11015,WarpSAC-L,myo-key-turn,4,avg_return,850000,2779.3561
11016,WarpSAC-L,myo-key-turn,4,avg_return,900000,2818.2094
11017,WarpSAC-L,myo-key-turn,4,avg_return,950000,3122.673
11018,WarpSAC-L,myo-key-turn,4,avg_return,1000000,3167.8593
11019,WarpSAC-L,myo-key-turn,4,avg_success,0,0.0
11020,WarpSAC-L,myo-key-turn,4,avg_success,50000,0.0
11021,WarpSAC-L,myo-key-turn,4,avg_success,100000,1.0
11022,WarpSAC-L,myo-key-turn,4,avg_success,150000,1.0
11023,WarpSAC-L,myo-key-turn,4,avg_success,200000,1.0
11024,WarpSAC-L,myo-key-turn,4,avg_success,250000,1.0
11025,WarpSAC-L,myo-key-turn,4,avg_success,300000,1.0
11026,WarpSAC-L,myo-key-turn,4,avg_success,350000,1.0
11027,WarpSAC-L,myo-key-turn,4,avg_success,400000,1.0
11028,WarpSAC-L,myo-key-turn,4,avg_success,450000,1.0
11029,WarpSAC-L,myo-key-turn,4,avg_success,500000,1.0
11030,WarpSAC-L,myo-key-turn,4,avg_success,550000,1.0
11031,WarpSAC-L,myo-key-turn,4,avg_success,600000,1.0
11032,WarpSAC-L,myo-key-turn,4,avg_success,650000,1.0
11033,WarpSAC-L,myo-key-turn,4,avg_success,700000,1.0
11034,WarpSAC-L,myo-key-turn,4,avg_success,750000,1.0
11035,WarpSAC-L,myo-key-turn,4,avg_success,800000,1.0
11036,WarpSAC-L,myo-key-turn,4,avg_success,850000,1.0
11037,WarpSAC-L,myo-key-turn,4,avg_success,900000,1.0
11038,WarpSAC-L,myo-key-turn,4,avg_success,950000,1.0
11039,WarpSAC-L,myo-key-turn,4,avg_success,1000000,1.0
11040,WarpSAC-L,myo-key-turn,5,avg_return,0,-624.471
11041,WarpSAC-L,myo-key-turn,5,avg_return,50000,-98.0262
11042,WarpSAC-L,myo-key-turn,5,avg_return,100000,2513.0157
11043,WarpSAC-L,myo-key-turn,5,avg_return,150000,2556.2012
11044,WarpSAC-L,myo-key-turn,5,avg_return,200000,3040.4092
11045,WarpSAC-L,myo-key-turn,5,avg_return,250000,3302.1871
11046,WarpSAC-L,myo-key-turn,5,avg_return,300000,3544.9776
11047,WarpSAC-L,myo-key-turn,5,avg_return,350000,3506.8011
11048,WarpSAC-L,myo-key-turn,5,avg_return,400000,3670.9891
11049,WarpSAC-L,myo-key-turn,5,avg_return,450000,3626.4717
11050,WarpSAC-L,myo-key-turn,5,avg_return,500000,3776.5438
11051,WarpSAC-L,myo-key-turn,5,avg_return,550000,3759.9918
11052,WarpSAC-L,myo-key-turn,5,avg_return,600000,3806.9675
11053,WarpSAC-L,myo-key-turn,5,avg_return,650000,3735.832
11054,WarpSAC-L,myo-key-turn,5,avg_return,700000,3581.8289
11055,WarpSAC-L,myo-key-turn,5,avg_return,750000,3828.5462
11056,WarpSAC-L,myo-key-turn,5,avg_return,800000,3821.7515
11057,WarpSAC-L,myo-key-turn,5,avg_return,850000,3786.3028
11058,WarpSAC-L,myo-key-turn,5,avg_return,900000,3764.6459
11059,WarpSAC-L,myo-key-turn,5,avg_return,950000,3697.7053
11060,WarpSAC-L,myo-key-turn,5,avg_return,1000000,3851.4939
11061,WarpSAC-L,myo-key-turn,5,avg_success,0,0.0
11062,WarpSAC-L,myo-key-turn,5,avg_success,50000,0.0
11063,WarpSAC-L,myo-key-turn,5,avg_success,100000,1.0
11064,WarpSAC-L,myo-key-turn,5,avg_success,150000,1.0
11065,WarpSAC-L,myo-key-turn,5,avg_success,200000,1.0
11066,WarpSAC-L,myo-key-turn,5,avg_success,250000,1.0
11067,WarpSAC-L,myo-key-turn,5,avg_success,300000,1.0
11068,WarpSAC-L,myo-key-turn,5,avg_success,350000,1.0
11069,WarpSAC-L,myo-key-turn,5,avg_success,400000,1.0
11070,WarpSAC-L,myo-key-turn,5,avg_success,450000,1.0
11071,WarpSAC-L,myo-key-turn,5,avg_success,500000,1.0
11072,WarpSAC-L,myo-key-turn,5,avg_success,550000,1.0
11073,WarpSAC-L,myo-key-turn,5,avg_success,600000,1.0
11074,WarpSAC-L,myo-key-turn,5,avg_success,650000,1.0
11075,WarpSAC-L,myo-key-turn,5,avg_success,700000,1.0
11076,WarpSAC-L,myo-key-turn,5,avg_success,750000,1.0
11077,WarpSAC-L,myo-key-turn,5,avg_success,800000,1.0
11078,WarpSAC-L,myo-key-turn,5,avg_success,850000,1.0
11079,WarpSAC-L,myo-key-turn,5,avg_success,900000,1.0
11080,WarpSAC-L,myo-key-turn,5,avg_success,950000,1.0
11081,WarpSAC-L,myo-key-turn,5,avg_success,1000000,1.0
11082,WarpSAC-L,myo-key-turn-hard,1,avg_return,0,-6679.0537
11083,WarpSAC-L,myo-key-turn-hard,1,avg_return,50000,799.8487
11084,WarpSAC-L,myo-key-turn-hard,1,avg_return,100000,1573.9912
11085,WarpSAC-L,myo-key-turn-hard,1,avg_return,150000,1679.1597
11086,WarpSAC-L,myo-key-turn-hard,1,avg_return,200000,1541.6016
11087,WarpSAC-L,myo-key-turn-hard,1,avg_return,250000,2174.7251
11088,WarpSAC-L,myo-key-turn-hard,1,avg_return,300000,2368.4936
11089,WarpSAC-L,myo-key-turn-hard,1,avg_return,350000,2297.0768
11090,WarpSAC-L,myo-key-turn-hard,1,avg_return,400000,2790.9799
11091,WarpSAC-L,myo-key-turn-hard,1,avg_return,450000,2632.6128
11092,WarpSAC-L,myo-key-turn-hard,1,avg_return,500000,2843.5104
11093,WarpSAC-L,myo-key-turn-hard,1,avg_return,550000,2938.7183
11094,WarpSAC-L,myo-key-turn-hard,1,avg_return,600000,2970.902
11095,WarpSAC-L,myo-key-turn-hard,1,avg_return,650000,3267.5716
11096,WarpSAC-L,myo-key-turn-hard,1,avg_return,700000,3077.9769
11097,WarpSAC-L,myo-key-turn-hard,1,avg_return,750000,3253.743
11098,WarpSAC-L,myo-key-turn-hard,1,avg_return,800000,3386.2802
11099,WarpSAC-L,myo-key-turn-hard,1,avg_return,850000,3306.7722
11100,WarpSAC-L,myo-key-turn-hard,1,avg_return,900000,3109.1819
11101,WarpSAC-L,myo-key-turn-hard,1,avg_return,950000,3267.8362
11102,WarpSAC-L,myo-key-turn-hard,1,avg_return,1000000,3413.0219
11103,WarpSAC-L,myo-key-turn-hard,1,avg_success,0,0.0
11104,WarpSAC-L,myo-key-turn-hard,1,avg_success,50000,0.0
11105,WarpSAC-L,myo-key-turn-hard,1,avg_success,100000,0.0
11106,WarpSAC-L,myo-key-turn-hard,1,avg_success,150000,0.42
11107,WarpSAC-L,myo-key-turn-hard,1,avg_success,200000,0.54
11108,WarpSAC-L,myo-key-turn-hard,1,avg_success,250000,0.8
11109,WarpSAC-L,myo-key-turn-hard,1,avg_success,300000,0.82
11110,WarpSAC-L,myo-key-turn-hard,1,avg_success,350000,0.82
11111,WarpSAC-L,myo-key-turn-hard,1,avg_success,400000,0.98
11112,WarpSAC-L,myo-key-turn-hard,1,avg_success,450000,0.92
11113,WarpSAC-L,myo-key-turn-hard,1,avg_success,500000,0.98
11114,WarpSAC-L,myo-key-turn-hard,1,avg_success,550000,0.96
11115,WarpSAC-L,myo-key-turn-hard,1,avg_success,600000,0.92
11116,WarpSAC-L,myo-key-turn-hard,1,avg_success,650000,0.98
11117,WarpSAC-L,myo-key-turn-hard,1,avg_success,700000,0.98
11118,WarpSAC-L,myo-key-turn-hard,1,avg_success,750000,1.0
11119,WarpSAC-L,myo-key-turn-hard,1,avg_success,800000,1.0
11120,WarpSAC-L,myo-key-turn-hard,1,avg_success,850000,0.98
11121,WarpSAC-L,myo-key-turn-hard,1,avg_success,900000,0.9
11122,WarpSAC-L,myo-key-turn-hard,1,avg_success,950000,1.0
11123,WarpSAC-L,myo-key-turn-hard,1,avg_success,1000000,0.98
11124,WarpSAC-L,myo-key-turn-hard,2,avg_return,0,-3041.2693
11125,WarpSAC-L,myo-key-turn-hard,2,avg_return,50000,931.1223
11126,WarpSAC-L,myo-key-turn-hard,2,avg_return,100000,1405.4121
11127,WarpSAC-L,myo-key-turn-hard,2,avg_return,150000,1300.0894
11128,WarpSAC-L,myo-key-turn-hard,2,avg_return,200000,2112.1373
11129,WarpSAC-L,myo-key-turn-hard,2,avg_return,250000,2540.8168
11130,WarpSAC-L,myo-key-turn-hard,2,avg_return,300000,2419.8764
11131,WarpSAC-L,myo-key-turn-hard,2,avg_return,350000,2551.3161
11132,WarpSAC-L,myo-key-turn-hard,2,avg_return,400000,2541.6378
11133,WarpSAC-L,myo-key-turn-hard,2,avg_return,450000,2697.4608
11134,WarpSAC-L,myo-key-turn-hard,2,avg_return,500000,2909.2326
11135,WarpSAC-L,myo-key-turn-hard,2,avg_return,550000,2910.2009
11136,WarpSAC-L,myo-key-turn-hard,2,avg_return,600000,2955.2387
11137,WarpSAC-L,myo-key-turn-hard,2,avg_return,650000,2948.2805
11138,WarpSAC-L,myo-key-turn-hard,2,avg_return,700000,2954.255
11139,WarpSAC-L,myo-key-turn-hard,2,avg_return,750000,3179.4291
11140,WarpSAC-L,myo-key-turn-hard,2,avg_return,800000,3282.4003
11141,WarpSAC-L,myo-key-turn-hard,2,avg_return,850000,3266.442
11142,WarpSAC-L,myo-key-turn-hard,2,avg_return,900000,3177.1621
11143,WarpSAC-L,myo-key-turn-hard,2,avg_return,950000,3251.9063
11144,WarpSAC-L,myo-key-turn-hard,2,avg_return,1000000,3210.1575
11145,WarpSAC-L,myo-key-turn-hard,2,avg_success,0,0.0
11146,WarpSAC-L,myo-key-turn-hard,2,avg_success,50000,0.0
11147,WarpSAC-L,myo-key-turn-hard,2,avg_success,100000,0.0
11148,WarpSAC-L,myo-key-turn-hard,2,avg_success,150000,0.04
11149,WarpSAC-L,myo-key-turn-hard,2,avg_success,200000,0.7
11150,WarpSAC-L,myo-key-turn-hard,2,avg_success,250000,0.88
11151,WarpSAC-L,myo-key-turn-hard,2,avg_success,300000,0.86
11152,WarpSAC-L,myo-key-turn-hard,2,avg_success,350000,0.94
11153,WarpSAC-L,myo-key-turn-hard,2,avg_success,400000,0.84
11154,WarpSAC-L,myo-key-turn-hard,2,avg_success,450000,0.9
11155,WarpSAC-L,myo-key-turn-hard,2,avg_success,500000,0.98
11156,WarpSAC-L,myo-key-turn-hard,2,avg_success,550000,0.98
11157,WarpSAC-L,myo-key-turn-hard,2,avg_success,600000,1.0
11158,WarpSAC-L,myo-key-turn-hard,2,avg_success,650000,0.98
11159,WarpSAC-L,myo-key-turn-hard,2,avg_success,700000,0.92
11160,WarpSAC-L,myo-key-turn-hard,2,avg_success,750000,1.0
11161,WarpSAC-L,myo-key-turn-hard,2,avg_success,800000,1.0
11162,WarpSAC-L,myo-key-turn-hard,2,avg_success,850000,1.0
11163,WarpSAC-L,myo-key-turn-hard,2,avg_success,900000,1.0
11164,WarpSAC-L,myo-key-turn-hard,2,avg_success,950000,0.98
11165,WarpSAC-L,myo-key-turn-hard,2,avg_success,1000000,0.98
11166,WarpSAC-L,myo-key-turn-hard,3,avg_return,0,-230.7802
11167,WarpSAC-L,myo-key-turn-hard,3,avg_return,50000,850.135
11168,WarpSAC-L,myo-key-turn-hard,3,avg_return,100000,1098.762
11169,WarpSAC-L,myo-key-turn-hard,3,avg_return,150000,1509.6226
11170,WarpSAC-L,myo-key-turn-hard,3,avg_return,200000,2040.3611
11171,WarpSAC-L,myo-key-turn-hard,3,avg_return,250000,2394.7736
11172,WarpSAC-L,myo-key-turn-hard,3,avg_return,300000,2374.0211
11173,WarpSAC-L,myo-key-turn-hard,3,avg_return,350000,2388.5809
11174,WarpSAC-L,myo-key-turn-hard,3,avg_return,400000,3111.1316
11175,WarpSAC-L,myo-key-turn-hard,3,avg_return,450000,2993.727
11176,WarpSAC-L,myo-key-turn-hard,3,avg_return,500000,3593.1769
11177,WarpSAC-L,myo-key-turn-hard,3,avg_return,550000,3788.3288
11178,WarpSAC-L,myo-key-turn-hard,3,avg_return,600000,3640.2882
11179,WarpSAC-L,myo-key-turn-hard,3,avg_return,650000,3867.2214
11180,WarpSAC-L,myo-key-turn-hard,3,avg_return,700000,4125.0685
11181,WarpSAC-L,myo-key-turn-hard,3,avg_return,750000,4115.2989
11182,WarpSAC-L,myo-key-turn-hard,3,avg_return,800000,4222.9499
11183,WarpSAC-L,myo-key-turn-hard,3,avg_return,850000,4262.8517
11184,WarpSAC-L,myo-key-turn-hard,3,avg_return,900000,3399.7775
11185,WarpSAC-L,myo-key-turn-hard,3,avg_return,950000,3956.6402
11186,WarpSAC-L,myo-key-turn-hard,3,avg_return,1000000,4198.9154
11187,WarpSAC-L,myo-key-turn-hard,3,avg_success,0,0.0
11188,WarpSAC-L,myo-key-turn-hard,3,avg_success,50000,0.0
11189,WarpSAC-L,myo-key-turn-hard,3,avg_success,100000,0.0
11190,WarpSAC-L,myo-key-turn-hard,3,avg_success,150000,0.08
11191,WarpSAC-L,myo-key-turn-hard,3,avg_success,200000,0.34
11192,WarpSAC-L,myo-key-turn-hard,3,avg_success,250000,0.84
11193,WarpSAC-L,myo-key-turn-hard,3,avg_success,300000,0.82
11194,WarpSAC-L,myo-key-turn-hard,3,avg_success,350000,0.74
11195,WarpSAC-L,myo-key-turn-hard,3,avg_success,400000,0.94
11196,WarpSAC-L,myo-key-turn-hard,3,avg_success,450000,0.78
11197,WarpSAC-L,myo-key-turn-hard,3,avg_success,500000,0.98
11198,WarpSAC-L,myo-key-turn-hard,3,avg_success,550000,0.98
11199,WarpSAC-L,myo-key-turn-hard,3,avg_success,600000,0.92
11200,WarpSAC-L,myo-key-turn-hard,3,avg_success,650000,0.98
11201,WarpSAC-L,myo-key-turn-hard,3,avg_success,700000,1.0
11202,WarpSAC-L,myo-key-turn-hard,3,avg_success,750000,1.0
11203,WarpSAC-L,myo-key-turn-hard,3,avg_success,800000,1.0
11204,WarpSAC-L,myo-key-turn-hard,3,avg_success,850000,1.0
11205,WarpSAC-L,myo-key-turn-hard,3,avg_success,900000,0.84
11206,WarpSAC-L,myo-key-turn-hard,3,avg_success,950000,0.98
11207,WarpSAC-L,myo-key-turn-hard,3,avg_success,1000000,1.0
11208,WarpSAC-L,myo-key-turn-hard,4,avg_return,0,-2103.9555
11209,WarpSAC-L,myo-key-turn-hard,4,avg_return,50000,-1213.7554
11210,WarpSAC-L,myo-key-turn-hard,4,avg_return,100000,1325.6533
11211,WarpSAC-L,myo-key-turn-hard,4,avg_return,150000,1520.0758
11212,WarpSAC-L,myo-key-turn-hard,4,avg_return,200000,1746.9352
11213,WarpSAC-L,myo-key-turn-hard,4,avg_return,250000,1995.8757
11214,WarpSAC-L,myo-key-turn-hard,4,avg_return,300000,2185.5913
11215,WarpSAC-L,myo-key-turn-hard,4,avg_return,350000,1975.0058
11216,WarpSAC-L,myo-key-turn-hard,4,avg_return,400000,2893.5968
11217,WarpSAC-L,myo-key-turn-hard,4,avg_return,450000,3046.2467
11218,WarpSAC-L,myo-key-turn-hard,4,avg_return,500000,3285.9208
11219,WarpSAC-L,myo-key-turn-hard,4,avg_return,550000,3320.8826
11220,WarpSAC-L,myo-key-turn-hard,4,avg_return,600000,3645.1777
11221,WarpSAC-L,myo-key-turn-hard,4,avg_return,650000,3647.0559
11222,WarpSAC-L,myo-key-turn-hard,4,avg_return,700000,3718.4583
11223,WarpSAC-L,myo-key-turn-hard,4,avg_return,750000,3672.0387
11224,WarpSAC-L,myo-key-turn-hard,4,avg_return,800000,3637.9749
11225,WarpSAC-L,myo-key-turn-hard,4,avg_return,850000,3836.3765
11226,WarpSAC-L,myo-key-turn-hard,4,avg_return,900000,3770.5405
11227,WarpSAC-L,myo-key-turn-hard,4,avg_return,950000,3858.0369
11228,WarpSAC-L,myo-key-turn-hard,4,avg_return,1000000,3801.5723
11229,WarpSAC-L,myo-key-turn-hard,4,avg_success,0,0.0
11230,WarpSAC-L,myo-key-turn-hard,4,avg_success,50000,0.0
11231,WarpSAC-L,myo-key-turn-hard,4,avg_success,100000,0.0
11232,WarpSAC-L,myo-key-turn-hard,4,avg_success,150000,0.14
11233,WarpSAC-L,myo-key-turn-hard,4,avg_success,200000,0.42
11234,WarpSAC-L,myo-key-turn-hard,4,avg_success,250000,0.42
11235,WarpSAC-L,myo-key-turn-hard,4,avg_success,300000,0.68
11236,WarpSAC-L,myo-key-turn-hard,4,avg_success,350000,0.6
11237,WarpSAC-L,myo-key-turn-hard,4,avg_success,400000,0.96
11238,WarpSAC-L,myo-key-turn-hard,4,avg_success,450000,0.96
11239,WarpSAC-L,myo-key-turn-hard,4,avg_success,500000,0.94
11240,WarpSAC-L,myo-key-turn-hard,4,avg_success,550000,0.98
11241,WarpSAC-L,myo-key-turn-hard,4,avg_success,600000,1.0
11242,WarpSAC-L,myo-key-turn-hard,4,avg_success,650000,1.0
11243,WarpSAC-L,myo-key-turn-hard,4,avg_success,700000,1.0
11244,WarpSAC-L,myo-key-turn-hard,4,avg_success,750000,1.0
11245,WarpSAC-L,myo-key-turn-hard,4,avg_success,800000,1.0
11246,WarpSAC-L,myo-key-turn-hard,4,avg_success,850000,1.0
11247,WarpSAC-L,myo-key-turn-hard,4,avg_success,900000,0.98
11248,WarpSAC-L,myo-key-turn-hard,4,avg_success,950000,1.0
11249,WarpSAC-L,myo-key-turn-hard,4,avg_success,1000000,0.98
11250,WarpSAC-L,myo-key-turn-hard,5,avg_return,0,-1670.9761
11251,WarpSAC-L,myo-key-turn-hard,5,avg_return,50000,1162.0765
11252,WarpSAC-L,myo-key-turn-hard,5,avg_return,100000,1137.142
11253,WarpSAC-L,myo-key-turn-hard,5,avg_return,150000,1541.1685
11254,WarpSAC-L,myo-key-turn-hard,5,avg_return,200000,1735.3594
11255,WarpSAC-L,myo-key-turn-hard,5,avg_return,250000,1717.3374
11256,WarpSAC-L,myo-key-turn-hard,5,avg_return,300000,2070.4305
11257,WarpSAC-L,myo-key-turn-hard,5,avg_return,350000,2178.6963
11258,WarpSAC-L,myo-key-turn-hard,5,avg_return,400000,2333.4607
11259,WarpSAC-L,myo-key-turn-hard,5,avg_return,450000,2454.3845
11260,WarpSAC-L,myo-key-turn-hard,5,avg_return,500000,2470.3559
11261,WarpSAC-L,myo-key-turn-hard,5,avg_return,550000,2676.5787
11262,WarpSAC-L,myo-key-turn-hard,5,avg_return,600000,2713.3322
11263,WarpSAC-L,myo-key-turn-hard,5,avg_return,650000,2647.5273
11264,WarpSAC-L,myo-key-turn-hard,5,avg_return,700000,2527.6116
11265,WarpSAC-L,myo-key-turn-hard,5,avg_return,750000,2875.1032
11266,WarpSAC-L,myo-key-turn-hard,5,avg_return,800000,2754.3432
11267,WarpSAC-L,myo-key-turn-hard,5,avg_return,850000,2905.313
11268,WarpSAC-L,myo-key-turn-hard,5,avg_return,900000,3037.0997
11269,WarpSAC-L,myo-key-turn-hard,5,avg_return,950000,3088.0284
11270,WarpSAC-L,myo-key-turn-hard,5,avg_return,1000000,3124.1639
11271,WarpSAC-L,myo-key-turn-hard,5,avg_success,0,0.0
11272,WarpSAC-L,myo-key-turn-hard,5,avg_success,50000,0.0
11273,WarpSAC-L,myo-key-turn-hard,5,avg_success,100000,0.0
11274,WarpSAC-L,myo-key-turn-hard,5,avg_success,150000,0.0
11275,WarpSAC-L,myo-key-turn-hard,5,avg_success,200000,0.04
11276,WarpSAC-L,myo-key-turn-hard,5,avg_success,250000,0.52
11277,WarpSAC-L,myo-key-turn-hard,5,avg_success,300000,0.62
11278,WarpSAC-L,myo-key-turn-hard,5,avg_success,350000,0.82
11279,WarpSAC-L,myo-key-turn-hard,5,avg_success,400000,0.78
11280,WarpSAC-L,myo-key-turn-hard,5,avg_success,450000,0.92
11281,WarpSAC-L,myo-key-turn-hard,5,avg_success,500000,0.86
11282,WarpSAC-L,myo-key-turn-hard,5,avg_success,550000,0.96
11283,WarpSAC-L,myo-key-turn-hard,5,avg_success,600000,0.92
11284,WarpSAC-L,myo-key-turn-hard,5,avg_success,650000,0.88
11285,WarpSAC-L,myo-key-turn-hard,5,avg_success,700000,0.82
11286,WarpSAC-L,myo-key-turn-hard,5,avg_success,750000,0.98
11287,WarpSAC-L,myo-key-turn-hard,5,avg_success,800000,0.98
11288,WarpSAC-L,myo-key-turn-hard,5,avg_success,850000,0.98
11289,WarpSAC-L,myo-key-turn-hard,5,avg_success,900000,0.96
11290,WarpSAC-L,myo-key-turn-hard,5,avg_success,950000,1.0
11291,WarpSAC-L,myo-key-turn-hard,5,avg_success,1000000,0.98
11292,WarpSAC-L,myo-obj-hold,1,avg_return,0,-345.7628
11293,WarpSAC-L,myo-obj-hold,1,avg_return,50000,510.5258
11294,WarpSAC-L,myo-obj-hold,1,avg_return,100000,528.0245
11295,WarpSAC-L,myo-obj-hold,1,avg_return,150000,522.8549
11296,WarpSAC-L,myo-obj-hold,1,avg_return,200000,537.6255
11297,WarpSAC-L,myo-obj-hold,1,avg_return,250000,525.3496
11298,WarpSAC-L,myo-obj-hold,1,avg_return,300000,535.3771
11299,WarpSAC-L,myo-obj-hold,1,avg_return,350000,531.9731
11300,WarpSAC-L,myo-obj-hold,1,avg_return,400000,531.3204
11301,WarpSAC-L,myo-obj-hold,1,avg_return,450000,519.5446
11302,WarpSAC-L,myo-obj-hold,1,avg_return,500000,535.1562
11303,WarpSAC-L,myo-obj-hold,1,avg_return,550000,525.0531
11304,WarpSAC-L,myo-obj-hold,1,avg_return,600000,518.3826
11305,WarpSAC-L,myo-obj-hold,1,avg_return,650000,536.3224
11306,WarpSAC-L,myo-obj-hold,1,avg_return,700000,540.9789
11307,WarpSAC-L,myo-obj-hold,1,avg_return,750000,542.1895
11308,WarpSAC-L,myo-obj-hold,1,avg_return,800000,546.1236
11309,WarpSAC-L,myo-obj-hold,1,avg_return,850000,534.9089
11310,WarpSAC-L,myo-obj-hold,1,avg_return,900000,549.5791
11311,WarpSAC-L,myo-obj-hold,1,avg_return,950000,540.2627
11312,WarpSAC-L,myo-obj-hold,1,avg_return,1000000,526.8281
11313,WarpSAC-L,myo-obj-hold,1,avg_success,0,0.0
11314,WarpSAC-L,myo-obj-hold,1,avg_success,50000,1.0
11315,WarpSAC-L,myo-obj-hold,1,avg_success,100000,1.0
11316,WarpSAC-L,myo-obj-hold,1,avg_success,150000,1.0
11317,WarpSAC-L,myo-obj-hold,1,avg_success,200000,1.0
11318,WarpSAC-L,myo-obj-hold,1,avg_success,250000,1.0
11319,WarpSAC-L,myo-obj-hold,1,avg_success,300000,1.0
11320,WarpSAC-L,myo-obj-hold,1,avg_success,350000,1.0
11321,WarpSAC-L,myo-obj-hold,1,avg_success,400000,1.0
11322,WarpSAC-L,myo-obj-hold,1,avg_success,450000,1.0
11323,WarpSAC-L,myo-obj-hold,1,avg_success,500000,1.0
11324,WarpSAC-L,myo-obj-hold,1,avg_success,550000,1.0
11325,WarpSAC-L,myo-obj-hold,1,avg_success,600000,1.0
11326,WarpSAC-L,myo-obj-hold,1,avg_success,650000,1.0
11327,WarpSAC-L,myo-obj-hold,1,avg_success,700000,1.0
11328,WarpSAC-L,myo-obj-hold,1,avg_success,750000,1.0
11329,WarpSAC-L,myo-obj-hold,1,avg_success,800000,1.0
11330,WarpSAC-L,myo-obj-hold,1,avg_success,850000,1.0
11331,WarpSAC-L,myo-obj-hold,1,avg_success,900000,1.0
11332,WarpSAC-L,myo-obj-hold,1,avg_success,950000,1.0
11333,WarpSAC-L,myo-obj-hold,1,avg_success,1000000,1.0
11334,WarpSAC-L,myo-obj-hold,2,avg_return,0,-334.8118
11335,WarpSAC-L,myo-obj-hold,2,avg_return,50000,249.1863
11336,WarpSAC-L,myo-obj-hold,2,avg_return,100000,467.2588
11337,WarpSAC-L,myo-obj-hold,2,avg_return,150000,519.2097
11338,WarpSAC-L,myo-obj-hold,2,avg_return,200000,534.0864
11339,WarpSAC-L,myo-obj-hold,2,avg_return,250000,531.8694
11340,WarpSAC-L,myo-obj-hold,2,avg_return,300000,545.925
11341,WarpSAC-L,myo-obj-hold,2,avg_return,350000,544.6929
11342,WarpSAC-L,myo-obj-hold,2,avg_return,400000,541.6931
11343,WarpSAC-L,myo-obj-hold,2,avg_return,450000,537.9671
11344,WarpSAC-L,myo-obj-hold,2,avg_return,500000,536.4519
11345,WarpSAC-L,myo-obj-hold,2,avg_return,550000,553.0912
11346,WarpSAC-L,myo-obj-hold,2,avg_return,600000,552.0357
11347,WarpSAC-L,myo-obj-hold,2,avg_return,650000,542.1595
11348,WarpSAC-L,myo-obj-hold,2,avg_return,700000,531.0827
11349,WarpSAC-L,myo-obj-hold,2,avg_return,750000,548.6614
11350,WarpSAC-L,myo-obj-hold,2,avg_return,800000,547.4653
11351,WarpSAC-L,myo-obj-hold,2,avg_return,850000,541.7088
11352,WarpSAC-L,myo-obj-hold,2,avg_return,900000,535.2524
11353,WarpSAC-L,myo-obj-hold,2,avg_return,950000,549.0953
11354,WarpSAC-L,myo-obj-hold,2,avg_return,1000000,538.4492
11355,WarpSAC-L,myo-obj-hold,2,avg_success,0,0.0
11356,WarpSAC-L,myo-obj-hold,2,avg_success,50000,1.0
11357,WarpSAC-L,myo-obj-hold,2,avg_success,100000,1.0
11358,WarpSAC-L,myo-obj-hold,2,avg_success,150000,1.0
11359,WarpSAC-L,myo-obj-hold,2,avg_success,200000,1.0
11360,WarpSAC-L,myo-obj-hold,2,avg_success,250000,1.0
11361,WarpSAC-L,myo-obj-hold,2,avg_success,300000,1.0
11362,WarpSAC-L,myo-obj-hold,2,avg_success,350000,1.0
11363,WarpSAC-L,myo-obj-hold,2,avg_success,400000,1.0
11364,WarpSAC-L,myo-obj-hold,2,avg_success,450000,1.0
11365,WarpSAC-L,myo-obj-hold,2,avg_success,500000,1.0
11366,WarpSAC-L,myo-obj-hold,2,avg_success,550000,1.0
11367,WarpSAC-L,myo-obj-hold,2,avg_success,600000,1.0
11368,WarpSAC-L,myo-obj-hold,2,avg_success,650000,1.0
11369,WarpSAC-L,myo-obj-hold,2,avg_success,700000,1.0
11370,WarpSAC-L,myo-obj-hold,2,avg_success,750000,1.0
11371,WarpSAC-L,myo-obj-hold,2,avg_success,800000,1.0
11372,WarpSAC-L,myo-obj-hold,2,avg_success,850000,1.0
11373,WarpSAC-L,myo-obj-hold,2,avg_success,900000,1.0
11374,WarpSAC-L,myo-obj-hold,2,avg_success,950000,1.0
11375,WarpSAC-L,myo-obj-hold,2,avg_success,1000000,1.0
11376,WarpSAC-L,myo-obj-hold,3,avg_return,0,-497.2906
11377,WarpSAC-L,myo-obj-hold,3,avg_return,50000,529.5981
11378,WarpSAC-L,myo-obj-hold,3,avg_return,100000,564.3069
11379,WarpSAC-L,myo-obj-hold,3,avg_return,150000,564.7576
11380,WarpSAC-L,myo-obj-hold,3,avg_return,200000,558.2685
11381,WarpSAC-L,myo-obj-hold,3,avg_return,250000,548.0213
11382,WarpSAC-L,myo-obj-hold,3,avg_return,300000,325.4685
11383,WarpSAC-L,myo-obj-hold,3,avg_return,350000,540.4224
11384,WarpSAC-L,myo-obj-hold,3,avg_return,400000,542.1377
11385,WarpSAC-L,myo-obj-hold,3,avg_return,450000,543.5057
11386,WarpSAC-L,myo-obj-hold,3,avg_return,500000,545.4982
11387,WarpSAC-L,myo-obj-hold,3,avg_return,550000,546.8387
11388,WarpSAC-L,myo-obj-hold,3,avg_return,600000,547.7737
11389,WarpSAC-L,myo-obj-hold,3,avg_return,650000,508.9271
11390,WarpSAC-L,myo-obj-hold,3,avg_return,700000,529.1747
11391,WarpSAC-L,myo-obj-hold,3,avg_return,750000,541.6558
11392,WarpSAC-L,myo-obj-hold,3,avg_return,800000,539.1869
11393,WarpSAC-L,myo-obj-hold,3,avg_return,850000,534.8955
11394,WarpSAC-L,myo-obj-hold,3,avg_return,900000,540.4773
11395,WarpSAC-L,myo-obj-hold,3,avg_return,950000,464.8335
11396,WarpSAC-L,myo-obj-hold,3,avg_return,1000000,552.5085
11397,WarpSAC-L,myo-obj-hold,3,avg_success,0,0.0
11398,WarpSAC-L,myo-obj-hold,3,avg_success,50000,1.0
11399,WarpSAC-L,myo-obj-hold,3,avg_success,100000,1.0
11400,WarpSAC-L,myo-obj-hold,3,avg_success,150000,1.0
11401,WarpSAC-L,myo-obj-hold,3,avg_success,200000,1.0
11402,WarpSAC-L,myo-obj-hold,3,avg_success,250000,1.0
11403,WarpSAC-L,myo-obj-hold,3,avg_success,300000,1.0
11404,WarpSAC-L,myo-obj-hold,3,avg_success,350000,1.0
11405,WarpSAC-L,myo-obj-hold,3,avg_success,400000,1.0
11406,WarpSAC-L,myo-obj-hold,3,avg_success,450000,1.0
11407,WarpSAC-L,myo-obj-hold,3,avg_success,500000,1.0
11408,WarpSAC-L,myo-obj-hold,3,avg_success,550000,1.0
11409,WarpSAC-L,myo-obj-hold,3,avg_success,600000,1.0
11410,WarpSAC-L,myo-obj-hold,3,avg_success,650000,1.0
11411,WarpSAC-L,myo-obj-hold,3,avg_success,700000,1.0
11412,WarpSAC-L,myo-obj-hold,3,avg_success,750000,1.0
11413,WarpSAC-L,myo-obj-hold,3,avg_success,800000,1.0
11414,WarpSAC-L,myo-obj-hold,3,avg_success,850000,1.0
11415,WarpSAC-L,myo-obj-hold,3,avg_success,900000,1.0
11416,WarpSAC-L,myo-obj-hold,3,avg_success,950000,1.0
11417,WarpSAC-L,myo-obj-hold,3,avg_success,1000000,1.0
11418,WarpSAC-L,myo-obj-hold,4,avg_return,0,-216.732
11419,WarpSAC-L,myo-obj-hold,4,avg_return,50000,503.9937
11420,WarpSAC-L,myo-obj-hold,4,avg_return,100000,514.3512
11421,WarpSAC-L,myo-obj-hold,4,avg_return,150000,525.9753
11422,WarpSAC-L,myo-obj-hold,4,avg_return,200000,516.7554
11423,WarpSAC-L,myo-obj-hold,4,avg_return,250000,508.6211
11424,WarpSAC-L,myo-obj-hold,4,avg_return,300000,515.8981
11425,WarpSAC-L,myo-obj-hold,4,avg_return,350000,432.7649
11426,WarpSAC-L,myo-obj-hold,4,avg_return,400000,514.9818
11427,WarpSAC-L,myo-obj-hold,4,avg_return,450000,513.5602
11428,WarpSAC-L,myo-obj-hold,4,avg_return,500000,509.879
11429,WarpSAC-L,myo-obj-hold,4,avg_return,550000,517.004
11430,WarpSAC-L,myo-obj-hold,4,avg_return,600000,509.6093
11431,WarpSAC-L,myo-obj-hold,4,avg_return,650000,512.1679
11432,WarpSAC-L,myo-obj-hold,4,avg_return,700000,517.078
11433,WarpSAC-L,myo-obj-hold,4,avg_return,750000,513.3662
11434,WarpSAC-L,myo-obj-hold,4,avg_return,800000,509.8731
11435,WarpSAC-L,myo-obj-hold,4,avg_return,850000,502.8642
11436,WarpSAC-L,myo-obj-hold,4,avg_return,900000,510.697
11437,WarpSAC-L,myo-obj-hold,4,avg_return,950000,500.6908
11438,WarpSAC-L,myo-obj-hold,4,avg_return,1000000,510.3699
11439,WarpSAC-L,myo-obj-hold,4,avg_success,0,0.0
11440,WarpSAC-L,myo-obj-hold,4,avg_success,50000,1.0
11441,WarpSAC-L,myo-obj-hold,4,avg_success,100000,1.0
11442,WarpSAC-L,myo-obj-hold,4,avg_success,150000,1.0
11443,WarpSAC-L,myo-obj-hold,4,avg_success,200000,1.0
11444,WarpSAC-L,myo-obj-hold,4,avg_success,250000,1.0
11445,WarpSAC-L,myo-obj-hold,4,avg_success,300000,1.0
11446,WarpSAC-L,myo-obj-hold,4,avg_success,350000,1.0
11447,WarpSAC-L,myo-obj-hold,4,avg_success,400000,1.0
11448,WarpSAC-L,myo-obj-hold,4,avg_success,450000,1.0
11449,WarpSAC-L,myo-obj-hold,4,avg_success,500000,1.0
11450,WarpSAC-L,myo-obj-hold,4,avg_success,550000,1.0
11451,WarpSAC-L,myo-obj-hold,4,avg_success,600000,1.0
11452,WarpSAC-L,myo-obj-hold,4,avg_success,650000,1.0
11453,WarpSAC-L,myo-obj-hold,4,avg_success,700000,1.0
11454,WarpSAC-L,myo-obj-hold,4,avg_success,750000,1.0
11455,WarpSAC-L,myo-obj-hold,4,avg_success,800000,1.0
11456,WarpSAC-L,myo-obj-hold,4,avg_success,850000,1.0
11457,WarpSAC-L,myo-obj-hold,4,avg_success,900000,1.0
11458,WarpSAC-L,myo-obj-hold,4,avg_success,950000,1.0
11459,WarpSAC-L,myo-obj-hold,4,avg_success,1000000,1.0
11460,WarpSAC-L,myo-obj-hold,5,avg_return,0,-210.3695
11461,WarpSAC-L,myo-obj-hold,5,avg_return,50000,497.9884
11462,WarpSAC-L,myo-obj-hold,5,avg_return,100000,535.7883
11463,WarpSAC-L,myo-obj-hold,5,avg_return,150000,551.7079
11464,WarpSAC-L,myo-obj-hold,5,avg_return,200000,561.2179
11465,WarpSAC-L,myo-obj-hold,5,avg_return,250000,560.3972
11466,WarpSAC-L,myo-obj-hold,5,avg_return,300000,561.9881
11467,WarpSAC-L,myo-obj-hold,5,avg_return,350000,564.5603
11468,WarpSAC-L,myo-obj-hold,5,avg_return,400000,567.318
11469,WarpSAC-L,myo-obj-hold,5,avg_return,450000,567.2603
11470,WarpSAC-L,myo-obj-hold,5,avg_return,500000,566.5176
11471,WarpSAC-L,myo-obj-hold,5,avg_return,550000,566.6114
11472,WarpSAC-L,myo-obj-hold,5,avg_return,600000,567.473
11473,WarpSAC-L,myo-obj-hold,5,avg_return,650000,567.8487
11474,WarpSAC-L,myo-obj-hold,5,avg_return,700000,569.5364
11475,WarpSAC-L,myo-obj-hold,5,avg_return,750000,565.0909
11476,WarpSAC-L,myo-obj-hold,5,avg_return,800000,568.8129
11477,WarpSAC-L,myo-obj-hold,5,avg_return,850000,567.329
11478,WarpSAC-L,myo-obj-hold,5,avg_return,900000,569.7242
11479,WarpSAC-L,myo-obj-hold,5,avg_return,950000,565.3996
11480,WarpSAC-L,myo-obj-hold,5,avg_return,1000000,569.5935
11481,WarpSAC-L,myo-obj-hold,5,avg_success,0,0.0
11482,WarpSAC-L,myo-obj-hold,5,avg_success,50000,1.0
11483,WarpSAC-L,myo-obj-hold,5,avg_success,100000,1.0
11484,WarpSAC-L,myo-obj-hold,5,avg_success,150000,1.0
11485,WarpSAC-L,myo-obj-hold,5,avg_success,200000,1.0
11486,WarpSAC-L,myo-obj-hold,5,avg_success,250000,1.0
11487,WarpSAC-L,myo-obj-hold,5,avg_success,300000,1.0
11488,WarpSAC-L,myo-obj-hold,5,avg_success,350000,1.0
11489,WarpSAC-L,myo-obj-hold,5,avg_success,400000,1.0
11490,WarpSAC-L,myo-obj-hold,5,avg_success,450000,1.0
11491,WarpSAC-L,myo-obj-hold,5,avg_success,500000,1.0
11492,WarpSAC-L,myo-obj-hold,5,avg_success,550000,1.0
11493,WarpSAC-L,myo-obj-hold,5,avg_success,600000,1.0
11494,WarpSAC-L,myo-obj-hold,5,avg_success,650000,1.0
11495,WarpSAC-L,myo-obj-hold,5,avg_success,700000,1.0
11496,WarpSAC-L,myo-obj-hold,5,avg_success,750000,1.0
11497,WarpSAC-L,myo-obj-hold,5,avg_success,800000,1.0
11498,WarpSAC-L,myo-obj-hold,5,avg_success,850000,1.0
11499,WarpSAC-L,myo-obj-hold,5,avg_success,900000,1.0
11500,WarpSAC-L,myo-obj-hold,5,avg_success,950000,1.0
11501,WarpSAC-L,myo-obj-hold,5,avg_success,1000000,1.0
11502,WarpSAC-L,myo-obj-hold-hard,1,avg_return,0,-430.2701
11503,WarpSAC-L,myo-obj-hold-hard,1,avg_return,50000,-94.635
11504,WarpSAC-L,myo-obj-hold-hard,1,avg_return,100000,10.1536
11505,WarpSAC-L,myo-obj-hold-hard,1,avg_return,150000,185.9161
11506,WarpSAC-L,myo-obj-hold-hard,1,avg_return,200000,269.0197
11507,WarpSAC-L,myo-obj-hold-hard,1,avg_return,250000,276.3657
11508,WarpSAC-L,myo-obj-hold-hard,1,avg_return,300000,359.1682
11509,WarpSAC-L,myo-obj-hold-hard,1,avg_return,350000,343.4156
11510,WarpSAC-L,myo-obj-hold-hard,1,avg_return,400000,267.6251
11511,WarpSAC-L,myo-obj-hold-hard,1,avg_return,450000,328.2772
11512,WarpSAC-L,myo-obj-hold-hard,1,avg_return,500000,386.6179
11513,WarpSAC-L,myo-obj-hold-hard,1,avg_return,550000,411.011
11514,WarpSAC-L,myo-obj-hold-hard,1,avg_return,600000,374.7593
11515,WarpSAC-L,myo-obj-hold-hard,1,avg_return,650000,394.9012
11516,WarpSAC-L,myo-obj-hold-hard,1,avg_return,700000,431.1462
11517,WarpSAC-L,myo-obj-hold-hard,1,avg_return,750000,415.444
11518,WarpSAC-L,myo-obj-hold-hard,1,avg_return,800000,406.1758
11519,WarpSAC-L,myo-obj-hold-hard,1,avg_return,850000,434.7039
11520,WarpSAC-L,myo-obj-hold-hard,1,avg_return,900000,450.5968
11521,WarpSAC-L,myo-obj-hold-hard,1,avg_return,950000,445.0745
11522,WarpSAC-L,myo-obj-hold-hard,1,avg_return,1000000,463.51
11523,WarpSAC-L,myo-obj-hold-hard,1,avg_success,0,0.08
11524,WarpSAC-L,myo-obj-hold-hard,1,avg_success,50000,0.44
11525,WarpSAC-L,myo-obj-hold-hard,1,avg_success,100000,0.54
11526,WarpSAC-L,myo-obj-hold-hard,1,avg_success,150000,0.68
11527,WarpSAC-L,myo-obj-hold-hard,1,avg_success,200000,0.84
11528,WarpSAC-L,myo-obj-hold-hard,1,avg_success,250000,0.92
11529,WarpSAC-L,myo-obj-hold-hard,1,avg_success,300000,0.98
11530,WarpSAC-L,myo-obj-hold-hard,1,avg_success,350000,0.88
11531,WarpSAC-L,myo-obj-hold-hard,1,avg_success,400000,0.82
11532,WarpSAC-L,myo-obj-hold-hard,1,avg_success,450000,0.96
11533,WarpSAC-L,myo-obj-hold-hard,1,avg_success,500000,0.98
11534,WarpSAC-L,myo-obj-hold-hard,1,avg_success,550000,0.98
11535,WarpSAC-L,myo-obj-hold-hard,1,avg_success,600000,0.94
11536,WarpSAC-L,myo-obj-hold-hard,1,avg_success,650000,0.96
11537,WarpSAC-L,myo-obj-hold-hard,1,avg_success,700000,0.98
11538,WarpSAC-L,myo-obj-hold-hard,1,avg_success,750000,1.0
11539,WarpSAC-L,myo-obj-hold-hard,1,avg_success,800000,0.94
11540,WarpSAC-L,myo-obj-hold-hard,1,avg_success,850000,0.96
11541,WarpSAC-L,myo-obj-hold-hard,1,avg_success,900000,0.98
11542,WarpSAC-L,myo-obj-hold-hard,1,avg_success,950000,0.94
11543,WarpSAC-L,myo-obj-hold-hard,1,avg_success,1000000,1.0
11544,WarpSAC-L,myo-obj-hold-hard,2,avg_return,0,-425.655
11545,WarpSAC-L,myo-obj-hold-hard,2,avg_return,50000,-69.4771
11546,WarpSAC-L,myo-obj-hold-hard,2,avg_return,100000,185.2199
11547,WarpSAC-L,myo-obj-hold-hard,2,avg_return,150000,258.0193
11548,WarpSAC-L,myo-obj-hold-hard,2,avg_return,200000,275.7623
11549,WarpSAC-L,myo-obj-hold-hard,2,avg_return,250000,343.8393
11550,WarpSAC-L,myo-obj-hold-hard,2,avg_return,300000,345.5806
11551,WarpSAC-L,myo-obj-hold-hard,2,avg_return,350000,328.5051
11552,WarpSAC-L,myo-obj-hold-hard,2,avg_return,400000,408.7829
11553,WarpSAC-L,myo-obj-hold-hard,2,avg_return,450000,446.9854
11554,WarpSAC-L,myo-obj-hold-hard,2,avg_return,500000,435.6616
11555,WarpSAC-L,myo-obj-hold-hard,2,avg_return,550000,487.0034
11556,WarpSAC-L,myo-obj-hold-hard,2,avg_return,600000,476.7616
11557,WarpSAC-L,myo-obj-hold-hard,2,avg_return,650000,466.3263
11558,WarpSAC-L,myo-obj-hold-hard,2,avg_return,700000,434.3932
11559,WarpSAC-L,myo-obj-hold-hard,2,avg_return,750000,439.0465
11560,WarpSAC-L,myo-obj-hold-hard,2,avg_return,800000,406.7333
11561,WarpSAC-L,myo-obj-hold-hard,2,avg_return,850000,471.6296
11562,WarpSAC-L,myo-obj-hold-hard,2,avg_return,900000,467.9948
11563,WarpSAC-L,myo-obj-hold-hard,2,avg_return,950000,489.3875
11564,WarpSAC-L,myo-obj-hold-hard,2,avg_return,1000000,473.3925
11565,WarpSAC-L,myo-obj-hold-hard,2,avg_success,0,0.04
11566,WarpSAC-L,myo-obj-hold-hard,2,avg_success,50000,0.38
11567,WarpSAC-L,myo-obj-hold-hard,2,avg_success,100000,0.68
11568,WarpSAC-L,myo-obj-hold-hard,2,avg_success,150000,0.86
11569,WarpSAC-L,myo-obj-hold-hard,2,avg_success,200000,0.86
11570,WarpSAC-L,myo-obj-hold-hard,2,avg_success,250000,0.88
11571,WarpSAC-L,myo-obj-hold-hard,2,avg_success,300000,0.9
11572,WarpSAC-L,myo-obj-hold-hard,2,avg_success,350000,0.86
11573,WarpSAC-L,myo-obj-hold-hard,2,avg_success,400000,1.0
11574,WarpSAC-L,myo-obj-hold-hard,2,avg_success,450000,1.0
11575,WarpSAC-L,myo-obj-hold-hard,2,avg_success,500000,0.98
11576,WarpSAC-L,myo-obj-hold-hard,2,avg_success,550000,1.0
11577,WarpSAC-L,myo-obj-hold-hard,2,avg_success,600000,0.98
11578,WarpSAC-L,myo-obj-hold-hard,2,avg_success,650000,1.0
11579,WarpSAC-L,myo-obj-hold-hard,2,avg_success,700000,0.98
11580,WarpSAC-L,myo-obj-hold-hard,2,avg_success,750000,0.98
11581,WarpSAC-L,myo-obj-hold-hard,2,avg_success,800000,0.96
11582,WarpSAC-L,myo-obj-hold-hard,2,avg_success,850000,1.0
11583,WarpSAC-L,myo-obj-hold-hard,2,avg_success,900000,0.96
11584,WarpSAC-L,myo-obj-hold-hard,2,avg_success,950000,1.0
11585,WarpSAC-L,myo-obj-hold-hard,2,avg_success,1000000,1.0
11586,WarpSAC-L,myo-obj-hold-hard,3,avg_return,0,-820.455
11587,WarpSAC-L,myo-obj-hold-hard,3,avg_return,50000,-32.6457
11588,WarpSAC-L,myo-obj-hold-hard,3,avg_return,100000,225.7373
11589,WarpSAC-L,myo-obj-hold-hard,3,avg_return,150000,394.5556
11590,WarpSAC-L,myo-obj-hold-hard,3,avg_return,200000,408.7208
11591,WarpSAC-L,myo-obj-hold-hard,3,avg_return,250000,426.9822
11592,WarpSAC-L,myo-obj-hold-hard,3,avg_return,300000,443.4477
11593,WarpSAC-L,myo-obj-hold-hard,3,avg_return,350000,409.3785
11594,WarpSAC-L,myo-obj-hold-hard,3,avg_return,400000,427.3021
11595,WarpSAC-L,myo-obj-hold-hard,3,avg_return,450000,441.3502
11596,WarpSAC-L,myo-obj-hold-hard,3,avg_return,500000,466.79
11597,WarpSAC-L,myo-obj-hold-hard,3,avg_return,550000,482.2372
11598,WarpSAC-L,myo-obj-hold-hard,3,avg_return,600000,492.3993
11599,WarpSAC-L,myo-obj-hold-hard,3,avg_return,650000,480.2336
11600,WarpSAC-L,myo-obj-hold-hard,3,avg_return,700000,512.4707
11601,WarpSAC-L,myo-obj-hold-hard,3,avg_return,750000,480.3033
11602,WarpSAC-L,myo-obj-hold-hard,3,avg_return,800000,492.9784
11603,WarpSAC-L,myo-obj-hold-hard,3,avg_return,850000,503.2162
11604,WarpSAC-L,myo-obj-hold-hard,3,avg_return,900000,486.9093
11605,WarpSAC-L,myo-obj-hold-hard,3,avg_return,950000,503.7126
11606,WarpSAC-L,myo-obj-hold-hard,3,avg_return,1000000,489.4676
11607,WarpSAC-L,myo-obj-hold-hard,3,avg_success,0,0.04
11608,WarpSAC-L,myo-obj-hold-hard,3,avg_success,50000,0.56
11609,WarpSAC-L,myo-obj-hold-hard,3,avg_success,100000,0.68
11610,WarpSAC-L,myo-obj-hold-hard,3,avg_success,150000,0.94
11611,WarpSAC-L,myo-obj-hold-hard,3,avg_success,200000,0.92
11612,WarpSAC-L,myo-obj-hold-hard,3,avg_success,250000,0.94
11613,WarpSAC-L,myo-obj-hold-hard,3,avg_success,300000,0.94
11614,WarpSAC-L,myo-obj-hold-hard,3,avg_success,350000,0.96
11615,WarpSAC-L,myo-obj-hold-hard,3,avg_success,400000,0.96
11616,WarpSAC-L,myo-obj-hold-hard,3,avg_success,450000,0.98
11617,WarpSAC-L,myo-obj-hold-hard,3,avg_success,500000,0.98
11618,WarpSAC-L,myo-obj-hold-hard,3,avg_success,550000,1.0
11619,WarpSAC-L,myo-obj-hold-hard,3,avg_success,600000,1.0
11620,WarpSAC-L,myo-obj-hold-hard,3,avg_success,650000,0.98
11621,WarpSAC-L,myo-obj-hold-hard,3,avg_success,700000,1.0
11622,WarpSAC-L,myo-obj-hold-hard,3,avg_success,750000,1.0
11623,WarpSAC-L,myo-obj-hold-hard,3,avg_success,800000,1.0
11624,WarpSAC-L,myo-obj-hold-hard,3,avg_success,850000,1.0
11625,WarpSAC-L,myo-obj-hold-hard,3,avg_success,900000,1.0
11626,WarpSAC-L,myo-obj-hold-hard,3,avg_success,950000,1.0
11627,WarpSAC-L,myo-obj-hold-hard,3,avg_success,1000000,1.0
11628,WarpSAC-L,myo-obj-hold-hard,4,avg_return,0,-248.3051
11629,WarpSAC-L,myo-obj-hold-hard,4,avg_return,50000,-27.722
11630,WarpSAC-L,myo-obj-hold-hard,4,avg_return,100000,235.6723
11631,WarpSAC-L,myo-obj-hold-hard,4,avg_return,150000,225.8091
11632,WarpSAC-L,myo-obj-hold-hard,4,avg_return,200000,295.2409
11633,WarpSAC-L,myo-obj-hold-hard,4,avg_return,250000,348.2496
11634,WarpSAC-L,myo-obj-hold-hard,4,avg_return,300000,309.8195
11635,WarpSAC-L,myo-obj-hold-hard,4,avg_return,350000,430.5989
11636,WarpSAC-L,myo-obj-hold-hard,4,avg_return,400000,330.9859
11637,WarpSAC-L,myo-obj-hold-hard,4,avg_return,450000,336.4516
11638,WarpSAC-L,myo-obj-hold-hard,4,avg_return,500000,393.1862
11639,WarpSAC-L,myo-obj-hold-hard,4,avg_return,550000,439.8024
11640,WarpSAC-L,myo-obj-hold-hard,4,avg_return,600000,397.182
11641,WarpSAC-L,myo-obj-hold-hard,4,avg_return,650000,430.6166
11642,WarpSAC-L,myo-obj-hold-hard,4,avg_return,700000,419.3117
11643,WarpSAC-L,myo-obj-hold-hard,4,avg_return,750000,393.6599
11644,WarpSAC-L,myo-obj-hold-hard,4,avg_return,800000,411.2666
11645,WarpSAC-L,myo-obj-hold-hard,4,avg_return,850000,416.418
11646,WarpSAC-L,myo-obj-hold-hard,4,avg_return,900000,384.5147
11647,WarpSAC-L,myo-obj-hold-hard,4,avg_return,950000,462.8393
11648,WarpSAC-L,myo-obj-hold-hard,4,avg_return,1000000,456.5194
11649,WarpSAC-L,myo-obj-hold-hard,4,avg_success,0,0.06
11650,WarpSAC-L,myo-obj-hold-hard,4,avg_success,50000,0.36
11651,WarpSAC-L,myo-obj-hold-hard,4,avg_success,100000,0.72
11652,WarpSAC-L,myo-obj-hold-hard,4,avg_success,150000,0.8
11653,WarpSAC-L,myo-obj-hold-hard,4,avg_success,200000,0.88
11654,WarpSAC-L,myo-obj-hold-hard,4,avg_success,250000,0.88
11655,WarpSAC-L,myo-obj-hold-hard,4,avg_success,300000,0.9
11656,WarpSAC-L,myo-obj-hold-hard,4,avg_success,350000,0.94
11657,WarpSAC-L,myo-obj-hold-hard,4,avg_success,400000,0.9
11658,WarpSAC-L,myo-obj-hold-hard,4,avg_success,450000,0.96
11659,WarpSAC-L,myo-obj-hold-hard,4,avg_success,500000,1.0
11660,WarpSAC-L,myo-obj-hold-hard,4,avg_success,550000,0.96
11661,WarpSAC-L,myo-obj-hold-hard,4,avg_success,600000,0.92
11662,WarpSAC-L,myo-obj-hold-hard,4,avg_success,650000,0.92
11663,WarpSAC-L,myo-obj-hold-hard,4,avg_success,700000,0.96
11664,WarpSAC-L,myo-obj-hold-hard,4,avg_success,750000,0.94
11665,WarpSAC-L,myo-obj-hold-hard,4,avg_success,800000,0.94
11666,WarpSAC-L,myo-obj-hold-hard,4,avg_success,850000,0.98
11667,WarpSAC-L,myo-obj-hold-hard,4,avg_success,900000,0.96
11668,WarpSAC-L,myo-obj-hold-hard,4,avg_success,950000,1.0
11669,WarpSAC-L,myo-obj-hold-hard,4,avg_success,1000000,0.98
11670,WarpSAC-L,myo-obj-hold-hard,5,avg_return,0,-516.0871
11671,WarpSAC-L,myo-obj-hold-hard,5,avg_return,50000,-66.4397
11672,WarpSAC-L,myo-obj-hold-hard,5,avg_return,100000,28.0389
11673,WarpSAC-L,myo-obj-hold-hard,5,avg_return,150000,197.7207
11674,WarpSAC-L,myo-obj-hold-hard,5,avg_return,200000,219.7641
11675,WarpSAC-L,myo-obj-hold-hard,5,avg_return,250000,277.0306
11676,WarpSAC-L,myo-obj-hold-hard,5,avg_return,300000,293.6776
11677,WarpSAC-L,myo-obj-hold-hard,5,avg_return,350000,378.3378
11678,WarpSAC-L,myo-obj-hold-hard,5,avg_return,400000,371.1679
11679,WarpSAC-L,myo-obj-hold-hard,5,avg_return,450000,351.5305
11680,WarpSAC-L,myo-obj-hold-hard,5,avg_return,500000,352.1086
11681,WarpSAC-L,myo-obj-hold-hard,5,avg_return,550000,397.3775
11682,WarpSAC-L,myo-obj-hold-hard,5,avg_return,600000,385.399
11683,WarpSAC-L,myo-obj-hold-hard,5,avg_return,650000,410.8572
11684,WarpSAC-L,myo-obj-hold-hard,5,avg_return,700000,400.899
11685,WarpSAC-L,myo-obj-hold-hard,5,avg_return,750000,427.9284
11686,WarpSAC-L,myo-obj-hold-hard,5,avg_return,800000,421.0541
11687,WarpSAC-L,myo-obj-hold-hard,5,avg_return,850000,445.5122
11688,WarpSAC-L,myo-obj-hold-hard,5,avg_return,900000,448.99
11689,WarpSAC-L,myo-obj-hold-hard,5,avg_return,950000,403.045
11690,WarpSAC-L,myo-obj-hold-hard,5,avg_return,1000000,404.347
11691,WarpSAC-L,myo-obj-hold-hard,5,avg_success,0,0.1
11692,WarpSAC-L,myo-obj-hold-hard,5,avg_success,50000,0.32
11693,WarpSAC-L,myo-obj-hold-hard,5,avg_success,100000,0.4
11694,WarpSAC-L,myo-obj-hold-hard,5,avg_success,150000,0.66
11695,WarpSAC-L,myo-obj-hold-hard,5,avg_success,200000,0.8
11696,WarpSAC-L,myo-obj-hold-hard,5,avg_success,250000,0.84
11697,WarpSAC-L,myo-obj-hold-hard,5,avg_success,300000,0.88
11698,WarpSAC-L,myo-obj-hold-hard,5,avg_success,350000,0.94
11699,WarpSAC-L,myo-obj-hold-hard,5,avg_success,400000,0.98
11700,WarpSAC-L,myo-obj-hold-hard,5,avg_success,450000,0.88
11701,WarpSAC-L,myo-obj-hold-hard,5,avg_success,500000,0.94
11702,WarpSAC-L,myo-obj-hold-hard,5,avg_success,550000,0.9
11703,WarpSAC-L,myo-obj-hold-hard,5,avg_success,600000,0.94
11704,WarpSAC-L,myo-obj-hold-hard,5,avg_success,650000,0.94
11705,WarpSAC-L,myo-obj-hold-hard,5,avg_success,700000,0.92
11706,WarpSAC-L,myo-obj-hold-hard,5,avg_success,750000,0.96
11707,WarpSAC-L,myo-obj-hold-hard,5,avg_success,800000,0.96
11708,WarpSAC-L,myo-obj-hold-hard,5,avg_success,850000,1.0
11709,WarpSAC-L,myo-obj-hold-hard,5,avg_success,900000,0.94
11710,WarpSAC-L,myo-obj-hold-hard,5,avg_success,950000,0.88
11711,WarpSAC-L,myo-obj-hold-hard,5,avg_success,1000000,0.94
11712,WarpSAC-L,myo-pen-twirl,1,avg_return,0,-30.1639
11713,WarpSAC-L,myo-pen-twirl,1,avg_return,50000,1525.5701
11714,WarpSAC-L,myo-pen-twirl,1,avg_return,100000,1418.843
11715,WarpSAC-L,myo-pen-twirl,1,avg_return,150000,2271.5621
11716,WarpSAC-L,myo-pen-twirl,1,avg_return,200000,2382.8983
11717,WarpSAC-L,myo-pen-twirl,1,avg_return,250000,2383.9575
11718,WarpSAC-L,myo-pen-twirl,1,avg_return,300000,2381.3781
11719,WarpSAC-L,myo-pen-twirl,1,avg_return,350000,2383.0846
11720,WarpSAC-L,myo-pen-twirl,1,avg_return,400000,2382.4292
11721,WarpSAC-L,myo-pen-twirl,1,avg_return,450000,2384.7111
11722,WarpSAC-L,myo-pen-twirl,1,avg_return,500000,2383.9895
11723,WarpSAC-L,myo-pen-twirl,1,avg_return,550000,2384.9863
11724,WarpSAC-L,myo-pen-twirl,1,avg_return,600000,2385.6846
11725,WarpSAC-L,myo-pen-twirl,1,avg_return,650000,2384.2463
11726,WarpSAC-L,myo-pen-twirl,1,avg_return,700000,2384.4498
11727,WarpSAC-L,myo-pen-twirl,1,avg_return,750000,2385.4527
11728,WarpSAC-L,myo-pen-twirl,1,avg_return,800000,2384.5385
11729,WarpSAC-L,myo-pen-twirl,1,avg_return,850000,2385.3831
11730,WarpSAC-L,myo-pen-twirl,1,avg_return,900000,2384.1286
11731,WarpSAC-L,myo-pen-twirl,1,avg_return,950000,2384.6975
11732,WarpSAC-L,myo-pen-twirl,1,avg_return,1000000,2384.2086
11733,WarpSAC-L,myo-pen-twirl,1,avg_success,0,0.0
11734,WarpSAC-L,myo-pen-twirl,1,avg_success,50000,1.0
11735,WarpSAC-L,myo-pen-twirl,1,avg_success,100000,1.0
11736,WarpSAC-L,myo-pen-twirl,1,avg_success,150000,1.0
11737,WarpSAC-L,myo-pen-twirl,1,avg_success,200000,1.0
11738,WarpSAC-L,myo-pen-twirl,1,avg_success,250000,1.0
11739,WarpSAC-L,myo-pen-twirl,1,avg_success,300000,1.0
11740,WarpSAC-L,myo-pen-twirl,1,avg_success,350000,1.0
11741,WarpSAC-L,myo-pen-twirl,1,avg_success,400000,1.0
11742,WarpSAC-L,myo-pen-twirl,1,avg_success,450000,1.0
11743,WarpSAC-L,myo-pen-twirl,1,avg_success,500000,1.0
11744,WarpSAC-L,myo-pen-twirl,1,avg_success,550000,1.0
11745,WarpSAC-L,myo-pen-twirl,1,avg_success,600000,1.0
11746,WarpSAC-L,myo-pen-twirl,1,avg_success,650000,1.0
11747,WarpSAC-L,myo-pen-twirl,1,avg_success,700000,1.0
11748,WarpSAC-L,myo-pen-twirl,1,avg_success,750000,1.0
11749,WarpSAC-L,myo-pen-twirl,1,avg_success,800000,1.0
11750,WarpSAC-L,myo-pen-twirl,1,avg_success,850000,1.0
11751,WarpSAC-L,myo-pen-twirl,1,avg_success,900000,1.0
11752,WarpSAC-L,myo-pen-twirl,1,avg_success,950000,1.0
11753,WarpSAC-L,myo-pen-twirl,1,avg_success,1000000,1.0
11754,WarpSAC-L,myo-pen-twirl,2,avg_return,0,-15.0418
11755,WarpSAC-L,myo-pen-twirl,2,avg_return,50000,25.5153
11756,WarpSAC-L,myo-pen-twirl,2,avg_return,100000,26.1826
11757,WarpSAC-L,myo-pen-twirl,2,avg_return,150000,26.1068
11758,WarpSAC-L,myo-pen-twirl,2,avg_return,200000,19.7987
11759,WarpSAC-L,myo-pen-twirl,2,avg_return,250000,25.4168
11760,WarpSAC-L,myo-pen-twirl,2,avg_return,300000,25.7563
11761,WarpSAC-L,myo-pen-twirl,2,avg_return,350000,26.1057
11762,WarpSAC-L,myo-pen-twirl,2,avg_return,400000,25.9258
11763,WarpSAC-L,myo-pen-twirl,2,avg_return,450000,26.3416
11764,WarpSAC-L,myo-pen-twirl,2,avg_return,500000,26.5389
11765,WarpSAC-L,myo-pen-twirl,2,avg_return,550000,27.055
11766,WarpSAC-L,myo-pen-twirl,2,avg_return,600000,26.4227
11767,WarpSAC-L,myo-pen-twirl,2,avg_return,650000,27.0121
11768,WarpSAC-L,myo-pen-twirl,2,avg_return,700000,26.4787
11769,WarpSAC-L,myo-pen-twirl,2,avg_return,750000,26.7034
11770,WarpSAC-L,myo-pen-twirl,2,avg_return,800000,26.7735
11771,WarpSAC-L,myo-pen-twirl,2,avg_return,850000,26.216
11772,WarpSAC-L,myo-pen-twirl,2,avg_return,900000,26.512
11773,WarpSAC-L,myo-pen-twirl,2,avg_return,950000,26.5443
11774,WarpSAC-L,myo-pen-twirl,2,avg_return,1000000,26.1781
11775,WarpSAC-L,myo-pen-twirl,2,avg_success,0,0.0
11776,WarpSAC-L,myo-pen-twirl,2,avg_success,50000,0.0
11777,WarpSAC-L,myo-pen-twirl,2,avg_success,100000,0.0
11778,WarpSAC-L,myo-pen-twirl,2,avg_success,150000,0.0
11779,WarpSAC-L,myo-pen-twirl,2,avg_success,200000,0.0
11780,WarpSAC-L,myo-pen-twirl,2,avg_success,250000,0.0
11781,WarpSAC-L,myo-pen-twirl,2,avg_success,300000,0.0
11782,WarpSAC-L,myo-pen-twirl,2,avg_success,350000,0.0
11783,WarpSAC-L,myo-pen-twirl,2,avg_success,400000,0.0
11784,WarpSAC-L,myo-pen-twirl,2,avg_success,450000,0.0
11785,WarpSAC-L,myo-pen-twirl,2,avg_success,500000,0.0
11786,WarpSAC-L,myo-pen-twirl,2,avg_success,550000,0.0
11787,WarpSAC-L,myo-pen-twirl,2,avg_success,600000,0.0
11788,WarpSAC-L,myo-pen-twirl,2,avg_success,650000,0.0
11789,WarpSAC-L,myo-pen-twirl,2,avg_success,700000,0.0
11790,WarpSAC-L,myo-pen-twirl,2,avg_success,750000,0.0
11791,WarpSAC-L,myo-pen-twirl,2,avg_success,800000,0.0
11792,WarpSAC-L,myo-pen-twirl,2,avg_success,850000,0.0
11793,WarpSAC-L,myo-pen-twirl,2,avg_success,900000,0.0
11794,WarpSAC-L,myo-pen-twirl,2,avg_success,950000,0.0
11795,WarpSAC-L,myo-pen-twirl,2,avg_success,1000000,0.0
11796,WarpSAC-L,myo-pen-twirl,3,avg_return,0,-14.5209
11797,WarpSAC-L,myo-pen-twirl,3,avg_return,50000,15.7751
11798,WarpSAC-L,myo-pen-twirl,3,avg_return,100000,305.9642
11799,WarpSAC-L,myo-pen-twirl,3,avg_return,150000,1850.1661
11800,WarpSAC-L,myo-pen-twirl,3,avg_return,200000,1807.4602
11801,WarpSAC-L,myo-pen-twirl,3,avg_return,250000,1717.1177
11802,WarpSAC-L,myo-pen-twirl,3,avg_return,300000,1967.3027
11803,WarpSAC-L,myo-pen-twirl,3,avg_return,350000,1968.4187
11804,WarpSAC-L,myo-pen-twirl,3,avg_return,400000,1877.2729
11805,WarpSAC-L,myo-pen-twirl,3,avg_return,450000,1828.2835
11806,WarpSAC-L,myo-pen-twirl,3,avg_return,500000,2088.3461
11807,WarpSAC-L,myo-pen-twirl,3,avg_return,550000,2089.6009
11808,WarpSAC-L,myo-pen-twirl,3,avg_return,600000,2089.4351
11809,WarpSAC-L,myo-pen-twirl,3,avg_return,650000,2088.495
11810,WarpSAC-L,myo-pen-twirl,3,avg_return,700000,2089.9594
11811,WarpSAC-L,myo-pen-twirl,3,avg_return,750000,2088.5632
11812,WarpSAC-L,myo-pen-twirl,3,avg_return,800000,2088.231
11813,WarpSAC-L,myo-pen-twirl,3,avg_return,850000,2087.7005
11814,WarpSAC-L,myo-pen-twirl,3,avg_return,900000,2088.0024
11815,WarpSAC-L,myo-pen-twirl,3,avg_return,950000,2138.4494
11816,WarpSAC-L,myo-pen-twirl,3,avg_return,1000000,2088.9551
11817,WarpSAC-L,myo-pen-twirl,3,avg_success,0,0.0
11818,WarpSAC-L,myo-pen-twirl,3,avg_success,50000,0.0
11819,WarpSAC-L,myo-pen-twirl,3,avg_success,100000,0.0
11820,WarpSAC-L,myo-pen-twirl,3,avg_success,150000,1.0
11821,WarpSAC-L,myo-pen-twirl,3,avg_success,200000,1.0
11822,WarpSAC-L,myo-pen-twirl,3,avg_success,250000,1.0
11823,WarpSAC-L,myo-pen-twirl,3,avg_success,300000,1.0
11824,WarpSAC-L,myo-pen-twirl,3,avg_success,350000,1.0
11825,WarpSAC-L,myo-pen-twirl,3,avg_success,400000,1.0
11826,WarpSAC-L,myo-pen-twirl,3,avg_success,450000,1.0
11827,WarpSAC-L,myo-pen-twirl,3,avg_success,500000,1.0
11828,WarpSAC-L,myo-pen-twirl,3,avg_success,550000,1.0
11829,WarpSAC-L,myo-pen-twirl,3,avg_success,600000,1.0
11830,WarpSAC-L,myo-pen-twirl,3,avg_success,650000,1.0
11831,WarpSAC-L,myo-pen-twirl,3,avg_success,700000,1.0
11832,WarpSAC-L,myo-pen-twirl,3,avg_success,750000,1.0
11833,WarpSAC-L,myo-pen-twirl,3,avg_success,800000,1.0
11834,WarpSAC-L,myo-pen-twirl,3,avg_success,850000,1.0
11835,WarpSAC-L,myo-pen-twirl,3,avg_success,900000,1.0
11836,WarpSAC-L,myo-pen-twirl,3,avg_success,950000,1.0
11837,WarpSAC-L,myo-pen-twirl,3,avg_success,1000000,1.0
11838,WarpSAC-L,myo-pen-twirl,4,avg_return,0,-13.579
11839,WarpSAC-L,myo-pen-twirl,4,avg_return,50000,23.9595
11840,WarpSAC-L,myo-pen-twirl,4,avg_return,100000,21.9222
11841,WarpSAC-L,myo-pen-twirl,4,avg_return,150000,20.4616
11842,WarpSAC-L,myo-pen-twirl,4,avg_return,200000,21.0375
11843,WarpSAC-L,myo-pen-twirl,4,avg_return,250000,22.608
11844,WarpSAC-L,myo-pen-twirl,4,avg_return,300000,21.9061
11845,WarpSAC-L,myo-pen-twirl,4,avg_return,350000,22.1349
11846,WarpSAC-L,myo-pen-twirl,4,avg_return,400000,27.2281
11847,WarpSAC-L,myo-pen-twirl,4,avg_return,450000,2087.6369
11848,WarpSAC-L,myo-pen-twirl,4,avg_return,500000,2201.4526
11849,WarpSAC-L,myo-pen-twirl,4,avg_return,550000,2261.8964
11850,WarpSAC-L,myo-pen-twirl,4,avg_return,600000,2259.8725
11851,WarpSAC-L,myo-pen-twirl,4,avg_return,650000,2060.5858
11852,WarpSAC-L,myo-pen-twirl,4,avg_return,700000,2271.6221
11853,WarpSAC-L,myo-pen-twirl,4,avg_return,750000,2322.6522
11854,WarpSAC-L,myo-pen-twirl,4,avg_return,800000,2322.4577
11855,WarpSAC-L,myo-pen-twirl,4,avg_return,850000,2323.6927
11856,WarpSAC-L,myo-pen-twirl,4,avg_return,900000,2271.8545
11857,WarpSAC-L,myo-pen-twirl,4,avg_return,950000,2321.7757
11858,WarpSAC-L,myo-pen-twirl,4,avg_return,1000000,2322.2039
11859,WarpSAC-L,myo-pen-twirl,4,avg_success,0,0.0
11860,WarpSAC-L,myo-pen-twirl,4,avg_success,50000,0.0
11861,WarpSAC-L,myo-pen-twirl,4,avg_success,100000,0.0
11862,WarpSAC-L,myo-pen-twirl,4,avg_success,150000,0.0
11863,WarpSAC-L,myo-pen-twirl,4,avg_success,200000,0.0
11864,WarpSAC-L,myo-pen-twirl,4,avg_success,250000,0.0
11865,WarpSAC-L,myo-pen-twirl,4,avg_success,300000,0.0
11866,WarpSAC-L,myo-pen-twirl,4,avg_success,350000,0.0
11867,WarpSAC-L,myo-pen-twirl,4,avg_success,400000,0.0
11868,WarpSAC-L,myo-pen-twirl,4,avg_success,450000,1.0
11869,WarpSAC-L,myo-pen-twirl,4,avg_success,500000,1.0
11870,WarpSAC-L,myo-pen-twirl,4,avg_success,550000,1.0
11871,WarpSAC-L,myo-pen-twirl,4,avg_success,600000,1.0
11872,WarpSAC-L,myo-pen-twirl,4,avg_success,650000,1.0
11873,WarpSAC-L,myo-pen-twirl,4,avg_success,700000,1.0
11874,WarpSAC-L,myo-pen-twirl,4,avg_success,750000,1.0
11875,WarpSAC-L,myo-pen-twirl,4,avg_success,800000,1.0
11876,WarpSAC-L,myo-pen-twirl,4,avg_success,850000,1.0
11877,WarpSAC-L,myo-pen-twirl,4,avg_success,900000,1.0
11878,WarpSAC-L,myo-pen-twirl,4,avg_success,950000,1.0
11879,WarpSAC-L,myo-pen-twirl,4,avg_success,1000000,1.0
11880,WarpSAC-L,myo-pen-twirl,5,avg_return,0,-33.3882
11881,WarpSAC-L,myo-pen-twirl,5,avg_return,50000,24.7586
11882,WarpSAC-L,myo-pen-twirl,5,avg_return,100000,21.9559
11883,WarpSAC-L,myo-pen-twirl,5,avg_return,150000,22.8747
11884,WarpSAC-L,myo-pen-twirl,5,avg_return,200000,22.5649
11885,WarpSAC-L,myo-pen-twirl,5,avg_return,250000,23.3088
11886,WarpSAC-L,myo-pen-twirl,5,avg_return,300000,23.0234
11887,WarpSAC-L,myo-pen-twirl,5,avg_return,350000,23.3763
11888,WarpSAC-L,myo-pen-twirl,5,avg_return,400000,23.2819
11889,WarpSAC-L,myo-pen-twirl,5,avg_return,450000,22.8541
11890,WarpSAC-L,myo-pen-twirl,5,avg_return,500000,22.8909
11891,WarpSAC-L,myo-pen-twirl,5,avg_return,550000,22.5642
11892,WarpSAC-L,myo-pen-twirl,5,avg_return,600000,22.7396
11893,WarpSAC-L,myo-pen-twirl,5,avg_return,650000,22.6648
11894,WarpSAC-L,myo-pen-twirl,5,avg_return,700000,22.7117
11895,WarpSAC-L,myo-pen-twirl,5,avg_return,750000,23.1212
11896,WarpSAC-L,myo-pen-twirl,5,avg_return,800000,22.7793
11897,WarpSAC-L,myo-pen-twirl,5,avg_return,850000,22.7363
11898,WarpSAC-L,myo-pen-twirl,5,avg_return,900000,22.8095
11899,WarpSAC-L,myo-pen-twirl,5,avg_return,950000,22.9656
11900,WarpSAC-L,myo-pen-twirl,5,avg_return,1000000,23.1018
11901,WarpSAC-L,myo-pen-twirl,5,avg_success,0,0.0
11902,WarpSAC-L,myo-pen-twirl,5,avg_success,50000,0.0
11903,WarpSAC-L,myo-pen-twirl,5,avg_success,100000,0.0
11904,WarpSAC-L,myo-pen-twirl,5,avg_success,150000,0.0
11905,WarpSAC-L,myo-pen-twirl,5,avg_success,200000,0.0
11906,WarpSAC-L,myo-pen-twirl,5,avg_success,250000,0.0
11907,WarpSAC-L,myo-pen-twirl,5,avg_success,300000,0.0
11908,WarpSAC-L,myo-pen-twirl,5,avg_success,350000,0.0
11909,WarpSAC-L,myo-pen-twirl,5,avg_success,400000,0.0
11910,WarpSAC-L,myo-pen-twirl,5,avg_success,450000,0.0
11911,WarpSAC-L,myo-pen-twirl,5,avg_success,500000,0.0
11912,WarpSAC-L,myo-pen-twirl,5,avg_success,550000,0.0
11913,WarpSAC-L,myo-pen-twirl,5,avg_success,600000,0.0
11914,WarpSAC-L,myo-pen-twirl,5,avg_success,650000,0.0
11915,WarpSAC-L,myo-pen-twirl,5,avg_success,700000,0.0
11916,WarpSAC-L,myo-pen-twirl,5,avg_success,750000,0.0
11917,WarpSAC-L,myo-pen-twirl,5,avg_success,800000,0.0
11918,WarpSAC-L,myo-pen-twirl,5,avg_success,850000,0.0
11919,WarpSAC-L,myo-pen-twirl,5,avg_success,900000,0.0
11920,WarpSAC-L,myo-pen-twirl,5,avg_success,950000,0.0
11921,WarpSAC-L,myo-pen-twirl,5,avg_success,1000000,0.0
11922,WarpSAC-L,myo-pen-twirl-hard,1,avg_return,0,-20.1159
11923,WarpSAC-L,myo-pen-twirl-hard,1,avg_return,50000,252.7812
11924,WarpSAC-L,myo-pen-twirl-hard,1,avg_return,100000,518.803
11925,WarpSAC-L,myo-pen-twirl-hard,1,avg_return,150000,1011.0686
11926,WarpSAC-L,myo-pen-twirl-hard,1,avg_return,200000,844.7768
11927,WarpSAC-L,myo-pen-twirl-hard,1,avg_return,250000,999.7566
11928,WarpSAC-L,myo-pen-twirl-hard,1,avg_return,300000,1206.4407
11929,WarpSAC-L,myo-pen-twirl-hard,1,avg_return,350000,1481.5282
11930,WarpSAC-L,myo-pen-twirl-hard,1,avg_return,400000,1835.6568
11931,WarpSAC-L,myo-pen-twirl-hard,1,avg_return,450000,1623.2172
11932,WarpSAC-L,myo-pen-twirl-hard,1,avg_return,500000,1960.5406
11933,WarpSAC-L,myo-pen-twirl-hard,1,avg_return,550000,1686.0895
11934,WarpSAC-L,myo-pen-twirl-hard,1,avg_return,600000,1774.1513
11935,WarpSAC-L,myo-pen-twirl-hard,1,avg_return,650000,1850.9646
11936,WarpSAC-L,myo-pen-twirl-hard,1,avg_return,700000,1792.8685
11937,WarpSAC-L,myo-pen-twirl-hard,1,avg_return,750000,1740.6779
11938,WarpSAC-L,myo-pen-twirl-hard,1,avg_return,800000,1800.259
11939,WarpSAC-L,myo-pen-twirl-hard,1,avg_return,850000,1907.3702
11940,WarpSAC-L,myo-pen-twirl-hard,1,avg_return,900000,1838.3295
11941,WarpSAC-L,myo-pen-twirl-hard,1,avg_return,950000,1802.1601
11942,WarpSAC-L,myo-pen-twirl-hard,1,avg_return,1000000,2030.7786
11943,WarpSAC-L,myo-pen-twirl-hard,1,avg_success,0,0.0
11944,WarpSAC-L,myo-pen-twirl-hard,1,avg_success,50000,0.22
11945,WarpSAC-L,myo-pen-twirl-hard,1,avg_success,100000,0.32
11946,WarpSAC-L,myo-pen-twirl-hard,1,avg_success,150000,0.64
11947,WarpSAC-L,myo-pen-twirl-hard,1,avg_success,200000,0.5
11948,WarpSAC-L,myo-pen-twirl-hard,1,avg_success,250000,0.56
11949,WarpSAC-L,myo-pen-twirl-hard,1,avg_success,300000,0.7
11950,WarpSAC-L,myo-pen-twirl-hard,1,avg_success,350000,0.82
11951,WarpSAC-L,myo-pen-twirl-hard,1,avg_success,400000,0.92
11952,WarpSAC-L,myo-pen-twirl-hard,1,avg_success,450000,0.86
11953,WarpSAC-L,myo-pen-twirl-hard,1,avg_success,500000,0.98
11954,WarpSAC-L,myo-pen-twirl-hard,1,avg_success,550000,0.82
11955,WarpSAC-L,myo-pen-twirl-hard,1,avg_success,600000,0.88
11956,WarpSAC-L,myo-pen-twirl-hard,1,avg_success,650000,0.92
11957,WarpSAC-L,myo-pen-twirl-hard,1,avg_success,700000,0.94
11958,WarpSAC-L,myo-pen-twirl-hard,1,avg_success,750000,0.92
11959,WarpSAC-L,myo-pen-twirl-hard,1,avg_success,800000,0.94
11960,WarpSAC-L,myo-pen-twirl-hard,1,avg_success,850000,0.94
11961,WarpSAC-L,myo-pen-twirl-hard,1,avg_success,900000,0.94
11962,WarpSAC-L,myo-pen-twirl-hard,1,avg_success,950000,0.88
11963,WarpSAC-L,myo-pen-twirl-hard,1,avg_success,1000000,0.98
11964,WarpSAC-L,myo-pen-twirl-hard,2,avg_return,0,-16.9284
11965,WarpSAC-L,myo-pen-twirl-hard,2,avg_return,50000,134.2393
11966,WarpSAC-L,myo-pen-twirl-hard,2,avg_return,100000,702.7583
11967,WarpSAC-L,myo-pen-twirl-hard,2,avg_return,150000,844.8944
11968,WarpSAC-L,myo-pen-twirl-hard,2,avg_return,200000,1014.4328
11969,WarpSAC-L,myo-pen-twirl-hard,2,avg_return,250000,1644.1085
11970,WarpSAC-L,myo-pen-twirl-hard,2,avg_return,300000,1348.8472
11971,WarpSAC-L,myo-pen-twirl-hard,2,avg_return,350000,1672.9682
11972,WarpSAC-L,myo-pen-twirl-hard,2,avg_return,400000,1508.0227
11973,WarpSAC-L,myo-pen-twirl-hard,2,avg_return,450000,1693.7802
11974,WarpSAC-L,myo-pen-twirl-hard,2,avg_return,500000,1609.706
11975,WarpSAC-L,myo-pen-twirl-hard,2,avg_return,550000,2033.6209
11976,WarpSAC-L,myo-pen-twirl-hard,2,avg_return,600000,1126.1875
11977,WarpSAC-L,myo-pen-twirl-hard,2,avg_return,650000,2163.8193
11978,WarpSAC-L,myo-pen-twirl-hard,2,avg_return,700000,1351.576
11979,WarpSAC-L,myo-pen-twirl-hard,2,avg_return,750000,2031.4477
11980,WarpSAC-L,myo-pen-twirl-hard,2,avg_return,800000,2038.8165
11981,WarpSAC-L,myo-pen-twirl-hard,2,avg_return,850000,1704.8671
11982,WarpSAC-L,myo-pen-twirl-hard,2,avg_return,900000,1491.6187
11983,WarpSAC-L,myo-pen-twirl-hard,2,avg_return,950000,1471.786
11984,WarpSAC-L,myo-pen-twirl-hard,2,avg_return,1000000,1805.5376
11985,WarpSAC-L,myo-pen-twirl-hard,2,avg_success,0,0.0
11986,WarpSAC-L,myo-pen-twirl-hard,2,avg_success,50000,0.18
11987,WarpSAC-L,myo-pen-twirl-hard,2,avg_success,100000,0.44
11988,WarpSAC-L,myo-pen-twirl-hard,2,avg_success,150000,0.52
11989,WarpSAC-L,myo-pen-twirl-hard,2,avg_success,200000,0.62
11990,WarpSAC-L,myo-pen-twirl-hard,2,avg_success,250000,0.86
11991,WarpSAC-L,myo-pen-twirl-hard,2,avg_success,300000,0.66
11992,WarpSAC-L,myo-pen-twirl-hard,2,avg_success,350000,1.0
11993,WarpSAC-L,myo-pen-twirl-hard,2,avg_success,400000,0.96
11994,WarpSAC-L,myo-pen-twirl-hard,2,avg_success,450000,0.92
11995,WarpSAC-L,myo-pen-twirl-hard,2,avg_success,500000,0.98
11996,WarpSAC-L,myo-pen-twirl-hard,2,avg_success,550000,0.98
11997,WarpSAC-L,myo-pen-twirl-hard,2,avg_success,600000,0.74
11998,WarpSAC-L,myo-pen-twirl-hard,2,avg_success,650000,1.0
11999,WarpSAC-L,myo-pen-twirl-hard,2,avg_success,700000,0.94
12000,WarpSAC-L,myo-pen-twirl-hard,2,avg_success,750000,1.0
12001,WarpSAC-L,myo-pen-twirl-hard,2,avg_success,800000,0.96
12002,WarpSAC-L,myo-pen-twirl-hard,2,avg_success,850000,0.82
12003,WarpSAC-L,myo-pen-twirl-hard,2,avg_success,900000,0.88
12004,WarpSAC-L,myo-pen-twirl-hard,2,avg_success,950000,0.88
12005,WarpSAC-L,myo-pen-twirl-hard,2,avg_success,1000000,0.88
12006,WarpSAC-L,myo-pen-twirl-hard,3,avg_return,0,-12.3642
12007,WarpSAC-L,myo-pen-twirl-hard,3,avg_return,50000,72.4125
12008,WarpSAC-L,myo-pen-twirl-hard,3,avg_return,100000,799.1068
12009,WarpSAC-L,myo-pen-twirl-hard,3,avg_return,150000,730.9222
12010,WarpSAC-L,myo-pen-twirl-hard,3,avg_return,200000,1334.5218
12011,WarpSAC-L,myo-pen-twirl-hard,3,avg_return,250000,1230.9076
12012,WarpSAC-L,myo-pen-twirl-hard,3,avg_return,300000,1565.2737
12013,WarpSAC-L,myo-pen-twirl-hard,3,avg_return,350000,1474.3224
12014,WarpSAC-L,myo-pen-twirl-hard,3,avg_return,400000,1648.5055
12015,WarpSAC-L,myo-pen-twirl-hard,3,avg_return,450000,1699.4803
12016,WarpSAC-L,myo-pen-twirl-hard,3,avg_return,500000,1738.511
12017,WarpSAC-L,myo-pen-twirl-hard,3,avg_return,550000,1856.238
12018,WarpSAC-L,myo-pen-twirl-hard,3,avg_return,600000,2144.4549
12019,WarpSAC-L,myo-pen-twirl-hard,3,avg_return,650000,1916.0462
12020,WarpSAC-L,myo-pen-twirl-hard,3,avg_return,700000,1890.0854
12021,WarpSAC-L,myo-pen-twirl-hard,3,avg_return,750000,1987.1549
12022,WarpSAC-L,myo-pen-twirl-hard,3,avg_return,800000,1991.2156
12023,WarpSAC-L,myo-pen-twirl-hard,3,avg_return,850000,2037.8385
12024,WarpSAC-L,myo-pen-twirl-hard,3,avg_return,900000,2106.2098
12025,WarpSAC-L,myo-pen-twirl-hard,3,avg_return,950000,2013.6993
12026,WarpSAC-L,myo-pen-twirl-hard,3,avg_return,1000000,1982.7669
12027,WarpSAC-L,myo-pen-twirl-hard,3,avg_success,0,0.02
12028,WarpSAC-L,myo-pen-twirl-hard,3,avg_success,50000,0.08
12029,WarpSAC-L,myo-pen-twirl-hard,3,avg_success,100000,0.42
12030,WarpSAC-L,myo-pen-twirl-hard,3,avg_success,150000,0.42
12031,WarpSAC-L,myo-pen-twirl-hard,3,avg_success,200000,0.66
12032,WarpSAC-L,myo-pen-twirl-hard,3,avg_success,250000,0.68
12033,WarpSAC-L,myo-pen-twirl-hard,3,avg_success,300000,0.86
12034,WarpSAC-L,myo-pen-twirl-hard,3,avg_success,350000,0.9
12035,WarpSAC-L,myo-pen-twirl-hard,3,avg_success,400000,0.98
12036,WarpSAC-L,myo-pen-twirl-hard,3,avg_success,450000,1.0
12037,WarpSAC-L,myo-pen-twirl-hard,3,avg_success,500000,0.98
12038,WarpSAC-L,myo-pen-twirl-hard,3,avg_success,550000,1.0
12039,WarpSAC-L,myo-pen-twirl-hard,3,avg_success,600000,1.0
12040,WarpSAC-L,myo-pen-twirl-hard,3,avg_success,650000,1.0
12041,WarpSAC-L,myo-pen-twirl-hard,3,avg_success,700000,0.98
12042,WarpSAC-L,myo-pen-twirl-hard,3,avg_success,750000,0.98
12043,WarpSAC-L,myo-pen-twirl-hard,3,avg_success,800000,0.98
12044,WarpSAC-L,myo-pen-twirl-hard,3,avg_success,850000,1.0
12045,WarpSAC-L,myo-pen-twirl-hard,3,avg_success,900000,0.94
12046,WarpSAC-L,myo-pen-twirl-hard,3,avg_success,950000,0.98
12047,WarpSAC-L,myo-pen-twirl-hard,3,avg_success,1000000,0.98
12048,WarpSAC-L,myo-pen-twirl-hard,4,avg_return,0,-13.4789
12049,WarpSAC-L,myo-pen-twirl-hard,4,avg_return,50000,234.6343
12050,WarpSAC-L,myo-pen-twirl-hard,4,avg_return,100000,678.8139
12051,WarpSAC-L,myo-pen-twirl-hard,4,avg_return,150000,1008.5168
12052,WarpSAC-L,myo-pen-twirl-hard,4,avg_return,200000,771.0426
12053,WarpSAC-L,myo-pen-twirl-hard,4,avg_return,250000,1086.9511
12054,WarpSAC-L,myo-pen-twirl-hard,4,avg_return,300000,1130.7807
12055,WarpSAC-L,myo-pen-twirl-hard,4,avg_return,350000,1406.3709
12056,WarpSAC-L,myo-pen-twirl-hard,4,avg_return,400000,1484.4305
12057,WarpSAC-L,myo-pen-twirl-hard,4,avg_return,450000,1366.7565
12058,WarpSAC-L,myo-pen-twirl-hard,4,avg_return,500000,1447.1421
12059,WarpSAC-L,myo-pen-twirl-hard,4,avg_return,550000,1606.355
12060,WarpSAC-L,myo-pen-twirl-hard,4,avg_return,600000,1498.6172
12061,WarpSAC-L,myo-pen-twirl-hard,4,avg_return,650000,1630.7087
12062,WarpSAC-L,myo-pen-twirl-hard,4,avg_return,700000,1473.4725
12063,WarpSAC-L,myo-pen-twirl-hard,4,avg_return,750000,709.6707
12064,WarpSAC-L,myo-pen-twirl-hard,4,avg_return,800000,342.0181
12065,WarpSAC-L,myo-pen-twirl-hard,4,avg_return,850000,242.0607
12066,WarpSAC-L,myo-pen-twirl-hard,4,avg_return,900000,1093.7453
12067,WarpSAC-L,myo-pen-twirl-hard,4,avg_return,950000,1762.188
12068,WarpSAC-L,myo-pen-twirl-hard,4,avg_return,1000000,1897.1976
12069,WarpSAC-L,myo-pen-twirl-hard,4,avg_success,0,0.0
12070,WarpSAC-L,myo-pen-twirl-hard,4,avg_success,50000,0.2
12071,WarpSAC-L,myo-pen-twirl-hard,4,avg_success,100000,0.4
12072,WarpSAC-L,myo-pen-twirl-hard,4,avg_success,150000,0.48
12073,WarpSAC-L,myo-pen-twirl-hard,4,avg_success,200000,0.48
12074,WarpSAC-L,myo-pen-twirl-hard,4,avg_success,250000,0.56
12075,WarpSAC-L,myo-pen-twirl-hard,4,avg_success,300000,0.52
12076,WarpSAC-L,myo-pen-twirl-hard,4,avg_success,350000,0.7
12077,WarpSAC-L,myo-pen-twirl-hard,4,avg_success,400000,0.78
12078,WarpSAC-L,myo-pen-twirl-hard,4,avg_success,450000,0.74
12079,WarpSAC-L,myo-pen-twirl-hard,4,avg_success,500000,0.78
12080,WarpSAC-L,myo-pen-twirl-hard,4,avg_success,550000,0.82
12081,WarpSAC-L,myo-pen-twirl-hard,4,avg_success,600000,0.72
12082,WarpSAC-L,myo-pen-twirl-hard,4,avg_success,650000,0.84
12083,WarpSAC-L,myo-pen-twirl-hard,4,avg_success,700000,0.66
12084,WarpSAC-L,myo-pen-twirl-hard,4,avg_success,750000,0.44
12085,WarpSAC-L,myo-pen-twirl-hard,4,avg_success,800000,0.18
12086,WarpSAC-L,myo-pen-twirl-hard,4,avg_success,850000,0.22
12087,WarpSAC-L,myo-pen-twirl-hard,4,avg_success,900000,0.56
12088,WarpSAC-L,myo-pen-twirl-hard,4,avg_success,950000,0.86
12089,WarpSAC-L,myo-pen-twirl-hard,4,avg_success,1000000,0.88
12090,WarpSAC-L,myo-pen-twirl-hard,5,avg_return,0,-22.8065
12091,WarpSAC-L,myo-pen-twirl-hard,5,avg_return,50000,220.0334
12092,WarpSAC-L,myo-pen-twirl-hard,5,avg_return,100000,746.4078
12093,WarpSAC-L,myo-pen-twirl-hard,5,avg_return,150000,765.4896
12094,WarpSAC-L,myo-pen-twirl-hard,5,avg_return,200000,1168.4035
12095,WarpSAC-L,myo-pen-twirl-hard,5,avg_return,250000,1010.5005
12096,WarpSAC-L,myo-pen-twirl-hard,5,avg_return,300000,887.8253
12097,WarpSAC-L,myo-pen-twirl-hard,5,avg_return,350000,1313.0346
12098,WarpSAC-L,myo-pen-twirl-hard,5,avg_return,400000,1659.1459
12099,WarpSAC-L,myo-pen-twirl-hard,5,avg_return,450000,1559.2588
12100,WarpSAC-L,myo-pen-twirl-hard,5,avg_return,500000,2038.8285
12101,WarpSAC-L,myo-pen-twirl-hard,5,avg_return,550000,1585.4777
12102,WarpSAC-L,myo-pen-twirl-hard,5,avg_return,600000,1963.432
12103,WarpSAC-L,myo-pen-twirl-hard,5,avg_return,650000,1935.4695
12104,WarpSAC-L,myo-pen-twirl-hard,5,avg_return,700000,1790.9108
12105,WarpSAC-L,myo-pen-twirl-hard,5,avg_return,750000,1960.3832
12106,WarpSAC-L,myo-pen-twirl-hard,5,avg_return,800000,1982.1285
12107,WarpSAC-L,myo-pen-twirl-hard,5,avg_return,850000,2138.1305
12108,WarpSAC-L,myo-pen-twirl-hard,5,avg_return,900000,2082.674
12109,WarpSAC-L,myo-pen-twirl-hard,5,avg_return,950000,2131.6542
12110,WarpSAC-L,myo-pen-twirl-hard,5,avg_return,1000000,2170.6514
12111,WarpSAC-L,myo-pen-twirl-hard,5,avg_success,0,0.0
12112,WarpSAC-L,myo-pen-twirl-hard,5,avg_success,50000,0.14
12113,WarpSAC-L,myo-pen-twirl-hard,5,avg_success,100000,0.4
12114,WarpSAC-L,myo-pen-twirl-hard,5,avg_success,150000,0.44
12115,WarpSAC-L,myo-pen-twirl-hard,5,avg_success,200000,0.58
12116,WarpSAC-L,myo-pen-twirl-hard,5,avg_success,250000,0.54
12117,WarpSAC-L,myo-pen-twirl-hard,5,avg_success,300000,0.52
12118,WarpSAC-L,myo-pen-twirl-hard,5,avg_success,350000,0.68
12119,WarpSAC-L,myo-pen-twirl-hard,5,avg_success,400000,0.84
12120,WarpSAC-L,myo-pen-twirl-hard,5,avg_success,450000,0.76
12121,WarpSAC-L,myo-pen-twirl-hard,5,avg_success,500000,0.96
12122,WarpSAC-L,myo-pen-twirl-hard,5,avg_success,550000,0.9
12123,WarpSAC-L,myo-pen-twirl-hard,5,avg_success,600000,0.96
12124,WarpSAC-L,myo-pen-twirl-hard,5,avg_success,650000,0.92
12125,WarpSAC-L,myo-pen-twirl-hard,5,avg_success,700000,0.96
12126,WarpSAC-L,myo-pen-twirl-hard,5,avg_success,750000,0.96
12127,WarpSAC-L,myo-pen-twirl-hard,5,avg_success,800000,0.98
12128,WarpSAC-L,myo-pen-twirl-hard,5,avg_success,850000,1.0
12129,WarpSAC-L,myo-pen-twirl-hard,5,avg_success,900000,1.0
12130,WarpSAC-L,myo-pen-twirl-hard,5,avg_success,950000,1.0
12131,WarpSAC-L,myo-pen-twirl-hard,5,avg_success,1000000,0.98
12132,WarpSAC-L,myo-pose,1,avg_return,0,-407.4578
12133,WarpSAC-L,myo-pose,1,avg_return,50000,296.1048
12134,WarpSAC-L,myo-pose,1,avg_return,100000,664.6895
12135,WarpSAC-L,myo-pose,1,avg_return,150000,701.3514
12136,WarpSAC-L,myo-pose,1,avg_return,200000,720.4044
12137,WarpSAC-L,myo-pose,1,avg_return,250000,724.7571
12138,WarpSAC-L,myo-pose,1,avg_return,300000,731.2655
12139,WarpSAC-L,myo-pose,1,avg_return,350000,732.6603
12140,WarpSAC-L,myo-pose,1,avg_return,400000,732.9038
12141,WarpSAC-L,myo-pose,1,avg_return,450000,733.9534
12142,WarpSAC-L,myo-pose,1,avg_return,500000,734.4368
12143,WarpSAC-L,myo-pose,1,avg_return,550000,734.9627
12144,WarpSAC-L,myo-pose,1,avg_return,600000,735.05
12145,WarpSAC-L,myo-pose,1,avg_return,650000,722.5412
12146,WarpSAC-L,myo-pose,1,avg_return,700000,734.7472
12147,WarpSAC-L,myo-pose,1,avg_return,750000,733.9922
12148,WarpSAC-L,myo-pose,1,avg_return,800000,734.8793
12149,WarpSAC-L,myo-pose,1,avg_return,850000,734.9993
12150,WarpSAC-L,myo-pose,1,avg_return,900000,735.3798
12151,WarpSAC-L,myo-pose,1,avg_return,950000,735.4587
12152,WarpSAC-L,myo-pose,1,avg_return,1000000,734.9615
12153,WarpSAC-L,myo-pose,1,avg_success,0,0.0
12154,WarpSAC-L,myo-pose,1,avg_success,50000,0.0
12155,WarpSAC-L,myo-pose,1,avg_success,100000,1.0
12156,WarpSAC-L,myo-pose,1,avg_success,150000,1.0
12157,WarpSAC-L,myo-pose,1,avg_success,200000,1.0
12158,WarpSAC-L,myo-pose,1,avg_success,250000,1.0
12159,WarpSAC-L,myo-pose,1,avg_success,300000,1.0
12160,WarpSAC-L,myo-pose,1,avg_success,350000,1.0
12161,WarpSAC-L,myo-pose,1,avg_success,400000,1.0
12162,WarpSAC-L,myo-pose,1,avg_success,450000,1.0
12163,WarpSAC-L,myo-pose,1,avg_success,500000,1.0
12164,WarpSAC-L,myo-pose,1,avg_success,550000,1.0
12165,WarpSAC-L,myo-pose,1,avg_success,600000,1.0
12166,WarpSAC-L,myo-pose,1,avg_success,650000,1.0
12167,WarpSAC-L,myo-pose,1,avg_success,700000,1.0
12168,WarpSAC-L,myo-pose,1,avg_success,750000,1.0
12169,WarpSAC-L,myo-pose,1,avg_success,800000,1.0
12170,WarpSAC-L,myo-pose,1,avg_success,850000,1.0
12171,WarpSAC-L,myo-pose,1,avg_success,900000,1.0
12172,WarpSAC-L,myo-pose,1,avg_success,950000,1.0
12173,WarpSAC-L,myo-pose,1,avg_success,1000000,1.0
12174,WarpSAC-L,myo-pose,2,avg_return,0,-399.3665
12175,WarpSAC-L,myo-pose,2,avg_return,50000,306.74
12176,WarpSAC-L,myo-pose,2,avg_return,100000,681.9864
12177,WarpSAC-L,myo-pose,2,avg_return,150000,716.5091
12178,WarpSAC-L,myo-pose,2,avg_return,200000,725.3629
12179,WarpSAC-L,myo-pose,2,avg_return,250000,727.0039
12180,WarpSAC-L,myo-pose,2,avg_return,300000,733.1003
12181,WarpSAC-L,myo-pose,2,avg_return,350000,734.1207
12182,WarpSAC-L,myo-pose,2,avg_return,400000,736.0415
12183,WarpSAC-L,myo-pose,2,avg_return,450000,736.81
12184,WarpSAC-L,myo-pose,2,avg_return,500000,737.3775
12185,WarpSAC-L,myo-pose,2,avg_return,550000,737.9154
12186,WarpSAC-L,myo-pose,2,avg_return,600000,736.8296
12187,WarpSAC-L,myo-pose,2,avg_return,650000,738.4152
12188,WarpSAC-L,myo-pose,2,avg_return,700000,737.1454
12189,WarpSAC-L,myo-pose,2,avg_return,750000,738.4004
12190,WarpSAC-L,myo-pose,2,avg_return,800000,737.8215
12191,WarpSAC-L,myo-pose,2,avg_return,850000,738.5421
12192,WarpSAC-L,myo-pose,2,avg_return,900000,742.048
12193,WarpSAC-L,myo-pose,2,avg_return,950000,742.5322
12194,WarpSAC-L,myo-pose,2,avg_return,1000000,742.9
12195,WarpSAC-L,myo-pose,2,avg_success,0,0.0
12196,WarpSAC-L,myo-pose,2,avg_success,50000,0.0
12197,WarpSAC-L,myo-pose,2,avg_success,100000,1.0
12198,WarpSAC-L,myo-pose,2,avg_success,150000,1.0
12199,WarpSAC-L,myo-pose,2,avg_success,200000,1.0
12200,WarpSAC-L,myo-pose,2,avg_success,250000,1.0
12201,WarpSAC-L,myo-pose,2,avg_success,300000,1.0
12202,WarpSAC-L,myo-pose,2,avg_success,350000,1.0
12203,WarpSAC-L,myo-pose,2,avg_success,400000,1.0
12204,WarpSAC-L,myo-pose,2,avg_success,450000,1.0
12205,WarpSAC-L,myo-pose,2,avg_success,500000,1.0
12206,WarpSAC-L,myo-pose,2,avg_success,550000,1.0
12207,WarpSAC-L,myo-pose,2,avg_success,600000,1.0
12208,WarpSAC-L,myo-pose,2,avg_success,650000,1.0
12209,WarpSAC-L,myo-pose,2,avg_success,700000,1.0
12210,WarpSAC-L,myo-pose,2,avg_success,750000,1.0
12211,WarpSAC-L,myo-pose,2,avg_success,800000,1.0
12212,WarpSAC-L,myo-pose,2,avg_success,850000,1.0
12213,WarpSAC-L,myo-pose,2,avg_success,900000,1.0
12214,WarpSAC-L,myo-pose,2,avg_success,950000,1.0
12215,WarpSAC-L,myo-pose,2,avg_success,1000000,1.0
12216,WarpSAC-L,myo-pose,3,avg_return,0,-374.6505
12217,WarpSAC-L,myo-pose,3,avg_return,50000,292.5553
12218,WarpSAC-L,myo-pose,3,avg_return,100000,655.6963
12219,WarpSAC-L,myo-pose,3,avg_return,150000,671.7329
12220,WarpSAC-L,myo-pose,3,avg_return,200000,680.114
12221,WarpSAC-L,myo-pose,3,avg_return,250000,687.9795
12222,WarpSAC-L,myo-pose,3,avg_return,300000,697.9063
12223,WarpSAC-L,myo-pose,3,avg_return,350000,700.877
12224,WarpSAC-L,myo-pose,3,avg_return,400000,703.0946
12225,WarpSAC-L,myo-pose,3,avg_return,450000,702.8158
12226,WarpSAC-L,myo-pose,3,avg_return,500000,703.826
12227,WarpSAC-L,myo-pose,3,avg_return,550000,705.3479
12228,WarpSAC-L,myo-pose,3,avg_return,600000,705.1824
12229,WarpSAC-L,myo-pose,3,avg_return,650000,704.6369
12230,WarpSAC-L,myo-pose,3,avg_return,700000,710.6071
12231,WarpSAC-L,myo-pose,3,avg_return,750000,708.8333
12232,WarpSAC-L,myo-pose,3,avg_return,800000,712.0809
12233,WarpSAC-L,myo-pose,3,avg_return,850000,711.5797
12234,WarpSAC-L,myo-pose,3,avg_return,900000,710.8943
12235,WarpSAC-L,myo-pose,3,avg_return,950000,716.646
12236,WarpSAC-L,myo-pose,3,avg_return,1000000,716.146
12237,WarpSAC-L,myo-pose,3,avg_success,0,0.0
12238,WarpSAC-L,myo-pose,3,avg_success,50000,0.0
12239,WarpSAC-L,myo-pose,3,avg_success,100000,1.0
12240,WarpSAC-L,myo-pose,3,avg_success,150000,1.0
12241,WarpSAC-L,myo-pose,3,avg_success,200000,1.0
12242,WarpSAC-L,myo-pose,3,avg_success,250000,1.0
12243,WarpSAC-L,myo-pose,3,avg_success,300000,1.0
12244,WarpSAC-L,myo-pose,3,avg_success,350000,1.0
12245,WarpSAC-L,myo-pose,3,avg_success,400000,1.0
12246,WarpSAC-L,myo-pose,3,avg_success,450000,1.0
12247,WarpSAC-L,myo-pose,3,avg_success,500000,1.0
12248,WarpSAC-L,myo-pose,3,avg_success,550000,1.0
12249,WarpSAC-L,myo-pose,3,avg_success,600000,1.0
12250,WarpSAC-L,myo-pose,3,avg_success,650000,1.0
12251,WarpSAC-L,myo-pose,3,avg_success,700000,1.0
12252,WarpSAC-L,myo-pose,3,avg_success,750000,1.0
12253,WarpSAC-L,myo-pose,3,avg_success,800000,1.0
12254,WarpSAC-L,myo-pose,3,avg_success,850000,1.0
12255,WarpSAC-L,myo-pose,3,avg_success,900000,1.0
12256,WarpSAC-L,myo-pose,3,avg_success,950000,1.0
12257,WarpSAC-L,myo-pose,3,avg_success,1000000,1.0
12258,WarpSAC-L,myo-pose,4,avg_return,0,-389.9538
12259,WarpSAC-L,myo-pose,4,avg_return,50000,289.6124
12260,WarpSAC-L,myo-pose,4,avg_return,100000,676.6268
12261,WarpSAC-L,myo-pose,4,avg_return,150000,690.855
12262,WarpSAC-L,myo-pose,4,avg_return,200000,719.3769
12263,WarpSAC-L,myo-pose,4,avg_return,250000,725.8928
12264,WarpSAC-L,myo-pose,4,avg_return,300000,729.0584
12265,WarpSAC-L,myo-pose,4,avg_return,350000,731.3883
12266,WarpSAC-L,myo-pose,4,avg_return,400000,732.6826
12267,WarpSAC-L,myo-pose,4,avg_return,450000,737.813
12268,WarpSAC-L,myo-pose,4,avg_return,500000,737.8326
12269,WarpSAC-L,myo-pose,4,avg_return,550000,739.7383
12270,WarpSAC-L,myo-pose,4,avg_return,600000,739.3845
12271,WarpSAC-L,myo-pose,4,avg_return,650000,739.849
12272,WarpSAC-L,myo-pose,4,avg_return,700000,740.6814
12273,WarpSAC-L,myo-pose,4,avg_return,750000,741.3823
12274,WarpSAC-L,myo-pose,4,avg_return,800000,740.5088
12275,WarpSAC-L,myo-pose,4,avg_return,850000,741.4768
12276,WarpSAC-L,myo-pose,4,avg_return,900000,741.395
12277,WarpSAC-L,myo-pose,4,avg_return,950000,739.6674
12278,WarpSAC-L,myo-pose,4,avg_return,1000000,741.8322
12279,WarpSAC-L,myo-pose,4,avg_success,0,0.0
12280,WarpSAC-L,myo-pose,4,avg_success,50000,0.0
12281,WarpSAC-L,myo-pose,4,avg_success,100000,1.0
12282,WarpSAC-L,myo-pose,4,avg_success,150000,1.0
12283,WarpSAC-L,myo-pose,4,avg_success,200000,1.0
12284,WarpSAC-L,myo-pose,4,avg_success,250000,1.0
12285,WarpSAC-L,myo-pose,4,avg_success,300000,1.0
12286,WarpSAC-L,myo-pose,4,avg_success,350000,1.0
12287,WarpSAC-L,myo-pose,4,avg_success,400000,1.0
12288,WarpSAC-L,myo-pose,4,avg_success,450000,1.0
12289,WarpSAC-L,myo-pose,4,avg_success,500000,1.0
12290,WarpSAC-L,myo-pose,4,avg_success,550000,1.0
12291,WarpSAC-L,myo-pose,4,avg_success,600000,1.0
12292,WarpSAC-L,myo-pose,4,avg_success,650000,1.0
12293,WarpSAC-L,myo-pose,4,avg_success,700000,1.0
12294,WarpSAC-L,myo-pose,4,avg_success,750000,1.0
12295,WarpSAC-L,myo-pose,4,avg_success,800000,1.0
12296,WarpSAC-L,myo-pose,4,avg_success,850000,1.0
12297,WarpSAC-L,myo-pose,4,avg_success,900000,1.0
12298,WarpSAC-L,myo-pose,4,avg_success,950000,1.0
12299,WarpSAC-L,myo-pose,4,avg_success,1000000,1.0
12300,WarpSAC-L,myo-pose,5,avg_return,0,-435.1472
12301,WarpSAC-L,myo-pose,5,avg_return,50000,303.4173
12302,WarpSAC-L,myo-pose,5,avg_return,100000,677.2271
12303,WarpSAC-L,myo-pose,5,avg_return,150000,691.4363
12304,WarpSAC-L,myo-pose,5,avg_return,200000,715.9573
12305,WarpSAC-L,myo-pose,5,avg_return,250000,722.06
12306,WarpSAC-L,myo-pose,5,avg_return,300000,728.2778
12307,WarpSAC-L,myo-pose,5,avg_return,350000,729.475
12308,WarpSAC-L,myo-pose,5,avg_return,400000,729.2643
12309,WarpSAC-L,myo-pose,5,avg_return,450000,732.547
12310,WarpSAC-L,myo-pose,5,avg_return,500000,726.8016
12311,WarpSAC-L,myo-pose,5,avg_return,550000,733.6016
12312,WarpSAC-L,myo-pose,5,avg_return,600000,733.5475
12313,WarpSAC-L,myo-pose,5,avg_return,650000,731.1192
12314,WarpSAC-L,myo-pose,5,avg_return,700000,734.3951
12315,WarpSAC-L,myo-pose,5,avg_return,750000,734.0236
12316,WarpSAC-L,myo-pose,5,avg_return,800000,734.182
12317,WarpSAC-L,myo-pose,5,avg_return,850000,734.4992
12318,WarpSAC-L,myo-pose,5,avg_return,900000,734.0381
12319,WarpSAC-L,myo-pose,5,avg_return,950000,735.0576
12320,WarpSAC-L,myo-pose,5,avg_return,1000000,734.0592
12321,WarpSAC-L,myo-pose,5,avg_success,0,0.0
12322,WarpSAC-L,myo-pose,5,avg_success,50000,0.0
12323,WarpSAC-L,myo-pose,5,avg_success,100000,1.0
12324,WarpSAC-L,myo-pose,5,avg_success,150000,1.0
12325,WarpSAC-L,myo-pose,5,avg_success,200000,1.0
12326,WarpSAC-L,myo-pose,5,avg_success,250000,1.0
12327,WarpSAC-L,myo-pose,5,avg_success,300000,1.0
12328,WarpSAC-L,myo-pose,5,avg_success,350000,1.0
12329,WarpSAC-L,myo-pose,5,avg_success,400000,1.0
12330,WarpSAC-L,myo-pose,5,avg_success,450000,1.0
12331,WarpSAC-L,myo-pose,5,avg_success,500000,1.0
12332,WarpSAC-L,myo-pose,5,avg_success,550000,1.0
12333,WarpSAC-L,myo-pose,5,avg_success,600000,1.0
12334,WarpSAC-L,myo-pose,5,avg_success,650000,1.0
12335,WarpSAC-L,myo-pose,5,avg_success,700000,1.0
12336,WarpSAC-L,myo-pose,5,avg_success,750000,1.0
12337,WarpSAC-L,myo-pose,5,avg_success,800000,1.0
12338,WarpSAC-L,myo-pose,5,avg_success,850000,1.0
12339,WarpSAC-L,myo-pose,5,avg_success,900000,1.0
12340,WarpSAC-L,myo-pose,5,avg_success,950000,1.0
12341,WarpSAC-L,myo-pose,5,avg_success,1000000,1.0
12342,WarpSAC-L,myo-pose-hard,1,avg_return,0,-327.1442
12343,WarpSAC-L,myo-pose-hard,1,avg_return,50000,-226.6462
12344,WarpSAC-L,myo-pose-hard,1,avg_return,100000,-200.3822
12345,WarpSAC-L,myo-pose-hard,1,avg_return,150000,-186.4718
12346,WarpSAC-L,myo-pose-hard,1,avg_return,200000,-188.4747
12347,WarpSAC-L,myo-pose-hard,1,avg_return,250000,-182.3857
12348,WarpSAC-L,myo-pose-hard,1,avg_return,300000,-170.6151
12349,WarpSAC-L,myo-pose-hard,1,avg_return,350000,-172.6796
12350,WarpSAC-L,myo-pose-hard,1,avg_return,400000,-159.2225
12351,WarpSAC-L,myo-pose-hard,1,avg_return,450000,-168.7601
12352,WarpSAC-L,myo-pose-hard,1,avg_return,500000,-159.3276
12353,WarpSAC-L,myo-pose-hard,1,avg_return,550000,-166.3248
12354,WarpSAC-L,myo-pose-hard,1,avg_return,600000,-164.3561
12355,WarpSAC-L,myo-pose-hard,1,avg_return,650000,-132.4753
12356,WarpSAC-L,myo-pose-hard,1,avg_return,700000,-146.5564
12357,WarpSAC-L,myo-pose-hard,1,avg_return,750000,-169.6539
12358,WarpSAC-L,myo-pose-hard,1,avg_return,800000,-161.7067
12359,WarpSAC-L,myo-pose-hard,1,avg_return,850000,-157.4403
12360,WarpSAC-L,myo-pose-hard,1,avg_return,900000,-129.2682
12361,WarpSAC-L,myo-pose-hard,1,avg_return,950000,-160.6975
12362,WarpSAC-L,myo-pose-hard,1,avg_return,1000000,-123.0597
12363,WarpSAC-L,myo-pose-hard,1,avg_success,0,0.0
12364,WarpSAC-L,myo-pose-hard,1,avg_success,50000,0.0
12365,WarpSAC-L,myo-pose-hard,1,avg_success,100000,0.0
12366,WarpSAC-L,myo-pose-hard,1,avg_success,150000,0.0
12367,WarpSAC-L,myo-pose-hard,1,avg_success,200000,0.0
12368,WarpSAC-L,myo-pose-hard,1,avg_success,250000,0.0
12369,WarpSAC-L,myo-pose-hard,1,avg_success,300000,0.0
12370,WarpSAC-L,myo-pose-hard,1,avg_success,350000,0.0
12371,WarpSAC-L,myo-pose-hard,1,avg_success,400000,0.0
12372,WarpSAC-L,myo-pose-hard,1,avg_success,450000,0.0
12373,WarpSAC-L,myo-pose-hard,1,avg_success,500000,0.0
12374,WarpSAC-L,myo-pose-hard,1,avg_success,550000,0.0
12375,WarpSAC-L,myo-pose-hard,1,avg_success,600000,0.0
12376,WarpSAC-L,myo-pose-hard,1,avg_success,650000,0.0
12377,WarpSAC-L,myo-pose-hard,1,avg_success,700000,0.0
12378,WarpSAC-L,myo-pose-hard,1,avg_success,750000,0.0
12379,WarpSAC-L,myo-pose-hard,1,avg_success,800000,0.0
12380,WarpSAC-L,myo-pose-hard,1,avg_success,850000,0.0
12381,WarpSAC-L,myo-pose-hard,1,avg_success,900000,0.0
12382,WarpSAC-L,myo-pose-hard,1,avg_success,950000,0.0
12383,WarpSAC-L,myo-pose-hard,1,avg_success,1000000,0.0
12384,WarpSAC-L,myo-pose-hard,2,avg_return,0,-338.4265
12385,WarpSAC-L,myo-pose-hard,2,avg_return,50000,-230.2266
12386,WarpSAC-L,myo-pose-hard,2,avg_return,100000,-195.5375
12387,WarpSAC-L,myo-pose-hard,2,avg_return,150000,-186.7889
12388,WarpSAC-L,myo-pose-hard,2,avg_return,200000,-180.7632
12389,WarpSAC-L,myo-pose-hard,2,avg_return,250000,-173.9829
12390,WarpSAC-L,myo-pose-hard,2,avg_return,300000,-180.2446
12391,WarpSAC-L,myo-pose-hard,2,avg_return,350000,-172.3217
12392,WarpSAC-L,myo-pose-hard,2,avg_return,400000,-181.5075
12393,WarpSAC-L,myo-pose-hard,2,avg_return,450000,-151.8705
12394,WarpSAC-L,myo-pose-hard,2,avg_return,500000,-164.723
12395,WarpSAC-L,myo-pose-hard,2,avg_return,550000,-173.371
12396,WarpSAC-L,myo-pose-hard,2,avg_return,600000,-160.7726
12397,WarpSAC-L,myo-pose-hard,2,avg_return,650000,-154.1481
12398,WarpSAC-L,myo-pose-hard,2,avg_return,700000,-154.3391
12399,WarpSAC-L,myo-pose-hard,2,avg_return,750000,-139.5179
12400,WarpSAC-L,myo-pose-hard,2,avg_return,800000,-142.6821
12401,WarpSAC-L,myo-pose-hard,2,avg_return,850000,-133.0964
12402,WarpSAC-L,myo-pose-hard,2,avg_return,900000,-108.3711
12403,WarpSAC-L,myo-pose-hard,2,avg_return,950000,-112.6087
12404,WarpSAC-L,myo-pose-hard,2,avg_return,1000000,-123.868
12405,WarpSAC-L,myo-pose-hard,2,avg_success,0,0.0
12406,WarpSAC-L,myo-pose-hard,2,avg_success,50000,0.0
12407,WarpSAC-L,myo-pose-hard,2,avg_success,100000,0.0
12408,WarpSAC-L,myo-pose-hard,2,avg_success,150000,0.0
12409,WarpSAC-L,myo-pose-hard,2,avg_success,200000,0.0
12410,WarpSAC-L,myo-pose-hard,2,avg_success,250000,0.0
12411,WarpSAC-L,myo-pose-hard,2,avg_success,300000,0.0
12412,WarpSAC-L,myo-pose-hard,2,avg_success,350000,0.0
12413,WarpSAC-L,myo-pose-hard,2,avg_success,400000,0.0
12414,WarpSAC-L,myo-pose-hard,2,avg_success,450000,0.0
12415,WarpSAC-L,myo-pose-hard,2,avg_success,500000,0.0
12416,WarpSAC-L,myo-pose-hard,2,avg_success,550000,0.0
12417,WarpSAC-L,myo-pose-hard,2,avg_success,600000,0.0
12418,WarpSAC-L,myo-pose-hard,2,avg_success,650000,0.0
12419,WarpSAC-L,myo-pose-hard,2,avg_success,700000,0.0
12420,WarpSAC-L,myo-pose-hard,2,avg_success,750000,0.0
12421,WarpSAC-L,myo-pose-hard,2,avg_success,800000,0.0
12422,WarpSAC-L,myo-pose-hard,2,avg_success,850000,0.0
12423,WarpSAC-L,myo-pose-hard,2,avg_success,900000,0.0
12424,WarpSAC-L,myo-pose-hard,2,avg_success,950000,0.0
12425,WarpSAC-L,myo-pose-hard,2,avg_success,1000000,0.0
12426,WarpSAC-L,myo-pose-hard,3,avg_return,0,-331.2688
12427,WarpSAC-L,myo-pose-hard,3,avg_return,50000,-221.2383
12428,WarpSAC-L,myo-pose-hard,3,avg_return,100000,-199.8295
12429,WarpSAC-L,myo-pose-hard,3,avg_return,150000,-188.1217
12430,WarpSAC-L,myo-pose-hard,3,avg_return,200000,-190.0118
12431,WarpSAC-L,myo-pose-hard,3,avg_return,250000,-182.4395
12432,WarpSAC-L,myo-pose-hard,3,avg_return,300000,-174.9007
12433,WarpSAC-L,myo-pose-hard,3,avg_return,350000,-181.3846
12434,WarpSAC-L,myo-pose-hard,3,avg_return,400000,-174.3673
12435,WarpSAC-L,myo-pose-hard,3,avg_return,450000,-164.4488
12436,WarpSAC-L,myo-pose-hard,3,avg_return,500000,-171.1461
12437,WarpSAC-L,myo-pose-hard,3,avg_return,550000,-170.9453
12438,WarpSAC-L,myo-pose-hard,3,avg_return,600000,-160.3113
12439,WarpSAC-L,myo-pose-hard,3,avg_return,650000,-168.9988
12440,WarpSAC-L,myo-pose-hard,3,avg_return,700000,-168.437
12441,WarpSAC-L,myo-pose-hard,3,avg_return,750000,-156.0589
12442,WarpSAC-L,myo-pose-hard,3,avg_return,800000,-153.2896
12443,WarpSAC-L,myo-pose-hard,3,avg_return,850000,-134.6687
12444,WarpSAC-L,myo-pose-hard,3,avg_return,900000,-154.4461
12445,WarpSAC-L,myo-pose-hard,3,avg_return,950000,-129.0552
12446,WarpSAC-L,myo-pose-hard,3,avg_return,1000000,-99.9943
12447,WarpSAC-L,myo-pose-hard,3,avg_success,0,0.0
12448,WarpSAC-L,myo-pose-hard,3,avg_success,50000,0.0
12449,WarpSAC-L,myo-pose-hard,3,avg_success,100000,0.0
12450,WarpSAC-L,myo-pose-hard,3,avg_success,150000,0.0
12451,WarpSAC-L,myo-pose-hard,3,avg_success,200000,0.0
12452,WarpSAC-L,myo-pose-hard,3,avg_success,250000,0.0
12453,WarpSAC-L,myo-pose-hard,3,avg_success,300000,0.0
12454,WarpSAC-L,myo-pose-hard,3,avg_success,350000,0.0
12455,WarpSAC-L,myo-pose-hard,3,avg_success,400000,0.0
12456,WarpSAC-L,myo-pose-hard,3,avg_success,450000,0.0
12457,WarpSAC-L,myo-pose-hard,3,avg_success,500000,0.0
12458,WarpSAC-L,myo-pose-hard,3,avg_success,550000,0.0
12459,WarpSAC-L,myo-pose-hard,3,avg_success,600000,0.0
12460,WarpSAC-L,myo-pose-hard,3,avg_success,650000,0.0
12461,WarpSAC-L,myo-pose-hard,3,avg_success,700000,0.0
12462,WarpSAC-L,myo-pose-hard,3,avg_success,750000,0.0
12463,WarpSAC-L,myo-pose-hard,3,avg_success,800000,0.0
12464,WarpSAC-L,myo-pose-hard,3,avg_success,850000,0.0
12465,WarpSAC-L,myo-pose-hard,3,avg_success,900000,0.0
12466,WarpSAC-L,myo-pose-hard,3,avg_success,950000,0.0
12467,WarpSAC-L,myo-pose-hard,3,avg_success,1000000,0.0
12468,WarpSAC-L,myo-pose-hard,4,avg_return,0,-326.2904
12469,WarpSAC-L,myo-pose-hard,4,avg_return,50000,-235.15
12470,WarpSAC-L,myo-pose-hard,4,avg_return,100000,-197.6008
12471,WarpSAC-L,myo-pose-hard,4,avg_return,150000,-190.8258
12472,WarpSAC-L,myo-pose-hard,4,avg_return,200000,-183.3979
12473,WarpSAC-L,myo-pose-hard,4,avg_return,250000,-185.8285
12474,WarpSAC-L,myo-pose-hard,4,avg_return,300000,-184.2111
12475,WarpSAC-L,myo-pose-hard,4,avg_return,350000,-180.3742
12476,WarpSAC-L,myo-pose-hard,4,avg_return,400000,-174.2702
12477,WarpSAC-L,myo-pose-hard,4,avg_return,450000,-177.3048
12478,WarpSAC-L,myo-pose-hard,4,avg_return,500000,-181.9613
12479,WarpSAC-L,myo-pose-hard,4,avg_return,550000,-173.0502
12480,WarpSAC-L,myo-pose-hard,4,avg_return,600000,-163.6184
12481,WarpSAC-L,myo-pose-hard,4,avg_return,650000,-156.0609
12482,WarpSAC-L,myo-pose-hard,4,avg_return,700000,-154.3547
12483,WarpSAC-L,myo-pose-hard,4,avg_return,750000,-163.3659
12484,WarpSAC-L,myo-pose-hard,4,avg_return,800000,-164.5597
12485,WarpSAC-L,myo-pose-hard,4,avg_return,850000,-143.857
12486,WarpSAC-L,myo-pose-hard,4,avg_return,900000,-131.7593
12487,WarpSAC-L,myo-pose-hard,4,avg_return,950000,-137.224
12488,WarpSAC-L,myo-pose-hard,4,avg_return,1000000,-106.9119
12489,WarpSAC-L,myo-pose-hard,4,avg_success,0,0.0
12490,WarpSAC-L,myo-pose-hard,4,avg_success,50000,0.0
12491,WarpSAC-L,myo-pose-hard,4,avg_success,100000,0.0
12492,WarpSAC-L,myo-pose-hard,4,avg_success,150000,0.0
12493,WarpSAC-L,myo-pose-hard,4,avg_success,200000,0.0
12494,WarpSAC-L,myo-pose-hard,4,avg_success,250000,0.0
12495,WarpSAC-L,myo-pose-hard,4,avg_success,300000,0.0
12496,WarpSAC-L,myo-pose-hard,4,avg_success,350000,0.0
12497,WarpSAC-L,myo-pose-hard,4,avg_success,400000,0.0
12498,WarpSAC-L,myo-pose-hard,4,avg_success,450000,0.0
12499,WarpSAC-L,myo-pose-hard,4,avg_success,500000,0.0
12500,WarpSAC-L,myo-pose-hard,4,avg_success,550000,0.0
12501,WarpSAC-L,myo-pose-hard,4,avg_success,600000,0.0
12502,WarpSAC-L,myo-pose-hard,4,avg_success,650000,0.0
12503,WarpSAC-L,myo-pose-hard,4,avg_success,700000,0.0
12504,WarpSAC-L,myo-pose-hard,4,avg_success,750000,0.0
12505,WarpSAC-L,myo-pose-hard,4,avg_success,800000,0.0
12506,WarpSAC-L,myo-pose-hard,4,avg_success,850000,0.0
12507,WarpSAC-L,myo-pose-hard,4,avg_success,900000,0.0
12508,WarpSAC-L,myo-pose-hard,4,avg_success,950000,0.0
12509,WarpSAC-L,myo-pose-hard,4,avg_success,1000000,0.0
12510,WarpSAC-L,myo-pose-hard,5,avg_return,0,-343.9066
12511,WarpSAC-L,myo-pose-hard,5,avg_return,50000,-218.8225
12512,WarpSAC-L,myo-pose-hard,5,avg_return,100000,-192.6837
12513,WarpSAC-L,myo-pose-hard,5,avg_return,150000,-191.3889
12514,WarpSAC-L,myo-pose-hard,5,avg_return,200000,-181.5771
12515,WarpSAC-L,myo-pose-hard,5,avg_return,250000,-180.8207
12516,WarpSAC-L,myo-pose-hard,5,avg_return,300000,-178.4352
12517,WarpSAC-L,myo-pose-hard,5,avg_return,350000,-177.4662
12518,WarpSAC-L,myo-pose-hard,5,avg_return,400000,-162.4121
12519,WarpSAC-L,myo-pose-hard,5,avg_return,450000,-168.7844
12520,WarpSAC-L,myo-pose-hard,5,avg_return,500000,-149.2827
12521,WarpSAC-L,myo-pose-hard,5,avg_return,550000,-164.6285
12522,WarpSAC-L,myo-pose-hard,5,avg_return,600000,-160.4969
12523,WarpSAC-L,myo-pose-hard,5,avg_return,650000,-156.6501
12524,WarpSAC-L,myo-pose-hard,5,avg_return,700000,-164.3105
12525,WarpSAC-L,myo-pose-hard,5,avg_return,750000,-152.7804
12526,WarpSAC-L,myo-pose-hard,5,avg_return,800000,-163.468
12527,WarpSAC-L,myo-pose-hard,5,avg_return,850000,-130.6786
12528,WarpSAC-L,myo-pose-hard,5,avg_return,900000,-129.7453
12529,WarpSAC-L,myo-pose-hard,5,avg_return,950000,-146.4547
12530,WarpSAC-L,myo-pose-hard,5,avg_return,1000000,-152.3393
12531,WarpSAC-L,myo-pose-hard,5,avg_success,0,0.0
12532,WarpSAC-L,myo-pose-hard,5,avg_success,50000,0.0
12533,WarpSAC-L,myo-pose-hard,5,avg_success,100000,0.0
12534,WarpSAC-L,myo-pose-hard,5,avg_success,150000,0.0
12535,WarpSAC-L,myo-pose-hard,5,avg_success,200000,0.0
12536,WarpSAC-L,myo-pose-hard,5,avg_success,250000,0.0
12537,WarpSAC-L,myo-pose-hard,5,avg_success,300000,0.0
12538,WarpSAC-L,myo-pose-hard,5,avg_success,350000,0.0
12539,WarpSAC-L,myo-pose-hard,5,avg_success,400000,0.0
12540,WarpSAC-L,myo-pose-hard,5,avg_success,450000,0.0
12541,WarpSAC-L,myo-pose-hard,5,avg_success,500000,0.0
12542,WarpSAC-L,myo-pose-hard,5,avg_success,550000,0.0
12543,WarpSAC-L,myo-pose-hard,5,avg_success,600000,0.0
12544,WarpSAC-L,myo-pose-hard,5,avg_success,650000,0.0
12545,WarpSAC-L,myo-pose-hard,5,avg_success,700000,0.0
12546,WarpSAC-L,myo-pose-hard,5,avg_success,750000,0.0
12547,WarpSAC-L,myo-pose-hard,5,avg_success,800000,0.0
12548,WarpSAC-L,myo-pose-hard,5,avg_success,850000,0.0
12549,WarpSAC-L,myo-pose-hard,5,avg_success,900000,0.0
12550,WarpSAC-L,myo-pose-hard,5,avg_success,950000,0.0
12551,WarpSAC-L,myo-pose-hard,5,avg_success,1000000,0.0
12552,WarpSAC-L,myo-reach,1,avg_return,0,-54.0956
12553,WarpSAC-L,myo-reach,1,avg_return,50000,386.2636
12554,WarpSAC-L,myo-reach,1,avg_return,100000,767.4656
12555,WarpSAC-L,myo-reach,1,avg_return,150000,776.3435
12556,WarpSAC-L,myo-reach,1,avg_return,200000,776.8176
12557,WarpSAC-L,myo-reach,1,avg_return,250000,776.5991
12558,WarpSAC-L,myo-reach,1,avg_return,300000,775.2077
12559,WarpSAC-L,myo-reach,1,avg_return,350000,772.084
12560,WarpSAC-L,myo-reach,1,avg_return,400000,776.2595
12561,WarpSAC-L,myo-reach,1,avg_return,450000,776.2639
12562,WarpSAC-L,myo-reach,1,avg_return,500000,775.2273
12563,WarpSAC-L,myo-reach,1,avg_return,550000,776.7763
12564,WarpSAC-L,myo-reach,1,avg_return,600000,775.6924
12565,WarpSAC-L,myo-reach,1,avg_return,650000,775.9491
12566,WarpSAC-L,myo-reach,1,avg_return,700000,775.8559
12567,WarpSAC-L,myo-reach,1,avg_return,750000,775.4049
12568,WarpSAC-L,myo-reach,1,avg_return,800000,775.1294
12569,WarpSAC-L,myo-reach,1,avg_return,850000,775.3357
12570,WarpSAC-L,myo-reach,1,avg_return,900000,779.1959
12571,WarpSAC-L,myo-reach,1,avg_return,950000,779.3595
12572,WarpSAC-L,myo-reach,1,avg_return,1000000,779.4909
12573,WarpSAC-L,myo-reach,1,avg_success,0,0.0
12574,WarpSAC-L,myo-reach,1,avg_success,50000,0.0
12575,WarpSAC-L,myo-reach,1,avg_success,100000,1.0
12576,WarpSAC-L,myo-reach,1,avg_success,150000,1.0
12577,WarpSAC-L,myo-reach,1,avg_success,200000,1.0
12578,WarpSAC-L,myo-reach,1,avg_success,250000,1.0
12579,WarpSAC-L,myo-reach,1,avg_success,300000,1.0
12580,WarpSAC-L,myo-reach,1,avg_success,350000,1.0
12581,WarpSAC-L,myo-reach,1,avg_success,400000,1.0
12582,WarpSAC-L,myo-reach,1,avg_success,450000,1.0
12583,WarpSAC-L,myo-reach,1,avg_success,500000,1.0
12584,WarpSAC-L,myo-reach,1,avg_success,550000,1.0
12585,WarpSAC-L,myo-reach,1,avg_success,600000,1.0
12586,WarpSAC-L,myo-reach,1,avg_success,650000,1.0
12587,WarpSAC-L,myo-reach,1,avg_success,700000,1.0
12588,WarpSAC-L,myo-reach,1,avg_success,750000,1.0
12589,WarpSAC-L,myo-reach,1,avg_success,800000,1.0
12590,WarpSAC-L,myo-reach,1,avg_success,850000,1.0
12591,WarpSAC-L,myo-reach,1,avg_success,900000,1.0
12592,WarpSAC-L,myo-reach,1,avg_success,950000,1.0
12593,WarpSAC-L,myo-reach,1,avg_success,1000000,1.0
12594,WarpSAC-L,myo-reach,2,avg_return,0,-52.8899
12595,WarpSAC-L,myo-reach,2,avg_return,50000,387.3688
12596,WarpSAC-L,myo-reach,2,avg_return,100000,775.4749
12597,WarpSAC-L,myo-reach,2,avg_return,150000,776.803
12598,WarpSAC-L,myo-reach,2,avg_return,200000,777.0129
12599,WarpSAC-L,myo-reach,2,avg_return,250000,776.2447
12600,WarpSAC-L,myo-reach,2,avg_return,300000,776.7922
12601,WarpSAC-L,myo-reach,2,avg_return,350000,774.806
12602,WarpSAC-L,myo-reach,2,avg_return,400000,775.9416
12603,WarpSAC-L,myo-reach,2,avg_return,450000,776.3053
12604,WarpSAC-L,myo-reach,2,avg_return,500000,776.4022
12605,WarpSAC-L,myo-reach,2,avg_return,550000,780.1902
12606,WarpSAC-L,myo-reach,2,avg_return,600000,722.5354
12607,WarpSAC-L,myo-reach,2,avg_return,650000,779.4978
12608,WarpSAC-L,myo-reach,2,avg_return,700000,780.1547
12609,WarpSAC-L,myo-reach,2,avg_return,750000,779.7677
12610,WarpSAC-L,myo-reach,2,avg_return,800000,779.6506
12611,WarpSAC-L,myo-reach,2,avg_return,850000,779.9179
12612,WarpSAC-L,myo-reach,2,avg_return,900000,780.2141
12613,WarpSAC-L,myo-reach,2,avg_return,950000,779.9061
12614,WarpSAC-L,myo-reach,2,avg_return,1000000,780.0726
12615,WarpSAC-L,myo-reach,2,avg_success,0,0.0
12616,WarpSAC-L,myo-reach,2,avg_success,50000,0.0
12617,WarpSAC-L,myo-reach,2,avg_success,100000,1.0
12618,WarpSAC-L,myo-reach,2,avg_success,150000,1.0
12619,WarpSAC-L,myo-reach,2,avg_success,200000,1.0
12620,WarpSAC-L,myo-reach,2,avg_success,250000,1.0
12621,WarpSAC-L,myo-reach,2,avg_success,300000,1.0
12622,WarpSAC-L,myo-reach,2,avg_success,350000,1.0
12623,WarpSAC-L,myo-reach,2,avg_success,400000,1.0
12624,WarpSAC-L,myo-reach,2,avg_success,450000,1.0
12625,WarpSAC-L,myo-reach,2,avg_success,500000,1.0
12626,WarpSAC-L,myo-reach,2,avg_success,550000,1.0
12627,WarpSAC-L,myo-reach,2,avg_success,600000,1.0
12628,WarpSAC-L,myo-reach,2,avg_success,650000,1.0
12629,WarpSAC-L,myo-reach,2,avg_success,700000,1.0
12630,WarpSAC-L,myo-reach,2,avg_success,750000,1.0
12631,WarpSAC-L,myo-reach,2,avg_success,800000,1.0
12632,WarpSAC-L,myo-reach,2,avg_success,850000,1.0
12633,WarpSAC-L,myo-reach,2,avg_success,900000,1.0
12634,WarpSAC-L,myo-reach,2,avg_success,950000,1.0
12635,WarpSAC-L,myo-reach,2,avg_success,1000000,1.0
12636,WarpSAC-L,myo-reach,3,avg_return,0,-18.7162
12637,WarpSAC-L,myo-reach,3,avg_return,50000,576.9894
12638,WarpSAC-L,myo-reach,3,avg_return,100000,774.8238
12639,WarpSAC-L,myo-reach,3,avg_return,150000,776.0246
12640,WarpSAC-L,myo-reach,3,avg_return,200000,776.9949
12641,WarpSAC-L,myo-reach,3,avg_return,250000,776.0349
12642,WarpSAC-L,myo-reach,3,avg_return,300000,776.1415
12643,WarpSAC-L,myo-reach,3,avg_return,350000,776.302
12644,WarpSAC-L,myo-reach,3,avg_return,400000,775.5583
12645,WarpSAC-L,myo-reach,3,avg_return,450000,775.2054
12646,WarpSAC-L,myo-reach,3,avg_return,500000,775.2262
12647,WarpSAC-L,myo-reach,3,avg_return,550000,775.8731
12648,WarpSAC-L,myo-reach,3,avg_return,600000,775.5261
12649,WarpSAC-L,myo-reach,3,avg_return,650000,774.9753
12650,WarpSAC-L,myo-reach,3,avg_return,700000,775.2133
12651,WarpSAC-L,myo-reach,3,avg_return,750000,775.0386
12652,WarpSAC-L,myo-reach,3,avg_return,800000,775.7783
12653,WarpSAC-L,myo-reach,3,avg_return,850000,779.7743
12654,WarpSAC-L,myo-reach,3,avg_return,900000,779.2846
12655,WarpSAC-L,myo-reach,3,avg_return,950000,779.0693
12656,WarpSAC-L,myo-reach,3,avg_return,1000000,779.3658
12657,WarpSAC-L,myo-reach,3,avg_success,0,0.0
12658,WarpSAC-L,myo-reach,3,avg_success,50000,1.0
12659,WarpSAC-L,myo-reach,3,avg_success,100000,1.0
12660,WarpSAC-L,myo-reach,3,avg_success,150000,1.0
12661,WarpSAC-L,myo-reach,3,avg_success,200000,1.0
12662,WarpSAC-L,myo-reach,3,avg_success,250000,1.0
12663,WarpSAC-L,myo-reach,3,avg_success,300000,1.0
12664,WarpSAC-L,myo-reach,3,avg_success,350000,1.0
12665,WarpSAC-L,myo-reach,3,avg_success,400000,1.0
12666,WarpSAC-L,myo-reach,3,avg_success,450000,1.0
12667,WarpSAC-L,myo-reach,3,avg_success,500000,1.0
12668,WarpSAC-L,myo-reach,3,avg_success,550000,1.0
12669,WarpSAC-L,myo-reach,3,avg_success,600000,1.0
12670,WarpSAC-L,myo-reach,3,avg_success,650000,1.0
12671,WarpSAC-L,myo-reach,3,avg_success,700000,1.0
12672,WarpSAC-L,myo-reach,3,avg_success,750000,1.0
12673,WarpSAC-L,myo-reach,3,avg_success,800000,1.0
12674,WarpSAC-L,myo-reach,3,avg_success,850000,1.0
12675,WarpSAC-L,myo-reach,3,avg_success,900000,1.0
12676,WarpSAC-L,myo-reach,3,avg_success,950000,1.0
12677,WarpSAC-L,myo-reach,3,avg_success,1000000,1.0
12678,WarpSAC-L,myo-reach,4,avg_return,0,-37.9074
12679,WarpSAC-L,myo-reach,4,avg_return,50000,386.7607
12680,WarpSAC-L,myo-reach,4,avg_return,100000,770.7736
12681,WarpSAC-L,myo-reach,4,avg_return,150000,771.9303
12682,WarpSAC-L,myo-reach,4,avg_return,200000,776.4024
12683,WarpSAC-L,myo-reach,4,avg_return,250000,776.6432
12684,WarpSAC-L,myo-reach,4,avg_return,300000,776.2702
12685,WarpSAC-L,myo-reach,4,avg_return,350000,774.7633
12686,WarpSAC-L,myo-reach,4,avg_return,400000,775.1792
12687,WarpSAC-L,myo-reach,4,avg_return,450000,775.4606
12688,WarpSAC-L,myo-reach,4,avg_return,500000,774.7234
12689,WarpSAC-L,myo-reach,4,avg_return,550000,775.0094
12690,WarpSAC-L,myo-reach,4,avg_return,600000,775.9845
12691,WarpSAC-L,myo-reach,4,avg_return,650000,775.8789
12692,WarpSAC-L,myo-reach,4,avg_return,700000,775.8166
12693,WarpSAC-L,myo-reach,4,avg_return,750000,774.9075
12694,WarpSAC-L,myo-reach,4,avg_return,800000,775.7385
12695,WarpSAC-L,myo-reach,4,avg_return,850000,775.2769
12696,WarpSAC-L,myo-reach,4,avg_return,900000,774.971
12697,WarpSAC-L,myo-reach,4,avg_return,950000,775.2726
12698,WarpSAC-L,myo-reach,4,avg_return,1000000,775.9345
12699,WarpSAC-L,myo-reach,4,avg_success,0,0.0
12700,WarpSAC-L,myo-reach,4,avg_success,50000,0.0
12701,WarpSAC-L,myo-reach,4,avg_success,100000,1.0
12702,WarpSAC-L,myo-reach,4,avg_success,150000,1.0
12703,WarpSAC-L,myo-reach,4,avg_success,200000,1.0
12704,WarpSAC-L,myo-reach,4,avg_success,250000,1.0
12705,WarpSAC-L,myo-reach,4,avg_success,300000,1.0
12706,WarpSAC-L,myo-reach,4,avg_success,350000,1.0
12707,WarpSAC-L,myo-reach,4,avg_success,400000,1.0
12708,WarpSAC-L,myo-reach,4,avg_success,450000,1.0
12709,WarpSAC-L,myo-reach,4,avg_success,500000,1.0
12710,WarpSAC-L,myo-reach,4,avg_success,550000,1.0
12711,WarpSAC-L,myo-reach,4,avg_success,600000,1.0
12712,WarpSAC-L,myo-reach,4,avg_success,650000,1.0
12713,WarpSAC-L,myo-reach,4,avg_success,700000,1.0
12714,WarpSAC-L,myo-reach,4,avg_success,750000,1.0
12715,WarpSAC-L,myo-reach,4,avg_success,800000,1.0
12716,WarpSAC-L,myo-reach,4,avg_success,850000,1.0
12717,WarpSAC-L,myo-reach,4,avg_success,900000,1.0
12718,WarpSAC-L,myo-reach,4,avg_success,950000,1.0
12719,WarpSAC-L,myo-reach,4,avg_success,1000000,1.0
12720,WarpSAC-L,myo-reach,5,avg_return,0,-49.5856
12721,WarpSAC-L,myo-reach,5,avg_return,50000,387.317
12722,WarpSAC-L,myo-reach,5,avg_return,100000,775.9786
12723,WarpSAC-L,myo-reach,5,avg_return,150000,776.7235
12724,WarpSAC-L,myo-reach,5,avg_return,200000,776.5726
12725,WarpSAC-L,myo-reach,5,avg_return,250000,777.028
12726,WarpSAC-L,myo-reach,5,avg_return,300000,774.798
12727,WarpSAC-L,myo-reach,5,avg_return,350000,775.141
12728,WarpSAC-L,myo-reach,5,avg_return,400000,775.1679
12729,WarpSAC-L,myo-reach,5,avg_return,450000,774.9619
12730,WarpSAC-L,myo-reach,5,avg_return,500000,774.609
12731,WarpSAC-L,myo-reach,5,avg_return,550000,779.3343
12732,WarpSAC-L,myo-reach,5,avg_return,600000,779.7883
12733,WarpSAC-L,myo-reach,5,avg_return,650000,775.0084
12734,WarpSAC-L,myo-reach,5,avg_return,700000,779.09
12735,WarpSAC-L,myo-reach,5,avg_return,750000,776.1283
12736,WarpSAC-L,myo-reach,5,avg_return,800000,776.0966
12737,WarpSAC-L,myo-reach,5,avg_return,850000,646.2991
12738,WarpSAC-L,myo-reach,5,avg_return,900000,779.2729
12739,WarpSAC-L,myo-reach,5,avg_return,950000,779.7946
12740,WarpSAC-L,myo-reach,5,avg_return,1000000,779.7982
12741,WarpSAC-L,myo-reach,5,avg_success,0,0.0
12742,WarpSAC-L,myo-reach,5,avg_success,50000,0.0
12743,WarpSAC-L,myo-reach,5,avg_success,100000,1.0
12744,WarpSAC-L,myo-reach,5,avg_success,150000,1.0
12745,WarpSAC-L,myo-reach,5,avg_success,200000,1.0
12746,WarpSAC-L,myo-reach,5,avg_success,250000,1.0
12747,WarpSAC-L,myo-reach,5,avg_success,300000,1.0
12748,WarpSAC-L,myo-reach,5,avg_success,350000,1.0
12749,WarpSAC-L,myo-reach,5,avg_success,400000,1.0
12750,WarpSAC-L,myo-reach,5,avg_success,450000,1.0
12751,WarpSAC-L,myo-reach,5,avg_success,500000,1.0
12752,WarpSAC-L,myo-reach,5,avg_success,550000,1.0
12753,WarpSAC-L,myo-reach,5,avg_success,600000,1.0
12754,WarpSAC-L,myo-reach,5,avg_success,650000,1.0
12755,WarpSAC-L,myo-reach,5,avg_success,700000,1.0
12756,WarpSAC-L,myo-reach,5,avg_success,750000,1.0
12757,WarpSAC-L,myo-reach,5,avg_success,800000,1.0
12758,WarpSAC-L,myo-reach,5,avg_success,850000,1.0
12759,WarpSAC-L,myo-reach,5,avg_success,900000,1.0
12760,WarpSAC-L,myo-reach,5,avg_success,950000,1.0
12761,WarpSAC-L,myo-reach,5,avg_success,1000000,1.0
12762,WarpSAC-L,myo-reach-hard,1,avg_return,0,-50.3777
12763,WarpSAC-L,myo-reach-hard,1,avg_return,50000,370.7878
12764,WarpSAC-L,myo-reach-hard,1,avg_return,100000,547.8105
12765,WarpSAC-L,myo-reach-hard,1,avg_return,150000,651.6173
12766,WarpSAC-L,myo-reach-hard,1,avg_return,200000,682.6495
12767,WarpSAC-L,myo-reach-hard,1,avg_return,250000,714.5014
12768,WarpSAC-L,myo-reach-hard,1,avg_return,300000,619.898
12769,WarpSAC-L,myo-reach-hard,1,avg_return,350000,693.631
12770,WarpSAC-L,myo-reach-hard,1,avg_return,400000,677.5111
12771,WarpSAC-L,myo-reach-hard,1,avg_return,450000,694.8938
12772,WarpSAC-L,myo-reach-hard,1,avg_return,500000,673.8064
12773,WarpSAC-L,myo-reach-hard,1,avg_return,550000,688.3986
12774,WarpSAC-L,myo-reach-hard,1,avg_return,600000,704.104
12775,WarpSAC-L,myo-reach-hard,1,avg_return,650000,691.6421
12776,WarpSAC-L,myo-reach-hard,1,avg_return,700000,712.7359
12777,WarpSAC-L,myo-reach-hard,1,avg_return,750000,703.8164
12778,WarpSAC-L,myo-reach-hard,1,avg_return,800000,669.9327
12779,WarpSAC-L,myo-reach-hard,1,avg_return,850000,736.4704
12780,WarpSAC-L,myo-reach-hard,1,avg_return,900000,695.5203
12781,WarpSAC-L,myo-reach-hard,1,avg_return,950000,710.3093
12782,WarpSAC-L,myo-reach-hard,1,avg_return,1000000,667.0029
12783,WarpSAC-L,myo-reach-hard,1,avg_success,0,0.0
12784,WarpSAC-L,myo-reach-hard,1,avg_success,50000,0.08
12785,WarpSAC-L,myo-reach-hard,1,avg_success,100000,0.58
12786,WarpSAC-L,myo-reach-hard,1,avg_success,150000,0.88
12787,WarpSAC-L,myo-reach-hard,1,avg_success,200000,0.88
12788,WarpSAC-L,myo-reach-hard,1,avg_success,250000,0.9
12789,WarpSAC-L,myo-reach-hard,1,avg_success,300000,0.8
12790,WarpSAC-L,myo-reach-hard,1,avg_success,350000,0.94
12791,WarpSAC-L,myo-reach-hard,1,avg_success,400000,0.86
12792,WarpSAC-L,myo-reach-hard,1,avg_success,450000,0.88
12793,WarpSAC-L,myo-reach-hard,1,avg_success,500000,0.88
12794,WarpSAC-L,myo-reach-hard,1,avg_success,550000,0.9
12795,WarpSAC-L,myo-reach-hard,1,avg_success,600000,0.92
12796,WarpSAC-L,myo-reach-hard,1,avg_success,650000,0.88
12797,WarpSAC-L,myo-reach-hard,1,avg_success,700000,0.96
12798,WarpSAC-L,myo-reach-hard,1,avg_success,750000,0.9
12799,WarpSAC-L,myo-reach-hard,1,avg_success,800000,0.82
12800,WarpSAC-L,myo-reach-hard,1,avg_success,850000,0.96
12801,WarpSAC-L,myo-reach-hard,1,avg_success,900000,0.96
12802,WarpSAC-L,myo-reach-hard,1,avg_success,950000,0.88
12803,WarpSAC-L,myo-reach-hard,1,avg_success,1000000,0.78
12804,WarpSAC-L,myo-reach-hard,2,avg_return,0,-50.6102
12805,WarpSAC-L,myo-reach-hard,2,avg_return,50000,382.4428
12806,WarpSAC-L,myo-reach-hard,2,avg_return,100000,589.1386
12807,WarpSAC-L,myo-reach-hard,2,avg_return,150000,595.2808
12808,WarpSAC-L,myo-reach-hard,2,avg_return,200000,623.3364
12809,WarpSAC-L,myo-reach-hard,2,avg_return,250000,644.1181
12810,WarpSAC-L,myo-reach-hard,2,avg_return,300000,669.8027
12811,WarpSAC-L,myo-reach-hard,2,avg_return,350000,656.8537
12812,WarpSAC-L,myo-reach-hard,2,avg_return,400000,676.934
12813,WarpSAC-L,myo-reach-hard,2,avg_return,450000,641.2869
12814,WarpSAC-L,myo-reach-hard,2,avg_return,500000,684.1132
12815,WarpSAC-L,myo-reach-hard,2,avg_return,550000,673.8409
12816,WarpSAC-L,myo-reach-hard,2,avg_return,600000,694.835
12817,WarpSAC-L,myo-reach-hard,2,avg_return,650000,704.674
12818,WarpSAC-L,myo-reach-hard,2,avg_return,700000,716.8235
12819,WarpSAC-L,myo-reach-hard,2,avg_return,750000,702.6235
12820,WarpSAC-L,myo-reach-hard,2,avg_return,800000,720.9726
12821,WarpSAC-L,myo-reach-hard,2,avg_return,850000,708.4692
12822,WarpSAC-L,myo-reach-hard,2,avg_return,900000,694.4245
12823,WarpSAC-L,myo-reach-hard,2,avg_return,950000,681.534
12824,WarpSAC-L,myo-reach-hard,2,avg_return,1000000,710.5494
12825,WarpSAC-L,myo-reach-hard,2,avg_success,0,0.0
12826,WarpSAC-L,myo-reach-hard,2,avg_success,50000,0.02
12827,WarpSAC-L,myo-reach-hard,2,avg_success,100000,0.76
12828,WarpSAC-L,myo-reach-hard,2,avg_success,150000,0.74
12829,WarpSAC-L,myo-reach-hard,2,avg_success,200000,0.74
12830,WarpSAC-L,myo-reach-hard,2,avg_success,250000,0.84
12831,WarpSAC-L,myo-reach-hard,2,avg_success,300000,0.92
12832,WarpSAC-L,myo-reach-hard,2,avg_success,350000,0.8
12833,WarpSAC-L,myo-reach-hard,2,avg_success,400000,0.88
12834,WarpSAC-L,myo-reach-hard,2,avg_success,450000,0.82
12835,WarpSAC-L,myo-reach-hard,2,avg_success,500000,0.84
12836,WarpSAC-L,myo-reach-hard,2,avg_success,550000,0.86
12837,WarpSAC-L,myo-reach-hard,2,avg_success,600000,0.86
12838,WarpSAC-L,myo-reach-hard,2,avg_success,650000,0.9
12839,WarpSAC-L,myo-reach-hard,2,avg_success,700000,0.94
12840,WarpSAC-L,myo-reach-hard,2,avg_success,750000,0.9
12841,WarpSAC-L,myo-reach-hard,2,avg_success,800000,0.94
12842,WarpSAC-L,myo-reach-hard,2,avg_success,850000,0.98
12843,WarpSAC-L,myo-reach-hard,2,avg_success,900000,0.9
12844,WarpSAC-L,myo-reach-hard,2,avg_success,950000,0.9
12845,WarpSAC-L,myo-reach-hard,2,avg_success,1000000,0.92
12846,WarpSAC-L,myo-reach-hard,3,avg_return,0,-49.5533
12847,WarpSAC-L,myo-reach-hard,3,avg_return,50000,416.2679
12848,WarpSAC-L,myo-reach-hard,3,avg_return,100000,594.815
12849,WarpSAC-L,myo-reach-hard,3,avg_return,150000,633.3794
12850,WarpSAC-L,myo-reach-hard,3,avg_return,200000,626.7896
12851,WarpSAC-L,myo-reach-hard,3,avg_return,250000,688.3185
12852,WarpSAC-L,myo-reach-hard,3,avg_return,300000,648.2785
12853,WarpSAC-L,myo-reach-hard,3,avg_return,350000,674.1029
12854,WarpSAC-L,myo-reach-hard,3,avg_return,400000,695.5571
12855,WarpSAC-L,myo-reach-hard,3,avg_return,450000,719.3471
12856,WarpSAC-L,myo-reach-hard,3,avg_return,500000,683.1739
12857,WarpSAC-L,myo-reach-hard,3,avg_return,550000,729.7839
12858,WarpSAC-L,myo-reach-hard,3,avg_return,600000,705.3388
12859,WarpSAC-L,myo-reach-hard,3,avg_return,650000,682.4856
12860,WarpSAC-L,myo-reach-hard,3,avg_return,700000,696.875
12861,WarpSAC-L,myo-reach-hard,3,avg_return,750000,707.7476
12862,WarpSAC-L,myo-reach-hard,3,avg_return,800000,716.5379
12863,WarpSAC-L,myo-reach-hard,3,avg_return,850000,682.8345
12864,WarpSAC-L,myo-reach-hard,3,avg_return,900000,740.4278
12865,WarpSAC-L,myo-reach-hard,3,avg_return,950000,721.6227
12866,WarpSAC-L,myo-reach-hard,3,avg_return,1000000,707.6623
12867,WarpSAC-L,myo-reach-hard,3,avg_success,0,0.0
12868,WarpSAC-L,myo-reach-hard,3,avg_success,50000,0.5
12869,WarpSAC-L,myo-reach-hard,3,avg_success,100000,0.68
12870,WarpSAC-L,myo-reach-hard,3,avg_success,150000,0.82
12871,WarpSAC-L,myo-reach-hard,3,avg_success,200000,0.94
12872,WarpSAC-L,myo-reach-hard,3,avg_success,250000,0.86
12873,WarpSAC-L,myo-reach-hard,3,avg_success,300000,0.76
12874,WarpSAC-L,myo-reach-hard,3,avg_success,350000,0.9
12875,WarpSAC-L,myo-reach-hard,3,avg_success,400000,0.92
12876,WarpSAC-L,myo-reach-hard,3,avg_success,450000,0.96
12877,WarpSAC-L,myo-reach-hard,3,avg_success,500000,0.84
12878,WarpSAC-L,myo-reach-hard,3,avg_success,550000,0.96
12879,WarpSAC-L,myo-reach-hard,3,avg_success,600000,0.92
12880,WarpSAC-L,myo-reach-hard,3,avg_success,650000,0.84
12881,WarpSAC-L,myo-reach-hard,3,avg_success,700000,0.88
12882,WarpSAC-L,myo-reach-hard,3,avg_success,750000,0.9
12883,WarpSAC-L,myo-reach-hard,3,avg_success,800000,0.96
12884,WarpSAC-L,myo-reach-hard,3,avg_success,850000,0.88
12885,WarpSAC-L,myo-reach-hard,3,avg_success,900000,0.96
12886,WarpSAC-L,myo-reach-hard,3,avg_success,950000,0.96
12887,WarpSAC-L,myo-reach-hard,3,avg_success,1000000,0.9
12888,WarpSAC-L,myo-reach-hard,4,avg_return,0,-48.2352
12889,WarpSAC-L,myo-reach-hard,4,avg_return,50000,358.8398
12890,WarpSAC-L,myo-reach-hard,4,avg_return,100000,577.6736
12891,WarpSAC-L,myo-reach-hard,4,avg_return,150000,688.8194
12892,WarpSAC-L,myo-reach-hard,4,avg_return,200000,625.941
12893,WarpSAC-L,myo-reach-hard,4,avg_return,250000,641.471
12894,WarpSAC-L,myo-reach-hard,4,avg_return,300000,668.4135
12895,WarpSAC-L,myo-reach-hard,4,avg_return,350000,699.3345
12896,WarpSAC-L,myo-reach-hard,4,avg_return,400000,670.472
12897,WarpSAC-L,myo-reach-hard,4,avg_return,450000,695.3876
12898,WarpSAC-L,myo-reach-hard,4,avg_return,500000,675.5659
12899,WarpSAC-L,myo-reach-hard,4,avg_return,550000,692.3781
12900,WarpSAC-L,myo-reach-hard,4,avg_return,600000,687.7253
12901,WarpSAC-L,myo-reach-hard,4,avg_return,650000,684.7019
12902,WarpSAC-L,myo-reach-hard,4,avg_return,700000,678.5819
12903,WarpSAC-L,myo-reach-hard,4,avg_return,750000,705.4053
12904,WarpSAC-L,myo-reach-hard,4,avg_return,800000,694.42
12905,WarpSAC-L,myo-reach-hard,4,avg_return,850000,691.4898
12906,WarpSAC-L,myo-reach-hard,4,avg_return,900000,701.9086
12907,WarpSAC-L,myo-reach-hard,4,avg_return,950000,687.3402
12908,WarpSAC-L,myo-reach-hard,4,avg_return,1000000,714.7898
12909,WarpSAC-L,myo-reach-hard,4,avg_success,0,0.0
12910,WarpSAC-L,myo-reach-hard,4,avg_success,50000,0.2
12911,WarpSAC-L,myo-reach-hard,4,avg_success,100000,0.72
12912,WarpSAC-L,myo-reach-hard,4,avg_success,150000,0.88
12913,WarpSAC-L,myo-reach-hard,4,avg_success,200000,0.82
12914,WarpSAC-L,myo-reach-hard,4,avg_success,250000,0.78
12915,WarpSAC-L,myo-reach-hard,4,avg_success,300000,0.88
12916,WarpSAC-L,myo-reach-hard,4,avg_success,350000,0.92
12917,WarpSAC-L,myo-reach-hard,4,avg_success,400000,0.86
12918,WarpSAC-L,myo-reach-hard,4,avg_success,450000,0.88
12919,WarpSAC-L,myo-reach-hard,4,avg_success,500000,0.8
12920,WarpSAC-L,myo-reach-hard,4,avg_success,550000,0.86
12921,WarpSAC-L,myo-reach-hard,4,avg_success,600000,0.84
12922,WarpSAC-L,myo-reach-hard,4,avg_success,650000,0.88
12923,WarpSAC-L,myo-reach-hard,4,avg_success,700000,0.88
12924,WarpSAC-L,myo-reach-hard,4,avg_success,750000,0.94
12925,WarpSAC-L,myo-reach-hard,4,avg_success,800000,0.88
12926,WarpSAC-L,myo-reach-hard,4,avg_success,850000,0.88
12927,WarpSAC-L,myo-reach-hard,4,avg_success,900000,0.88
12928,WarpSAC-L,myo-reach-hard,4,avg_success,950000,0.9
12929,WarpSAC-L,myo-reach-hard,4,avg_success,1000000,0.96
12930,WarpSAC-L,myo-reach-hard,5,avg_return,0,-49.2537
12931,WarpSAC-L,myo-reach-hard,5,avg_return,50000,429.231
12932,WarpSAC-L,myo-reach-hard,5,avg_return,100000,601.2542
12933,WarpSAC-L,myo-reach-hard,5,avg_return,150000,630.7687
12934,WarpSAC-L,myo-reach-hard,5,avg_return,200000,634.9921
12935,WarpSAC-L,myo-reach-hard,5,avg_return,250000,654.7566
12936,WarpSAC-L,myo-reach-hard,5,avg_return,300000,664.0889
12937,WarpSAC-L,myo-reach-hard,5,avg_return,350000,668.807
12938,WarpSAC-L,myo-reach-hard,5,avg_return,400000,696.7171
12939,WarpSAC-L,myo-reach-hard,5,avg_return,450000,696.7916
12940,WarpSAC-L,myo-reach-hard,5,avg_return,500000,679.5504
12941,WarpSAC-L,myo-reach-hard,5,avg_return,550000,687.1997
12942,WarpSAC-L,myo-reach-hard,5,avg_return,600000,707.515
12943,WarpSAC-L,myo-reach-hard,5,avg_return,650000,669.7108
12944,WarpSAC-L,myo-reach-hard,5,avg_return,700000,722.1194
12945,WarpSAC-L,myo-reach-hard,5,avg_return,750000,693.3661
12946,WarpSAC-L,myo-reach-hard,5,avg_return,800000,726.5699
12947,WarpSAC-L,myo-reach-hard,5,avg_return,850000,688.7949
12948,WarpSAC-L,myo-reach-hard,5,avg_return,900000,696.2144
12949,WarpSAC-L,myo-reach-hard,5,avg_return,950000,702.1554
12950,WarpSAC-L,myo-reach-hard,5,avg_return,1000000,719.5799
12951,WarpSAC-L,myo-reach-hard,5,avg_success,0,0.0
12952,WarpSAC-L,myo-reach-hard,5,avg_success,50000,0.3
12953,WarpSAC-L,myo-reach-hard,5,avg_success,100000,0.72
12954,WarpSAC-L,myo-reach-hard,5,avg_success,150000,0.74
12955,WarpSAC-L,myo-reach-hard,5,avg_success,200000,0.78
12956,WarpSAC-L,myo-reach-hard,5,avg_success,250000,0.88
12957,WarpSAC-L,myo-reach-hard,5,avg_success,300000,0.84
12958,WarpSAC-L,myo-reach-hard,5,avg_success,350000,0.82
12959,WarpSAC-L,myo-reach-hard,5,avg_success,400000,0.92
12960,WarpSAC-L,myo-reach-hard,5,avg_success,450000,0.9
12961,WarpSAC-L,myo-reach-hard,5,avg_success,500000,0.86
12962,WarpSAC-L,myo-reach-hard,5,avg_success,550000,0.92
12963,WarpSAC-L,myo-reach-hard,5,avg_success,600000,0.9
12964,WarpSAC-L,myo-reach-hard,5,avg_success,650000,0.84
12965,WarpSAC-L,myo-reach-hard,5,avg_success,700000,0.94
12966,WarpSAC-L,myo-reach-hard,5,avg_success,750000,0.88
12967,WarpSAC-L,myo-reach-hard,5,avg_success,800000,0.94
12968,WarpSAC-L,myo-reach-hard,5,avg_success,850000,0.94
12969,WarpSAC-L,myo-reach-hard,5,avg_success,900000,0.92
12970,WarpSAC-L,myo-reach-hard,5,avg_success,950000,0.9
12971,WarpSAC-L,myo-reach-hard,5,avg_success,1000000,0.94
