,exp_name,env_name,seed,metric,env_step,value
0,WarpSAC-A,G1JoystickFlatTerrain,1,avg_return,0,-4.7698
1,WarpSAC-A,G1JoystickFlatTerrain,1,avg_return,2499584,-3.7561
2,WarpSAC-A,G1JoystickFlatTerrain,1,avg_return,4999168,-7.0673
3,WarpSAC-A,G1JoystickFlatTerrain,1,avg_return,7498752,14.1046
4,WarpSAC-A,G1JoystickFlatTerrain,1,avg_return,9998336,14.8432
5,WarpSAC-A,G1JoystickFlatTerrain,1,avg_return,12497920,22.9491
6,WarpSAC-A,G1JoystickFlatTerrain,1,avg_return,14997504,26.4692
7,WarpSAC-A,G1JoystickFlatTerrain,1,avg_return,17497088,31.6241
8,WarpSAC-A,G1JoystickFlatTerrain,1,avg_return,19996672,34.1525
9,WarpSAC-A,G1JoystickFlatTerrain,1,avg_return,22496256,35.4749
10,WarpSAC-A,G1JoystickFlatTerrain,1,avg_return,24995840,35.6296
11,WarpSAC-A,G1JoystickFlatTerrain,1,avg_return,27495424,35.5767
12,WarpSAC-A,G1JoystickFlatTerrain,1,avg_return,29995008,38.8135
13,WarpSAC-A,G1JoystickFlatTerrain,1,avg_return,32494592,39.2905
14,WarpSAC-A,G1JoystickFlatTerrain,1,avg_return,34994176,39.8381
15,WarpSAC-A,G1JoystickFlatTerrain,1,avg_return,37493760,39.2609
16,WarpSAC-A,G1JoystickFlatTerrain,1,avg_return,39993344,40.2423
17,WarpSAC-A,G1JoystickFlatTerrain,1,avg_return,42492928,40.3818
18,WarpSAC-A,G1JoystickFlatTerrain,1,avg_return,44992512,39.753
19,WarpSAC-A,G1JoystickFlatTerrain,1,avg_return,47492096,41.2711
20,WarpSAC-A,G1JoystickFlatTerrain,1,avg_return,49991680,40.1654
21,WarpSAC-A,G1JoystickFlatTerrain,1,avg_return,50000896,40.9756
22,WarpSAC-A,G1JoystickFlatTerrain,1,avg_success,0,0.0
23,WarpSAC-A,G1JoystickFlatTerrain,1,avg_success,2499584,0.0
24,WarpSAC-A,G1JoystickFlatTerrain,1,avg_success,4999168,0.0
25,WarpSAC-A,G1JoystickFlatTerrain,1,avg_success,7498752,0.0
26,WarpSAC-A,G1JoystickFlatTerrain,1,avg_success,9998336,0.0
27,WarpSAC-A,G1JoystickFlatTerrain,1,avg_success,12497920,0.0
28,WarpSAC-A,G1JoystickFlatTerrain,1,avg_success,14997504,0.0
29,WarpSAC-A,G1JoystickFlatTerrain,1,avg_success,17497088,0.0
30,WarpSAC-A,G1JoystickFlatTerrain,1,avg_success,19996672,0.0
31,WarpSAC-A,G1JoystickFlatTerrain,1,avg_success,22496256,0.0
32,WarpSAC-A,G1JoystickFlatTerrain,1,avg_success,24995840,0.0
33,WarpSAC-A,G1JoystickFlatTerrain,1,avg_success,27495424,0.0
34,WarpSAC-A,G1JoystickFlatTerrain,1,avg_success,29995008,0.0
35,WarpSAC-A,G1JoystickFlatTerrain,1,avg_success,32494592,0.0
36,WarpSAC-A,G1JoystickFlatTerrain,1,avg_success,34994176,0.0
37,WarpSAC-A,G1JoystickFlatTerrain,1,avg_success,37493760,0.0
38,WarpSAC-A,G1JoystickFlatTerrain,1,avg_success,39993344,0.0
39,WarpSAC-A,G1JoystickFlatTerrain,1,avg_success,42492928,0.0
40,WarpSAC-A,G1JoystickFlatTerrain,1,avg_success,44992512,0.0
41,WarpSAC-A,G1JoystickFlatTerrain,1,avg_success,47492096,0.0
42,WarpSAC-A,G1JoystickFlatTerrain,1,avg_success,49991680,0.0
43,WarpSAC-A,G1JoystickFlatTerrain,1,avg_success,50000896,0.0
44,WarpSAC-A,G1JoystickFlatTerrain,2,avg_return,0,-4.9186
45,WarpSAC-A,G1JoystickFlatTerrain,2,avg_return,2499584,-3.8775
46,WarpSAC-A,G1JoystickFlatTerrain,2,avg_return,4999168,-4.414
47,WarpSAC-A,G1JoystickFlatTerrain,2,avg_return,7498752,14.6495
48,WarpSAC-A,G1JoystickFlatTerrain,2,avg_return,9998336,15.675
49,WarpSAC-A,G1JoystickFlatTerrain,2,avg_return,12497920,21.8595
50,WarpSAC-A,G1JoystickFlatTerrain,2,avg_return,14997504,28.5857
51,WarpSAC-A,G1JoystickFlatTerrain,2,avg_return,17497088,30.8341
52,WarpSAC-A,G1JoystickFlatTerrain,2,avg_return,19996672,33.4318
53,WarpSAC-A,G1JoystickFlatTerrain,2,avg_return,22496256,34.7449
54,WarpSAC-A,G1JoystickFlatTerrain,2,avg_return,24995840,36.6527
55,WarpSAC-A,G1JoystickFlatTerrain,2,avg_return,27495424,36.1596
56,WarpSAC-A,G1JoystickFlatTerrain,2,avg_return,29995008,37.6626
57,WarpSAC-A,G1JoystickFlatTerrain,2,avg_return,32494592,38.4236
58,WarpSAC-A,G1JoystickFlatTerrain,2,avg_return,34994176,38.192
59,WarpSAC-A,G1JoystickFlatTerrain,2,avg_return,37493760,39.3943
60,WarpSAC-A,G1JoystickFlatTerrain,2,avg_return,39993344,40.0012
61,WarpSAC-A,G1JoystickFlatTerrain,2,avg_return,42492928,38.3428
62,WarpSAC-A,G1JoystickFlatTerrain,2,avg_return,44992512,39.3262
63,WarpSAC-A,G1JoystickFlatTerrain,2,avg_return,47492096,37.172
64,WarpSAC-A,G1JoystickFlatTerrain,2,avg_return,49991680,40.2552
65,WarpSAC-A,G1JoystickFlatTerrain,2,avg_return,50000896,39.8951
66,WarpSAC-A,G1JoystickFlatTerrain,2,avg_success,0,0.0
67,WarpSAC-A,G1JoystickFlatTerrain,2,avg_success,2499584,0.0
68,WarpSAC-A,G1JoystickFlatTerrain,2,avg_success,4999168,0.0
69,WarpSAC-A,G1JoystickFlatTerrain,2,avg_success,7498752,0.0
70,WarpSAC-A,G1JoystickFlatTerrain,2,avg_success,9998336,0.0
71,WarpSAC-A,G1JoystickFlatTerrain,2,avg_success,12497920,0.0
72,WarpSAC-A,G1JoystickFlatTerrain,2,avg_success,14997504,0.0
73,WarpSAC-A,G1JoystickFlatTerrain,2,avg_success,17497088,0.0
74,WarpSAC-A,G1JoystickFlatTerrain,2,avg_success,19996672,0.0
75,WarpSAC-A,G1JoystickFlatTerrain,2,avg_success,22496256,0.0
76,WarpSAC-A,G1JoystickFlatTerrain,2,avg_success,24995840,0.0
77,WarpSAC-A,G1JoystickFlatTerrain,2,avg_success,27495424,0.0
78,WarpSAC-A,G1JoystickFlatTerrain,2,avg_success,29995008,0.0
79,WarpSAC-A,G1JoystickFlatTerrain,2,avg_success,32494592,0.0
80,WarpSAC-A,G1JoystickFlatTerrain,2,avg_success,34994176,0.0
81,WarpSAC-A,G1JoystickFlatTerrain,2,avg_success,37493760,0.0
82,WarpSAC-A,G1JoystickFlatTerrain,2,avg_success,39993344,0.0
83,WarpSAC-A,G1JoystickFlatTerrain,2,avg_success,42492928,0.0
84,WarpSAC-A,G1JoystickFlatTerrain,2,avg_success,44992512,0.0
85,WarpSAC-A,G1JoystickFlatTerrain,2,avg_success,47492096,0.0
86,WarpSAC-A,G1JoystickFlatTerrain,2,avg_success,49991680,0.0
87,WarpSAC-A,G1JoystickFlatTerrain,2,avg_success,50000896,0.0
88,WarpSAC-A,G1JoystickFlatTerrain,3,avg_return,0,-7.3058
89,WarpSAC-A,G1JoystickFlatTerrain,3,avg_return,2499584,-3.75
90,WarpSAC-A,G1JoystickFlatTerrain,3,avg_return,4999168,-1.8705
91,WarpSAC-A,G1JoystickFlatTerrain,3,avg_return,7498752,11.8554
92,WarpSAC-A,G1JoystickFlatTerrain,3,avg_return,9998336,17.2974
93,WarpSAC-A,G1JoystickFlatTerrain,3,avg_return,12497920,25.3776
94,WarpSAC-A,G1JoystickFlatTerrain,3,avg_return,14997504,28.7859
95,WarpSAC-A,G1JoystickFlatTerrain,3,avg_return,17497088,30.8181
96,WarpSAC-A,G1JoystickFlatTerrain,3,avg_return,19996672,32.9194
97,WarpSAC-A,G1JoystickFlatTerrain,3,avg_return,22496256,35.2227
98,WarpSAC-A,G1JoystickFlatTerrain,3,avg_return,24995840,36.4032
99,WarpSAC-A,G1JoystickFlatTerrain,3,avg_return,27495424,38.511
100,WarpSAC-A,G1JoystickFlatTerrain,3,avg_return,29995008,37.7301
101,WarpSAC-A,G1JoystickFlatTerrain,3,avg_return,32494592,39.9642
102,WarpSAC-A,G1JoystickFlatTerrain,3,avg_return,34994176,38.6728
103,WarpSAC-A,G1JoystickFlatTerrain,3,avg_return,37493760,40.1153
104,WarpSAC-A,G1JoystickFlatTerrain,3,avg_return,39993344,40.8106
105,WarpSAC-A,G1JoystickFlatTerrain,3,avg_return,42492928,27.6646
106,WarpSAC-A,G1JoystickFlatTerrain,3,avg_return,44992512,40.5613
107,WarpSAC-A,G1JoystickFlatTerrain,3,avg_return,47492096,40.6315
108,WarpSAC-A,G1JoystickFlatTerrain,3,avg_return,49991680,40.6796
109,WarpSAC-A,G1JoystickFlatTerrain,3,avg_return,50000896,41.0213
110,WarpSAC-A,G1JoystickFlatTerrain,3,avg_success,0,0.0
111,WarpSAC-A,G1JoystickFlatTerrain,3,avg_success,2499584,0.0
112,WarpSAC-A,G1JoystickFlatTerrain,3,avg_success,4999168,0.0
113,WarpSAC-A,G1JoystickFlatTerrain,3,avg_success,7498752,0.0
114,WarpSAC-A,G1JoystickFlatTerrain,3,avg_success,9998336,0.0
115,WarpSAC-A,G1JoystickFlatTerrain,3,avg_success,12497920,0.0
116,WarpSAC-A,G1JoystickFlatTerrain,3,avg_success,14997504,0.0
117,WarpSAC-A,G1JoystickFlatTerrain,3,avg_success,17497088,0.0
118,WarpSAC-A,G1JoystickFlatTerrain,3,avg_success,19996672,0.0
119,WarpSAC-A,G1JoystickFlatTerrain,3,avg_success,22496256,0.0
120,WarpSAC-A,G1JoystickFlatTerrain,3,avg_success,24995840,0.0
121,WarpSAC-A,G1JoystickFlatTerrain,3,avg_success,27495424,0.0
122,WarpSAC-A,G1JoystickFlatTerrain,3,avg_success,29995008,0.0
123,WarpSAC-A,G1JoystickFlatTerrain,3,avg_success,32494592,0.0
124,WarpSAC-A,G1JoystickFlatTerrain,3,avg_success,34994176,0.0
125,WarpSAC-A,G1JoystickFlatTerrain,3,avg_success,37493760,0.0
126,WarpSAC-A,G1JoystickFlatTerrain,3,avg_success,39993344,0.0
127,WarpSAC-A,G1JoystickFlatTerrain,3,avg_success,42492928,0.0
128,WarpSAC-A,G1JoystickFlatTerrain,3,avg_success,44992512,0.0
129,WarpSAC-A,G1JoystickFlatTerrain,3,avg_success,47492096,0.0
130,WarpSAC-A,G1JoystickFlatTerrain,3,avg_success,49991680,0.0
131,WarpSAC-A,G1JoystickFlatTerrain,3,avg_success,50000896,0.0
132,WarpSAC-A,G1JoystickFlatTerrain,4,avg_return,0,-4.5361
133,WarpSAC-A,G1JoystickFlatTerrain,4,avg_return,2499584,-3.6139
134,WarpSAC-A,G1JoystickFlatTerrain,4,avg_return,4999168,-7.552
135,WarpSAC-A,G1JoystickFlatTerrain,4,avg_return,7498752,14.6995
136,WarpSAC-A,G1JoystickFlatTerrain,4,avg_return,9998336,15.5871
137,WarpSAC-A,G1JoystickFlatTerrain,4,avg_return,12497920,23.4176
138,WarpSAC-A,G1JoystickFlatTerrain,4,avg_return,14997504,28.3641
139,WarpSAC-A,G1JoystickFlatTerrain,4,avg_return,17497088,32.4769
140,WarpSAC-A,G1JoystickFlatTerrain,4,avg_return,19996672,33.8652
141,WarpSAC-A,G1JoystickFlatTerrain,4,avg_return,22496256,33.5101
142,WarpSAC-A,G1JoystickFlatTerrain,4,avg_return,24995840,37.3085
143,WarpSAC-A,G1JoystickFlatTerrain,4,avg_return,27495424,38.5011
144,WarpSAC-A,G1JoystickFlatTerrain,4,avg_return,29995008,35.5162
145,WarpSAC-A,G1JoystickFlatTerrain,4,avg_return,32494592,39.1168
146,WarpSAC-A,G1JoystickFlatTerrain,4,avg_return,34994176,38.2087
147,WarpSAC-A,G1JoystickFlatTerrain,4,avg_return,37493760,39.5287
148,WarpSAC-A,G1JoystickFlatTerrain,4,avg_return,39993344,39.8142
149,WarpSAC-A,G1JoystickFlatTerrain,4,avg_return,42492928,40.1597
150,WarpSAC-A,G1JoystickFlatTerrain,4,avg_return,44992512,39.3824
151,WarpSAC-A,G1JoystickFlatTerrain,4,avg_return,47492096,40.8832
152,WarpSAC-A,G1JoystickFlatTerrain,4,avg_return,49991680,40.4429
153,WarpSAC-A,G1JoystickFlatTerrain,4,avg_return,50000896,39.91
154,WarpSAC-A,G1JoystickFlatTerrain,4,avg_success,0,0.0
155,WarpSAC-A,G1JoystickFlatTerrain,4,avg_success,2499584,0.0
156,WarpSAC-A,G1JoystickFlatTerrain,4,avg_success,4999168,0.0
157,WarpSAC-A,G1JoystickFlatTerrain,4,avg_success,7498752,0.0
158,WarpSAC-A,G1JoystickFlatTerrain,4,avg_success,9998336,0.0
159,WarpSAC-A,G1JoystickFlatTerrain,4,avg_success,12497920,0.0
160,WarpSAC-A,G1JoystickFlatTerrain,4,avg_success,14997504,0.0
161,WarpSAC-A,G1JoystickFlatTerrain,4,avg_success,17497088,0.0
162,WarpSAC-A,G1JoystickFlatTerrain,4,avg_success,19996672,0.0
163,WarpSAC-A,G1JoystickFlatTerrain,4,avg_success,22496256,0.0
164,WarpSAC-A,G1JoystickFlatTerrain,4,avg_success,24995840,0.0
165,WarpSAC-A,G1JoystickFlatTerrain,4,avg_success,27495424,0.0
166,WarpSAC-A,G1JoystickFlatTerrain,4,avg_success,29995008,0.0
167,WarpSAC-A,G1JoystickFlatTerrain,4,avg_success,32494592,0.0
168,WarpSAC-A,G1JoystickFlatTerrain,4,avg_success,34994176,0.0
169,WarpSAC-A,G1JoystickFlatTerrain,4,avg_success,37493760,0.0
170,WarpSAC-A,G1JoystickFlatTerrain,4,avg_success,39993344,0.0
171,WarpSAC-A,G1JoystickFlatTerrain,4,avg_success,42492928,0.0
172,WarpSAC-A,G1JoystickFlatTerrain,4,avg_success,44992512,0.0
173,WarpSAC-A,G1JoystickFlatTerrain,4,avg_success,47492096,0.0
174,WarpSAC-A,G1JoystickFlatTerrain,4,avg_success,49991680,0.0
175,WarpSAC-A,G1JoystickFlatTerrain,4,avg_success,50000896,0.0
176,WarpSAC-A,G1JoystickFlatTerrain,5,avg_return,0,-4.4708
177,WarpSAC-A,G1JoystickFlatTerrain,5,avg_return,2499584,-3.4742
178,WarpSAC-A,G1JoystickFlatTerrain,5,avg_return,4999168,-0.5997
179,WarpSAC-A,G1JoystickFlatTerrain,5,avg_return,7498752,13.8127
180,WarpSAC-A,G1JoystickFlatTerrain,5,avg_return,9998336,17.8957
181,WarpSAC-A,G1JoystickFlatTerrain,5,avg_return,12497920,24.811
182,WarpSAC-A,G1JoystickFlatTerrain,5,avg_return,14997504,28.5166
183,WarpSAC-A,G1JoystickFlatTerrain,5,avg_return,17497088,32.0174
184,WarpSAC-A,G1JoystickFlatTerrain,5,avg_return,19996672,32.8023
185,WarpSAC-A,G1JoystickFlatTerrain,5,avg_return,22496256,35.3194
186,WarpSAC-A,G1JoystickFlatTerrain,5,avg_return,24995840,35.6673
187,WarpSAC-A,G1JoystickFlatTerrain,5,avg_return,27495424,38.448
188,WarpSAC-A,G1JoystickFlatTerrain,5,avg_return,29995008,39.1248
189,WarpSAC-A,G1JoystickFlatTerrain,5,avg_return,32494592,33.5111
190,WarpSAC-A,G1JoystickFlatTerrain,5,avg_return,34994176,38.4045
191,WarpSAC-A,G1JoystickFlatTerrain,5,avg_return,37493760,39.3852
192,WarpSAC-A,G1JoystickFlatTerrain,5,avg_return,39993344,39.9261
193,WarpSAC-A,G1JoystickFlatTerrain,5,avg_return,42492928,39.1691
194,WarpSAC-A,G1JoystickFlatTerrain,5,avg_return,44992512,39.9979
195,WarpSAC-A,G1JoystickFlatTerrain,5,avg_return,47492096,37.9873
196,WarpSAC-A,G1JoystickFlatTerrain,5,avg_return,49991680,40.9491
197,WarpSAC-A,G1JoystickFlatTerrain,5,avg_return,50000896,40.8199
198,WarpSAC-A,G1JoystickFlatTerrain,5,avg_success,0,0.0
199,WarpSAC-A,G1JoystickFlatTerrain,5,avg_success,2499584,0.0
200,WarpSAC-A,G1JoystickFlatTerrain,5,avg_success,4999168,0.0
201,WarpSAC-A,G1JoystickFlatTerrain,5,avg_success,7498752,0.0
202,WarpSAC-A,G1JoystickFlatTerrain,5,avg_success,9998336,0.0
203,WarpSAC-A,G1JoystickFlatTerrain,5,avg_success,12497920,0.0
204,WarpSAC-A,G1JoystickFlatTerrain,5,avg_success,14997504,0.0
205,WarpSAC-A,G1JoystickFlatTerrain,5,avg_success,17497088,0.0
206,WarpSAC-A,G1JoystickFlatTerrain,5,avg_success,19996672,0.0
207,WarpSAC-A,G1JoystickFlatTerrain,5,avg_success,22496256,0.0
208,WarpSAC-A,G1JoystickFlatTerrain,5,avg_success,24995840,0.0
209,WarpSAC-A,G1JoystickFlatTerrain,5,avg_success,27495424,0.0
210,WarpSAC-A,G1JoystickFlatTerrain,5,avg_success,29995008,0.0
211,WarpSAC-A,G1JoystickFlatTerrain,5,avg_success,32494592,0.0
212,WarpSAC-A,G1JoystickFlatTerrain,5,avg_success,34994176,0.0
213,WarpSAC-A,G1JoystickFlatTerrain,5,avg_success,37493760,0.0
214,WarpSAC-A,G1JoystickFlatTerrain,5,avg_success,39993344,0.0
215,WarpSAC-A,G1JoystickFlatTerrain,5,avg_success,42492928,0.0
216,WarpSAC-A,G1JoystickFlatTerrain,5,avg_success,44992512,0.0
217,WarpSAC-A,G1JoystickFlatTerrain,5,avg_success,47492096,0.0
218,WarpSAC-A,G1JoystickFlatTerrain,5,avg_success,49991680,0.0
219,WarpSAC-A,G1JoystickFlatTerrain,5,avg_success,50000896,0.0
220,WarpSAC-A,G1JoystickRoughTerrain,1,avg_return,0,-4.9584
221,WarpSAC-A,G1JoystickRoughTerrain,1,avg_return,2499584,-3.6811
222,WarpSAC-A,G1JoystickRoughTerrain,1,avg_return,4999168,-7.3743
223,WarpSAC-A,G1JoystickRoughTerrain,1,avg_return,7498752,13.7363
224,WarpSAC-A,G1JoystickRoughTerrain,1,avg_return,9998336,15.5225
225,WarpSAC-A,G1JoystickRoughTerrain,1,avg_return,12497920,19.7993
226,WarpSAC-A,G1JoystickRoughTerrain,1,avg_return,14997504,21.6546
227,WarpSAC-A,G1JoystickRoughTerrain,1,avg_return,17497088,27.6732
228,WarpSAC-A,G1JoystickRoughTerrain,1,avg_return,19996672,21.6922
229,WarpSAC-A,G1JoystickRoughTerrain,1,avg_return,22496256,29.594
230,WarpSAC-A,G1JoystickRoughTerrain,1,avg_return,24995840,28.7828
231,WarpSAC-A,G1JoystickRoughTerrain,1,avg_return,27495424,29.5464
232,WarpSAC-A,G1JoystickRoughTerrain,1,avg_return,29995008,9.5173
233,WarpSAC-A,G1JoystickRoughTerrain,1,avg_return,32494592,30.28
234,WarpSAC-A,G1JoystickRoughTerrain,1,avg_return,34994176,32.4701
235,WarpSAC-A,G1JoystickRoughTerrain,1,avg_return,37493760,-3.4162
236,WarpSAC-A,G1JoystickRoughTerrain,1,avg_return,39993344,29.9378
237,WarpSAC-A,G1JoystickRoughTerrain,1,avg_return,42492928,23.3485
238,WarpSAC-A,G1JoystickRoughTerrain,1,avg_return,44992512,30.956
239,WarpSAC-A,G1JoystickRoughTerrain,1,avg_return,47492096,33.7361
240,WarpSAC-A,G1JoystickRoughTerrain,1,avg_return,49991680,29.7649
241,WarpSAC-A,G1JoystickRoughTerrain,1,avg_return,50000896,30.824
242,WarpSAC-A,G1JoystickRoughTerrain,1,avg_success,0,0.0
243,WarpSAC-A,G1JoystickRoughTerrain,1,avg_success,2499584,0.0
244,WarpSAC-A,G1JoystickRoughTerrain,1,avg_success,4999168,0.0
245,WarpSAC-A,G1JoystickRoughTerrain,1,avg_success,7498752,0.0
246,WarpSAC-A,G1JoystickRoughTerrain,1,avg_success,9998336,0.0
247,WarpSAC-A,G1JoystickRoughTerrain,1,avg_success,12497920,0.0
248,WarpSAC-A,G1JoystickRoughTerrain,1,avg_success,14997504,0.0
249,WarpSAC-A,G1JoystickRoughTerrain,1,avg_success,17497088,0.0
250,WarpSAC-A,G1JoystickRoughTerrain,1,avg_success,19996672,0.0
251,WarpSAC-A,G1JoystickRoughTerrain,1,avg_success,22496256,0.0
252,WarpSAC-A,G1JoystickRoughTerrain,1,avg_success,24995840,0.0
253,WarpSAC-A,G1JoystickRoughTerrain,1,avg_success,27495424,0.0
254,WarpSAC-A,G1JoystickRoughTerrain,1,avg_success,29995008,0.0
255,WarpSAC-A,G1JoystickRoughTerrain,1,avg_success,32494592,0.0
256,WarpSAC-A,G1JoystickRoughTerrain,1,avg_success,34994176,0.0
257,WarpSAC-A,G1JoystickRoughTerrain,1,avg_success,37493760,0.0
258,WarpSAC-A,G1JoystickRoughTerrain,1,avg_success,39993344,0.0
259,WarpSAC-A,G1JoystickRoughTerrain,1,avg_success,42492928,0.0
260,WarpSAC-A,G1JoystickRoughTerrain,1,avg_success,44992512,0.0
261,WarpSAC-A,G1JoystickRoughTerrain,1,avg_success,47492096,0.0
262,WarpSAC-A,G1JoystickRoughTerrain,1,avg_success,49991680,0.0
263,WarpSAC-A,G1JoystickRoughTerrain,1,avg_success,50000896,0.0
264,WarpSAC-A,G1JoystickRoughTerrain,2,avg_return,0,-5.0534
265,WarpSAC-A,G1JoystickRoughTerrain,2,avg_return,2499584,-3.7381
266,WarpSAC-A,G1JoystickRoughTerrain,2,avg_return,4999168,-4.2552
267,WarpSAC-A,G1JoystickRoughTerrain,2,avg_return,7498752,13.2356
268,WarpSAC-A,G1JoystickRoughTerrain,2,avg_return,9998336,14.6417
269,WarpSAC-A,G1JoystickRoughTerrain,2,avg_return,12497920,20.8095
270,WarpSAC-A,G1JoystickRoughTerrain,2,avg_return,14997504,24.076
271,WarpSAC-A,G1JoystickRoughTerrain,2,avg_return,17497088,26.1832
272,WarpSAC-A,G1JoystickRoughTerrain,2,avg_return,19996672,27.9612
273,WarpSAC-A,G1JoystickRoughTerrain,2,avg_return,22496256,23.5976
274,WarpSAC-A,G1JoystickRoughTerrain,2,avg_return,24995840,25.0823
275,WarpSAC-A,G1JoystickRoughTerrain,2,avg_return,27495424,26.0636
276,WarpSAC-A,G1JoystickRoughTerrain,2,avg_return,29995008,30.6179
277,WarpSAC-A,G1JoystickRoughTerrain,2,avg_return,32494592,33.1843
278,WarpSAC-A,G1JoystickRoughTerrain,2,avg_return,34994176,32.5552
279,WarpSAC-A,G1JoystickRoughTerrain,2,avg_return,37493760,33.8259
280,WarpSAC-A,G1JoystickRoughTerrain,2,avg_return,39993344,34.7595
281,WarpSAC-A,G1JoystickRoughTerrain,2,avg_return,42492928,29.167
282,WarpSAC-A,G1JoystickRoughTerrain,2,avg_return,44992512,31.8231
283,WarpSAC-A,G1JoystickRoughTerrain,2,avg_return,47492096,30.0699
284,WarpSAC-A,G1JoystickRoughTerrain,2,avg_return,49991680,34.5792
285,WarpSAC-A,G1JoystickRoughTerrain,2,avg_return,50000896,32.0962
286,WarpSAC-A,G1JoystickRoughTerrain,2,avg_success,0,0.0
287,WarpSAC-A,G1JoystickRoughTerrain,2,avg_success,2499584,0.0
288,WarpSAC-A,G1JoystickRoughTerrain,2,avg_success,4999168,0.0
289,WarpSAC-A,G1JoystickRoughTerrain,2,avg_success,7498752,0.0
290,WarpSAC-A,G1JoystickRoughTerrain,2,avg_success,9998336,0.0
291,WarpSAC-A,G1JoystickRoughTerrain,2,avg_success,12497920,0.0
292,WarpSAC-A,G1JoystickRoughTerrain,2,avg_success,14997504,0.0
293,WarpSAC-A,G1JoystickRoughTerrain,2,avg_success,17497088,0.0
294,WarpSAC-A,G1JoystickRoughTerrain,2,avg_success,19996672,0.0
295,WarpSAC-A,G1JoystickRoughTerrain,2,avg_success,22496256,0.0
296,WarpSAC-A,G1JoystickRoughTerrain,2,avg_success,24995840,0.0
297,WarpSAC-A,G1JoystickRoughTerrain,2,avg_success,27495424,0.0
298,WarpSAC-A,G1JoystickRoughTerrain,2,avg_success,29995008,0.0
299,WarpSAC-A,G1JoystickRoughTerrain,2,avg_success,32494592,0.0
300,WarpSAC-A,G1JoystickRoughTerrain,2,avg_success,34994176,0.0
301,WarpSAC-A,G1JoystickRoughTerrain,2,avg_success,37493760,0.0
302,WarpSAC-A,G1JoystickRoughTerrain,2,avg_success,39993344,0.0
303,WarpSAC-A,G1JoystickRoughTerrain,2,avg_success,42492928,0.0
304,WarpSAC-A,G1JoystickRoughTerrain,2,avg_success,44992512,0.0
305,WarpSAC-A,G1JoystickRoughTerrain,2,avg_success,47492096,0.0
306,WarpSAC-A,G1JoystickRoughTerrain,2,avg_success,49991680,0.0
307,WarpSAC-A,G1JoystickRoughTerrain,2,avg_success,50000896,0.0
308,WarpSAC-A,G1JoystickRoughTerrain,3,avg_return,0,-7.3488
309,WarpSAC-A,G1JoystickRoughTerrain,3,avg_return,2499584,-3.7933
310,WarpSAC-A,G1JoystickRoughTerrain,3,avg_return,4999168,1.9036
311,WarpSAC-A,G1JoystickRoughTerrain,3,avg_return,7498752,15.0795
312,WarpSAC-A,G1JoystickRoughTerrain,3,avg_return,9998336,17.2159
313,WarpSAC-A,G1JoystickRoughTerrain,3,avg_return,12497920,21.4307
314,WarpSAC-A,G1JoystickRoughTerrain,3,avg_return,14997504,22.7221
315,WarpSAC-A,G1JoystickRoughTerrain,3,avg_return,17497088,-4.0335
316,WarpSAC-A,G1JoystickRoughTerrain,3,avg_return,19996672,26.7235
317,WarpSAC-A,G1JoystickRoughTerrain,3,avg_return,22496256,27.6601
318,WarpSAC-A,G1JoystickRoughTerrain,3,avg_return,24995840,29.2391
319,WarpSAC-A,G1JoystickRoughTerrain,3,avg_return,27495424,32.015
320,WarpSAC-A,G1JoystickRoughTerrain,3,avg_return,29995008,26.5547
321,WarpSAC-A,G1JoystickRoughTerrain,3,avg_return,32494592,32.8116
322,WarpSAC-A,G1JoystickRoughTerrain,3,avg_return,34994176,32.3646
323,WarpSAC-A,G1JoystickRoughTerrain,3,avg_return,37493760,32.7561
324,WarpSAC-A,G1JoystickRoughTerrain,3,avg_return,39993344,34.29
325,WarpSAC-A,G1JoystickRoughTerrain,3,avg_return,42492928,33.9838
326,WarpSAC-A,G1JoystickRoughTerrain,3,avg_return,44992512,34.0394
327,WarpSAC-A,G1JoystickRoughTerrain,3,avg_return,47492096,35.1686
328,WarpSAC-A,G1JoystickRoughTerrain,3,avg_return,49991680,35.1174
329,WarpSAC-A,G1JoystickRoughTerrain,3,avg_return,50000896,34.1693
330,WarpSAC-A,G1JoystickRoughTerrain,3,avg_success,0,0.0
331,WarpSAC-A,G1JoystickRoughTerrain,3,avg_success,2499584,0.0
332,WarpSAC-A,G1JoystickRoughTerrain,3,avg_success,4999168,0.0
333,WarpSAC-A,G1JoystickRoughTerrain,3,avg_success,7498752,0.0
334,WarpSAC-A,G1JoystickRoughTerrain,3,avg_success,9998336,0.0
335,WarpSAC-A,G1JoystickRoughTerrain,3,avg_success,12497920,0.0
336,WarpSAC-A,G1JoystickRoughTerrain,3,avg_success,14997504,0.0
337,WarpSAC-A,G1JoystickRoughTerrain,3,avg_success,17497088,0.0
338,WarpSAC-A,G1JoystickRoughTerrain,3,avg_success,19996672,0.0
339,WarpSAC-A,G1JoystickRoughTerrain,3,avg_success,22496256,0.0
340,WarpSAC-A,G1JoystickRoughTerrain,3,avg_success,24995840,0.0
341,WarpSAC-A,G1JoystickRoughTerrain,3,avg_success,27495424,0.0
342,WarpSAC-A,G1JoystickRoughTerrain,3,avg_success,29995008,0.0
343,WarpSAC-A,G1JoystickRoughTerrain,3,avg_success,32494592,0.0
344,WarpSAC-A,G1JoystickRoughTerrain,3,avg_success,34994176,0.0
345,WarpSAC-A,G1JoystickRoughTerrain,3,avg_success,37493760,0.0
346,WarpSAC-A,G1JoystickRoughTerrain,3,avg_success,39993344,0.0
347,WarpSAC-A,G1JoystickRoughTerrain,3,avg_success,42492928,0.0
348,WarpSAC-A,G1JoystickRoughTerrain,3,avg_success,44992512,0.0
349,WarpSAC-A,G1JoystickRoughTerrain,3,avg_success,47492096,0.0
350,WarpSAC-A,G1JoystickRoughTerrain,3,avg_success,49991680,0.0
351,WarpSAC-A,G1JoystickRoughTerrain,3,avg_success,50000896,0.0
352,WarpSAC-A,G1JoystickRoughTerrain,4,avg_return,0,-4.538
353,WarpSAC-A,G1JoystickRoughTerrain,4,avg_return,2499584,-3.5281
354,WarpSAC-A,G1JoystickRoughTerrain,4,avg_return,4999168,-4.2611
355,WarpSAC-A,G1JoystickRoughTerrain,4,avg_return,7498752,15.2752
356,WarpSAC-A,G1JoystickRoughTerrain,4,avg_return,9998336,16.1508
357,WarpSAC-A,G1JoystickRoughTerrain,4,avg_return,12497920,18.3876
358,WarpSAC-A,G1JoystickRoughTerrain,4,avg_return,14997504,24.3894
359,WarpSAC-A,G1JoystickRoughTerrain,4,avg_return,17497088,24.8514
360,WarpSAC-A,G1JoystickRoughTerrain,4,avg_return,19996672,28.6055
361,WarpSAC-A,G1JoystickRoughTerrain,4,avg_return,22496256,24.8479
362,WarpSAC-A,G1JoystickRoughTerrain,4,avg_return,24995840,26.6065
363,WarpSAC-A,G1JoystickRoughTerrain,4,avg_return,27495424,33.1505
364,WarpSAC-A,G1JoystickRoughTerrain,4,avg_return,29995008,32.5162
365,WarpSAC-A,G1JoystickRoughTerrain,4,avg_return,32494592,32.682
366,WarpSAC-A,G1JoystickRoughTerrain,4,avg_return,34994176,32.9409
367,WarpSAC-A,G1JoystickRoughTerrain,4,avg_return,37493760,33.9115
368,WarpSAC-A,G1JoystickRoughTerrain,4,avg_return,39993344,34.3154
369,WarpSAC-A,G1JoystickRoughTerrain,4,avg_return,42492928,34.3957
370,WarpSAC-A,G1JoystickRoughTerrain,4,avg_return,44992512,28.0723
371,WarpSAC-A,G1JoystickRoughTerrain,4,avg_return,47492096,34.2746
372,WarpSAC-A,G1JoystickRoughTerrain,4,avg_return,49991680,35.08
373,WarpSAC-A,G1JoystickRoughTerrain,4,avg_return,50000896,33.2716
374,WarpSAC-A,G1JoystickRoughTerrain,4,avg_success,0,0.0
375,WarpSAC-A,G1JoystickRoughTerrain,4,avg_success,2499584,0.0
376,WarpSAC-A,G1JoystickRoughTerrain,4,avg_success,4999168,0.0
377,WarpSAC-A,G1JoystickRoughTerrain,4,avg_success,7498752,0.0
378,WarpSAC-A,G1JoystickRoughTerrain,4,avg_success,9998336,0.0
379,WarpSAC-A,G1JoystickRoughTerrain,4,avg_success,12497920,0.0
380,WarpSAC-A,G1JoystickRoughTerrain,4,avg_success,14997504,0.0
381,WarpSAC-A,G1JoystickRoughTerrain,4,avg_success,17497088,0.0
382,WarpSAC-A,G1JoystickRoughTerrain,4,avg_success,19996672,0.0
383,WarpSAC-A,G1JoystickRoughTerrain,4,avg_success,22496256,0.0
384,WarpSAC-A,G1JoystickRoughTerrain,4,avg_success,24995840,0.0
385,WarpSAC-A,G1JoystickRoughTerrain,4,avg_success,27495424,0.0
386,WarpSAC-A,G1JoystickRoughTerrain,4,avg_success,29995008,0.0
387,WarpSAC-A,G1JoystickRoughTerrain,4,avg_success,32494592,0.0
388,WarpSAC-A,G1JoystickRoughTerrain,4,avg_success,34994176,0.0
389,WarpSAC-A,G1JoystickRoughTerrain,4,avg_success,37493760,0.0
390,WarpSAC-A,G1JoystickRoughTerrain,4,avg_success,39993344,0.0
391,WarpSAC-A,G1JoystickRoughTerrain,4,avg_success,42492928,0.0
392,WarpSAC-A,G1JoystickRoughTerrain,4,avg_success,44992512,0.0
393,WarpSAC-A,G1JoystickRoughTerrain,4,avg_success,47492096,0.0
394,WarpSAC-A,G1JoystickRoughTerrain,4,avg_success,49991680,0.0
395,WarpSAC-A,G1JoystickRoughTerrain,4,avg_success,50000896,0.0
396,WarpSAC-A,G1JoystickRoughTerrain,5,avg_return,0,-5.544
397,WarpSAC-A,G1JoystickRoughTerrain,5,avg_return,2499584,-3.5491
398,WarpSAC-A,G1JoystickRoughTerrain,5,avg_return,4999168,2.1446
399,WarpSAC-A,G1JoystickRoughTerrain,5,avg_return,7498752,12.7398
400,WarpSAC-A,G1JoystickRoughTerrain,5,avg_return,9998336,15.922
401,WarpSAC-A,G1JoystickRoughTerrain,5,avg_return,12497920,22.0973
402,WarpSAC-A,G1JoystickRoughTerrain,5,avg_return,14997504,23.8486
403,WarpSAC-A,G1JoystickRoughTerrain,5,avg_return,17497088,23.795
404,WarpSAC-A,G1JoystickRoughTerrain,5,avg_return,19996672,28.2555
405,WarpSAC-A,G1JoystickRoughTerrain,5,avg_return,22496256,29.7634
406,WarpSAC-A,G1JoystickRoughTerrain,5,avg_return,24995840,21.938
407,WarpSAC-A,G1JoystickRoughTerrain,5,avg_return,27495424,28.3973
408,WarpSAC-A,G1JoystickRoughTerrain,5,avg_return,29995008,31.2897
409,WarpSAC-A,G1JoystickRoughTerrain,5,avg_return,32494592,29.8518
410,WarpSAC-A,G1JoystickRoughTerrain,5,avg_return,34994176,32.2925
411,WarpSAC-A,G1JoystickRoughTerrain,5,avg_return,37493760,31.6226
412,WarpSAC-A,G1JoystickRoughTerrain,5,avg_return,39993344,31.6017
413,WarpSAC-A,G1JoystickRoughTerrain,5,avg_return,42492928,30.8111
414,WarpSAC-A,G1JoystickRoughTerrain,5,avg_return,44992512,33.1581
415,WarpSAC-A,G1JoystickRoughTerrain,5,avg_return,47492096,32.6391
416,WarpSAC-A,G1JoystickRoughTerrain,5,avg_return,49991680,34.5982
417,WarpSAC-A,G1JoystickRoughTerrain,5,avg_return,50000896,33.7054
418,WarpSAC-A,G1JoystickRoughTerrain,5,avg_success,0,0.0
419,WarpSAC-A,G1JoystickRoughTerrain,5,avg_success,2499584,0.0
420,WarpSAC-A,G1JoystickRoughTerrain,5,avg_success,4999168,0.0
421,WarpSAC-A,G1JoystickRoughTerrain,5,avg_success,7498752,0.0
422,WarpSAC-A,G1JoystickRoughTerrain,5,avg_success,9998336,0.0
423,WarpSAC-A,G1JoystickRoughTerrain,5,avg_success,12497920,0.0
424,WarpSAC-A,G1JoystickRoughTerrain,5,avg_success,14997504,0.0
425,WarpSAC-A,G1JoystickRoughTerrain,5,avg_success,17497088,0.0
426,WarpSAC-A,G1JoystickRoughTerrain,5,avg_success,19996672,0.0
427,WarpSAC-A,G1JoystickRoughTerrain,5,avg_success,22496256,0.0
428,WarpSAC-A,G1JoystickRoughTerrain,5,avg_success,24995840,0.0
429,WarpSAC-A,G1JoystickRoughTerrain,5,avg_success,27495424,0.0
430,WarpSAC-A,G1JoystickRoughTerrain,5,avg_success,29995008,0.0
431,WarpSAC-A,G1JoystickRoughTerrain,5,avg_success,32494592,0.0
432,WarpSAC-A,G1JoystickRoughTerrain,5,avg_success,34994176,0.0
433,WarpSAC-A,G1JoystickRoughTerrain,5,avg_success,37493760,0.0
434,WarpSAC-A,G1JoystickRoughTerrain,5,avg_success,39993344,0.0
435,WarpSAC-A,G1JoystickRoughTerrain,5,avg_success,42492928,0.0
436,WarpSAC-A,G1JoystickRoughTerrain,5,avg_success,44992512,0.0
437,WarpSAC-A,G1JoystickRoughTerrain,5,avg_success,47492096,0.0
438,WarpSAC-A,G1JoystickRoughTerrain,5,avg_success,49991680,0.0
439,WarpSAC-A,G1JoystickRoughTerrain,5,avg_success,50000896,0.0
440,WarpSAC-A,Isaac-Lift-Cube-Franka-v0,1,avg_return,0,0.6846
441,WarpSAC-A,Isaac-Lift-Cube-Franka-v0,1,avg_return,4999168,1.2033
442,WarpSAC-A,Isaac-Lift-Cube-Franka-v0,1,avg_return,9998336,50.8182
443,WarpSAC-A,Isaac-Lift-Cube-Franka-v0,1,avg_return,14997504,141.054
444,WarpSAC-A,Isaac-Lift-Cube-Franka-v0,1,avg_return,19996672,144.6492
445,WarpSAC-A,Isaac-Lift-Cube-Franka-v0,1,avg_return,24995840,152.9048
446,WarpSAC-A,Isaac-Lift-Cube-Franka-v0,1,avg_return,29995008,153.5036
447,WarpSAC-A,Isaac-Lift-Cube-Franka-v0,1,avg_return,34994176,152.6902
448,WarpSAC-A,Isaac-Lift-Cube-Franka-v0,1,avg_return,39993344,152.0901
449,WarpSAC-A,Isaac-Lift-Cube-Franka-v0,1,avg_return,44992512,154.5799
450,WarpSAC-A,Isaac-Lift-Cube-Franka-v0,1,avg_return,49991680,153.7814
451,WarpSAC-A,Isaac-Lift-Cube-Franka-v0,1,avg_return,50000896,153.0718
452,WarpSAC-A,Isaac-Lift-Cube-Franka-v0,1,avg_success,0,0.0
453,WarpSAC-A,Isaac-Lift-Cube-Franka-v0,1,avg_success,4999168,0.0
454,WarpSAC-A,Isaac-Lift-Cube-Franka-v0,1,avg_success,9998336,0.0
455,WarpSAC-A,Isaac-Lift-Cube-Franka-v0,1,avg_success,14997504,0.0
456,WarpSAC-A,Isaac-Lift-Cube-Franka-v0,1,avg_success,19996672,0.0
457,WarpSAC-A,Isaac-Lift-Cube-Franka-v0,1,avg_success,24995840,0.0
458,WarpSAC-A,Isaac-Lift-Cube-Franka-v0,1,avg_success,29995008,0.0
459,WarpSAC-A,Isaac-Lift-Cube-Franka-v0,1,avg_success,34994176,0.0
460,WarpSAC-A,Isaac-Lift-Cube-Franka-v0,1,avg_success,39993344,0.0
461,WarpSAC-A,Isaac-Lift-Cube-Franka-v0,1,avg_success,44992512,0.0
462,WarpSAC-A,Isaac-Lift-Cube-Franka-v0,1,avg_success,49991680,0.0
463,WarpSAC-A,Isaac-Lift-Cube-Franka-v0,1,avg_success,50000896,0.0
464,WarpSAC-A,Isaac-Lift-Cube-Franka-v0,2,avg_return,0,0.6834
465,WarpSAC-A,Isaac-Lift-Cube-Franka-v0,2,avg_return,4999168,1.3937
466,WarpSAC-A,Isaac-Lift-Cube-Franka-v0,2,avg_return,9998336,31.2292
467,WarpSAC-A,Isaac-Lift-Cube-Franka-v0,2,avg_return,14997504,129.1727
468,WarpSAC-A,Isaac-Lift-Cube-Franka-v0,2,avg_return,19996672,145.6298
469,WarpSAC-A,Isaac-Lift-Cube-Franka-v0,2,avg_return,24995840,146.8056
470,WarpSAC-A,Isaac-Lift-Cube-Franka-v0,2,avg_return,29995008,148.3418
471,WarpSAC-A,Isaac-Lift-Cube-Franka-v0,2,avg_return,34994176,152.9968
472,WarpSAC-A,Isaac-Lift-Cube-Franka-v0,2,avg_return,39993344,146.6236
473,WarpSAC-A,Isaac-Lift-Cube-Franka-v0,2,avg_return,44992512,153.7327
474,WarpSAC-A,Isaac-Lift-Cube-Franka-v0,2,avg_return,49991680,154.648
475,WarpSAC-A,Isaac-Lift-Cube-Franka-v0,2,avg_return,50000896,156.0116
476,WarpSAC-A,Isaac-Lift-Cube-Franka-v0,2,avg_success,0,0.0
477,WarpSAC-A,Isaac-Lift-Cube-Franka-v0,2,avg_success,4999168,0.0
478,WarpSAC-A,Isaac-Lift-Cube-Franka-v0,2,avg_success,9998336,0.0
479,WarpSAC-A,Isaac-Lift-Cube-Franka-v0,2,avg_success,14997504,0.0
480,WarpSAC-A,Isaac-Lift-Cube-Franka-v0,2,avg_success,19996672,0.0
481,WarpSAC-A,Isaac-Lift-Cube-Franka-v0,2,avg_success,24995840,0.0
482,WarpSAC-A,Isaac-Lift-Cube-Franka-v0,2,avg_success,29995008,0.0
483,WarpSAC-A,Isaac-Lift-Cube-Franka-v0,2,avg_success,34994176,0.0
484,WarpSAC-A,Isaac-Lift-Cube-Franka-v0,2,avg_success,39993344,0.0
485,WarpSAC-A,Isaac-Lift-Cube-Franka-v0,2,avg_success,44992512,0.0
486,WarpSAC-A,Isaac-Lift-Cube-Franka-v0,2,avg_success,49991680,0.0
487,WarpSAC-A,Isaac-Lift-Cube-Franka-v0,2,avg_success,50000896,0.0
488,WarpSAC-A,Isaac-Lift-Cube-Franka-v0,3,avg_return,0,0.6797
489,WarpSAC-A,Isaac-Lift-Cube-Franka-v0,3,avg_return,4999168,2.6039
490,WarpSAC-A,Isaac-Lift-Cube-Franka-v0,3,avg_return,9998336,110.8426
491,WarpSAC-A,Isaac-Lift-Cube-Franka-v0,3,avg_return,14997504,143.0231
492,WarpSAC-A,Isaac-Lift-Cube-Franka-v0,3,avg_return,19996672,151.6874
493,WarpSAC-A,Isaac-Lift-Cube-Franka-v0,3,avg_return,24995840,149.4625
494,WarpSAC-A,Isaac-Lift-Cube-Franka-v0,3,avg_return,29995008,152.6505
495,WarpSAC-A,Isaac-Lift-Cube-Franka-v0,3,avg_return,34994176,154.6124
496,WarpSAC-A,Isaac-Lift-Cube-Franka-v0,3,avg_return,39993344,152.9891
497,WarpSAC-A,Isaac-Lift-Cube-Franka-v0,3,avg_return,44992512,155.0504
498,WarpSAC-A,Isaac-Lift-Cube-Franka-v0,3,avg_return,49991680,155.4558
499,WarpSAC-A,Isaac-Lift-Cube-Franka-v0,3,avg_return,50000896,154.36
500,WarpSAC-A,Isaac-Lift-Cube-Franka-v0,3,avg_success,0,0.0
501,WarpSAC-A,Isaac-Lift-Cube-Franka-v0,3,avg_success,4999168,0.0
502,WarpSAC-A,Isaac-Lift-Cube-Franka-v0,3,avg_success,9998336,0.0
503,WarpSAC-A,Isaac-Lift-Cube-Franka-v0,3,avg_success,14997504,0.0
504,WarpSAC-A,Isaac-Lift-Cube-Franka-v0,3,avg_success,19996672,0.0
505,WarpSAC-A,Isaac-Lift-Cube-Franka-v0,3,avg_success,24995840,0.0
506,WarpSAC-A,Isaac-Lift-Cube-Franka-v0,3,avg_success,29995008,0.0
507,WarpSAC-A,Isaac-Lift-Cube-Franka-v0,3,avg_success,34994176,0.0
508,WarpSAC-A,Isaac-Lift-Cube-Franka-v0,3,avg_success,39993344,0.0
509,WarpSAC-A,Isaac-Lift-Cube-Franka-v0,3,avg_success,44992512,0.0
510,WarpSAC-A,Isaac-Lift-Cube-Franka-v0,3,avg_success,49991680,0.0
511,WarpSAC-A,Isaac-Lift-Cube-Franka-v0,3,avg_success,50000896,0.0
512,WarpSAC-A,Isaac-Lift-Cube-Franka-v0,4,avg_return,0,0.6353
513,WarpSAC-A,Isaac-Lift-Cube-Franka-v0,4,avg_return,4999168,1.1263
514,WarpSAC-A,Isaac-Lift-Cube-Franka-v0,4,avg_return,9998336,31.7819
515,WarpSAC-A,Isaac-Lift-Cube-Franka-v0,4,avg_return,14997504,143.8928
516,WarpSAC-A,Isaac-Lift-Cube-Franka-v0,4,avg_return,19996672,151.6232
517,WarpSAC-A,Isaac-Lift-Cube-Franka-v0,4,avg_return,24995840,151.9793
518,WarpSAC-A,Isaac-Lift-Cube-Franka-v0,4,avg_return,29995008,144.9486
519,WarpSAC-A,Isaac-Lift-Cube-Franka-v0,4,avg_return,34994176,155.852
520,WarpSAC-A,Isaac-Lift-Cube-Franka-v0,4,avg_return,39993344,154.1473
521,WarpSAC-A,Isaac-Lift-Cube-Franka-v0,4,avg_return,44992512,155.4213
522,WarpSAC-A,Isaac-Lift-Cube-Franka-v0,4,avg_return,49991680,153.4353
523,WarpSAC-A,Isaac-Lift-Cube-Franka-v0,4,avg_return,50000896,153.9648
524,WarpSAC-A,Isaac-Lift-Cube-Franka-v0,4,avg_success,0,0.0
525,WarpSAC-A,Isaac-Lift-Cube-Franka-v0,4,avg_success,4999168,0.0
526,WarpSAC-A,Isaac-Lift-Cube-Franka-v0,4,avg_success,9998336,0.0
527,WarpSAC-A,Isaac-Lift-Cube-Franka-v0,4,avg_success,14997504,0.0
528,WarpSAC-A,Isaac-Lift-Cube-Franka-v0,4,avg_success,19996672,0.0
529,WarpSAC-A,Isaac-Lift-Cube-Franka-v0,4,avg_success,24995840,0.0
530,WarpSAC-A,Isaac-Lift-Cube-Franka-v0,4,avg_success,29995008,0.0
531,WarpSAC-A,Isaac-Lift-Cube-Franka-v0,4,avg_success,34994176,0.0
532,WarpSAC-A,Isaac-Lift-Cube-Franka-v0,4,avg_success,39993344,0.0
533,WarpSAC-A,Isaac-Lift-Cube-Franka-v0,4,avg_success,44992512,0.0
534,WarpSAC-A,Isaac-Lift-Cube-Franka-v0,4,avg_success,49991680,0.0
535,WarpSAC-A,Isaac-Lift-Cube-Franka-v0,4,avg_success,50000896,0.0
536,WarpSAC-A,Isaac-Lift-Cube-Franka-v0,5,avg_return,0,0.6777
537,WarpSAC-A,Isaac-Lift-Cube-Franka-v0,5,avg_return,4999168,1.2852
538,WarpSAC-A,Isaac-Lift-Cube-Franka-v0,5,avg_return,9998336,15.6005
539,WarpSAC-A,Isaac-Lift-Cube-Franka-v0,5,avg_return,14997504,130.8604
540,WarpSAC-A,Isaac-Lift-Cube-Franka-v0,5,avg_return,19996672,140.8583
541,WarpSAC-A,Isaac-Lift-Cube-Franka-v0,5,avg_return,24995840,147.0142
542,WarpSAC-A,Isaac-Lift-Cube-Franka-v0,5,avg_return,29995008,148.7511
543,WarpSAC-A,Isaac-Lift-Cube-Franka-v0,5,avg_return,34994176,150.7063
544,WarpSAC-A,Isaac-Lift-Cube-Franka-v0,5,avg_return,39993344,152.0429
545,WarpSAC-A,Isaac-Lift-Cube-Franka-v0,5,avg_return,44992512,147.0191
546,WarpSAC-A,Isaac-Lift-Cube-Franka-v0,5,avg_return,49991680,155.2826
547,WarpSAC-A,Isaac-Lift-Cube-Franka-v0,5,avg_return,50000896,153.3209
548,WarpSAC-A,Isaac-Lift-Cube-Franka-v0,5,avg_success,0,0.0
549,WarpSAC-A,Isaac-Lift-Cube-Franka-v0,5,avg_success,4999168,0.0
550,WarpSAC-A,Isaac-Lift-Cube-Franka-v0,5,avg_success,9998336,0.0
551,WarpSAC-A,Isaac-Lift-Cube-Franka-v0,5,avg_success,14997504,0.0
552,WarpSAC-A,Isaac-Lift-Cube-Franka-v0,5,avg_success,19996672,0.0
553,WarpSAC-A,Isaac-Lift-Cube-Franka-v0,5,avg_success,24995840,0.0
554,WarpSAC-A,Isaac-Lift-Cube-Franka-v0,5,avg_success,29995008,0.0
555,WarpSAC-A,Isaac-Lift-Cube-Franka-v0,5,avg_success,34994176,0.0
556,WarpSAC-A,Isaac-Lift-Cube-Franka-v0,5,avg_success,39993344,0.0
557,WarpSAC-A,Isaac-Lift-Cube-Franka-v0,5,avg_success,44992512,0.0
558,WarpSAC-A,Isaac-Lift-Cube-Franka-v0,5,avg_success,49991680,0.0
559,WarpSAC-A,Isaac-Lift-Cube-Franka-v0,5,avg_success,50000896,0.0
560,WarpSAC-A,Isaac-Open-Drawer-Franka-v0,1,avg_return,0,8.746
561,WarpSAC-A,Isaac-Open-Drawer-Franka-v0,1,avg_return,4999168,94.8581
562,WarpSAC-A,Isaac-Open-Drawer-Franka-v0,1,avg_return,9998336,95.5522
563,WarpSAC-A,Isaac-Open-Drawer-Franka-v0,1,avg_return,14997504,98.1277
564,WarpSAC-A,Isaac-Open-Drawer-Franka-v0,1,avg_return,19996672,99.7085
565,WarpSAC-A,Isaac-Open-Drawer-Franka-v0,1,avg_return,24995840,99.126
566,WarpSAC-A,Isaac-Open-Drawer-Franka-v0,1,avg_return,29995008,100.0505
567,WarpSAC-A,Isaac-Open-Drawer-Franka-v0,1,avg_return,34994176,99.8212
568,WarpSAC-A,Isaac-Open-Drawer-Franka-v0,1,avg_return,39993344,100.001
569,WarpSAC-A,Isaac-Open-Drawer-Franka-v0,1,avg_return,44992512,99.5895
570,WarpSAC-A,Isaac-Open-Drawer-Franka-v0,1,avg_return,49991680,99.7597
571,WarpSAC-A,Isaac-Open-Drawer-Franka-v0,1,avg_return,50000896,99.8087
572,WarpSAC-A,Isaac-Open-Drawer-Franka-v0,1,avg_success,0,0.0
573,WarpSAC-A,Isaac-Open-Drawer-Franka-v0,1,avg_success,4999168,0.0
574,WarpSAC-A,Isaac-Open-Drawer-Franka-v0,1,avg_success,9998336,0.0
575,WarpSAC-A,Isaac-Open-Drawer-Franka-v0,1,avg_success,14997504,0.0
576,WarpSAC-A,Isaac-Open-Drawer-Franka-v0,1,avg_success,19996672,0.0
577,WarpSAC-A,Isaac-Open-Drawer-Franka-v0,1,avg_success,24995840,0.0
578,WarpSAC-A,Isaac-Open-Drawer-Franka-v0,1,avg_success,29995008,0.0
579,WarpSAC-A,Isaac-Open-Drawer-Franka-v0,1,avg_success,34994176,0.0
580,WarpSAC-A,Isaac-Open-Drawer-Franka-v0,1,avg_success,39993344,0.0
581,WarpSAC-A,Isaac-Open-Drawer-Franka-v0,1,avg_success,44992512,0.0
582,WarpSAC-A,Isaac-Open-Drawer-Franka-v0,1,avg_success,49991680,0.0
583,WarpSAC-A,Isaac-Open-Drawer-Franka-v0,1,avg_success,50000896,0.0
584,WarpSAC-A,Isaac-Open-Drawer-Franka-v0,2,avg_return,0,8.6768
585,WarpSAC-A,Isaac-Open-Drawer-Franka-v0,2,avg_return,4999168,95.0909
586,WarpSAC-A,Isaac-Open-Drawer-Franka-v0,2,avg_return,9998336,96.5988
587,WarpSAC-A,Isaac-Open-Drawer-Franka-v0,2,avg_return,14997504,97.117
588,WarpSAC-A,Isaac-Open-Drawer-Franka-v0,2,avg_return,19996672,97.6877
589,WarpSAC-A,Isaac-Open-Drawer-Franka-v0,2,avg_return,24995840,98.3163
590,WarpSAC-A,Isaac-Open-Drawer-Franka-v0,2,avg_return,29995008,97.6847
591,WarpSAC-A,Isaac-Open-Drawer-Franka-v0,2,avg_return,34994176,97.8677
592,WarpSAC-A,Isaac-Open-Drawer-Franka-v0,2,avg_return,39993344,98.3
593,WarpSAC-A,Isaac-Open-Drawer-Franka-v0,2,avg_return,44992512,98.5011
594,WarpSAC-A,Isaac-Open-Drawer-Franka-v0,2,avg_return,49991680,76.8317
595,WarpSAC-A,Isaac-Open-Drawer-Franka-v0,2,avg_return,50000896,98.4572
596,WarpSAC-A,Isaac-Open-Drawer-Franka-v0,2,avg_success,0,0.0
597,WarpSAC-A,Isaac-Open-Drawer-Franka-v0,2,avg_success,4999168,0.0
598,WarpSAC-A,Isaac-Open-Drawer-Franka-v0,2,avg_success,9998336,0.0
599,WarpSAC-A,Isaac-Open-Drawer-Franka-v0,2,avg_success,14997504,0.0
600,WarpSAC-A,Isaac-Open-Drawer-Franka-v0,2,avg_success,19996672,0.0
601,WarpSAC-A,Isaac-Open-Drawer-Franka-v0,2,avg_success,24995840,0.0
602,WarpSAC-A,Isaac-Open-Drawer-Franka-v0,2,avg_success,29995008,0.0
603,WarpSAC-A,Isaac-Open-Drawer-Franka-v0,2,avg_success,34994176,0.0
604,WarpSAC-A,Isaac-Open-Drawer-Franka-v0,2,avg_success,39993344,0.0
605,WarpSAC-A,Isaac-Open-Drawer-Franka-v0,2,avg_success,44992512,0.0
606,WarpSAC-A,Isaac-Open-Drawer-Franka-v0,2,avg_success,49991680,0.0
607,WarpSAC-A,Isaac-Open-Drawer-Franka-v0,2,avg_success,50000896,0.0
608,WarpSAC-A,Isaac-Open-Drawer-Franka-v0,3,avg_return,0,8.0973
609,WarpSAC-A,Isaac-Open-Drawer-Franka-v0,3,avg_return,4999168,93.8995
610,WarpSAC-A,Isaac-Open-Drawer-Franka-v0,3,avg_return,9998336,97.2628
611,WarpSAC-A,Isaac-Open-Drawer-Franka-v0,3,avg_return,14997504,97.7775
612,WarpSAC-A,Isaac-Open-Drawer-Franka-v0,3,avg_return,19996672,98.4921
613,WarpSAC-A,Isaac-Open-Drawer-Franka-v0,3,avg_return,24995840,98.6873
614,WarpSAC-A,Isaac-Open-Drawer-Franka-v0,3,avg_return,29995008,98.8928
615,WarpSAC-A,Isaac-Open-Drawer-Franka-v0,3,avg_return,34994176,99.2275
616,WarpSAC-A,Isaac-Open-Drawer-Franka-v0,3,avg_return,39993344,99.0062
617,WarpSAC-A,Isaac-Open-Drawer-Franka-v0,3,avg_return,44992512,98.4802
618,WarpSAC-A,Isaac-Open-Drawer-Franka-v0,3,avg_return,49991680,98.636
619,WarpSAC-A,Isaac-Open-Drawer-Franka-v0,3,avg_return,50000896,98.6434
620,WarpSAC-A,Isaac-Open-Drawer-Franka-v0,3,avg_success,0,0.0
621,WarpSAC-A,Isaac-Open-Drawer-Franka-v0,3,avg_success,4999168,0.0
622,WarpSAC-A,Isaac-Open-Drawer-Franka-v0,3,avg_success,9998336,0.0
623,WarpSAC-A,Isaac-Open-Drawer-Franka-v0,3,avg_success,14997504,0.0
624,WarpSAC-A,Isaac-Open-Drawer-Franka-v0,3,avg_success,19996672,0.0
625,WarpSAC-A,Isaac-Open-Drawer-Franka-v0,3,avg_success,24995840,0.0
626,WarpSAC-A,Isaac-Open-Drawer-Franka-v0,3,avg_success,29995008,0.0
627,WarpSAC-A,Isaac-Open-Drawer-Franka-v0,3,avg_success,34994176,0.0
628,WarpSAC-A,Isaac-Open-Drawer-Franka-v0,3,avg_success,39993344,0.0
629,WarpSAC-A,Isaac-Open-Drawer-Franka-v0,3,avg_success,44992512,0.0
630,WarpSAC-A,Isaac-Open-Drawer-Franka-v0,3,avg_success,49991680,0.0
631,WarpSAC-A,Isaac-Open-Drawer-Franka-v0,3,avg_success,50000896,0.0
632,WarpSAC-A,Isaac-Open-Drawer-Franka-v0,4,avg_return,0,3.7625
633,WarpSAC-A,Isaac-Open-Drawer-Franka-v0,4,avg_return,4999168,82.8724
634,WarpSAC-A,Isaac-Open-Drawer-Franka-v0,4,avg_return,9998336,92.8703
635,WarpSAC-A,Isaac-Open-Drawer-Franka-v0,4,avg_return,14997504,93.1456
636,WarpSAC-A,Isaac-Open-Drawer-Franka-v0,4,avg_return,19996672,96.8948
637,WarpSAC-A,Isaac-Open-Drawer-Franka-v0,4,avg_return,24995840,98.3699
638,WarpSAC-A,Isaac-Open-Drawer-Franka-v0,4,avg_return,29995008,98.5109
639,WarpSAC-A,Isaac-Open-Drawer-Franka-v0,4,avg_return,34994176,98.8398
640,WarpSAC-A,Isaac-Open-Drawer-Franka-v0,4,avg_return,39993344,98.4874
641,WarpSAC-A,Isaac-Open-Drawer-Franka-v0,4,avg_return,44992512,98.7624
642,WarpSAC-A,Isaac-Open-Drawer-Franka-v0,4,avg_return,49991680,98.6156
643,WarpSAC-A,Isaac-Open-Drawer-Franka-v0,4,avg_return,50000896,98.7117
644,WarpSAC-A,Isaac-Open-Drawer-Franka-v0,4,avg_success,0,0.0
645,WarpSAC-A,Isaac-Open-Drawer-Franka-v0,4,avg_success,4999168,0.0
646,WarpSAC-A,Isaac-Open-Drawer-Franka-v0,4,avg_success,9998336,0.0
647,WarpSAC-A,Isaac-Open-Drawer-Franka-v0,4,avg_success,14997504,0.0
648,WarpSAC-A,Isaac-Open-Drawer-Franka-v0,4,avg_success,19996672,0.0
649,WarpSAC-A,Isaac-Open-Drawer-Franka-v0,4,avg_success,24995840,0.0
650,WarpSAC-A,Isaac-Open-Drawer-Franka-v0,4,avg_success,29995008,0.0
651,WarpSAC-A,Isaac-Open-Drawer-Franka-v0,4,avg_success,34994176,0.0
652,WarpSAC-A,Isaac-Open-Drawer-Franka-v0,4,avg_success,39993344,0.0
653,WarpSAC-A,Isaac-Open-Drawer-Franka-v0,4,avg_success,44992512,0.0
654,WarpSAC-A,Isaac-Open-Drawer-Franka-v0,4,avg_success,49991680,0.0
655,WarpSAC-A,Isaac-Open-Drawer-Franka-v0,4,avg_success,50000896,0.0
656,WarpSAC-A,Isaac-Open-Drawer-Franka-v0,5,avg_return,0,2.9577
657,WarpSAC-A,Isaac-Open-Drawer-Franka-v0,5,avg_return,4999168,90.6524
658,WarpSAC-A,Isaac-Open-Drawer-Franka-v0,5,avg_return,9998336,92.6865
659,WarpSAC-A,Isaac-Open-Drawer-Franka-v0,5,avg_return,14997504,93.878
660,WarpSAC-A,Isaac-Open-Drawer-Franka-v0,5,avg_return,19996672,94.966
661,WarpSAC-A,Isaac-Open-Drawer-Franka-v0,5,avg_return,24995840,95.5649
662,WarpSAC-A,Isaac-Open-Drawer-Franka-v0,5,avg_return,29995008,95.2145
663,WarpSAC-A,Isaac-Open-Drawer-Franka-v0,5,avg_return,34994176,94.8112
664,WarpSAC-A,Isaac-Open-Drawer-Franka-v0,5,avg_return,39993344,96.4254
665,WarpSAC-A,Isaac-Open-Drawer-Franka-v0,5,avg_return,44992512,97.2329
666,WarpSAC-A,Isaac-Open-Drawer-Franka-v0,5,avg_return,49991680,97.1874
667,WarpSAC-A,Isaac-Open-Drawer-Franka-v0,5,avg_return,50000896,96.8946
668,WarpSAC-A,Isaac-Open-Drawer-Franka-v0,5,avg_success,0,0.0
669,WarpSAC-A,Isaac-Open-Drawer-Franka-v0,5,avg_success,4999168,0.0
670,WarpSAC-A,Isaac-Open-Drawer-Franka-v0,5,avg_success,9998336,0.0
671,WarpSAC-A,Isaac-Open-Drawer-Franka-v0,5,avg_success,14997504,0.0
672,WarpSAC-A,Isaac-Open-Drawer-Franka-v0,5,avg_success,19996672,0.0
673,WarpSAC-A,Isaac-Open-Drawer-Franka-v0,5,avg_success,24995840,0.0
674,WarpSAC-A,Isaac-Open-Drawer-Franka-v0,5,avg_success,29995008,0.0
675,WarpSAC-A,Isaac-Open-Drawer-Franka-v0,5,avg_success,34994176,0.0
676,WarpSAC-A,Isaac-Open-Drawer-Franka-v0,5,avg_success,39993344,0.0
677,WarpSAC-A,Isaac-Open-Drawer-Franka-v0,5,avg_success,44992512,0.0
678,WarpSAC-A,Isaac-Open-Drawer-Franka-v0,5,avg_success,49991680,0.0
679,WarpSAC-A,Isaac-Open-Drawer-Franka-v0,5,avg_success,50000896,0.0
680,WarpSAC-A,Isaac-Repose-Cube-Allegro-Direct-v0,1,avg_return,0,-43.5004
681,WarpSAC-A,Isaac-Repose-Cube-Allegro-Direct-v0,1,avg_return,4999168,48.7507
682,WarpSAC-A,Isaac-Repose-Cube-Allegro-Direct-v0,1,avg_return,9998336,240.3202
683,WarpSAC-A,Isaac-Repose-Cube-Allegro-Direct-v0,1,avg_return,14997504,2463.7831
684,WarpSAC-A,Isaac-Repose-Cube-Allegro-Direct-v0,1,avg_return,19996672,3781.2458
685,WarpSAC-A,Isaac-Repose-Cube-Allegro-Direct-v0,1,avg_return,24995840,4281.8464
686,WarpSAC-A,Isaac-Repose-Cube-Allegro-Direct-v0,1,avg_return,29995008,4826.4931
687,WarpSAC-A,Isaac-Repose-Cube-Allegro-Direct-v0,1,avg_return,34994176,5123.7823
688,WarpSAC-A,Isaac-Repose-Cube-Allegro-Direct-v0,1,avg_return,39993344,5284.7644
689,WarpSAC-A,Isaac-Repose-Cube-Allegro-Direct-v0,1,avg_return,44992512,5463.2731
690,WarpSAC-A,Isaac-Repose-Cube-Allegro-Direct-v0,1,avg_return,49991680,5794.3675
691,WarpSAC-A,Isaac-Repose-Cube-Allegro-Direct-v0,1,avg_return,50000896,5792.6729
692,WarpSAC-A,Isaac-Repose-Cube-Allegro-Direct-v0,1,avg_success,0,0.0
693,WarpSAC-A,Isaac-Repose-Cube-Allegro-Direct-v0,1,avg_success,4999168,0.0
694,WarpSAC-A,Isaac-Repose-Cube-Allegro-Direct-v0,1,avg_success,9998336,0.0
695,WarpSAC-A,Isaac-Repose-Cube-Allegro-Direct-v0,1,avg_success,14997504,0.0
696,WarpSAC-A,Isaac-Repose-Cube-Allegro-Direct-v0,1,avg_success,19996672,0.0
697,WarpSAC-A,Isaac-Repose-Cube-Allegro-Direct-v0,1,avg_success,24995840,0.0
698,WarpSAC-A,Isaac-Repose-Cube-Allegro-Direct-v0,1,avg_success,29995008,0.0
699,WarpSAC-A,Isaac-Repose-Cube-Allegro-Direct-v0,1,avg_success,34994176,0.0
700,WarpSAC-A,Isaac-Repose-Cube-Allegro-Direct-v0,1,avg_success,39993344,0.0
701,WarpSAC-A,Isaac-Repose-Cube-Allegro-Direct-v0,1,avg_success,44992512,0.0
702,WarpSAC-A,Isaac-Repose-Cube-Allegro-Direct-v0,1,avg_success,49991680,0.0
703,WarpSAC-A,Isaac-Repose-Cube-Allegro-Direct-v0,1,avg_success,50000896,0.0
704,WarpSAC-A,Isaac-Repose-Cube-Allegro-Direct-v0,2,avg_return,0,-26.1534
705,WarpSAC-A,Isaac-Repose-Cube-Allegro-Direct-v0,2,avg_return,4999168,15.9543
706,WarpSAC-A,Isaac-Repose-Cube-Allegro-Direct-v0,2,avg_return,9998336,82.6602
707,WarpSAC-A,Isaac-Repose-Cube-Allegro-Direct-v0,2,avg_return,14997504,1697.4943
708,WarpSAC-A,Isaac-Repose-Cube-Allegro-Direct-v0,2,avg_return,19996672,3317.8836
709,WarpSAC-A,Isaac-Repose-Cube-Allegro-Direct-v0,2,avg_return,24995840,3948.4361
710,WarpSAC-A,Isaac-Repose-Cube-Allegro-Direct-v0,2,avg_return,29995008,4444.9966
711,WarpSAC-A,Isaac-Repose-Cube-Allegro-Direct-v0,2,avg_return,34994176,4900.1981
712,WarpSAC-A,Isaac-Repose-Cube-Allegro-Direct-v0,2,avg_return,39993344,5215.6957
713,WarpSAC-A,Isaac-Repose-Cube-Allegro-Direct-v0,2,avg_return,44992512,5426.1332
714,WarpSAC-A,Isaac-Repose-Cube-Allegro-Direct-v0,2,avg_return,49991680,5583.5632
715,WarpSAC-A,Isaac-Repose-Cube-Allegro-Direct-v0,2,avg_return,50000896,5608.1743
716,WarpSAC-A,Isaac-Repose-Cube-Allegro-Direct-v0,2,avg_success,0,0.0
717,WarpSAC-A,Isaac-Repose-Cube-Allegro-Direct-v0,2,avg_success,4999168,0.0
718,WarpSAC-A,Isaac-Repose-Cube-Allegro-Direct-v0,2,avg_success,9998336,0.0
719,WarpSAC-A,Isaac-Repose-Cube-Allegro-Direct-v0,2,avg_success,14997504,0.0
720,WarpSAC-A,Isaac-Repose-Cube-Allegro-Direct-v0,2,avg_success,19996672,0.0
721,WarpSAC-A,Isaac-Repose-Cube-Allegro-Direct-v0,2,avg_success,24995840,0.0
722,WarpSAC-A,Isaac-Repose-Cube-Allegro-Direct-v0,2,avg_success,29995008,0.0
723,WarpSAC-A,Isaac-Repose-Cube-Allegro-Direct-v0,2,avg_success,34994176,0.0
724,WarpSAC-A,Isaac-Repose-Cube-Allegro-Direct-v0,2,avg_success,39993344,0.0
725,WarpSAC-A,Isaac-Repose-Cube-Allegro-Direct-v0,2,avg_success,44992512,0.0
726,WarpSAC-A,Isaac-Repose-Cube-Allegro-Direct-v0,2,avg_success,49991680,0.0
727,WarpSAC-A,Isaac-Repose-Cube-Allegro-Direct-v0,2,avg_success,50000896,0.0
728,WarpSAC-A,Isaac-Repose-Cube-Allegro-Direct-v0,3,avg_return,0,-51.3334
729,WarpSAC-A,Isaac-Repose-Cube-Allegro-Direct-v0,3,avg_return,4999168,38.9588
730,WarpSAC-A,Isaac-Repose-Cube-Allegro-Direct-v0,3,avg_return,9998336,111.8373
731,WarpSAC-A,Isaac-Repose-Cube-Allegro-Direct-v0,3,avg_return,14997504,1915.6195
732,WarpSAC-A,Isaac-Repose-Cube-Allegro-Direct-v0,3,avg_return,19996672,3482.2576
733,WarpSAC-A,Isaac-Repose-Cube-Allegro-Direct-v0,3,avg_return,24995840,4140.8653
734,WarpSAC-A,Isaac-Repose-Cube-Allegro-Direct-v0,3,avg_return,29995008,4656.6475
735,WarpSAC-A,Isaac-Repose-Cube-Allegro-Direct-v0,3,avg_return,34994176,4942.8164
736,WarpSAC-A,Isaac-Repose-Cube-Allegro-Direct-v0,3,avg_return,39993344,5150.2523
737,WarpSAC-A,Isaac-Repose-Cube-Allegro-Direct-v0,3,avg_return,44992512,5491.3646
738,WarpSAC-A,Isaac-Repose-Cube-Allegro-Direct-v0,3,avg_return,49991680,5693.231
739,WarpSAC-A,Isaac-Repose-Cube-Allegro-Direct-v0,3,avg_return,50000896,5674.0474
740,WarpSAC-A,Isaac-Repose-Cube-Allegro-Direct-v0,3,avg_success,0,0.0
741,WarpSAC-A,Isaac-Repose-Cube-Allegro-Direct-v0,3,avg_success,4999168,0.0
742,WarpSAC-A,Isaac-Repose-Cube-Allegro-Direct-v0,3,avg_success,9998336,0.0
743,WarpSAC-A,Isaac-Repose-Cube-Allegro-Direct-v0,3,avg_success,14997504,0.0
744,WarpSAC-A,Isaac-Repose-Cube-Allegro-Direct-v0,3,avg_success,19996672,0.0
745,WarpSAC-A,Isaac-Repose-Cube-Allegro-Direct-v0,3,avg_success,24995840,0.0
746,WarpSAC-A,Isaac-Repose-Cube-Allegro-Direct-v0,3,avg_success,29995008,0.0
747,WarpSAC-A,Isaac-Repose-Cube-Allegro-Direct-v0,3,avg_success,34994176,0.0
748,WarpSAC-A,Isaac-Repose-Cube-Allegro-Direct-v0,3,avg_success,39993344,0.0
749,WarpSAC-A,Isaac-Repose-Cube-Allegro-Direct-v0,3,avg_success,44992512,0.0
750,WarpSAC-A,Isaac-Repose-Cube-Allegro-Direct-v0,3,avg_success,49991680,0.0
751,WarpSAC-A,Isaac-Repose-Cube-Allegro-Direct-v0,3,avg_success,50000896,0.0
752,WarpSAC-A,Isaac-Repose-Cube-Allegro-Direct-v0,4,avg_return,0,-76.2588
753,WarpSAC-A,Isaac-Repose-Cube-Allegro-Direct-v0,4,avg_return,4999168,16.6566
754,WarpSAC-A,Isaac-Repose-Cube-Allegro-Direct-v0,4,avg_return,9998336,122.5779
755,WarpSAC-A,Isaac-Repose-Cube-Allegro-Direct-v0,4,avg_return,14997504,2121.8246
756,WarpSAC-A,Isaac-Repose-Cube-Allegro-Direct-v0,4,avg_return,19996672,3305.311
757,WarpSAC-A,Isaac-Repose-Cube-Allegro-Direct-v0,4,avg_return,24995840,4042.3677
758,WarpSAC-A,Isaac-Repose-Cube-Allegro-Direct-v0,4,avg_return,29995008,4538.9152
759,WarpSAC-A,Isaac-Repose-Cube-Allegro-Direct-v0,4,avg_return,34994176,4960.5775
760,WarpSAC-A,Isaac-Repose-Cube-Allegro-Direct-v0,4,avg_return,39993344,5306.5509
761,WarpSAC-A,Isaac-Repose-Cube-Allegro-Direct-v0,4,avg_return,44992512,5419.8857
762,WarpSAC-A,Isaac-Repose-Cube-Allegro-Direct-v0,4,avg_return,49991680,5672.2864
763,WarpSAC-A,Isaac-Repose-Cube-Allegro-Direct-v0,4,avg_return,50000896,5624.4715
764,WarpSAC-A,Isaac-Repose-Cube-Allegro-Direct-v0,4,avg_success,0,0.0
765,WarpSAC-A,Isaac-Repose-Cube-Allegro-Direct-v0,4,avg_success,4999168,0.0
766,WarpSAC-A,Isaac-Repose-Cube-Allegro-Direct-v0,4,avg_success,9998336,0.0
767,WarpSAC-A,Isaac-Repose-Cube-Allegro-Direct-v0,4,avg_success,14997504,0.0
768,WarpSAC-A,Isaac-Repose-Cube-Allegro-Direct-v0,4,avg_success,19996672,0.0
769,WarpSAC-A,Isaac-Repose-Cube-Allegro-Direct-v0,4,avg_success,24995840,0.0
770,WarpSAC-A,Isaac-Repose-Cube-Allegro-Direct-v0,4,avg_success,29995008,0.0
771,WarpSAC-A,Isaac-Repose-Cube-Allegro-Direct-v0,4,avg_success,34994176,0.0
772,WarpSAC-A,Isaac-Repose-Cube-Allegro-Direct-v0,4,avg_success,39993344,0.0
773,WarpSAC-A,Isaac-Repose-Cube-Allegro-Direct-v0,4,avg_success,44992512,0.0
774,WarpSAC-A,Isaac-Repose-Cube-Allegro-Direct-v0,4,avg_success,49991680,0.0
775,WarpSAC-A,Isaac-Repose-Cube-Allegro-Direct-v0,4,avg_success,50000896,0.0
776,WarpSAC-A,Isaac-Repose-Cube-Allegro-Direct-v0,5,avg_return,0,-31.4735
777,WarpSAC-A,Isaac-Repose-Cube-Allegro-Direct-v0,5,avg_return,4999168,36.1355
778,WarpSAC-A,Isaac-Repose-Cube-Allegro-Direct-v0,5,avg_return,9998336,152.3007
779,WarpSAC-A,Isaac-Repose-Cube-Allegro-Direct-v0,5,avg_return,14997504,2312.6657
780,WarpSAC-A,Isaac-Repose-Cube-Allegro-Direct-v0,5,avg_return,19996672,3527.8673
781,WarpSAC-A,Isaac-Repose-Cube-Allegro-Direct-v0,5,avg_return,24995840,3989.8296
782,WarpSAC-A,Isaac-Repose-Cube-Allegro-Direct-v0,5,avg_return,29995008,4599.0396
783,WarpSAC-A,Isaac-Repose-Cube-Allegro-Direct-v0,5,avg_return,34994176,4988.5738
784,WarpSAC-A,Isaac-Repose-Cube-Allegro-Direct-v0,5,avg_return,39993344,5176.3159
785,WarpSAC-A,Isaac-Repose-Cube-Allegro-Direct-v0,5,avg_return,44992512,5390.5155
786,WarpSAC-A,Isaac-Repose-Cube-Allegro-Direct-v0,5,avg_return,49991680,5588.5555
787,WarpSAC-A,Isaac-Repose-Cube-Allegro-Direct-v0,5,avg_return,50000896,5561.4509
788,WarpSAC-A,Isaac-Repose-Cube-Allegro-Direct-v0,5,avg_success,0,0.0
789,WarpSAC-A,Isaac-Repose-Cube-Allegro-Direct-v0,5,avg_success,4999168,0.0
790,WarpSAC-A,Isaac-Repose-Cube-Allegro-Direct-v0,5,avg_success,9998336,0.0
791,WarpSAC-A,Isaac-Repose-Cube-Allegro-Direct-v0,5,avg_success,14997504,0.0
792,WarpSAC-A,Isaac-Repose-Cube-Allegro-Direct-v0,5,avg_success,19996672,0.0
793,WarpSAC-A,Isaac-Repose-Cube-Allegro-Direct-v0,5,avg_success,24995840,0.0
794,WarpSAC-A,Isaac-Repose-Cube-Allegro-Direct-v0,5,avg_success,29995008,0.0
795,WarpSAC-A,Isaac-Repose-Cube-Allegro-Direct-v0,5,avg_success,34994176,0.0
796,WarpSAC-A,Isaac-Repose-Cube-Allegro-Direct-v0,5,avg_success,39993344,0.0
797,WarpSAC-A,Isaac-Repose-Cube-Allegro-Direct-v0,5,avg_success,44992512,0.0
798,WarpSAC-A,Isaac-Repose-Cube-Allegro-Direct-v0,5,avg_success,49991680,0.0
799,WarpSAC-A,Isaac-Repose-Cube-Allegro-Direct-v0,5,avg_success,50000896,0.0
800,WarpSAC-A,Isaac-Repose-Cube-Shadow-Direct-v0,1,avg_return,0,-149.0586
801,WarpSAC-A,Isaac-Repose-Cube-Shadow-Direct-v0,1,avg_return,4999168,199.561
802,WarpSAC-A,Isaac-Repose-Cube-Shadow-Direct-v0,1,avg_return,9998336,292.5744
803,WarpSAC-A,Isaac-Repose-Cube-Shadow-Direct-v0,1,avg_return,14997504,2291.993
804,WarpSAC-A,Isaac-Repose-Cube-Shadow-Direct-v0,1,avg_return,19996672,5454.6803
805,WarpSAC-A,Isaac-Repose-Cube-Shadow-Direct-v0,1,avg_return,24995840,7077.8168
806,WarpSAC-A,Isaac-Repose-Cube-Shadow-Direct-v0,1,avg_return,29995008,7601.5192
807,WarpSAC-A,Isaac-Repose-Cube-Shadow-Direct-v0,1,avg_return,34994176,8789.9618
808,WarpSAC-A,Isaac-Repose-Cube-Shadow-Direct-v0,1,avg_return,39993344,9570.8188
809,WarpSAC-A,Isaac-Repose-Cube-Shadow-Direct-v0,1,avg_return,44992512,10036.8261
810,WarpSAC-A,Isaac-Repose-Cube-Shadow-Direct-v0,1,avg_return,49991680,10380.754
811,WarpSAC-A,Isaac-Repose-Cube-Shadow-Direct-v0,1,avg_return,50000896,10314.8048
812,WarpSAC-A,Isaac-Repose-Cube-Shadow-Direct-v0,1,avg_success,0,0.0
813,WarpSAC-A,Isaac-Repose-Cube-Shadow-Direct-v0,1,avg_success,4999168,0.0
814,WarpSAC-A,Isaac-Repose-Cube-Shadow-Direct-v0,1,avg_success,9998336,0.0
815,WarpSAC-A,Isaac-Repose-Cube-Shadow-Direct-v0,1,avg_success,14997504,0.0
816,WarpSAC-A,Isaac-Repose-Cube-Shadow-Direct-v0,1,avg_success,19996672,0.0
817,WarpSAC-A,Isaac-Repose-Cube-Shadow-Direct-v0,1,avg_success,24995840,0.0
818,WarpSAC-A,Isaac-Repose-Cube-Shadow-Direct-v0,1,avg_success,29995008,0.0
819,WarpSAC-A,Isaac-Repose-Cube-Shadow-Direct-v0,1,avg_success,34994176,0.0
820,WarpSAC-A,Isaac-Repose-Cube-Shadow-Direct-v0,1,avg_success,39993344,0.0
821,WarpSAC-A,Isaac-Repose-Cube-Shadow-Direct-v0,1,avg_success,44992512,0.0
822,WarpSAC-A,Isaac-Repose-Cube-Shadow-Direct-v0,1,avg_success,49991680,0.0
823,WarpSAC-A,Isaac-Repose-Cube-Shadow-Direct-v0,1,avg_success,50000896,0.0
824,WarpSAC-A,Isaac-Repose-Cube-Shadow-Direct-v0,2,avg_return,0,-9.5153
825,WarpSAC-A,Isaac-Repose-Cube-Shadow-Direct-v0,2,avg_return,4999168,213.2442
826,WarpSAC-A,Isaac-Repose-Cube-Shadow-Direct-v0,2,avg_return,9998336,298.2337
827,WarpSAC-A,Isaac-Repose-Cube-Shadow-Direct-v0,2,avg_return,14997504,1997.0537
828,WarpSAC-A,Isaac-Repose-Cube-Shadow-Direct-v0,2,avg_return,19996672,4918.6526
829,WarpSAC-A,Isaac-Repose-Cube-Shadow-Direct-v0,2,avg_return,24995840,6109.1405
830,WarpSAC-A,Isaac-Repose-Cube-Shadow-Direct-v0,2,avg_return,29995008,7865.9614
831,WarpSAC-A,Isaac-Repose-Cube-Shadow-Direct-v0,2,avg_return,34994176,8446.6034
832,WarpSAC-A,Isaac-Repose-Cube-Shadow-Direct-v0,2,avg_return,39993344,9470.3678
833,WarpSAC-A,Isaac-Repose-Cube-Shadow-Direct-v0,2,avg_return,44992512,9895.0534
834,WarpSAC-A,Isaac-Repose-Cube-Shadow-Direct-v0,2,avg_return,49991680,10333.9012
835,WarpSAC-A,Isaac-Repose-Cube-Shadow-Direct-v0,2,avg_return,50000896,10387.8533
836,WarpSAC-A,Isaac-Repose-Cube-Shadow-Direct-v0,2,avg_success,0,0.0
837,WarpSAC-A,Isaac-Repose-Cube-Shadow-Direct-v0,2,avg_success,4999168,0.0
838,WarpSAC-A,Isaac-Repose-Cube-Shadow-Direct-v0,2,avg_success,9998336,0.0
839,WarpSAC-A,Isaac-Repose-Cube-Shadow-Direct-v0,2,avg_success,14997504,0.0
840,WarpSAC-A,Isaac-Repose-Cube-Shadow-Direct-v0,2,avg_success,19996672,0.0
841,WarpSAC-A,Isaac-Repose-Cube-Shadow-Direct-v0,2,avg_success,24995840,0.0
842,WarpSAC-A,Isaac-Repose-Cube-Shadow-Direct-v0,2,avg_success,29995008,0.0
843,WarpSAC-A,Isaac-Repose-Cube-Shadow-Direct-v0,2,avg_success,34994176,0.0
844,WarpSAC-A,Isaac-Repose-Cube-Shadow-Direct-v0,2,avg_success,39993344,0.0
845,WarpSAC-A,Isaac-Repose-Cube-Shadow-Direct-v0,2,avg_success,44992512,0.0
846,WarpSAC-A,Isaac-Repose-Cube-Shadow-Direct-v0,2,avg_success,49991680,0.0
847,WarpSAC-A,Isaac-Repose-Cube-Shadow-Direct-v0,2,avg_success,50000896,0.0
848,WarpSAC-A,Isaac-Repose-Cube-Shadow-Direct-v0,3,avg_return,0,-99.6517
849,WarpSAC-A,Isaac-Repose-Cube-Shadow-Direct-v0,3,avg_return,4999168,192.6354
850,WarpSAC-A,Isaac-Repose-Cube-Shadow-Direct-v0,3,avg_return,9998336,288.9045
851,WarpSAC-A,Isaac-Repose-Cube-Shadow-Direct-v0,3,avg_return,14997504,2233.4054
852,WarpSAC-A,Isaac-Repose-Cube-Shadow-Direct-v0,3,avg_return,19996672,5357.2868
853,WarpSAC-A,Isaac-Repose-Cube-Shadow-Direct-v0,3,avg_return,24995840,6805.5234
854,WarpSAC-A,Isaac-Repose-Cube-Shadow-Direct-v0,3,avg_return,29995008,7707.1794
855,WarpSAC-A,Isaac-Repose-Cube-Shadow-Direct-v0,3,avg_return,34994176,8395.7348
856,WarpSAC-A,Isaac-Repose-Cube-Shadow-Direct-v0,3,avg_return,39993344,9320.1731
857,WarpSAC-A,Isaac-Repose-Cube-Shadow-Direct-v0,3,avg_return,44992512,9738.7878
858,WarpSAC-A,Isaac-Repose-Cube-Shadow-Direct-v0,3,avg_return,49991680,10164.5911
859,WarpSAC-A,Isaac-Repose-Cube-Shadow-Direct-v0,3,avg_return,50000896,10109.6144
860,WarpSAC-A,Isaac-Repose-Cube-Shadow-Direct-v0,3,avg_success,0,0.0
861,WarpSAC-A,Isaac-Repose-Cube-Shadow-Direct-v0,3,avg_success,4999168,0.0
862,WarpSAC-A,Isaac-Repose-Cube-Shadow-Direct-v0,3,avg_success,9998336,0.0
863,WarpSAC-A,Isaac-Repose-Cube-Shadow-Direct-v0,3,avg_success,14997504,0.0
864,WarpSAC-A,Isaac-Repose-Cube-Shadow-Direct-v0,3,avg_success,19996672,0.0
865,WarpSAC-A,Isaac-Repose-Cube-Shadow-Direct-v0,3,avg_success,24995840,0.0
866,WarpSAC-A,Isaac-Repose-Cube-Shadow-Direct-v0,3,avg_success,29995008,0.0
867,WarpSAC-A,Isaac-Repose-Cube-Shadow-Direct-v0,3,avg_success,34994176,0.0
868,WarpSAC-A,Isaac-Repose-Cube-Shadow-Direct-v0,3,avg_success,39993344,0.0
869,WarpSAC-A,Isaac-Repose-Cube-Shadow-Direct-v0,3,avg_success,44992512,0.0
870,WarpSAC-A,Isaac-Repose-Cube-Shadow-Direct-v0,3,avg_success,49991680,0.0
871,WarpSAC-A,Isaac-Repose-Cube-Shadow-Direct-v0,3,avg_success,50000896,0.0
872,WarpSAC-A,Isaac-Repose-Cube-Shadow-Direct-v0,4,avg_return,0,-88.323
873,WarpSAC-A,Isaac-Repose-Cube-Shadow-Direct-v0,4,avg_return,4999168,237.9482
874,WarpSAC-A,Isaac-Repose-Cube-Shadow-Direct-v0,4,avg_return,9998336,300.8653
875,WarpSAC-A,Isaac-Repose-Cube-Shadow-Direct-v0,4,avg_return,14997504,1372.7055
876,WarpSAC-A,Isaac-Repose-Cube-Shadow-Direct-v0,4,avg_return,19996672,4558.3455
877,WarpSAC-A,Isaac-Repose-Cube-Shadow-Direct-v0,4,avg_return,24995840,6431.9354
878,WarpSAC-A,Isaac-Repose-Cube-Shadow-Direct-v0,4,avg_return,29995008,7248.1084
879,WarpSAC-A,Isaac-Repose-Cube-Shadow-Direct-v0,4,avg_return,34994176,8648.4004
880,WarpSAC-A,Isaac-Repose-Cube-Shadow-Direct-v0,4,avg_return,39993344,8896.9771
881,WarpSAC-A,Isaac-Repose-Cube-Shadow-Direct-v0,4,avg_return,44992512,9395.5686
882,WarpSAC-A,Isaac-Repose-Cube-Shadow-Direct-v0,4,avg_return,49991680,9767.0652
883,WarpSAC-A,Isaac-Repose-Cube-Shadow-Direct-v0,4,avg_return,50000896,9565.7184
884,WarpSAC-A,Isaac-Repose-Cube-Shadow-Direct-v0,4,avg_success,0,0.0
885,WarpSAC-A,Isaac-Repose-Cube-Shadow-Direct-v0,4,avg_success,4999168,0.0
886,WarpSAC-A,Isaac-Repose-Cube-Shadow-Direct-v0,4,avg_success,9998336,0.0
887,WarpSAC-A,Isaac-Repose-Cube-Shadow-Direct-v0,4,avg_success,14997504,0.0
888,WarpSAC-A,Isaac-Repose-Cube-Shadow-Direct-v0,4,avg_success,19996672,0.0
889,WarpSAC-A,Isaac-Repose-Cube-Shadow-Direct-v0,4,avg_success,24995840,0.0
890,WarpSAC-A,Isaac-Repose-Cube-Shadow-Direct-v0,4,avg_success,29995008,0.0
891,WarpSAC-A,Isaac-Repose-Cube-Shadow-Direct-v0,4,avg_success,34994176,0.0
892,WarpSAC-A,Isaac-Repose-Cube-Shadow-Direct-v0,4,avg_success,39993344,0.0
893,WarpSAC-A,Isaac-Repose-Cube-Shadow-Direct-v0,4,avg_success,44992512,0.0
894,WarpSAC-A,Isaac-Repose-Cube-Shadow-Direct-v0,4,avg_success,49991680,0.0
895,WarpSAC-A,Isaac-Repose-Cube-Shadow-Direct-v0,4,avg_success,50000896,0.0
896,WarpSAC-A,Isaac-Repose-Cube-Shadow-Direct-v0,5,avg_return,0,-221.4469
897,WarpSAC-A,Isaac-Repose-Cube-Shadow-Direct-v0,5,avg_return,4999168,245.8475
898,WarpSAC-A,Isaac-Repose-Cube-Shadow-Direct-v0,5,avg_return,9998336,298.6015
899,WarpSAC-A,Isaac-Repose-Cube-Shadow-Direct-v0,5,avg_return,14997504,1949.6279
900,WarpSAC-A,Isaac-Repose-Cube-Shadow-Direct-v0,5,avg_return,19996672,4773.7662
901,WarpSAC-A,Isaac-Repose-Cube-Shadow-Direct-v0,5,avg_return,24995840,6624.4586
902,WarpSAC-A,Isaac-Repose-Cube-Shadow-Direct-v0,5,avg_return,29995008,7906.4499
903,WarpSAC-A,Isaac-Repose-Cube-Shadow-Direct-v0,5,avg_return,34994176,8778.285
904,WarpSAC-A,Isaac-Repose-Cube-Shadow-Direct-v0,5,avg_return,39993344,9425.7052
905,WarpSAC-A,Isaac-Repose-Cube-Shadow-Direct-v0,5,avg_return,44992512,9868.5531
906,WarpSAC-A,Isaac-Repose-Cube-Shadow-Direct-v0,5,avg_return,49991680,10408.6517
907,WarpSAC-A,Isaac-Repose-Cube-Shadow-Direct-v0,5,avg_return,50000896,10440.3693
908,WarpSAC-A,Isaac-Repose-Cube-Shadow-Direct-v0,5,avg_success,0,0.0
909,WarpSAC-A,Isaac-Repose-Cube-Shadow-Direct-v0,5,avg_success,4999168,0.0
910,WarpSAC-A,Isaac-Repose-Cube-Shadow-Direct-v0,5,avg_success,9998336,0.0
911,WarpSAC-A,Isaac-Repose-Cube-Shadow-Direct-v0,5,avg_success,14997504,0.0
912,WarpSAC-A,Isaac-Repose-Cube-Shadow-Direct-v0,5,avg_success,19996672,0.0
913,WarpSAC-A,Isaac-Repose-Cube-Shadow-Direct-v0,5,avg_success,24995840,0.0
914,WarpSAC-A,Isaac-Repose-Cube-Shadow-Direct-v0,5,avg_success,29995008,0.0
915,WarpSAC-A,Isaac-Repose-Cube-Shadow-Direct-v0,5,avg_success,34994176,0.0
916,WarpSAC-A,Isaac-Repose-Cube-Shadow-Direct-v0,5,avg_success,39993344,0.0
917,WarpSAC-A,Isaac-Repose-Cube-Shadow-Direct-v0,5,avg_success,44992512,0.0
918,WarpSAC-A,Isaac-Repose-Cube-Shadow-Direct-v0,5,avg_success,49991680,0.0
919,WarpSAC-A,Isaac-Repose-Cube-Shadow-Direct-v0,5,avg_success,50000896,0.0
920,WarpSAC-A,Isaac-Velocity-Flat-Anymal-C-v0,1,avg_return,0,-21.7892
921,WarpSAC-A,Isaac-Velocity-Flat-Anymal-C-v0,1,avg_return,4999168,7.5537
922,WarpSAC-A,Isaac-Velocity-Flat-Anymal-C-v0,1,avg_return,9998336,23.34
923,WarpSAC-A,Isaac-Velocity-Flat-Anymal-C-v0,1,avg_return,14997504,24.6935
924,WarpSAC-A,Isaac-Velocity-Flat-Anymal-C-v0,1,avg_return,19996672,25.142
925,WarpSAC-A,Isaac-Velocity-Flat-Anymal-C-v0,1,avg_return,24995840,25.6496
926,WarpSAC-A,Isaac-Velocity-Flat-Anymal-C-v0,1,avg_return,29995008,25.6959
927,WarpSAC-A,Isaac-Velocity-Flat-Anymal-C-v0,1,avg_return,34994176,25.8829
928,WarpSAC-A,Isaac-Velocity-Flat-Anymal-C-v0,1,avg_return,39993344,26.0743
929,WarpSAC-A,Isaac-Velocity-Flat-Anymal-C-v0,1,avg_return,44992512,26.2149
930,WarpSAC-A,Isaac-Velocity-Flat-Anymal-C-v0,1,avg_return,49991680,26.2145
931,WarpSAC-A,Isaac-Velocity-Flat-Anymal-C-v0,1,avg_return,50000896,26.2803
932,WarpSAC-A,Isaac-Velocity-Flat-Anymal-C-v0,1,avg_success,0,0.0
933,WarpSAC-A,Isaac-Velocity-Flat-Anymal-C-v0,1,avg_success,4999168,0.0
934,WarpSAC-A,Isaac-Velocity-Flat-Anymal-C-v0,1,avg_success,9998336,0.0
935,WarpSAC-A,Isaac-Velocity-Flat-Anymal-C-v0,1,avg_success,14997504,0.0
936,WarpSAC-A,Isaac-Velocity-Flat-Anymal-C-v0,1,avg_success,19996672,0.0
937,WarpSAC-A,Isaac-Velocity-Flat-Anymal-C-v0,1,avg_success,24995840,0.0
938,WarpSAC-A,Isaac-Velocity-Flat-Anymal-C-v0,1,avg_success,29995008,0.0
939,WarpSAC-A,Isaac-Velocity-Flat-Anymal-C-v0,1,avg_success,34994176,0.0
940,WarpSAC-A,Isaac-Velocity-Flat-Anymal-C-v0,1,avg_success,39993344,0.0
941,WarpSAC-A,Isaac-Velocity-Flat-Anymal-C-v0,1,avg_success,44992512,0.0
942,WarpSAC-A,Isaac-Velocity-Flat-Anymal-C-v0,1,avg_success,49991680,0.0
943,WarpSAC-A,Isaac-Velocity-Flat-Anymal-C-v0,1,avg_success,50000896,0.0
944,WarpSAC-A,Isaac-Velocity-Flat-Anymal-C-v0,2,avg_return,0,-23.3615
945,WarpSAC-A,Isaac-Velocity-Flat-Anymal-C-v0,2,avg_return,4999168,7.0934
946,WarpSAC-A,Isaac-Velocity-Flat-Anymal-C-v0,2,avg_return,9998336,22.7986
947,WarpSAC-A,Isaac-Velocity-Flat-Anymal-C-v0,2,avg_return,14997504,24.4415
948,WarpSAC-A,Isaac-Velocity-Flat-Anymal-C-v0,2,avg_return,19996672,24.9192
949,WarpSAC-A,Isaac-Velocity-Flat-Anymal-C-v0,2,avg_return,24995840,25.3621
950,WarpSAC-A,Isaac-Velocity-Flat-Anymal-C-v0,2,avg_return,29995008,25.7036
951,WarpSAC-A,Isaac-Velocity-Flat-Anymal-C-v0,2,avg_return,34994176,25.8477
952,WarpSAC-A,Isaac-Velocity-Flat-Anymal-C-v0,2,avg_return,39993344,26.1201
953,WarpSAC-A,Isaac-Velocity-Flat-Anymal-C-v0,2,avg_return,44992512,26.1585
954,WarpSAC-A,Isaac-Velocity-Flat-Anymal-C-v0,2,avg_return,49991680,26.2326
955,WarpSAC-A,Isaac-Velocity-Flat-Anymal-C-v0,2,avg_return,50000896,26.1782
956,WarpSAC-A,Isaac-Velocity-Flat-Anymal-C-v0,2,avg_success,0,0.0
957,WarpSAC-A,Isaac-Velocity-Flat-Anymal-C-v0,2,avg_success,4999168,0.0
958,WarpSAC-A,Isaac-Velocity-Flat-Anymal-C-v0,2,avg_success,9998336,0.0
959,WarpSAC-A,Isaac-Velocity-Flat-Anymal-C-v0,2,avg_success,14997504,0.0
960,WarpSAC-A,Isaac-Velocity-Flat-Anymal-C-v0,2,avg_success,19996672,0.0
961,WarpSAC-A,Isaac-Velocity-Flat-Anymal-C-v0,2,avg_success,24995840,0.0
962,WarpSAC-A,Isaac-Velocity-Flat-Anymal-C-v0,2,avg_success,29995008,0.0
963,WarpSAC-A,Isaac-Velocity-Flat-Anymal-C-v0,2,avg_success,34994176,0.0
964,WarpSAC-A,Isaac-Velocity-Flat-Anymal-C-v0,2,avg_success,39993344,0.0
965,WarpSAC-A,Isaac-Velocity-Flat-Anymal-C-v0,2,avg_success,44992512,0.0
966,WarpSAC-A,Isaac-Velocity-Flat-Anymal-C-v0,2,avg_success,49991680,0.0
967,WarpSAC-A,Isaac-Velocity-Flat-Anymal-C-v0,2,avg_success,50000896,0.0
968,WarpSAC-A,Isaac-Velocity-Flat-Anymal-C-v0,3,avg_return,0,-32.4247
969,WarpSAC-A,Isaac-Velocity-Flat-Anymal-C-v0,3,avg_return,4999168,6.6651
970,WarpSAC-A,Isaac-Velocity-Flat-Anymal-C-v0,3,avg_return,9998336,21.6012
971,WarpSAC-A,Isaac-Velocity-Flat-Anymal-C-v0,3,avg_return,14997504,24.0526
972,WarpSAC-A,Isaac-Velocity-Flat-Anymal-C-v0,3,avg_return,19996672,24.8304
973,WarpSAC-A,Isaac-Velocity-Flat-Anymal-C-v0,3,avg_return,24995840,25.3083
974,WarpSAC-A,Isaac-Velocity-Flat-Anymal-C-v0,3,avg_return,29995008,25.8651
975,WarpSAC-A,Isaac-Velocity-Flat-Anymal-C-v0,3,avg_return,34994176,25.88
976,WarpSAC-A,Isaac-Velocity-Flat-Anymal-C-v0,3,avg_return,39993344,26.021
977,WarpSAC-A,Isaac-Velocity-Flat-Anymal-C-v0,3,avg_return,44992512,26.1613
978,WarpSAC-A,Isaac-Velocity-Flat-Anymal-C-v0,3,avg_return,49991680,26.1965
979,WarpSAC-A,Isaac-Velocity-Flat-Anymal-C-v0,3,avg_return,50000896,26.1481
980,WarpSAC-A,Isaac-Velocity-Flat-Anymal-C-v0,3,avg_success,0,0.0
981,WarpSAC-A,Isaac-Velocity-Flat-Anymal-C-v0,3,avg_success,4999168,0.0
982,WarpSAC-A,Isaac-Velocity-Flat-Anymal-C-v0,3,avg_success,9998336,0.0
983,WarpSAC-A,Isaac-Velocity-Flat-Anymal-C-v0,3,avg_success,14997504,0.0
984,WarpSAC-A,Isaac-Velocity-Flat-Anymal-C-v0,3,avg_success,19996672,0.0
985,WarpSAC-A,Isaac-Velocity-Flat-Anymal-C-v0,3,avg_success,24995840,0.0
986,WarpSAC-A,Isaac-Velocity-Flat-Anymal-C-v0,3,avg_success,29995008,0.0
987,WarpSAC-A,Isaac-Velocity-Flat-Anymal-C-v0,3,avg_success,34994176,0.0
988,WarpSAC-A,Isaac-Velocity-Flat-Anymal-C-v0,3,avg_success,39993344,0.0
989,WarpSAC-A,Isaac-Velocity-Flat-Anymal-C-v0,3,avg_success,44992512,0.0
990,WarpSAC-A,Isaac-Velocity-Flat-Anymal-C-v0,3,avg_success,49991680,0.0
991,WarpSAC-A,Isaac-Velocity-Flat-Anymal-C-v0,3,avg_success,50000896,0.0
992,WarpSAC-A,Isaac-Velocity-Flat-Anymal-C-v0,4,avg_return,0,-28.3959
993,WarpSAC-A,Isaac-Velocity-Flat-Anymal-C-v0,4,avg_return,4999168,6.192
994,WarpSAC-A,Isaac-Velocity-Flat-Anymal-C-v0,4,avg_return,9998336,20.6348
995,WarpSAC-A,Isaac-Velocity-Flat-Anymal-C-v0,4,avg_return,14997504,23.933
996,WarpSAC-A,Isaac-Velocity-Flat-Anymal-C-v0,4,avg_return,19996672,24.7864
997,WarpSAC-A,Isaac-Velocity-Flat-Anymal-C-v0,4,avg_return,24995840,25.4031
998,WarpSAC-A,Isaac-Velocity-Flat-Anymal-C-v0,4,avg_return,29995008,25.6019
999,WarpSAC-A,Isaac-Velocity-Flat-Anymal-C-v0,4,avg_return,34994176,25.9039
1000,WarpSAC-A,Isaac-Velocity-Flat-Anymal-C-v0,4,avg_return,39993344,26.0342
1001,WarpSAC-A,Isaac-Velocity-Flat-Anymal-C-v0,4,avg_return,44992512,26.0978
1002,WarpSAC-A,Isaac-Velocity-Flat-Anymal-C-v0,4,avg_return,49991680,26.1675
1003,WarpSAC-A,Isaac-Velocity-Flat-Anymal-C-v0,4,avg_return,50000896,26.0949
1004,WarpSAC-A,Isaac-Velocity-Flat-Anymal-C-v0,4,avg_success,0,0.0
1005,WarpSAC-A,Isaac-Velocity-Flat-Anymal-C-v0,4,avg_success,4999168,0.0
1006,WarpSAC-A,Isaac-Velocity-Flat-Anymal-C-v0,4,avg_success,9998336,0.0
1007,WarpSAC-A,Isaac-Velocity-Flat-Anymal-C-v0,4,avg_success,14997504,0.0
1008,WarpSAC-A,Isaac-Velocity-Flat-Anymal-C-v0,4,avg_success,19996672,0.0
1009,WarpSAC-A,Isaac-Velocity-Flat-Anymal-C-v0,4,avg_success,24995840,0.0
1010,WarpSAC-A,Isaac-Velocity-Flat-Anymal-C-v0,4,avg_success,29995008,0.0
1011,WarpSAC-A,Isaac-Velocity-Flat-Anymal-C-v0,4,avg_success,34994176,0.0
1012,WarpSAC-A,Isaac-Velocity-Flat-Anymal-C-v0,4,avg_success,39993344,0.0
1013,WarpSAC-A,Isaac-Velocity-Flat-Anymal-C-v0,4,avg_success,44992512,0.0
1014,WarpSAC-A,Isaac-Velocity-Flat-Anymal-C-v0,4,avg_success,49991680,0.0
1015,WarpSAC-A,Isaac-Velocity-Flat-Anymal-C-v0,4,avg_success,50000896,0.0
1016,WarpSAC-A,Isaac-Velocity-Flat-Anymal-C-v0,5,avg_return,0,-16.9597
1017,WarpSAC-A,Isaac-Velocity-Flat-Anymal-C-v0,5,avg_return,4999168,6.8819
1018,WarpSAC-A,Isaac-Velocity-Flat-Anymal-C-v0,5,avg_return,9998336,21.7265
1019,WarpSAC-A,Isaac-Velocity-Flat-Anymal-C-v0,5,avg_return,14997504,24.0335
1020,WarpSAC-A,Isaac-Velocity-Flat-Anymal-C-v0,5,avg_return,19996672,24.738
1021,WarpSAC-A,Isaac-Velocity-Flat-Anymal-C-v0,5,avg_return,24995840,25.3771
1022,WarpSAC-A,Isaac-Velocity-Flat-Anymal-C-v0,5,avg_return,29995008,25.6552
1023,WarpSAC-A,Isaac-Velocity-Flat-Anymal-C-v0,5,avg_return,34994176,25.8382
1024,WarpSAC-A,Isaac-Velocity-Flat-Anymal-C-v0,5,avg_return,39993344,25.9972
1025,WarpSAC-A,Isaac-Velocity-Flat-Anymal-C-v0,5,avg_return,44992512,26.0301
1026,WarpSAC-A,Isaac-Velocity-Flat-Anymal-C-v0,5,avg_return,49991680,26.0933
1027,WarpSAC-A,Isaac-Velocity-Flat-Anymal-C-v0,5,avg_return,50000896,26.0933
1028,WarpSAC-A,Isaac-Velocity-Flat-Anymal-C-v0,5,avg_success,0,0.0
1029,WarpSAC-A,Isaac-Velocity-Flat-Anymal-C-v0,5,avg_success,4999168,0.0
1030,WarpSAC-A,Isaac-Velocity-Flat-Anymal-C-v0,5,avg_success,9998336,0.0
1031,WarpSAC-A,Isaac-Velocity-Flat-Anymal-C-v0,5,avg_success,14997504,0.0
1032,WarpSAC-A,Isaac-Velocity-Flat-Anymal-C-v0,5,avg_success,19996672,0.0
1033,WarpSAC-A,Isaac-Velocity-Flat-Anymal-C-v0,5,avg_success,24995840,0.0
1034,WarpSAC-A,Isaac-Velocity-Flat-Anymal-C-v0,5,avg_success,29995008,0.0
1035,WarpSAC-A,Isaac-Velocity-Flat-Anymal-C-v0,5,avg_success,34994176,0.0
1036,WarpSAC-A,Isaac-Velocity-Flat-Anymal-C-v0,5,avg_success,39993344,0.0
1037,WarpSAC-A,Isaac-Velocity-Flat-Anymal-C-v0,5,avg_success,44992512,0.0
1038,WarpSAC-A,Isaac-Velocity-Flat-Anymal-C-v0,5,avg_success,49991680,0.0
1039,WarpSAC-A,Isaac-Velocity-Flat-Anymal-C-v0,5,avg_success,50000896,0.0
1040,WarpSAC-A,Isaac-Velocity-Flat-Anymal-D-v0,1,avg_return,0,-24.5851
1041,WarpSAC-A,Isaac-Velocity-Flat-Anymal-D-v0,1,avg_return,4999168,6.2782
1042,WarpSAC-A,Isaac-Velocity-Flat-Anymal-D-v0,1,avg_return,9998336,18.2053
1043,WarpSAC-A,Isaac-Velocity-Flat-Anymal-D-v0,1,avg_return,14997504,24.229
1044,WarpSAC-A,Isaac-Velocity-Flat-Anymal-D-v0,1,avg_return,19996672,25.034
1045,WarpSAC-A,Isaac-Velocity-Flat-Anymal-D-v0,1,avg_return,24995840,25.4146
1046,WarpSAC-A,Isaac-Velocity-Flat-Anymal-D-v0,1,avg_return,29995008,25.7961
1047,WarpSAC-A,Isaac-Velocity-Flat-Anymal-D-v0,1,avg_return,34994176,25.9828
1048,WarpSAC-A,Isaac-Velocity-Flat-Anymal-D-v0,1,avg_return,39993344,26.1664
1049,WarpSAC-A,Isaac-Velocity-Flat-Anymal-D-v0,1,avg_return,44992512,26.2505
1050,WarpSAC-A,Isaac-Velocity-Flat-Anymal-D-v0,1,avg_return,49991680,26.323
1051,WarpSAC-A,Isaac-Velocity-Flat-Anymal-D-v0,1,avg_return,50000896,26.3434
1052,WarpSAC-A,Isaac-Velocity-Flat-Anymal-D-v0,1,avg_success,0,0.0
1053,WarpSAC-A,Isaac-Velocity-Flat-Anymal-D-v0,1,avg_success,4999168,0.0
1054,WarpSAC-A,Isaac-Velocity-Flat-Anymal-D-v0,1,avg_success,9998336,0.0
1055,WarpSAC-A,Isaac-Velocity-Flat-Anymal-D-v0,1,avg_success,14997504,0.0
1056,WarpSAC-A,Isaac-Velocity-Flat-Anymal-D-v0,1,avg_success,19996672,0.0
1057,WarpSAC-A,Isaac-Velocity-Flat-Anymal-D-v0,1,avg_success,24995840,0.0
1058,WarpSAC-A,Isaac-Velocity-Flat-Anymal-D-v0,1,avg_success,29995008,0.0
1059,WarpSAC-A,Isaac-Velocity-Flat-Anymal-D-v0,1,avg_success,34994176,0.0
1060,WarpSAC-A,Isaac-Velocity-Flat-Anymal-D-v0,1,avg_success,39993344,0.0
1061,WarpSAC-A,Isaac-Velocity-Flat-Anymal-D-v0,1,avg_success,44992512,0.0
1062,WarpSAC-A,Isaac-Velocity-Flat-Anymal-D-v0,1,avg_success,49991680,0.0
1063,WarpSAC-A,Isaac-Velocity-Flat-Anymal-D-v0,1,avg_success,50000896,0.0
1064,WarpSAC-A,Isaac-Velocity-Flat-Anymal-D-v0,2,avg_return,0,-24.3025
1065,WarpSAC-A,Isaac-Velocity-Flat-Anymal-D-v0,2,avg_return,4999168,6.1375
1066,WarpSAC-A,Isaac-Velocity-Flat-Anymal-D-v0,2,avg_return,9998336,21.4738
1067,WarpSAC-A,Isaac-Velocity-Flat-Anymal-D-v0,2,avg_return,14997504,24.597
1068,WarpSAC-A,Isaac-Velocity-Flat-Anymal-D-v0,2,avg_return,19996672,25.2495
1069,WarpSAC-A,Isaac-Velocity-Flat-Anymal-D-v0,2,avg_return,24995840,25.8132
1070,WarpSAC-A,Isaac-Velocity-Flat-Anymal-D-v0,2,avg_return,29995008,25.9584
1071,WarpSAC-A,Isaac-Velocity-Flat-Anymal-D-v0,2,avg_return,34994176,26.0627
1072,WarpSAC-A,Isaac-Velocity-Flat-Anymal-D-v0,2,avg_return,39993344,26.1651
1073,WarpSAC-A,Isaac-Velocity-Flat-Anymal-D-v0,2,avg_return,44992512,26.336
1074,WarpSAC-A,Isaac-Velocity-Flat-Anymal-D-v0,2,avg_return,49991680,26.3481
1075,WarpSAC-A,Isaac-Velocity-Flat-Anymal-D-v0,2,avg_return,50000896,26.3519
1076,WarpSAC-A,Isaac-Velocity-Flat-Anymal-D-v0,2,avg_success,0,0.0
1077,WarpSAC-A,Isaac-Velocity-Flat-Anymal-D-v0,2,avg_success,4999168,0.0
1078,WarpSAC-A,Isaac-Velocity-Flat-Anymal-D-v0,2,avg_success,9998336,0.0
1079,WarpSAC-A,Isaac-Velocity-Flat-Anymal-D-v0,2,avg_success,14997504,0.0
1080,WarpSAC-A,Isaac-Velocity-Flat-Anymal-D-v0,2,avg_success,19996672,0.0
1081,WarpSAC-A,Isaac-Velocity-Flat-Anymal-D-v0,2,avg_success,24995840,0.0
1082,WarpSAC-A,Isaac-Velocity-Flat-Anymal-D-v0,2,avg_success,29995008,0.0
1083,WarpSAC-A,Isaac-Velocity-Flat-Anymal-D-v0,2,avg_success,34994176,0.0
1084,WarpSAC-A,Isaac-Velocity-Flat-Anymal-D-v0,2,avg_success,39993344,0.0
1085,WarpSAC-A,Isaac-Velocity-Flat-Anymal-D-v0,2,avg_success,44992512,0.0
1086,WarpSAC-A,Isaac-Velocity-Flat-Anymal-D-v0,2,avg_success,49991680,0.0
1087,WarpSAC-A,Isaac-Velocity-Flat-Anymal-D-v0,2,avg_success,50000896,0.0
1088,WarpSAC-A,Isaac-Velocity-Flat-Anymal-D-v0,3,avg_return,0,-35.3434
1089,WarpSAC-A,Isaac-Velocity-Flat-Anymal-D-v0,3,avg_return,4999168,6.3094
1090,WarpSAC-A,Isaac-Velocity-Flat-Anymal-D-v0,3,avg_return,9998336,16.4144
1091,WarpSAC-A,Isaac-Velocity-Flat-Anymal-D-v0,3,avg_return,14997504,24.1639
1092,WarpSAC-A,Isaac-Velocity-Flat-Anymal-D-v0,3,avg_return,19996672,25.1023
1093,WarpSAC-A,Isaac-Velocity-Flat-Anymal-D-v0,3,avg_return,24995840,25.6321
1094,WarpSAC-A,Isaac-Velocity-Flat-Anymal-D-v0,3,avg_return,29995008,25.7943
1095,WarpSAC-A,Isaac-Velocity-Flat-Anymal-D-v0,3,avg_return,34994176,25.9716
1096,WarpSAC-A,Isaac-Velocity-Flat-Anymal-D-v0,3,avg_return,39993344,26.2052
1097,WarpSAC-A,Isaac-Velocity-Flat-Anymal-D-v0,3,avg_return,44992512,26.243
1098,WarpSAC-A,Isaac-Velocity-Flat-Anymal-D-v0,3,avg_return,49991680,26.3525
1099,WarpSAC-A,Isaac-Velocity-Flat-Anymal-D-v0,3,avg_return,50000896,26.3757
1100,WarpSAC-A,Isaac-Velocity-Flat-Anymal-D-v0,3,avg_success,0,0.0
1101,WarpSAC-A,Isaac-Velocity-Flat-Anymal-D-v0,3,avg_success,4999168,0.0
1102,WarpSAC-A,Isaac-Velocity-Flat-Anymal-D-v0,3,avg_success,9998336,0.0
1103,WarpSAC-A,Isaac-Velocity-Flat-Anymal-D-v0,3,avg_success,14997504,0.0
1104,WarpSAC-A,Isaac-Velocity-Flat-Anymal-D-v0,3,avg_success,19996672,0.0
1105,WarpSAC-A,Isaac-Velocity-Flat-Anymal-D-v0,3,avg_success,24995840,0.0
1106,WarpSAC-A,Isaac-Velocity-Flat-Anymal-D-v0,3,avg_success,29995008,0.0
1107,WarpSAC-A,Isaac-Velocity-Flat-Anymal-D-v0,3,avg_success,34994176,0.0
1108,WarpSAC-A,Isaac-Velocity-Flat-Anymal-D-v0,3,avg_success,39993344,0.0
1109,WarpSAC-A,Isaac-Velocity-Flat-Anymal-D-v0,3,avg_success,44992512,0.0
1110,WarpSAC-A,Isaac-Velocity-Flat-Anymal-D-v0,3,avg_success,49991680,0.0
1111,WarpSAC-A,Isaac-Velocity-Flat-Anymal-D-v0,3,avg_success,50000896,0.0
1112,WarpSAC-A,Isaac-Velocity-Flat-Anymal-D-v0,4,avg_return,0,-29.3583
1113,WarpSAC-A,Isaac-Velocity-Flat-Anymal-D-v0,4,avg_return,4999168,5.9125
1114,WarpSAC-A,Isaac-Velocity-Flat-Anymal-D-v0,4,avg_return,9998336,19.636
1115,WarpSAC-A,Isaac-Velocity-Flat-Anymal-D-v0,4,avg_return,14997504,23.9348
1116,WarpSAC-A,Isaac-Velocity-Flat-Anymal-D-v0,4,avg_return,19996672,24.917
1117,WarpSAC-A,Isaac-Velocity-Flat-Anymal-D-v0,4,avg_return,24995840,25.4194
1118,WarpSAC-A,Isaac-Velocity-Flat-Anymal-D-v0,4,avg_return,29995008,25.7819
1119,WarpSAC-A,Isaac-Velocity-Flat-Anymal-D-v0,4,avg_return,34994176,25.8967
1120,WarpSAC-A,Isaac-Velocity-Flat-Anymal-D-v0,4,avg_return,39993344,26.0083
1121,WarpSAC-A,Isaac-Velocity-Flat-Anymal-D-v0,4,avg_return,44992512,26.1653
1122,WarpSAC-A,Isaac-Velocity-Flat-Anymal-D-v0,4,avg_return,49991680,26.2293
1123,WarpSAC-A,Isaac-Velocity-Flat-Anymal-D-v0,4,avg_return,50000896,26.1627
1124,WarpSAC-A,Isaac-Velocity-Flat-Anymal-D-v0,4,avg_success,0,0.0
1125,WarpSAC-A,Isaac-Velocity-Flat-Anymal-D-v0,4,avg_success,4999168,0.0
1126,WarpSAC-A,Isaac-Velocity-Flat-Anymal-D-v0,4,avg_success,9998336,0.0
1127,WarpSAC-A,Isaac-Velocity-Flat-Anymal-D-v0,4,avg_success,14997504,0.0
1128,WarpSAC-A,Isaac-Velocity-Flat-Anymal-D-v0,4,avg_success,19996672,0.0
1129,WarpSAC-A,Isaac-Velocity-Flat-Anymal-D-v0,4,avg_success,24995840,0.0
1130,WarpSAC-A,Isaac-Velocity-Flat-Anymal-D-v0,4,avg_success,29995008,0.0
1131,WarpSAC-A,Isaac-Velocity-Flat-Anymal-D-v0,4,avg_success,34994176,0.0
1132,WarpSAC-A,Isaac-Velocity-Flat-Anymal-D-v0,4,avg_success,39993344,0.0
1133,WarpSAC-A,Isaac-Velocity-Flat-Anymal-D-v0,4,avg_success,44992512,0.0
1134,WarpSAC-A,Isaac-Velocity-Flat-Anymal-D-v0,4,avg_success,49991680,0.0
1135,WarpSAC-A,Isaac-Velocity-Flat-Anymal-D-v0,4,avg_success,50000896,0.0
1136,WarpSAC-A,Isaac-Velocity-Flat-Anymal-D-v0,5,avg_return,0,-17.6728
1137,WarpSAC-A,Isaac-Velocity-Flat-Anymal-D-v0,5,avg_return,4999168,5.7355
1138,WarpSAC-A,Isaac-Velocity-Flat-Anymal-D-v0,5,avg_return,9998336,21.9839
1139,WarpSAC-A,Isaac-Velocity-Flat-Anymal-D-v0,5,avg_return,14997504,24.357
1140,WarpSAC-A,Isaac-Velocity-Flat-Anymal-D-v0,5,avg_return,19996672,25.214
1141,WarpSAC-A,Isaac-Velocity-Flat-Anymal-D-v0,5,avg_return,24995840,25.6017
1142,WarpSAC-A,Isaac-Velocity-Flat-Anymal-D-v0,5,avg_return,29995008,25.8125
1143,WarpSAC-A,Isaac-Velocity-Flat-Anymal-D-v0,5,avg_return,34994176,25.8805
1144,WarpSAC-A,Isaac-Velocity-Flat-Anymal-D-v0,5,avg_return,39993344,26.0509
1145,WarpSAC-A,Isaac-Velocity-Flat-Anymal-D-v0,5,avg_return,44992512,26.1089
1146,WarpSAC-A,Isaac-Velocity-Flat-Anymal-D-v0,5,avg_return,49991680,26.1093
1147,WarpSAC-A,Isaac-Velocity-Flat-Anymal-D-v0,5,avg_return,50000896,25.9915
1148,WarpSAC-A,Isaac-Velocity-Flat-Anymal-D-v0,5,avg_success,0,0.0
1149,WarpSAC-A,Isaac-Velocity-Flat-Anymal-D-v0,5,avg_success,4999168,0.0
1150,WarpSAC-A,Isaac-Velocity-Flat-Anymal-D-v0,5,avg_success,9998336,0.0
1151,WarpSAC-A,Isaac-Velocity-Flat-Anymal-D-v0,5,avg_success,14997504,0.0
1152,WarpSAC-A,Isaac-Velocity-Flat-Anymal-D-v0,5,avg_success,19996672,0.0
1153,WarpSAC-A,Isaac-Velocity-Flat-Anymal-D-v0,5,avg_success,24995840,0.0
1154,WarpSAC-A,Isaac-Velocity-Flat-Anymal-D-v0,5,avg_success,29995008,0.0
1155,WarpSAC-A,Isaac-Velocity-Flat-Anymal-D-v0,5,avg_success,34994176,0.0
1156,WarpSAC-A,Isaac-Velocity-Flat-Anymal-D-v0,5,avg_success,39993344,0.0
1157,WarpSAC-A,Isaac-Velocity-Flat-Anymal-D-v0,5,avg_success,44992512,0.0
1158,WarpSAC-A,Isaac-Velocity-Flat-Anymal-D-v0,5,avg_success,49991680,0.0
1159,WarpSAC-A,Isaac-Velocity-Flat-Anymal-D-v0,5,avg_success,50000896,0.0
1160,WarpSAC-A,Isaac-Velocity-Flat-G1-v0,1,avg_return,0,-5.1304
1161,WarpSAC-A,Isaac-Velocity-Flat-G1-v0,1,avg_return,4999168,10.4652
1162,WarpSAC-A,Isaac-Velocity-Flat-G1-v0,1,avg_return,9998336,23.6934
1163,WarpSAC-A,Isaac-Velocity-Flat-G1-v0,1,avg_return,14997504,30.9419
1164,WarpSAC-A,Isaac-Velocity-Flat-G1-v0,1,avg_return,19996672,32.4713
1165,WarpSAC-A,Isaac-Velocity-Flat-G1-v0,1,avg_return,24995840,30.9376
1166,WarpSAC-A,Isaac-Velocity-Flat-G1-v0,1,avg_return,29995008,32.0115
1167,WarpSAC-A,Isaac-Velocity-Flat-G1-v0,1,avg_return,34994176,32.3453
1168,WarpSAC-A,Isaac-Velocity-Flat-G1-v0,1,avg_return,39993344,34.054
1169,WarpSAC-A,Isaac-Velocity-Flat-G1-v0,1,avg_return,44992512,33.6721
1170,WarpSAC-A,Isaac-Velocity-Flat-G1-v0,1,avg_return,49991680,35.8782
1171,WarpSAC-A,Isaac-Velocity-Flat-G1-v0,1,avg_return,50000896,35.2925
1172,WarpSAC-A,Isaac-Velocity-Flat-G1-v0,1,avg_success,0,0.0
1173,WarpSAC-A,Isaac-Velocity-Flat-G1-v0,1,avg_success,4999168,0.0
1174,WarpSAC-A,Isaac-Velocity-Flat-G1-v0,1,avg_success,9998336,0.0
1175,WarpSAC-A,Isaac-Velocity-Flat-G1-v0,1,avg_success,14997504,0.0
1176,WarpSAC-A,Isaac-Velocity-Flat-G1-v0,1,avg_success,19996672,0.0
1177,WarpSAC-A,Isaac-Velocity-Flat-G1-v0,1,avg_success,24995840,0.0
1178,WarpSAC-A,Isaac-Velocity-Flat-G1-v0,1,avg_success,29995008,0.0
1179,WarpSAC-A,Isaac-Velocity-Flat-G1-v0,1,avg_success,34994176,0.0
1180,WarpSAC-A,Isaac-Velocity-Flat-G1-v0,1,avg_success,39993344,0.0
1181,WarpSAC-A,Isaac-Velocity-Flat-G1-v0,1,avg_success,44992512,0.0
1182,WarpSAC-A,Isaac-Velocity-Flat-G1-v0,1,avg_success,49991680,0.0
1183,WarpSAC-A,Isaac-Velocity-Flat-G1-v0,1,avg_success,50000896,0.0
1184,WarpSAC-A,Isaac-Velocity-Flat-G1-v0,2,avg_return,0,-4.9611
1185,WarpSAC-A,Isaac-Velocity-Flat-G1-v0,2,avg_return,4999168,15.5217
1186,WarpSAC-A,Isaac-Velocity-Flat-G1-v0,2,avg_return,9998336,24.6938
1187,WarpSAC-A,Isaac-Velocity-Flat-G1-v0,2,avg_return,14997504,31.3222
1188,WarpSAC-A,Isaac-Velocity-Flat-G1-v0,2,avg_return,19996672,33.467
1189,WarpSAC-A,Isaac-Velocity-Flat-G1-v0,2,avg_return,24995840,34.9295
1190,WarpSAC-A,Isaac-Velocity-Flat-G1-v0,2,avg_return,29995008,34.3482
1191,WarpSAC-A,Isaac-Velocity-Flat-G1-v0,2,avg_return,34994176,35.6378
1192,WarpSAC-A,Isaac-Velocity-Flat-G1-v0,2,avg_return,39993344,35.6427
1193,WarpSAC-A,Isaac-Velocity-Flat-G1-v0,2,avg_return,44992512,36.2315
1194,WarpSAC-A,Isaac-Velocity-Flat-G1-v0,2,avg_return,49991680,36.802
1195,WarpSAC-A,Isaac-Velocity-Flat-G1-v0,2,avg_return,50000896,36.8571
1196,WarpSAC-A,Isaac-Velocity-Flat-G1-v0,2,avg_success,0,0.0
1197,WarpSAC-A,Isaac-Velocity-Flat-G1-v0,2,avg_success,4999168,0.0
1198,WarpSAC-A,Isaac-Velocity-Flat-G1-v0,2,avg_success,9998336,0.0
1199,WarpSAC-A,Isaac-Velocity-Flat-G1-v0,2,avg_success,14997504,0.0
1200,WarpSAC-A,Isaac-Velocity-Flat-G1-v0,2,avg_success,19996672,0.0
1201,WarpSAC-A,Isaac-Velocity-Flat-G1-v0,2,avg_success,24995840,0.0
1202,WarpSAC-A,Isaac-Velocity-Flat-G1-v0,2,avg_success,29995008,0.0
1203,WarpSAC-A,Isaac-Velocity-Flat-G1-v0,2,avg_success,34994176,0.0
1204,WarpSAC-A,Isaac-Velocity-Flat-G1-v0,2,avg_success,39993344,0.0
1205,WarpSAC-A,Isaac-Velocity-Flat-G1-v0,2,avg_success,44992512,0.0
1206,WarpSAC-A,Isaac-Velocity-Flat-G1-v0,2,avg_success,49991680,0.0
1207,WarpSAC-A,Isaac-Velocity-Flat-G1-v0,2,avg_success,50000896,0.0
1208,WarpSAC-A,Isaac-Velocity-Flat-G1-v0,3,avg_return,0,-5.1149
1209,WarpSAC-A,Isaac-Velocity-Flat-G1-v0,3,avg_return,4999168,13.8815
1210,WarpSAC-A,Isaac-Velocity-Flat-G1-v0,3,avg_return,9998336,24.4425
1211,WarpSAC-A,Isaac-Velocity-Flat-G1-v0,3,avg_return,14997504,26.9834
1212,WarpSAC-A,Isaac-Velocity-Flat-G1-v0,3,avg_return,19996672,31.7489
1213,WarpSAC-A,Isaac-Velocity-Flat-G1-v0,3,avg_return,24995840,32.2707
1214,WarpSAC-A,Isaac-Velocity-Flat-G1-v0,3,avg_return,29995008,34.197
1215,WarpSAC-A,Isaac-Velocity-Flat-G1-v0,3,avg_return,34994176,34.9578
1216,WarpSAC-A,Isaac-Velocity-Flat-G1-v0,3,avg_return,39993344,35.7261
1217,WarpSAC-A,Isaac-Velocity-Flat-G1-v0,3,avg_return,44992512,36.0647
1218,WarpSAC-A,Isaac-Velocity-Flat-G1-v0,3,avg_return,49991680,36.3316
1219,WarpSAC-A,Isaac-Velocity-Flat-G1-v0,3,avg_return,50000896,35.7094
1220,WarpSAC-A,Isaac-Velocity-Flat-G1-v0,3,avg_success,0,0.0
1221,WarpSAC-A,Isaac-Velocity-Flat-G1-v0,3,avg_success,4999168,0.0
1222,WarpSAC-A,Isaac-Velocity-Flat-G1-v0,3,avg_success,9998336,0.0
1223,WarpSAC-A,Isaac-Velocity-Flat-G1-v0,3,avg_success,14997504,0.0
1224,WarpSAC-A,Isaac-Velocity-Flat-G1-v0,3,avg_success,19996672,0.0
1225,WarpSAC-A,Isaac-Velocity-Flat-G1-v0,3,avg_success,24995840,0.0
1226,WarpSAC-A,Isaac-Velocity-Flat-G1-v0,3,avg_success,29995008,0.0
1227,WarpSAC-A,Isaac-Velocity-Flat-G1-v0,3,avg_success,34994176,0.0
1228,WarpSAC-A,Isaac-Velocity-Flat-G1-v0,3,avg_success,39993344,0.0
1229,WarpSAC-A,Isaac-Velocity-Flat-G1-v0,3,avg_success,44992512,0.0
1230,WarpSAC-A,Isaac-Velocity-Flat-G1-v0,3,avg_success,49991680,0.0
1231,WarpSAC-A,Isaac-Velocity-Flat-G1-v0,3,avg_success,50000896,0.0
1232,WarpSAC-A,Isaac-Velocity-Flat-G1-v0,4,avg_return,0,-4.9136
1233,WarpSAC-A,Isaac-Velocity-Flat-G1-v0,4,avg_return,4999168,13.4027
1234,WarpSAC-A,Isaac-Velocity-Flat-G1-v0,4,avg_return,9998336,23.1529
1235,WarpSAC-A,Isaac-Velocity-Flat-G1-v0,4,avg_return,14997504,30.214
1236,WarpSAC-A,Isaac-Velocity-Flat-G1-v0,4,avg_return,19996672,33.0515
1237,WarpSAC-A,Isaac-Velocity-Flat-G1-v0,4,avg_return,24995840,34.275
1238,WarpSAC-A,Isaac-Velocity-Flat-G1-v0,4,avg_return,29995008,34.6002
1239,WarpSAC-A,Isaac-Velocity-Flat-G1-v0,4,avg_return,34994176,35.0043
1240,WarpSAC-A,Isaac-Velocity-Flat-G1-v0,4,avg_return,39993344,36.1551
1241,WarpSAC-A,Isaac-Velocity-Flat-G1-v0,4,avg_return,44992512,36.3643
1242,WarpSAC-A,Isaac-Velocity-Flat-G1-v0,4,avg_return,49991680,36.5979
1243,WarpSAC-A,Isaac-Velocity-Flat-G1-v0,4,avg_return,50000896,36.2188
1244,WarpSAC-A,Isaac-Velocity-Flat-G1-v0,4,avg_success,0,0.0
1245,WarpSAC-A,Isaac-Velocity-Flat-G1-v0,4,avg_success,4999168,0.0
1246,WarpSAC-A,Isaac-Velocity-Flat-G1-v0,4,avg_success,9998336,0.0
1247,WarpSAC-A,Isaac-Velocity-Flat-G1-v0,4,avg_success,14997504,0.0
1248,WarpSAC-A,Isaac-Velocity-Flat-G1-v0,4,avg_success,19996672,0.0
1249,WarpSAC-A,Isaac-Velocity-Flat-G1-v0,4,avg_success,24995840,0.0
1250,WarpSAC-A,Isaac-Velocity-Flat-G1-v0,4,avg_success,29995008,0.0
1251,WarpSAC-A,Isaac-Velocity-Flat-G1-v0,4,avg_success,34994176,0.0
1252,WarpSAC-A,Isaac-Velocity-Flat-G1-v0,4,avg_success,39993344,0.0
1253,WarpSAC-A,Isaac-Velocity-Flat-G1-v0,4,avg_success,44992512,0.0
1254,WarpSAC-A,Isaac-Velocity-Flat-G1-v0,4,avg_success,49991680,0.0
1255,WarpSAC-A,Isaac-Velocity-Flat-G1-v0,4,avg_success,50000896,0.0
1256,WarpSAC-A,Isaac-Velocity-Flat-G1-v0,5,avg_return,0,-5.6659
1257,WarpSAC-A,Isaac-Velocity-Flat-G1-v0,5,avg_return,4999168,17.2988
1258,WarpSAC-A,Isaac-Velocity-Flat-G1-v0,5,avg_return,9998336,24.0736
1259,WarpSAC-A,Isaac-Velocity-Flat-G1-v0,5,avg_return,14997504,30.0969
1260,WarpSAC-A,Isaac-Velocity-Flat-G1-v0,5,avg_return,19996672,30.3601
1261,WarpSAC-A,Isaac-Velocity-Flat-G1-v0,5,avg_return,24995840,30.9839
1262,WarpSAC-A,Isaac-Velocity-Flat-G1-v0,5,avg_return,29995008,32.6191
1263,WarpSAC-A,Isaac-Velocity-Flat-G1-v0,5,avg_return,34994176,33.0689
1264,WarpSAC-A,Isaac-Velocity-Flat-G1-v0,5,avg_return,39993344,33.1437
1265,WarpSAC-A,Isaac-Velocity-Flat-G1-v0,5,avg_return,44992512,33.7452
1266,WarpSAC-A,Isaac-Velocity-Flat-G1-v0,5,avg_return,49991680,34.074
1267,WarpSAC-A,Isaac-Velocity-Flat-G1-v0,5,avg_return,50000896,34.3132
1268,WarpSAC-A,Isaac-Velocity-Flat-G1-v0,5,avg_success,0,0.0
1269,WarpSAC-A,Isaac-Velocity-Flat-G1-v0,5,avg_success,4999168,0.0
1270,WarpSAC-A,Isaac-Velocity-Flat-G1-v0,5,avg_success,9998336,0.0
1271,WarpSAC-A,Isaac-Velocity-Flat-G1-v0,5,avg_success,14997504,0.0
1272,WarpSAC-A,Isaac-Velocity-Flat-G1-v0,5,avg_success,19996672,0.0
1273,WarpSAC-A,Isaac-Velocity-Flat-G1-v0,5,avg_success,24995840,0.0
1274,WarpSAC-A,Isaac-Velocity-Flat-G1-v0,5,avg_success,29995008,0.0
1275,WarpSAC-A,Isaac-Velocity-Flat-G1-v0,5,avg_success,34994176,0.0
1276,WarpSAC-A,Isaac-Velocity-Flat-G1-v0,5,avg_success,39993344,0.0
1277,WarpSAC-A,Isaac-Velocity-Flat-G1-v0,5,avg_success,44992512,0.0
1278,WarpSAC-A,Isaac-Velocity-Flat-G1-v0,5,avg_success,49991680,0.0
1279,WarpSAC-A,Isaac-Velocity-Flat-G1-v0,5,avg_success,50000896,0.0
1280,WarpSAC-A,Isaac-Velocity-Flat-H1-v0,1,avg_return,0,-5.0328
1281,WarpSAC-A,Isaac-Velocity-Flat-H1-v0,1,avg_return,4999168,18.3442
1282,WarpSAC-A,Isaac-Velocity-Flat-H1-v0,1,avg_return,9998336,31.8149
1283,WarpSAC-A,Isaac-Velocity-Flat-H1-v0,1,avg_return,14997504,36.0976
1284,WarpSAC-A,Isaac-Velocity-Flat-H1-v0,1,avg_return,19996672,35.83
1285,WarpSAC-A,Isaac-Velocity-Flat-H1-v0,1,avg_return,24995840,37.9901
1286,WarpSAC-A,Isaac-Velocity-Flat-H1-v0,1,avg_return,29995008,38.1135
1287,WarpSAC-A,Isaac-Velocity-Flat-H1-v0,1,avg_return,34994176,38.1205
1288,WarpSAC-A,Isaac-Velocity-Flat-H1-v0,1,avg_return,39993344,38.445
1289,WarpSAC-A,Isaac-Velocity-Flat-H1-v0,1,avg_return,44992512,38.7466
1290,WarpSAC-A,Isaac-Velocity-Flat-H1-v0,1,avg_return,49991680,38.3908
1291,WarpSAC-A,Isaac-Velocity-Flat-H1-v0,1,avg_return,50000896,38.2205
1292,WarpSAC-A,Isaac-Velocity-Flat-H1-v0,1,avg_success,0,0.0
1293,WarpSAC-A,Isaac-Velocity-Flat-H1-v0,1,avg_success,4999168,0.0
1294,WarpSAC-A,Isaac-Velocity-Flat-H1-v0,1,avg_success,9998336,0.0
1295,WarpSAC-A,Isaac-Velocity-Flat-H1-v0,1,avg_success,14997504,0.0
1296,WarpSAC-A,Isaac-Velocity-Flat-H1-v0,1,avg_success,19996672,0.0
1297,WarpSAC-A,Isaac-Velocity-Flat-H1-v0,1,avg_success,24995840,0.0
1298,WarpSAC-A,Isaac-Velocity-Flat-H1-v0,1,avg_success,29995008,0.0
1299,WarpSAC-A,Isaac-Velocity-Flat-H1-v0,1,avg_success,34994176,0.0
1300,WarpSAC-A,Isaac-Velocity-Flat-H1-v0,1,avg_success,39993344,0.0
1301,WarpSAC-A,Isaac-Velocity-Flat-H1-v0,1,avg_success,44992512,0.0
1302,WarpSAC-A,Isaac-Velocity-Flat-H1-v0,1,avg_success,49991680,0.0
1303,WarpSAC-A,Isaac-Velocity-Flat-H1-v0,1,avg_success,50000896,0.0
1304,WarpSAC-A,Isaac-Velocity-Flat-H1-v0,2,avg_return,0,-5.2947
1305,WarpSAC-A,Isaac-Velocity-Flat-H1-v0,2,avg_return,4999168,15.5429
1306,WarpSAC-A,Isaac-Velocity-Flat-H1-v0,2,avg_return,9998336,32.7851
1307,WarpSAC-A,Isaac-Velocity-Flat-H1-v0,2,avg_return,14997504,34.7504
1308,WarpSAC-A,Isaac-Velocity-Flat-H1-v0,2,avg_return,19996672,36.819
1309,WarpSAC-A,Isaac-Velocity-Flat-H1-v0,2,avg_return,24995840,36.2273
1310,WarpSAC-A,Isaac-Velocity-Flat-H1-v0,2,avg_return,29995008,38.2557
1311,WarpSAC-A,Isaac-Velocity-Flat-H1-v0,2,avg_return,34994176,38.677
1312,WarpSAC-A,Isaac-Velocity-Flat-H1-v0,2,avg_return,39993344,38.844
1313,WarpSAC-A,Isaac-Velocity-Flat-H1-v0,2,avg_return,44992512,38.925
1314,WarpSAC-A,Isaac-Velocity-Flat-H1-v0,2,avg_return,49991680,39.182
1315,WarpSAC-A,Isaac-Velocity-Flat-H1-v0,2,avg_return,50000896,39.1421
1316,WarpSAC-A,Isaac-Velocity-Flat-H1-v0,2,avg_success,0,0.0
1317,WarpSAC-A,Isaac-Velocity-Flat-H1-v0,2,avg_success,4999168,0.0
1318,WarpSAC-A,Isaac-Velocity-Flat-H1-v0,2,avg_success,9998336,0.0
1319,WarpSAC-A,Isaac-Velocity-Flat-H1-v0,2,avg_success,14997504,0.0
1320,WarpSAC-A,Isaac-Velocity-Flat-H1-v0,2,avg_success,19996672,0.0
1321,WarpSAC-A,Isaac-Velocity-Flat-H1-v0,2,avg_success,24995840,0.0
1322,WarpSAC-A,Isaac-Velocity-Flat-H1-v0,2,avg_success,29995008,0.0
1323,WarpSAC-A,Isaac-Velocity-Flat-H1-v0,2,avg_success,34994176,0.0
1324,WarpSAC-A,Isaac-Velocity-Flat-H1-v0,2,avg_success,39993344,0.0
1325,WarpSAC-A,Isaac-Velocity-Flat-H1-v0,2,avg_success,44992512,0.0
1326,WarpSAC-A,Isaac-Velocity-Flat-H1-v0,2,avg_success,49991680,0.0
1327,WarpSAC-A,Isaac-Velocity-Flat-H1-v0,2,avg_success,50000896,0.0
1328,WarpSAC-A,Isaac-Velocity-Flat-H1-v0,3,avg_return,0,-4.915
1329,WarpSAC-A,Isaac-Velocity-Flat-H1-v0,3,avg_return,4999168,17.3295
1330,WarpSAC-A,Isaac-Velocity-Flat-H1-v0,3,avg_return,9998336,32.683
1331,WarpSAC-A,Isaac-Velocity-Flat-H1-v0,3,avg_return,14997504,34.0097
1332,WarpSAC-A,Isaac-Velocity-Flat-H1-v0,3,avg_return,19996672,36.9224
1333,WarpSAC-A,Isaac-Velocity-Flat-H1-v0,3,avg_return,24995840,37.1222
1334,WarpSAC-A,Isaac-Velocity-Flat-H1-v0,3,avg_return,29995008,37.9271
1335,WarpSAC-A,Isaac-Velocity-Flat-H1-v0,3,avg_return,34994176,38.0185
1336,WarpSAC-A,Isaac-Velocity-Flat-H1-v0,3,avg_return,39993344,38.2435
1337,WarpSAC-A,Isaac-Velocity-Flat-H1-v0,3,avg_return,44992512,38.446
1338,WarpSAC-A,Isaac-Velocity-Flat-H1-v0,3,avg_return,49991680,38.527
1339,WarpSAC-A,Isaac-Velocity-Flat-H1-v0,3,avg_return,50000896,38.4933
1340,WarpSAC-A,Isaac-Velocity-Flat-H1-v0,3,avg_success,0,0.0
1341,WarpSAC-A,Isaac-Velocity-Flat-H1-v0,3,avg_success,4999168,0.0
1342,WarpSAC-A,Isaac-Velocity-Flat-H1-v0,3,avg_success,9998336,0.0
1343,WarpSAC-A,Isaac-Velocity-Flat-H1-v0,3,avg_success,14997504,0.0
1344,WarpSAC-A,Isaac-Velocity-Flat-H1-v0,3,avg_success,19996672,0.0
1345,WarpSAC-A,Isaac-Velocity-Flat-H1-v0,3,avg_success,24995840,0.0
1346,WarpSAC-A,Isaac-Velocity-Flat-H1-v0,3,avg_success,29995008,0.0
1347,WarpSAC-A,Isaac-Velocity-Flat-H1-v0,3,avg_success,34994176,0.0
1348,WarpSAC-A,Isaac-Velocity-Flat-H1-v0,3,avg_success,39993344,0.0
1349,WarpSAC-A,Isaac-Velocity-Flat-H1-v0,3,avg_success,44992512,0.0
1350,WarpSAC-A,Isaac-Velocity-Flat-H1-v0,3,avg_success,49991680,0.0
1351,WarpSAC-A,Isaac-Velocity-Flat-H1-v0,3,avg_success,50000896,0.0
1352,WarpSAC-A,Isaac-Velocity-Flat-H1-v0,4,avg_return,0,-4.8294
1353,WarpSAC-A,Isaac-Velocity-Flat-H1-v0,4,avg_return,4999168,19.2534
1354,WarpSAC-A,Isaac-Velocity-Flat-H1-v0,4,avg_return,9998336,30.7415
1355,WarpSAC-A,Isaac-Velocity-Flat-H1-v0,4,avg_return,14997504,33.8939
1356,WarpSAC-A,Isaac-Velocity-Flat-H1-v0,4,avg_return,19996672,35.2659
1357,WarpSAC-A,Isaac-Velocity-Flat-H1-v0,4,avg_return,24995840,35.8226
1358,WarpSAC-A,Isaac-Velocity-Flat-H1-v0,4,avg_return,29995008,36.7031
1359,WarpSAC-A,Isaac-Velocity-Flat-H1-v0,4,avg_return,34994176,38.6204
1360,WarpSAC-A,Isaac-Velocity-Flat-H1-v0,4,avg_return,39993344,38.3713
1361,WarpSAC-A,Isaac-Velocity-Flat-H1-v0,4,avg_return,44992512,39.0606
1362,WarpSAC-A,Isaac-Velocity-Flat-H1-v0,4,avg_return,49991680,38.7007
1363,WarpSAC-A,Isaac-Velocity-Flat-H1-v0,4,avg_return,50000896,38.3373
1364,WarpSAC-A,Isaac-Velocity-Flat-H1-v0,4,avg_success,0,0.0
1365,WarpSAC-A,Isaac-Velocity-Flat-H1-v0,4,avg_success,4999168,0.0
1366,WarpSAC-A,Isaac-Velocity-Flat-H1-v0,4,avg_success,9998336,0.0
1367,WarpSAC-A,Isaac-Velocity-Flat-H1-v0,4,avg_success,14997504,0.0
1368,WarpSAC-A,Isaac-Velocity-Flat-H1-v0,4,avg_success,19996672,0.0
1369,WarpSAC-A,Isaac-Velocity-Flat-H1-v0,4,avg_success,24995840,0.0
1370,WarpSAC-A,Isaac-Velocity-Flat-H1-v0,4,avg_success,29995008,0.0
1371,WarpSAC-A,Isaac-Velocity-Flat-H1-v0,4,avg_success,34994176,0.0
1372,WarpSAC-A,Isaac-Velocity-Flat-H1-v0,4,avg_success,39993344,0.0
1373,WarpSAC-A,Isaac-Velocity-Flat-H1-v0,4,avg_success,44992512,0.0
1374,WarpSAC-A,Isaac-Velocity-Flat-H1-v0,4,avg_success,49991680,0.0
1375,WarpSAC-A,Isaac-Velocity-Flat-H1-v0,4,avg_success,50000896,0.0
1376,WarpSAC-A,Isaac-Velocity-Flat-H1-v0,5,avg_return,0,-4.8709
1377,WarpSAC-A,Isaac-Velocity-Flat-H1-v0,5,avg_return,4999168,18.5168
1378,WarpSAC-A,Isaac-Velocity-Flat-H1-v0,5,avg_return,9998336,31.1249
1379,WarpSAC-A,Isaac-Velocity-Flat-H1-v0,5,avg_return,14997504,35.4648
1380,WarpSAC-A,Isaac-Velocity-Flat-H1-v0,5,avg_return,19996672,36.4672
1381,WarpSAC-A,Isaac-Velocity-Flat-H1-v0,5,avg_return,24995840,37.6346
1382,WarpSAC-A,Isaac-Velocity-Flat-H1-v0,5,avg_return,29995008,37.8144
1383,WarpSAC-A,Isaac-Velocity-Flat-H1-v0,5,avg_return,34994176,38.0708
1384,WarpSAC-A,Isaac-Velocity-Flat-H1-v0,5,avg_return,39993344,38.1247
1385,WarpSAC-A,Isaac-Velocity-Flat-H1-v0,5,avg_return,44992512,38.1064
1386,WarpSAC-A,Isaac-Velocity-Flat-H1-v0,5,avg_return,49991680,38.2549
1387,WarpSAC-A,Isaac-Velocity-Flat-H1-v0,5,avg_return,50000896,38.2298
1388,WarpSAC-A,Isaac-Velocity-Flat-H1-v0,5,avg_success,0,0.0
1389,WarpSAC-A,Isaac-Velocity-Flat-H1-v0,5,avg_success,4999168,0.0
1390,WarpSAC-A,Isaac-Velocity-Flat-H1-v0,5,avg_success,9998336,0.0
1391,WarpSAC-A,Isaac-Velocity-Flat-H1-v0,5,avg_success,14997504,0.0
1392,WarpSAC-A,Isaac-Velocity-Flat-H1-v0,5,avg_success,19996672,0.0
1393,WarpSAC-A,Isaac-Velocity-Flat-H1-v0,5,avg_success,24995840,0.0
1394,WarpSAC-A,Isaac-Velocity-Flat-H1-v0,5,avg_success,29995008,0.0
1395,WarpSAC-A,Isaac-Velocity-Flat-H1-v0,5,avg_success,34994176,0.0
1396,WarpSAC-A,Isaac-Velocity-Flat-H1-v0,5,avg_success,39993344,0.0
1397,WarpSAC-A,Isaac-Velocity-Flat-H1-v0,5,avg_success,44992512,0.0
1398,WarpSAC-A,Isaac-Velocity-Flat-H1-v0,5,avg_success,49991680,0.0
1399,WarpSAC-A,Isaac-Velocity-Flat-H1-v0,5,avg_success,50000896,0.0
1400,WarpSAC-A,Isaac-Velocity-Rough-Anymal-C-v0,1,avg_return,0,-16.0197
1401,WarpSAC-A,Isaac-Velocity-Rough-Anymal-C-v0,1,avg_return,4999168,9.5853
1402,WarpSAC-A,Isaac-Velocity-Rough-Anymal-C-v0,1,avg_return,9998336,16.1868
1403,WarpSAC-A,Isaac-Velocity-Rough-Anymal-C-v0,1,avg_return,14997504,16.8095
1404,WarpSAC-A,Isaac-Velocity-Rough-Anymal-C-v0,1,avg_return,19996672,17.899
1405,WarpSAC-A,Isaac-Velocity-Rough-Anymal-C-v0,1,avg_return,24995840,17.5485
1406,WarpSAC-A,Isaac-Velocity-Rough-Anymal-C-v0,1,avg_return,29995008,17.4059
1407,WarpSAC-A,Isaac-Velocity-Rough-Anymal-C-v0,1,avg_return,34994176,17.1633
1408,WarpSAC-A,Isaac-Velocity-Rough-Anymal-C-v0,1,avg_return,39993344,17.1967
1409,WarpSAC-A,Isaac-Velocity-Rough-Anymal-C-v0,1,avg_return,44992512,17.4457
1410,WarpSAC-A,Isaac-Velocity-Rough-Anymal-C-v0,1,avg_return,49991680,17.871
1411,WarpSAC-A,Isaac-Velocity-Rough-Anymal-C-v0,1,avg_return,50000896,19.1478
1412,WarpSAC-A,Isaac-Velocity-Rough-Anymal-C-v0,1,avg_success,0,0.0
1413,WarpSAC-A,Isaac-Velocity-Rough-Anymal-C-v0,1,avg_success,4999168,0.0
1414,WarpSAC-A,Isaac-Velocity-Rough-Anymal-C-v0,1,avg_success,9998336,0.0
1415,WarpSAC-A,Isaac-Velocity-Rough-Anymal-C-v0,1,avg_success,14997504,0.0
1416,WarpSAC-A,Isaac-Velocity-Rough-Anymal-C-v0,1,avg_success,19996672,0.0
1417,WarpSAC-A,Isaac-Velocity-Rough-Anymal-C-v0,1,avg_success,24995840,0.0
1418,WarpSAC-A,Isaac-Velocity-Rough-Anymal-C-v0,1,avg_success,29995008,0.0
1419,WarpSAC-A,Isaac-Velocity-Rough-Anymal-C-v0,1,avg_success,34994176,0.0
1420,WarpSAC-A,Isaac-Velocity-Rough-Anymal-C-v0,1,avg_success,39993344,0.0
1421,WarpSAC-A,Isaac-Velocity-Rough-Anymal-C-v0,1,avg_success,44992512,0.0
1422,WarpSAC-A,Isaac-Velocity-Rough-Anymal-C-v0,1,avg_success,49991680,0.0
1423,WarpSAC-A,Isaac-Velocity-Rough-Anymal-C-v0,1,avg_success,50000896,0.0
1424,WarpSAC-A,Isaac-Velocity-Rough-Anymal-C-v0,2,avg_return,0,-21.4553
1425,WarpSAC-A,Isaac-Velocity-Rough-Anymal-C-v0,2,avg_return,4999168,10.0317
1426,WarpSAC-A,Isaac-Velocity-Rough-Anymal-C-v0,2,avg_return,9998336,16.524
1427,WarpSAC-A,Isaac-Velocity-Rough-Anymal-C-v0,2,avg_return,14997504,16.9832
1428,WarpSAC-A,Isaac-Velocity-Rough-Anymal-C-v0,2,avg_return,19996672,17.7256
1429,WarpSAC-A,Isaac-Velocity-Rough-Anymal-C-v0,2,avg_return,24995840,17.4635
1430,WarpSAC-A,Isaac-Velocity-Rough-Anymal-C-v0,2,avg_return,29995008,17.0709
1431,WarpSAC-A,Isaac-Velocity-Rough-Anymal-C-v0,2,avg_return,34994176,17.2521
1432,WarpSAC-A,Isaac-Velocity-Rough-Anymal-C-v0,2,avg_return,39993344,16.9882
1433,WarpSAC-A,Isaac-Velocity-Rough-Anymal-C-v0,2,avg_return,44992512,17.7152
1434,WarpSAC-A,Isaac-Velocity-Rough-Anymal-C-v0,2,avg_return,49991680,17.1317
1435,WarpSAC-A,Isaac-Velocity-Rough-Anymal-C-v0,2,avg_return,50000896,19.073
1436,WarpSAC-A,Isaac-Velocity-Rough-Anymal-C-v0,2,avg_success,0,0.0
1437,WarpSAC-A,Isaac-Velocity-Rough-Anymal-C-v0,2,avg_success,4999168,0.0
1438,WarpSAC-A,Isaac-Velocity-Rough-Anymal-C-v0,2,avg_success,9998336,0.0
1439,WarpSAC-A,Isaac-Velocity-Rough-Anymal-C-v0,2,avg_success,14997504,0.0
1440,WarpSAC-A,Isaac-Velocity-Rough-Anymal-C-v0,2,avg_success,19996672,0.0
1441,WarpSAC-A,Isaac-Velocity-Rough-Anymal-C-v0,2,avg_success,24995840,0.0
1442,WarpSAC-A,Isaac-Velocity-Rough-Anymal-C-v0,2,avg_success,29995008,0.0
1443,WarpSAC-A,Isaac-Velocity-Rough-Anymal-C-v0,2,avg_success,34994176,0.0
1444,WarpSAC-A,Isaac-Velocity-Rough-Anymal-C-v0,2,avg_success,39993344,0.0
1445,WarpSAC-A,Isaac-Velocity-Rough-Anymal-C-v0,2,avg_success,44992512,0.0
1446,WarpSAC-A,Isaac-Velocity-Rough-Anymal-C-v0,2,avg_success,49991680,0.0
1447,WarpSAC-A,Isaac-Velocity-Rough-Anymal-C-v0,2,avg_success,50000896,0.0
1448,WarpSAC-A,Isaac-Velocity-Rough-Anymal-C-v0,3,avg_return,0,-21.0122
1449,WarpSAC-A,Isaac-Velocity-Rough-Anymal-C-v0,3,avg_return,4999168,9.3296
1450,WarpSAC-A,Isaac-Velocity-Rough-Anymal-C-v0,3,avg_return,9998336,15.5823
1451,WarpSAC-A,Isaac-Velocity-Rough-Anymal-C-v0,3,avg_return,14997504,16.9564
1452,WarpSAC-A,Isaac-Velocity-Rough-Anymal-C-v0,3,avg_return,19996672,17.2485
1453,WarpSAC-A,Isaac-Velocity-Rough-Anymal-C-v0,3,avg_return,24995840,17.2542
1454,WarpSAC-A,Isaac-Velocity-Rough-Anymal-C-v0,3,avg_return,29995008,17.4236
1455,WarpSAC-A,Isaac-Velocity-Rough-Anymal-C-v0,3,avg_return,34994176,16.8594
1456,WarpSAC-A,Isaac-Velocity-Rough-Anymal-C-v0,3,avg_return,39993344,17.096
1457,WarpSAC-A,Isaac-Velocity-Rough-Anymal-C-v0,3,avg_return,44992512,16.3908
1458,WarpSAC-A,Isaac-Velocity-Rough-Anymal-C-v0,3,avg_return,49991680,17.4246
1459,WarpSAC-A,Isaac-Velocity-Rough-Anymal-C-v0,3,avg_return,50000896,18.6917
1460,WarpSAC-A,Isaac-Velocity-Rough-Anymal-C-v0,3,avg_success,0,0.0
1461,WarpSAC-A,Isaac-Velocity-Rough-Anymal-C-v0,3,avg_success,4999168,0.0
1462,WarpSAC-A,Isaac-Velocity-Rough-Anymal-C-v0,3,avg_success,9998336,0.0
1463,WarpSAC-A,Isaac-Velocity-Rough-Anymal-C-v0,3,avg_success,14997504,0.0
1464,WarpSAC-A,Isaac-Velocity-Rough-Anymal-C-v0,3,avg_success,19996672,0.0
1465,WarpSAC-A,Isaac-Velocity-Rough-Anymal-C-v0,3,avg_success,24995840,0.0
1466,WarpSAC-A,Isaac-Velocity-Rough-Anymal-C-v0,3,avg_success,29995008,0.0
1467,WarpSAC-A,Isaac-Velocity-Rough-Anymal-C-v0,3,avg_success,34994176,0.0
1468,WarpSAC-A,Isaac-Velocity-Rough-Anymal-C-v0,3,avg_success,39993344,0.0
1469,WarpSAC-A,Isaac-Velocity-Rough-Anymal-C-v0,3,avg_success,44992512,0.0
1470,WarpSAC-A,Isaac-Velocity-Rough-Anymal-C-v0,3,avg_success,49991680,0.0
1471,WarpSAC-A,Isaac-Velocity-Rough-Anymal-C-v0,3,avg_success,50000896,0.0
1472,WarpSAC-A,Isaac-Velocity-Rough-Anymal-C-v0,4,avg_return,0,-23.9238
1473,WarpSAC-A,Isaac-Velocity-Rough-Anymal-C-v0,4,avg_return,4999168,9.1549
1474,WarpSAC-A,Isaac-Velocity-Rough-Anymal-C-v0,4,avg_return,9998336,15.8991
1475,WarpSAC-A,Isaac-Velocity-Rough-Anymal-C-v0,4,avg_return,14997504,16.9784
1476,WarpSAC-A,Isaac-Velocity-Rough-Anymal-C-v0,4,avg_return,19996672,17.239
1477,WarpSAC-A,Isaac-Velocity-Rough-Anymal-C-v0,4,avg_return,24995840,16.737
1478,WarpSAC-A,Isaac-Velocity-Rough-Anymal-C-v0,4,avg_return,29995008,16.7874
1479,WarpSAC-A,Isaac-Velocity-Rough-Anymal-C-v0,4,avg_return,34994176,16.4907
1480,WarpSAC-A,Isaac-Velocity-Rough-Anymal-C-v0,4,avg_return,39993344,17.5867
1481,WarpSAC-A,Isaac-Velocity-Rough-Anymal-C-v0,4,avg_return,44992512,17.5289
1482,WarpSAC-A,Isaac-Velocity-Rough-Anymal-C-v0,4,avg_return,49991680,17.4165
1483,WarpSAC-A,Isaac-Velocity-Rough-Anymal-C-v0,4,avg_return,50000896,18.9097
1484,WarpSAC-A,Isaac-Velocity-Rough-Anymal-C-v0,4,avg_success,0,0.0
1485,WarpSAC-A,Isaac-Velocity-Rough-Anymal-C-v0,4,avg_success,4999168,0.0
1486,WarpSAC-A,Isaac-Velocity-Rough-Anymal-C-v0,4,avg_success,9998336,0.0
1487,WarpSAC-A,Isaac-Velocity-Rough-Anymal-C-v0,4,avg_success,14997504,0.0
1488,WarpSAC-A,Isaac-Velocity-Rough-Anymal-C-v0,4,avg_success,19996672,0.0
1489,WarpSAC-A,Isaac-Velocity-Rough-Anymal-C-v0,4,avg_success,24995840,0.0
1490,WarpSAC-A,Isaac-Velocity-Rough-Anymal-C-v0,4,avg_success,29995008,0.0
1491,WarpSAC-A,Isaac-Velocity-Rough-Anymal-C-v0,4,avg_success,34994176,0.0
1492,WarpSAC-A,Isaac-Velocity-Rough-Anymal-C-v0,4,avg_success,39993344,0.0
1493,WarpSAC-A,Isaac-Velocity-Rough-Anymal-C-v0,4,avg_success,44992512,0.0
1494,WarpSAC-A,Isaac-Velocity-Rough-Anymal-C-v0,4,avg_success,49991680,0.0
1495,WarpSAC-A,Isaac-Velocity-Rough-Anymal-C-v0,4,avg_success,50000896,0.0
1496,WarpSAC-A,Isaac-Velocity-Rough-Anymal-C-v0,5,avg_return,0,-22.1892
1497,WarpSAC-A,Isaac-Velocity-Rough-Anymal-C-v0,5,avg_return,4999168,9.4392
1498,WarpSAC-A,Isaac-Velocity-Rough-Anymal-C-v0,5,avg_return,9998336,14.0023
1499,WarpSAC-A,Isaac-Velocity-Rough-Anymal-C-v0,5,avg_return,14997504,17.1246
1500,WarpSAC-A,Isaac-Velocity-Rough-Anymal-C-v0,5,avg_return,19996672,17.4283
1501,WarpSAC-A,Isaac-Velocity-Rough-Anymal-C-v0,5,avg_return,24995840,17.3596
1502,WarpSAC-A,Isaac-Velocity-Rough-Anymal-C-v0,5,avg_return,29995008,17.0336
1503,WarpSAC-A,Isaac-Velocity-Rough-Anymal-C-v0,5,avg_return,34994176,17.4134
1504,WarpSAC-A,Isaac-Velocity-Rough-Anymal-C-v0,5,avg_return,39993344,17.3479
1505,WarpSAC-A,Isaac-Velocity-Rough-Anymal-C-v0,5,avg_return,44992512,16.9251
1506,WarpSAC-A,Isaac-Velocity-Rough-Anymal-C-v0,5,avg_return,49991680,17.5559
1507,WarpSAC-A,Isaac-Velocity-Rough-Anymal-C-v0,5,avg_return,50000896,19.5724
1508,WarpSAC-A,Isaac-Velocity-Rough-Anymal-C-v0,5,avg_success,0,0.0
1509,WarpSAC-A,Isaac-Velocity-Rough-Anymal-C-v0,5,avg_success,4999168,0.0
1510,WarpSAC-A,Isaac-Velocity-Rough-Anymal-C-v0,5,avg_success,9998336,0.0
1511,WarpSAC-A,Isaac-Velocity-Rough-Anymal-C-v0,5,avg_success,14997504,0.0
1512,WarpSAC-A,Isaac-Velocity-Rough-Anymal-C-v0,5,avg_success,19996672,0.0
1513,WarpSAC-A,Isaac-Velocity-Rough-Anymal-C-v0,5,avg_success,24995840,0.0
1514,WarpSAC-A,Isaac-Velocity-Rough-Anymal-C-v0,5,avg_success,29995008,0.0
1515,WarpSAC-A,Isaac-Velocity-Rough-Anymal-C-v0,5,avg_success,34994176,0.0
1516,WarpSAC-A,Isaac-Velocity-Rough-Anymal-C-v0,5,avg_success,39993344,0.0
1517,WarpSAC-A,Isaac-Velocity-Rough-Anymal-C-v0,5,avg_success,44992512,0.0
1518,WarpSAC-A,Isaac-Velocity-Rough-Anymal-C-v0,5,avg_success,49991680,0.0
1519,WarpSAC-A,Isaac-Velocity-Rough-Anymal-C-v0,5,avg_success,50000896,0.0
1520,WarpSAC-A,Isaac-Velocity-Rough-Anymal-D-v0,1,avg_return,0,-18.3868
1521,WarpSAC-A,Isaac-Velocity-Rough-Anymal-D-v0,1,avg_return,4999168,9.6194
1522,WarpSAC-A,Isaac-Velocity-Rough-Anymal-D-v0,1,avg_return,9998336,15.0456
1523,WarpSAC-A,Isaac-Velocity-Rough-Anymal-D-v0,1,avg_return,14997504,17.1949
1524,WarpSAC-A,Isaac-Velocity-Rough-Anymal-D-v0,1,avg_return,19996672,18.2367
1525,WarpSAC-A,Isaac-Velocity-Rough-Anymal-D-v0,1,avg_return,24995840,18.5819
1526,WarpSAC-A,Isaac-Velocity-Rough-Anymal-D-v0,1,avg_return,29995008,18.2958
1527,WarpSAC-A,Isaac-Velocity-Rough-Anymal-D-v0,1,avg_return,34994176,17.9168
1528,WarpSAC-A,Isaac-Velocity-Rough-Anymal-D-v0,1,avg_return,39993344,18.465
1529,WarpSAC-A,Isaac-Velocity-Rough-Anymal-D-v0,1,avg_return,44992512,18.4129
1530,WarpSAC-A,Isaac-Velocity-Rough-Anymal-D-v0,1,avg_return,49991680,18.5491
1531,WarpSAC-A,Isaac-Velocity-Rough-Anymal-D-v0,1,avg_return,50000896,20.1211
1532,WarpSAC-A,Isaac-Velocity-Rough-Anymal-D-v0,1,avg_success,0,0.0
1533,WarpSAC-A,Isaac-Velocity-Rough-Anymal-D-v0,1,avg_success,4999168,0.0
1534,WarpSAC-A,Isaac-Velocity-Rough-Anymal-D-v0,1,avg_success,9998336,0.0
1535,WarpSAC-A,Isaac-Velocity-Rough-Anymal-D-v0,1,avg_success,14997504,0.0
1536,WarpSAC-A,Isaac-Velocity-Rough-Anymal-D-v0,1,avg_success,19996672,0.0
1537,WarpSAC-A,Isaac-Velocity-Rough-Anymal-D-v0,1,avg_success,24995840,0.0
1538,WarpSAC-A,Isaac-Velocity-Rough-Anymal-D-v0,1,avg_success,29995008,0.0
1539,WarpSAC-A,Isaac-Velocity-Rough-Anymal-D-v0,1,avg_success,34994176,0.0
1540,WarpSAC-A,Isaac-Velocity-Rough-Anymal-D-v0,1,avg_success,39993344,0.0
1541,WarpSAC-A,Isaac-Velocity-Rough-Anymal-D-v0,1,avg_success,44992512,0.0
1542,WarpSAC-A,Isaac-Velocity-Rough-Anymal-D-v0,1,avg_success,49991680,0.0
1543,WarpSAC-A,Isaac-Velocity-Rough-Anymal-D-v0,1,avg_success,50000896,0.0
1544,WarpSAC-A,Isaac-Velocity-Rough-Anymal-D-v0,2,avg_return,0,-23.3857
1545,WarpSAC-A,Isaac-Velocity-Rough-Anymal-D-v0,2,avg_return,4999168,9.457
1546,WarpSAC-A,Isaac-Velocity-Rough-Anymal-D-v0,2,avg_return,9998336,15.6249
1547,WarpSAC-A,Isaac-Velocity-Rough-Anymal-D-v0,2,avg_return,14997504,18.3196
1548,WarpSAC-A,Isaac-Velocity-Rough-Anymal-D-v0,2,avg_return,19996672,18.3843
1549,WarpSAC-A,Isaac-Velocity-Rough-Anymal-D-v0,2,avg_return,24995840,18.024
1550,WarpSAC-A,Isaac-Velocity-Rough-Anymal-D-v0,2,avg_return,29995008,18.0802
1551,WarpSAC-A,Isaac-Velocity-Rough-Anymal-D-v0,2,avg_return,34994176,17.5925
1552,WarpSAC-A,Isaac-Velocity-Rough-Anymal-D-v0,2,avg_return,39993344,17.6945
1553,WarpSAC-A,Isaac-Velocity-Rough-Anymal-D-v0,2,avg_return,44992512,17.4988
1554,WarpSAC-A,Isaac-Velocity-Rough-Anymal-D-v0,2,avg_return,49991680,17.4548
1555,WarpSAC-A,Isaac-Velocity-Rough-Anymal-D-v0,2,avg_return,50000896,19.4803
1556,WarpSAC-A,Isaac-Velocity-Rough-Anymal-D-v0,2,avg_success,0,0.0
1557,WarpSAC-A,Isaac-Velocity-Rough-Anymal-D-v0,2,avg_success,4999168,0.0
1558,WarpSAC-A,Isaac-Velocity-Rough-Anymal-D-v0,2,avg_success,9998336,0.0
1559,WarpSAC-A,Isaac-Velocity-Rough-Anymal-D-v0,2,avg_success,14997504,0.0
1560,WarpSAC-A,Isaac-Velocity-Rough-Anymal-D-v0,2,avg_success,19996672,0.0
1561,WarpSAC-A,Isaac-Velocity-Rough-Anymal-D-v0,2,avg_success,24995840,0.0
1562,WarpSAC-A,Isaac-Velocity-Rough-Anymal-D-v0,2,avg_success,29995008,0.0
1563,WarpSAC-A,Isaac-Velocity-Rough-Anymal-D-v0,2,avg_success,34994176,0.0
1564,WarpSAC-A,Isaac-Velocity-Rough-Anymal-D-v0,2,avg_success,39993344,0.0
1565,WarpSAC-A,Isaac-Velocity-Rough-Anymal-D-v0,2,avg_success,44992512,0.0
1566,WarpSAC-A,Isaac-Velocity-Rough-Anymal-D-v0,2,avg_success,49991680,0.0
1567,WarpSAC-A,Isaac-Velocity-Rough-Anymal-D-v0,2,avg_success,50000896,0.0
1568,WarpSAC-A,Isaac-Velocity-Rough-Anymal-D-v0,3,avg_return,0,-25.5638
1569,WarpSAC-A,Isaac-Velocity-Rough-Anymal-D-v0,3,avg_return,4999168,9.2142
1570,WarpSAC-A,Isaac-Velocity-Rough-Anymal-D-v0,3,avg_return,9998336,16.264
1571,WarpSAC-A,Isaac-Velocity-Rough-Anymal-D-v0,3,avg_return,14997504,17.6439
1572,WarpSAC-A,Isaac-Velocity-Rough-Anymal-D-v0,3,avg_return,19996672,17.7839
1573,WarpSAC-A,Isaac-Velocity-Rough-Anymal-D-v0,3,avg_return,24995840,18.1784
1574,WarpSAC-A,Isaac-Velocity-Rough-Anymal-D-v0,3,avg_return,29995008,17.9238
1575,WarpSAC-A,Isaac-Velocity-Rough-Anymal-D-v0,3,avg_return,34994176,17.7821
1576,WarpSAC-A,Isaac-Velocity-Rough-Anymal-D-v0,3,avg_return,39993344,17.5627
1577,WarpSAC-A,Isaac-Velocity-Rough-Anymal-D-v0,3,avg_return,44992512,17.6796
1578,WarpSAC-A,Isaac-Velocity-Rough-Anymal-D-v0,3,avg_return,49991680,17.6304
1579,WarpSAC-A,Isaac-Velocity-Rough-Anymal-D-v0,3,avg_return,50000896,19.6371
1580,WarpSAC-A,Isaac-Velocity-Rough-Anymal-D-v0,3,avg_success,0,0.0
1581,WarpSAC-A,Isaac-Velocity-Rough-Anymal-D-v0,3,avg_success,4999168,0.0
1582,WarpSAC-A,Isaac-Velocity-Rough-Anymal-D-v0,3,avg_success,9998336,0.0
1583,WarpSAC-A,Isaac-Velocity-Rough-Anymal-D-v0,3,avg_success,14997504,0.0
1584,WarpSAC-A,Isaac-Velocity-Rough-Anymal-D-v0,3,avg_success,19996672,0.0
1585,WarpSAC-A,Isaac-Velocity-Rough-Anymal-D-v0,3,avg_success,24995840,0.0
1586,WarpSAC-A,Isaac-Velocity-Rough-Anymal-D-v0,3,avg_success,29995008,0.0
1587,WarpSAC-A,Isaac-Velocity-Rough-Anymal-D-v0,3,avg_success,34994176,0.0
1588,WarpSAC-A,Isaac-Velocity-Rough-Anymal-D-v0,3,avg_success,39993344,0.0
1589,WarpSAC-A,Isaac-Velocity-Rough-Anymal-D-v0,3,avg_success,44992512,0.0
1590,WarpSAC-A,Isaac-Velocity-Rough-Anymal-D-v0,3,avg_success,49991680,0.0
1591,WarpSAC-A,Isaac-Velocity-Rough-Anymal-D-v0,3,avg_success,50000896,0.0
1592,WarpSAC-A,Isaac-Velocity-Rough-Anymal-D-v0,4,avg_return,0,-26.3432
1593,WarpSAC-A,Isaac-Velocity-Rough-Anymal-D-v0,4,avg_return,4999168,8.1525
1594,WarpSAC-A,Isaac-Velocity-Rough-Anymal-D-v0,4,avg_return,9998336,15.7079
1595,WarpSAC-A,Isaac-Velocity-Rough-Anymal-D-v0,4,avg_return,14997504,16.8108
1596,WarpSAC-A,Isaac-Velocity-Rough-Anymal-D-v0,4,avg_return,19996672,18.2361
1597,WarpSAC-A,Isaac-Velocity-Rough-Anymal-D-v0,4,avg_return,24995840,17.8267
1598,WarpSAC-A,Isaac-Velocity-Rough-Anymal-D-v0,4,avg_return,29995008,18.2264
1599,WarpSAC-A,Isaac-Velocity-Rough-Anymal-D-v0,4,avg_return,34994176,17.9472
1600,WarpSAC-A,Isaac-Velocity-Rough-Anymal-D-v0,4,avg_return,39993344,17.6696
1601,WarpSAC-A,Isaac-Velocity-Rough-Anymal-D-v0,4,avg_return,44992512,17.531
1602,WarpSAC-A,Isaac-Velocity-Rough-Anymal-D-v0,4,avg_return,49991680,17.9506
1603,WarpSAC-A,Isaac-Velocity-Rough-Anymal-D-v0,4,avg_return,50000896,19.3123
1604,WarpSAC-A,Isaac-Velocity-Rough-Anymal-D-v0,4,avg_success,0,0.0
1605,WarpSAC-A,Isaac-Velocity-Rough-Anymal-D-v0,4,avg_success,4999168,0.0
1606,WarpSAC-A,Isaac-Velocity-Rough-Anymal-D-v0,4,avg_success,9998336,0.0
1607,WarpSAC-A,Isaac-Velocity-Rough-Anymal-D-v0,4,avg_success,14997504,0.0
1608,WarpSAC-A,Isaac-Velocity-Rough-Anymal-D-v0,4,avg_success,19996672,0.0
1609,WarpSAC-A,Isaac-Velocity-Rough-Anymal-D-v0,4,avg_success,24995840,0.0
1610,WarpSAC-A,Isaac-Velocity-Rough-Anymal-D-v0,4,avg_success,29995008,0.0
1611,WarpSAC-A,Isaac-Velocity-Rough-Anymal-D-v0,4,avg_success,34994176,0.0
1612,WarpSAC-A,Isaac-Velocity-Rough-Anymal-D-v0,4,avg_success,39993344,0.0
1613,WarpSAC-A,Isaac-Velocity-Rough-Anymal-D-v0,4,avg_success,44992512,0.0
1614,WarpSAC-A,Isaac-Velocity-Rough-Anymal-D-v0,4,avg_success,49991680,0.0
1615,WarpSAC-A,Isaac-Velocity-Rough-Anymal-D-v0,4,avg_success,50000896,0.0
1616,WarpSAC-A,Isaac-Velocity-Rough-Anymal-D-v0,5,avg_return,0,-23.2088
1617,WarpSAC-A,Isaac-Velocity-Rough-Anymal-D-v0,5,avg_return,4999168,8.9294
1618,WarpSAC-A,Isaac-Velocity-Rough-Anymal-D-v0,5,avg_return,9998336,15.3812
1619,WarpSAC-A,Isaac-Velocity-Rough-Anymal-D-v0,5,avg_return,14997504,15.5874
1620,WarpSAC-A,Isaac-Velocity-Rough-Anymal-D-v0,5,avg_return,19996672,18.1497
1621,WarpSAC-A,Isaac-Velocity-Rough-Anymal-D-v0,5,avg_return,24995840,18.0559
1622,WarpSAC-A,Isaac-Velocity-Rough-Anymal-D-v0,5,avg_return,29995008,17.8966
1623,WarpSAC-A,Isaac-Velocity-Rough-Anymal-D-v0,5,avg_return,34994176,17.4311
1624,WarpSAC-A,Isaac-Velocity-Rough-Anymal-D-v0,5,avg_return,39993344,17.6808
1625,WarpSAC-A,Isaac-Velocity-Rough-Anymal-D-v0,5,avg_return,44992512,17.7604
1626,WarpSAC-A,Isaac-Velocity-Rough-Anymal-D-v0,5,avg_return,49991680,17.3975
1627,WarpSAC-A,Isaac-Velocity-Rough-Anymal-D-v0,5,avg_return,50000896,19.4682
1628,WarpSAC-A,Isaac-Velocity-Rough-Anymal-D-v0,5,avg_success,0,0.0
1629,WarpSAC-A,Isaac-Velocity-Rough-Anymal-D-v0,5,avg_success,4999168,0.0
1630,WarpSAC-A,Isaac-Velocity-Rough-Anymal-D-v0,5,avg_success,9998336,0.0
1631,WarpSAC-A,Isaac-Velocity-Rough-Anymal-D-v0,5,avg_success,14997504,0.0
1632,WarpSAC-A,Isaac-Velocity-Rough-Anymal-D-v0,5,avg_success,19996672,0.0
1633,WarpSAC-A,Isaac-Velocity-Rough-Anymal-D-v0,5,avg_success,24995840,0.0
1634,WarpSAC-A,Isaac-Velocity-Rough-Anymal-D-v0,5,avg_success,29995008,0.0
1635,WarpSAC-A,Isaac-Velocity-Rough-Anymal-D-v0,5,avg_success,34994176,0.0
1636,WarpSAC-A,Isaac-Velocity-Rough-Anymal-D-v0,5,avg_success,39993344,0.0
1637,WarpSAC-A,Isaac-Velocity-Rough-Anymal-D-v0,5,avg_success,44992512,0.0
1638,WarpSAC-A,Isaac-Velocity-Rough-Anymal-D-v0,5,avg_success,49991680,0.0
1639,WarpSAC-A,Isaac-Velocity-Rough-Anymal-D-v0,5,avg_success,50000896,0.0
1640,WarpSAC-A,Isaac-Velocity-Rough-G1-v0,1,avg_return,0,-4.8261
1641,WarpSAC-A,Isaac-Velocity-Rough-G1-v0,1,avg_return,4999168,13.5832
1642,WarpSAC-A,Isaac-Velocity-Rough-G1-v0,1,avg_return,9998336,26.8021
1643,WarpSAC-A,Isaac-Velocity-Rough-G1-v0,1,avg_return,14997504,33.1511
1644,WarpSAC-A,Isaac-Velocity-Rough-G1-v0,1,avg_return,19996672,35.4818
1645,WarpSAC-A,Isaac-Velocity-Rough-G1-v0,1,avg_return,24995840,35.6362
1646,WarpSAC-A,Isaac-Velocity-Rough-G1-v0,1,avg_return,29995008,36.8412
1647,WarpSAC-A,Isaac-Velocity-Rough-G1-v0,1,avg_return,34994176,37.7935
1648,WarpSAC-A,Isaac-Velocity-Rough-G1-v0,1,avg_return,39993344,38.6819
1649,WarpSAC-A,Isaac-Velocity-Rough-G1-v0,1,avg_return,44992512,36.062
1650,WarpSAC-A,Isaac-Velocity-Rough-G1-v0,1,avg_return,49991680,38.9829
1651,WarpSAC-A,Isaac-Velocity-Rough-G1-v0,1,avg_return,50000896,40.2853
1652,WarpSAC-A,Isaac-Velocity-Rough-G1-v0,1,avg_success,0,0.0
1653,WarpSAC-A,Isaac-Velocity-Rough-G1-v0,1,avg_success,4999168,0.0
1654,WarpSAC-A,Isaac-Velocity-Rough-G1-v0,1,avg_success,9998336,0.0
1655,WarpSAC-A,Isaac-Velocity-Rough-G1-v0,1,avg_success,14997504,0.0
1656,WarpSAC-A,Isaac-Velocity-Rough-G1-v0,1,avg_success,19996672,0.0
1657,WarpSAC-A,Isaac-Velocity-Rough-G1-v0,1,avg_success,24995840,0.0
1658,WarpSAC-A,Isaac-Velocity-Rough-G1-v0,1,avg_success,29995008,0.0
1659,WarpSAC-A,Isaac-Velocity-Rough-G1-v0,1,avg_success,34994176,0.0
1660,WarpSAC-A,Isaac-Velocity-Rough-G1-v0,1,avg_success,39993344,0.0
1661,WarpSAC-A,Isaac-Velocity-Rough-G1-v0,1,avg_success,44992512,0.0
1662,WarpSAC-A,Isaac-Velocity-Rough-G1-v0,1,avg_success,49991680,0.0
1663,WarpSAC-A,Isaac-Velocity-Rough-G1-v0,1,avg_success,50000896,0.0
1664,WarpSAC-A,Isaac-Velocity-Rough-G1-v0,2,avg_return,0,-4.9916
1665,WarpSAC-A,Isaac-Velocity-Rough-G1-v0,2,avg_return,4999168,12.8202
1666,WarpSAC-A,Isaac-Velocity-Rough-G1-v0,2,avg_return,9998336,24.3352
1667,WarpSAC-A,Isaac-Velocity-Rough-G1-v0,2,avg_return,14997504,32.6596
1668,WarpSAC-A,Isaac-Velocity-Rough-G1-v0,2,avg_return,19996672,33.7494
1669,WarpSAC-A,Isaac-Velocity-Rough-G1-v0,2,avg_return,24995840,34.6915
1670,WarpSAC-A,Isaac-Velocity-Rough-G1-v0,2,avg_return,29995008,37.7402
1671,WarpSAC-A,Isaac-Velocity-Rough-G1-v0,2,avg_return,34994176,37.8033
1672,WarpSAC-A,Isaac-Velocity-Rough-G1-v0,2,avg_return,39993344,39.0194
1673,WarpSAC-A,Isaac-Velocity-Rough-G1-v0,2,avg_return,44992512,39.0468
1674,WarpSAC-A,Isaac-Velocity-Rough-G1-v0,2,avg_return,49991680,39.0407
1675,WarpSAC-A,Isaac-Velocity-Rough-G1-v0,2,avg_return,50000896,40.6567
1676,WarpSAC-A,Isaac-Velocity-Rough-G1-v0,2,avg_success,0,0.0
1677,WarpSAC-A,Isaac-Velocity-Rough-G1-v0,2,avg_success,4999168,0.0
1678,WarpSAC-A,Isaac-Velocity-Rough-G1-v0,2,avg_success,9998336,0.0
1679,WarpSAC-A,Isaac-Velocity-Rough-G1-v0,2,avg_success,14997504,0.0
1680,WarpSAC-A,Isaac-Velocity-Rough-G1-v0,2,avg_success,19996672,0.0
1681,WarpSAC-A,Isaac-Velocity-Rough-G1-v0,2,avg_success,24995840,0.0
1682,WarpSAC-A,Isaac-Velocity-Rough-G1-v0,2,avg_success,29995008,0.0
1683,WarpSAC-A,Isaac-Velocity-Rough-G1-v0,2,avg_success,34994176,0.0
1684,WarpSAC-A,Isaac-Velocity-Rough-G1-v0,2,avg_success,39993344,0.0
1685,WarpSAC-A,Isaac-Velocity-Rough-G1-v0,2,avg_success,44992512,0.0
1686,WarpSAC-A,Isaac-Velocity-Rough-G1-v0,2,avg_success,49991680,0.0
1687,WarpSAC-A,Isaac-Velocity-Rough-G1-v0,2,avg_success,50000896,0.0
1688,WarpSAC-A,Isaac-Velocity-Rough-G1-v0,3,avg_return,0,-4.8533
1689,WarpSAC-A,Isaac-Velocity-Rough-G1-v0,3,avg_return,4999168,11.8482
1690,WarpSAC-A,Isaac-Velocity-Rough-G1-v0,3,avg_return,9998336,21.8268
1691,WarpSAC-A,Isaac-Velocity-Rough-G1-v0,3,avg_return,14997504,35.3111
1692,WarpSAC-A,Isaac-Velocity-Rough-G1-v0,3,avg_return,19996672,35.4821
1693,WarpSAC-A,Isaac-Velocity-Rough-G1-v0,3,avg_return,24995840,36.6604
1694,WarpSAC-A,Isaac-Velocity-Rough-G1-v0,3,avg_return,29995008,38.1161
1695,WarpSAC-A,Isaac-Velocity-Rough-G1-v0,3,avg_return,34994176,38.6694
1696,WarpSAC-A,Isaac-Velocity-Rough-G1-v0,3,avg_return,39993344,38.3381
1697,WarpSAC-A,Isaac-Velocity-Rough-G1-v0,3,avg_return,44992512,39.127
1698,WarpSAC-A,Isaac-Velocity-Rough-G1-v0,3,avg_return,49991680,37.5788
1699,WarpSAC-A,Isaac-Velocity-Rough-G1-v0,3,avg_return,50000896,38.194
1700,WarpSAC-A,Isaac-Velocity-Rough-G1-v0,3,avg_success,0,0.0
1701,WarpSAC-A,Isaac-Velocity-Rough-G1-v0,3,avg_success,4999168,0.0
1702,WarpSAC-A,Isaac-Velocity-Rough-G1-v0,3,avg_success,9998336,0.0
1703,WarpSAC-A,Isaac-Velocity-Rough-G1-v0,3,avg_success,14997504,0.0
1704,WarpSAC-A,Isaac-Velocity-Rough-G1-v0,3,avg_success,19996672,0.0
1705,WarpSAC-A,Isaac-Velocity-Rough-G1-v0,3,avg_success,24995840,0.0
1706,WarpSAC-A,Isaac-Velocity-Rough-G1-v0,3,avg_success,29995008,0.0
1707,WarpSAC-A,Isaac-Velocity-Rough-G1-v0,3,avg_success,34994176,0.0
1708,WarpSAC-A,Isaac-Velocity-Rough-G1-v0,3,avg_success,39993344,0.0
1709,WarpSAC-A,Isaac-Velocity-Rough-G1-v0,3,avg_success,44992512,0.0
1710,WarpSAC-A,Isaac-Velocity-Rough-G1-v0,3,avg_success,49991680,0.0
1711,WarpSAC-A,Isaac-Velocity-Rough-G1-v0,3,avg_success,50000896,0.0
1712,WarpSAC-A,Isaac-Velocity-Rough-G1-v0,4,avg_return,0,-4.7741
1713,WarpSAC-A,Isaac-Velocity-Rough-G1-v0,4,avg_return,4999168,15.0301
1714,WarpSAC-A,Isaac-Velocity-Rough-G1-v0,4,avg_return,9998336,22.0426
1715,WarpSAC-A,Isaac-Velocity-Rough-G1-v0,4,avg_return,14997504,32.0964
1716,WarpSAC-A,Isaac-Velocity-Rough-G1-v0,4,avg_return,19996672,34.4665
1717,WarpSAC-A,Isaac-Velocity-Rough-G1-v0,4,avg_return,24995840,35.9771
1718,WarpSAC-A,Isaac-Velocity-Rough-G1-v0,4,avg_return,29995008,37.5313
1719,WarpSAC-A,Isaac-Velocity-Rough-G1-v0,4,avg_return,34994176,36.5863
1720,WarpSAC-A,Isaac-Velocity-Rough-G1-v0,4,avg_return,39993344,36.4118
1721,WarpSAC-A,Isaac-Velocity-Rough-G1-v0,4,avg_return,44992512,37.6202
1722,WarpSAC-A,Isaac-Velocity-Rough-G1-v0,4,avg_return,49991680,39.1185
1723,WarpSAC-A,Isaac-Velocity-Rough-G1-v0,4,avg_return,50000896,40.4511
1724,WarpSAC-A,Isaac-Velocity-Rough-G1-v0,4,avg_success,0,0.0
1725,WarpSAC-A,Isaac-Velocity-Rough-G1-v0,4,avg_success,4999168,0.0
1726,WarpSAC-A,Isaac-Velocity-Rough-G1-v0,4,avg_success,9998336,0.0
1727,WarpSAC-A,Isaac-Velocity-Rough-G1-v0,4,avg_success,14997504,0.0
1728,WarpSAC-A,Isaac-Velocity-Rough-G1-v0,4,avg_success,19996672,0.0
1729,WarpSAC-A,Isaac-Velocity-Rough-G1-v0,4,avg_success,24995840,0.0
1730,WarpSAC-A,Isaac-Velocity-Rough-G1-v0,4,avg_success,29995008,0.0
1731,WarpSAC-A,Isaac-Velocity-Rough-G1-v0,4,avg_success,34994176,0.0
1732,WarpSAC-A,Isaac-Velocity-Rough-G1-v0,4,avg_success,39993344,0.0
1733,WarpSAC-A,Isaac-Velocity-Rough-G1-v0,4,avg_success,44992512,0.0
1734,WarpSAC-A,Isaac-Velocity-Rough-G1-v0,4,avg_success,49991680,0.0
1735,WarpSAC-A,Isaac-Velocity-Rough-G1-v0,4,avg_success,50000896,0.0
1736,WarpSAC-A,Isaac-Velocity-Rough-G1-v0,5,avg_return,0,-5.027
1737,WarpSAC-A,Isaac-Velocity-Rough-G1-v0,5,avg_return,4999168,15.1227
1738,WarpSAC-A,Isaac-Velocity-Rough-G1-v0,5,avg_return,9998336,24.0907
1739,WarpSAC-A,Isaac-Velocity-Rough-G1-v0,5,avg_return,14997504,32.5229
1740,WarpSAC-A,Isaac-Velocity-Rough-G1-v0,5,avg_return,19996672,33.7501
1741,WarpSAC-A,Isaac-Velocity-Rough-G1-v0,5,avg_return,24995840,33.9655
1742,WarpSAC-A,Isaac-Velocity-Rough-G1-v0,5,avg_return,29995008,35.8704
1743,WarpSAC-A,Isaac-Velocity-Rough-G1-v0,5,avg_return,34994176,36.7358
1744,WarpSAC-A,Isaac-Velocity-Rough-G1-v0,5,avg_return,39993344,36.8801
1745,WarpSAC-A,Isaac-Velocity-Rough-G1-v0,5,avg_return,44992512,38.5172
1746,WarpSAC-A,Isaac-Velocity-Rough-G1-v0,5,avg_return,49991680,38.6512
1747,WarpSAC-A,Isaac-Velocity-Rough-G1-v0,5,avg_return,50000896,40.3103
1748,WarpSAC-A,Isaac-Velocity-Rough-G1-v0,5,avg_success,0,0.0
1749,WarpSAC-A,Isaac-Velocity-Rough-G1-v0,5,avg_success,4999168,0.0
1750,WarpSAC-A,Isaac-Velocity-Rough-G1-v0,5,avg_success,9998336,0.0
1751,WarpSAC-A,Isaac-Velocity-Rough-G1-v0,5,avg_success,14997504,0.0
1752,WarpSAC-A,Isaac-Velocity-Rough-G1-v0,5,avg_success,19996672,0.0
1753,WarpSAC-A,Isaac-Velocity-Rough-G1-v0,5,avg_success,24995840,0.0
1754,WarpSAC-A,Isaac-Velocity-Rough-G1-v0,5,avg_success,29995008,0.0
1755,WarpSAC-A,Isaac-Velocity-Rough-G1-v0,5,avg_success,34994176,0.0
1756,WarpSAC-A,Isaac-Velocity-Rough-G1-v0,5,avg_success,39993344,0.0
1757,WarpSAC-A,Isaac-Velocity-Rough-G1-v0,5,avg_success,44992512,0.0
1758,WarpSAC-A,Isaac-Velocity-Rough-G1-v0,5,avg_success,49991680,0.0
1759,WarpSAC-A,Isaac-Velocity-Rough-G1-v0,5,avg_success,50000896,0.0
1760,WarpSAC-A,Isaac-Velocity-Rough-H1-v0,1,avg_return,0,-5.3618
1761,WarpSAC-A,Isaac-Velocity-Rough-H1-v0,1,avg_return,4999168,10.8651
1762,WarpSAC-A,Isaac-Velocity-Rough-H1-v0,1,avg_return,9998336,16.225
1763,WarpSAC-A,Isaac-Velocity-Rough-H1-v0,1,avg_return,14997504,23.0672
1764,WarpSAC-A,Isaac-Velocity-Rough-H1-v0,1,avg_return,19996672,23.9953
1765,WarpSAC-A,Isaac-Velocity-Rough-H1-v0,1,avg_return,24995840,24.6374
1766,WarpSAC-A,Isaac-Velocity-Rough-H1-v0,1,avg_return,29995008,25.3813
1767,WarpSAC-A,Isaac-Velocity-Rough-H1-v0,1,avg_return,34994176,27.2116
1768,WarpSAC-A,Isaac-Velocity-Rough-H1-v0,1,avg_return,39993344,26.2089
1769,WarpSAC-A,Isaac-Velocity-Rough-H1-v0,1,avg_return,44992512,27.3954
1770,WarpSAC-A,Isaac-Velocity-Rough-H1-v0,1,avg_return,49991680,26.7439
1771,WarpSAC-A,Isaac-Velocity-Rough-H1-v0,1,avg_return,50000896,28.4907
1772,WarpSAC-A,Isaac-Velocity-Rough-H1-v0,1,avg_success,0,0.0
1773,WarpSAC-A,Isaac-Velocity-Rough-H1-v0,1,avg_success,4999168,0.0
1774,WarpSAC-A,Isaac-Velocity-Rough-H1-v0,1,avg_success,9998336,0.0
1775,WarpSAC-A,Isaac-Velocity-Rough-H1-v0,1,avg_success,14997504,0.0
1776,WarpSAC-A,Isaac-Velocity-Rough-H1-v0,1,avg_success,19996672,0.0
1777,WarpSAC-A,Isaac-Velocity-Rough-H1-v0,1,avg_success,24995840,0.0
1778,WarpSAC-A,Isaac-Velocity-Rough-H1-v0,1,avg_success,29995008,0.0
1779,WarpSAC-A,Isaac-Velocity-Rough-H1-v0,1,avg_success,34994176,0.0
1780,WarpSAC-A,Isaac-Velocity-Rough-H1-v0,1,avg_success,39993344,0.0
1781,WarpSAC-A,Isaac-Velocity-Rough-H1-v0,1,avg_success,44992512,0.0
1782,WarpSAC-A,Isaac-Velocity-Rough-H1-v0,1,avg_success,49991680,0.0
1783,WarpSAC-A,Isaac-Velocity-Rough-H1-v0,1,avg_success,50000896,0.0
1784,WarpSAC-A,Isaac-Velocity-Rough-H1-v0,2,avg_return,0,-4.9308
1785,WarpSAC-A,Isaac-Velocity-Rough-H1-v0,2,avg_return,4999168,11.241
1786,WarpSAC-A,Isaac-Velocity-Rough-H1-v0,2,avg_return,9998336,16.6516
1787,WarpSAC-A,Isaac-Velocity-Rough-H1-v0,2,avg_return,14997504,23.3383
1788,WarpSAC-A,Isaac-Velocity-Rough-H1-v0,2,avg_return,19996672,23.975
1789,WarpSAC-A,Isaac-Velocity-Rough-H1-v0,2,avg_return,24995840,23.7931
1790,WarpSAC-A,Isaac-Velocity-Rough-H1-v0,2,avg_return,29995008,25.3273
1791,WarpSAC-A,Isaac-Velocity-Rough-H1-v0,2,avg_return,34994176,26.1029
1792,WarpSAC-A,Isaac-Velocity-Rough-H1-v0,2,avg_return,39993344,25.0007
1793,WarpSAC-A,Isaac-Velocity-Rough-H1-v0,2,avg_return,44992512,25.129
1794,WarpSAC-A,Isaac-Velocity-Rough-H1-v0,2,avg_return,49991680,26.1036
1795,WarpSAC-A,Isaac-Velocity-Rough-H1-v0,2,avg_return,50000896,28.5033
1796,WarpSAC-A,Isaac-Velocity-Rough-H1-v0,2,avg_success,0,0.0
1797,WarpSAC-A,Isaac-Velocity-Rough-H1-v0,2,avg_success,4999168,0.0
1798,WarpSAC-A,Isaac-Velocity-Rough-H1-v0,2,avg_success,9998336,0.0
1799,WarpSAC-A,Isaac-Velocity-Rough-H1-v0,2,avg_success,14997504,0.0
1800,WarpSAC-A,Isaac-Velocity-Rough-H1-v0,2,avg_success,19996672,0.0
1801,WarpSAC-A,Isaac-Velocity-Rough-H1-v0,2,avg_success,24995840,0.0
1802,WarpSAC-A,Isaac-Velocity-Rough-H1-v0,2,avg_success,29995008,0.0
1803,WarpSAC-A,Isaac-Velocity-Rough-H1-v0,2,avg_success,34994176,0.0
1804,WarpSAC-A,Isaac-Velocity-Rough-H1-v0,2,avg_success,39993344,0.0
1805,WarpSAC-A,Isaac-Velocity-Rough-H1-v0,2,avg_success,44992512,0.0
1806,WarpSAC-A,Isaac-Velocity-Rough-H1-v0,2,avg_success,49991680,0.0
1807,WarpSAC-A,Isaac-Velocity-Rough-H1-v0,2,avg_success,50000896,0.0
1808,WarpSAC-A,Isaac-Velocity-Rough-H1-v0,3,avg_return,0,-5.2326
1809,WarpSAC-A,Isaac-Velocity-Rough-H1-v0,3,avg_return,4999168,9.5274
1810,WarpSAC-A,Isaac-Velocity-Rough-H1-v0,3,avg_return,9998336,18.1873
1811,WarpSAC-A,Isaac-Velocity-Rough-H1-v0,3,avg_return,14997504,22.9862
1812,WarpSAC-A,Isaac-Velocity-Rough-H1-v0,3,avg_return,19996672,24.411
1813,WarpSAC-A,Isaac-Velocity-Rough-H1-v0,3,avg_return,24995840,25.1433
1814,WarpSAC-A,Isaac-Velocity-Rough-H1-v0,3,avg_return,29995008,24.9485
1815,WarpSAC-A,Isaac-Velocity-Rough-H1-v0,3,avg_return,34994176,27.1688
1816,WarpSAC-A,Isaac-Velocity-Rough-H1-v0,3,avg_return,39993344,26.8257
1817,WarpSAC-A,Isaac-Velocity-Rough-H1-v0,3,avg_return,44992512,27.5998
1818,WarpSAC-A,Isaac-Velocity-Rough-H1-v0,3,avg_return,49991680,28.3902
1819,WarpSAC-A,Isaac-Velocity-Rough-H1-v0,3,avg_return,50000896,29.671
1820,WarpSAC-A,Isaac-Velocity-Rough-H1-v0,3,avg_success,0,0.0
1821,WarpSAC-A,Isaac-Velocity-Rough-H1-v0,3,avg_success,4999168,0.0
1822,WarpSAC-A,Isaac-Velocity-Rough-H1-v0,3,avg_success,9998336,0.0
1823,WarpSAC-A,Isaac-Velocity-Rough-H1-v0,3,avg_success,14997504,0.0
1824,WarpSAC-A,Isaac-Velocity-Rough-H1-v0,3,avg_success,19996672,0.0
1825,WarpSAC-A,Isaac-Velocity-Rough-H1-v0,3,avg_success,24995840,0.0
1826,WarpSAC-A,Isaac-Velocity-Rough-H1-v0,3,avg_success,29995008,0.0
1827,WarpSAC-A,Isaac-Velocity-Rough-H1-v0,3,avg_success,34994176,0.0
1828,WarpSAC-A,Isaac-Velocity-Rough-H1-v0,3,avg_success,39993344,0.0
1829,WarpSAC-A,Isaac-Velocity-Rough-H1-v0,3,avg_success,44992512,0.0
1830,WarpSAC-A,Isaac-Velocity-Rough-H1-v0,3,avg_success,49991680,0.0
1831,WarpSAC-A,Isaac-Velocity-Rough-H1-v0,3,avg_success,50000896,0.0
1832,WarpSAC-A,Isaac-Velocity-Rough-H1-v0,4,avg_return,0,-4.942
1833,WarpSAC-A,Isaac-Velocity-Rough-H1-v0,4,avg_return,4999168,12.1544
1834,WarpSAC-A,Isaac-Velocity-Rough-H1-v0,4,avg_return,9998336,18.4386
1835,WarpSAC-A,Isaac-Velocity-Rough-H1-v0,4,avg_return,14997504,23.8693
1836,WarpSAC-A,Isaac-Velocity-Rough-H1-v0,4,avg_return,19996672,24.9546
1837,WarpSAC-A,Isaac-Velocity-Rough-H1-v0,4,avg_return,24995840,25.775
1838,WarpSAC-A,Isaac-Velocity-Rough-H1-v0,4,avg_return,29995008,25.564
1839,WarpSAC-A,Isaac-Velocity-Rough-H1-v0,4,avg_return,34994176,27.3211
1840,WarpSAC-A,Isaac-Velocity-Rough-H1-v0,4,avg_return,39993344,27.8816
1841,WarpSAC-A,Isaac-Velocity-Rough-H1-v0,4,avg_return,44992512,27.715
1842,WarpSAC-A,Isaac-Velocity-Rough-H1-v0,4,avg_return,49991680,27.9114
1843,WarpSAC-A,Isaac-Velocity-Rough-H1-v0,4,avg_return,50000896,29.7898
1844,WarpSAC-A,Isaac-Velocity-Rough-H1-v0,4,avg_success,0,0.0
1845,WarpSAC-A,Isaac-Velocity-Rough-H1-v0,4,avg_success,4999168,0.0
1846,WarpSAC-A,Isaac-Velocity-Rough-H1-v0,4,avg_success,9998336,0.0
1847,WarpSAC-A,Isaac-Velocity-Rough-H1-v0,4,avg_success,14997504,0.0
1848,WarpSAC-A,Isaac-Velocity-Rough-H1-v0,4,avg_success,19996672,0.0
1849,WarpSAC-A,Isaac-Velocity-Rough-H1-v0,4,avg_success,24995840,0.0
1850,WarpSAC-A,Isaac-Velocity-Rough-H1-v0,4,avg_success,29995008,0.0
1851,WarpSAC-A,Isaac-Velocity-Rough-H1-v0,4,avg_success,34994176,0.0
1852,WarpSAC-A,Isaac-Velocity-Rough-H1-v0,4,avg_success,39993344,0.0
1853,WarpSAC-A,Isaac-Velocity-Rough-H1-v0,4,avg_success,44992512,0.0
1854,WarpSAC-A,Isaac-Velocity-Rough-H1-v0,4,avg_success,49991680,0.0
1855,WarpSAC-A,Isaac-Velocity-Rough-H1-v0,4,avg_success,50000896,0.0
1856,WarpSAC-A,Isaac-Velocity-Rough-H1-v0,5,avg_return,0,-4.9232
1857,WarpSAC-A,Isaac-Velocity-Rough-H1-v0,5,avg_return,4999168,11.3121
1858,WarpSAC-A,Isaac-Velocity-Rough-H1-v0,5,avg_return,9998336,16.6392
1859,WarpSAC-A,Isaac-Velocity-Rough-H1-v0,5,avg_return,14997504,24.1493
1860,WarpSAC-A,Isaac-Velocity-Rough-H1-v0,5,avg_return,19996672,24.5134
1861,WarpSAC-A,Isaac-Velocity-Rough-H1-v0,5,avg_return,24995840,26.3386
1862,WarpSAC-A,Isaac-Velocity-Rough-H1-v0,5,avg_return,29995008,26.6174
1863,WarpSAC-A,Isaac-Velocity-Rough-H1-v0,5,avg_return,34994176,26.4957
1864,WarpSAC-A,Isaac-Velocity-Rough-H1-v0,5,avg_return,39993344,26.6048
1865,WarpSAC-A,Isaac-Velocity-Rough-H1-v0,5,avg_return,44992512,27.4119
1866,WarpSAC-A,Isaac-Velocity-Rough-H1-v0,5,avg_return,49991680,27.9033
1867,WarpSAC-A,Isaac-Velocity-Rough-H1-v0,5,avg_return,50000896,29.6736
1868,WarpSAC-A,Isaac-Velocity-Rough-H1-v0,5,avg_success,0,0.0
1869,WarpSAC-A,Isaac-Velocity-Rough-H1-v0,5,avg_success,4999168,0.0
1870,WarpSAC-A,Isaac-Velocity-Rough-H1-v0,5,avg_success,9998336,0.0
1871,WarpSAC-A,Isaac-Velocity-Rough-H1-v0,5,avg_success,14997504,0.0
1872,WarpSAC-A,Isaac-Velocity-Rough-H1-v0,5,avg_success,19996672,0.0
1873,WarpSAC-A,Isaac-Velocity-Rough-H1-v0,5,avg_success,24995840,0.0
1874,WarpSAC-A,Isaac-Velocity-Rough-H1-v0,5,avg_success,29995008,0.0
1875,WarpSAC-A,Isaac-Velocity-Rough-H1-v0,5,avg_success,34994176,0.0
1876,WarpSAC-A,Isaac-Velocity-Rough-H1-v0,5,avg_success,39993344,0.0
1877,WarpSAC-A,Isaac-Velocity-Rough-H1-v0,5,avg_success,44992512,0.0
1878,WarpSAC-A,Isaac-Velocity-Rough-H1-v0,5,avg_success,49991680,0.0
1879,WarpSAC-A,Isaac-Velocity-Rough-H1-v0,5,avg_success,50000896,0.0
1880,WarpSAC-A,LiftPegUpright-v1,1,avg_return,0,9.4775
1881,WarpSAC-A,LiftPegUpright-v1,1,avg_return,2499584,11.9778
1882,WarpSAC-A,LiftPegUpright-v1,1,avg_return,4999168,42.2873
1883,WarpSAC-A,LiftPegUpright-v1,1,avg_return,7498752,43.099
1884,WarpSAC-A,LiftPegUpright-v1,1,avg_return,9998336,43.3485
1885,WarpSAC-A,LiftPegUpright-v1,1,avg_return,12497920,42.421
1886,WarpSAC-A,LiftPegUpright-v1,1,avg_return,14997504,43.7682
1887,WarpSAC-A,LiftPegUpright-v1,1,avg_return,17497088,43.4287
1888,WarpSAC-A,LiftPegUpright-v1,1,avg_return,19996672,43.7647
1889,WarpSAC-A,LiftPegUpright-v1,1,avg_return,22496256,44.1913
1890,WarpSAC-A,LiftPegUpright-v1,1,avg_return,24995840,43.9014
1891,WarpSAC-A,LiftPegUpright-v1,1,avg_return,27495424,42.6581
1892,WarpSAC-A,LiftPegUpright-v1,1,avg_return,29995008,41.5505
1893,WarpSAC-A,LiftPegUpright-v1,1,avg_return,32494592,43.0308
1894,WarpSAC-A,LiftPegUpright-v1,1,avg_return,34994176,44.2823
1895,WarpSAC-A,LiftPegUpright-v1,1,avg_return,37493760,44.0631
1896,WarpSAC-A,LiftPegUpright-v1,1,avg_return,39993344,43.2974
1897,WarpSAC-A,LiftPegUpright-v1,1,avg_return,42492928,42.3723
1898,WarpSAC-A,LiftPegUpright-v1,1,avg_return,44992512,44.0687
1899,WarpSAC-A,LiftPegUpright-v1,1,avg_return,47492096,44.1229
1900,WarpSAC-A,LiftPegUpright-v1,1,avg_return,49991680,44.1725
1901,WarpSAC-A,LiftPegUpright-v1,1,avg_return,50000896,44.2529
1902,WarpSAC-A,LiftPegUpright-v1,1,avg_success,0,0.0
1903,WarpSAC-A,LiftPegUpright-v1,1,avg_success,2499584,0.0
1904,WarpSAC-A,LiftPegUpright-v1,1,avg_success,4999168,1.0
1905,WarpSAC-A,LiftPegUpright-v1,1,avg_success,7498752,1.0
1906,WarpSAC-A,LiftPegUpright-v1,1,avg_success,9998336,1.0
1907,WarpSAC-A,LiftPegUpright-v1,1,avg_success,12497920,0.98
1908,WarpSAC-A,LiftPegUpright-v1,1,avg_success,14997504,1.0
1909,WarpSAC-A,LiftPegUpright-v1,1,avg_success,17497088,0.98
1910,WarpSAC-A,LiftPegUpright-v1,1,avg_success,19996672,1.0
1911,WarpSAC-A,LiftPegUpright-v1,1,avg_success,22496256,1.0
1912,WarpSAC-A,LiftPegUpright-v1,1,avg_success,24995840,1.0
1913,WarpSAC-A,LiftPegUpright-v1,1,avg_success,27495424,1.0
1914,WarpSAC-A,LiftPegUpright-v1,1,avg_success,29995008,0.96
1915,WarpSAC-A,LiftPegUpright-v1,1,avg_success,32494592,0.98
1916,WarpSAC-A,LiftPegUpright-v1,1,avg_success,34994176,1.0
1917,WarpSAC-A,LiftPegUpright-v1,1,avg_success,37493760,1.0
1918,WarpSAC-A,LiftPegUpright-v1,1,avg_success,39993344,1.0
1919,WarpSAC-A,LiftPegUpright-v1,1,avg_success,42492928,1.0
1920,WarpSAC-A,LiftPegUpright-v1,1,avg_success,44992512,1.0
1921,WarpSAC-A,LiftPegUpright-v1,1,avg_success,47492096,1.0
1922,WarpSAC-A,LiftPegUpright-v1,1,avg_success,49991680,1.0
1923,WarpSAC-A,LiftPegUpright-v1,1,avg_success,50000896,1.0
1924,WarpSAC-A,LiftPegUpright-v1,2,avg_return,0,10.0289
1925,WarpSAC-A,LiftPegUpright-v1,2,avg_return,2499584,29.6426
1926,WarpSAC-A,LiftPegUpright-v1,2,avg_return,4999168,42.4683
1927,WarpSAC-A,LiftPegUpright-v1,2,avg_return,7498752,43.1061
1928,WarpSAC-A,LiftPegUpright-v1,2,avg_return,9998336,43.2085
1929,WarpSAC-A,LiftPegUpright-v1,2,avg_return,12497920,43.3335
1930,WarpSAC-A,LiftPegUpright-v1,2,avg_return,14997504,43.6962
1931,WarpSAC-A,LiftPegUpright-v1,2,avg_return,17497088,41.3575
1932,WarpSAC-A,LiftPegUpright-v1,2,avg_return,19996672,44.0507
1933,WarpSAC-A,LiftPegUpright-v1,2,avg_return,22496256,43.7005
1934,WarpSAC-A,LiftPegUpright-v1,2,avg_return,24995840,43.8151
1935,WarpSAC-A,LiftPegUpright-v1,2,avg_return,27495424,43.9338
1936,WarpSAC-A,LiftPegUpright-v1,2,avg_return,29995008,44.0515
1937,WarpSAC-A,LiftPegUpright-v1,2,avg_return,32494592,42.8995
1938,WarpSAC-A,LiftPegUpright-v1,2,avg_return,34994176,43.9766
1939,WarpSAC-A,LiftPegUpright-v1,2,avg_return,37493760,44.0794
1940,WarpSAC-A,LiftPegUpright-v1,2,avg_return,39993344,44.1737
1941,WarpSAC-A,LiftPegUpright-v1,2,avg_return,42492928,44.1893
1942,WarpSAC-A,LiftPegUpright-v1,2,avg_return,44992512,43.9501
1943,WarpSAC-A,LiftPegUpright-v1,2,avg_return,47492096,44.4022
1944,WarpSAC-A,LiftPegUpright-v1,2,avg_return,49991680,44.1639
1945,WarpSAC-A,LiftPegUpright-v1,2,avg_return,50000896,44.1609
1946,WarpSAC-A,LiftPegUpright-v1,2,avg_success,0,0.0
1947,WarpSAC-A,LiftPegUpright-v1,2,avg_success,2499584,0.0
1948,WarpSAC-A,LiftPegUpright-v1,2,avg_success,4999168,1.0
1949,WarpSAC-A,LiftPegUpright-v1,2,avg_success,7498752,1.0
1950,WarpSAC-A,LiftPegUpright-v1,2,avg_success,9998336,1.0
1951,WarpSAC-A,LiftPegUpright-v1,2,avg_success,12497920,1.0
1952,WarpSAC-A,LiftPegUpright-v1,2,avg_success,14997504,1.0
1953,WarpSAC-A,LiftPegUpright-v1,2,avg_success,17497088,0.94
1954,WarpSAC-A,LiftPegUpright-v1,2,avg_success,19996672,1.0
1955,WarpSAC-A,LiftPegUpright-v1,2,avg_success,22496256,1.0
1956,WarpSAC-A,LiftPegUpright-v1,2,avg_success,24995840,1.0
1957,WarpSAC-A,LiftPegUpright-v1,2,avg_success,27495424,1.0
1958,WarpSAC-A,LiftPegUpright-v1,2,avg_success,29995008,1.0
1959,WarpSAC-A,LiftPegUpright-v1,2,avg_success,32494592,1.0
1960,WarpSAC-A,LiftPegUpright-v1,2,avg_success,34994176,1.0
1961,WarpSAC-A,LiftPegUpright-v1,2,avg_success,37493760,1.0
1962,WarpSAC-A,LiftPegUpright-v1,2,avg_success,39993344,1.0
1963,WarpSAC-A,LiftPegUpright-v1,2,avg_success,42492928,1.0
1964,WarpSAC-A,LiftPegUpright-v1,2,avg_success,44992512,1.0
1965,WarpSAC-A,LiftPegUpright-v1,2,avg_success,47492096,1.0
1966,WarpSAC-A,LiftPegUpright-v1,2,avg_success,49991680,1.0
1967,WarpSAC-A,LiftPegUpright-v1,2,avg_success,50000896,1.0
1968,WarpSAC-A,LiftPegUpright-v1,3,avg_return,0,10.0131
1969,WarpSAC-A,LiftPegUpright-v1,3,avg_return,2499584,11.7976
1970,WarpSAC-A,LiftPegUpright-v1,3,avg_return,4999168,36.3404
1971,WarpSAC-A,LiftPegUpright-v1,3,avg_return,7498752,43.0318
1972,WarpSAC-A,LiftPegUpright-v1,3,avg_return,9998336,43.3992
1973,WarpSAC-A,LiftPegUpright-v1,3,avg_return,12497920,41.8548
1974,WarpSAC-A,LiftPegUpright-v1,3,avg_return,14997504,42.3616
1975,WarpSAC-A,LiftPegUpright-v1,3,avg_return,17497088,43.6046
1976,WarpSAC-A,LiftPegUpright-v1,3,avg_return,19996672,43.7045
1977,WarpSAC-A,LiftPegUpright-v1,3,avg_return,22496256,43.995
1978,WarpSAC-A,LiftPegUpright-v1,3,avg_return,24995840,43.9464
1979,WarpSAC-A,LiftPegUpright-v1,3,avg_return,27495424,42.5592
1980,WarpSAC-A,LiftPegUpright-v1,3,avg_return,29995008,44.1652
1981,WarpSAC-A,LiftPegUpright-v1,3,avg_return,32494592,43.9663
1982,WarpSAC-A,LiftPegUpright-v1,3,avg_return,34994176,44.0025
1983,WarpSAC-A,LiftPegUpright-v1,3,avg_return,37493760,44.1242
1984,WarpSAC-A,LiftPegUpright-v1,3,avg_return,39993344,44.0884
1985,WarpSAC-A,LiftPegUpright-v1,3,avg_return,42492928,44.1706
1986,WarpSAC-A,LiftPegUpright-v1,3,avg_return,44992512,43.5452
1987,WarpSAC-A,LiftPegUpright-v1,3,avg_return,47492096,44.4023
1988,WarpSAC-A,LiftPegUpright-v1,3,avg_return,49991680,44.0211
1989,WarpSAC-A,LiftPegUpright-v1,3,avg_return,50000896,44.1229
1990,WarpSAC-A,LiftPegUpright-v1,3,avg_success,0,0.0
1991,WarpSAC-A,LiftPegUpright-v1,3,avg_success,2499584,0.0
1992,WarpSAC-A,LiftPegUpright-v1,3,avg_success,4999168,1.0
1993,WarpSAC-A,LiftPegUpright-v1,3,avg_success,7498752,1.0
1994,WarpSAC-A,LiftPegUpright-v1,3,avg_success,9998336,1.0
1995,WarpSAC-A,LiftPegUpright-v1,3,avg_success,12497920,0.94
1996,WarpSAC-A,LiftPegUpright-v1,3,avg_success,14997504,1.0
1997,WarpSAC-A,LiftPegUpright-v1,3,avg_success,17497088,1.0
1998,WarpSAC-A,LiftPegUpright-v1,3,avg_success,19996672,1.0
1999,WarpSAC-A,LiftPegUpright-v1,3,avg_success,22496256,1.0
2000,WarpSAC-A,LiftPegUpright-v1,3,avg_success,24995840,1.0
2001,WarpSAC-A,LiftPegUpright-v1,3,avg_success,27495424,0.98
2002,WarpSAC-A,LiftPegUpright-v1,3,avg_success,29995008,1.0
2003,WarpSAC-A,LiftPegUpright-v1,3,avg_success,32494592,1.0
2004,WarpSAC-A,LiftPegUpright-v1,3,avg_success,34994176,1.0
2005,WarpSAC-A,LiftPegUpright-v1,3,avg_success,37493760,1.0
2006,WarpSAC-A,LiftPegUpright-v1,3,avg_success,39993344,1.0
2007,WarpSAC-A,LiftPegUpright-v1,3,avg_success,42492928,1.0
2008,WarpSAC-A,LiftPegUpright-v1,3,avg_success,44992512,1.0
2009,WarpSAC-A,LiftPegUpright-v1,3,avg_success,47492096,1.0
2010,WarpSAC-A,LiftPegUpright-v1,3,avg_success,49991680,1.0
2011,WarpSAC-A,LiftPegUpright-v1,3,avg_success,50000896,1.0
2012,WarpSAC-A,LiftPegUpright-v1,4,avg_return,0,9.6327
2013,WarpSAC-A,LiftPegUpright-v1,4,avg_return,2499584,26.9292
2014,WarpSAC-A,LiftPegUpright-v1,4,avg_return,4999168,42.3721
2015,WarpSAC-A,LiftPegUpright-v1,4,avg_return,7498752,42.9567
2016,WarpSAC-A,LiftPegUpright-v1,4,avg_return,9998336,43.1584
2017,WarpSAC-A,LiftPegUpright-v1,4,avg_return,12497920,43.7862
2018,WarpSAC-A,LiftPegUpright-v1,4,avg_return,14997504,43.8183
2019,WarpSAC-A,LiftPegUpright-v1,4,avg_return,17497088,43.994
2020,WarpSAC-A,LiftPegUpright-v1,4,avg_return,19996672,44.0883
2021,WarpSAC-A,LiftPegUpright-v1,4,avg_return,22496256,44.1132
2022,WarpSAC-A,LiftPegUpright-v1,4,avg_return,24995840,42.4834
2023,WarpSAC-A,LiftPegUpright-v1,4,avg_return,27495424,40.8159
2024,WarpSAC-A,LiftPegUpright-v1,4,avg_return,29995008,43.2076
2025,WarpSAC-A,LiftPegUpright-v1,4,avg_return,32494592,43.8869
2026,WarpSAC-A,LiftPegUpright-v1,4,avg_return,34994176,44.1886
2027,WarpSAC-A,LiftPegUpright-v1,4,avg_return,37493760,43.3961
2028,WarpSAC-A,LiftPegUpright-v1,4,avg_return,39993344,43.8724
2029,WarpSAC-A,LiftPegUpright-v1,4,avg_return,42492928,43.2401
2030,WarpSAC-A,LiftPegUpright-v1,4,avg_return,44992512,43.9862
2031,WarpSAC-A,LiftPegUpright-v1,4,avg_return,47492096,43.8636
2032,WarpSAC-A,LiftPegUpright-v1,4,avg_return,49991680,43.6678
2033,WarpSAC-A,LiftPegUpright-v1,4,avg_return,50000896,44.074
2034,WarpSAC-A,LiftPegUpright-v1,4,avg_success,0,0.0
2035,WarpSAC-A,LiftPegUpright-v1,4,avg_success,2499584,0.0
2036,WarpSAC-A,LiftPegUpright-v1,4,avg_success,4999168,1.0
2037,WarpSAC-A,LiftPegUpright-v1,4,avg_success,7498752,1.0
2038,WarpSAC-A,LiftPegUpright-v1,4,avg_success,9998336,1.0
2039,WarpSAC-A,LiftPegUpright-v1,4,avg_success,12497920,1.0
2040,WarpSAC-A,LiftPegUpright-v1,4,avg_success,14997504,1.0
2041,WarpSAC-A,LiftPegUpright-v1,4,avg_success,17497088,1.0
2042,WarpSAC-A,LiftPegUpright-v1,4,avg_success,19996672,1.0
2043,WarpSAC-A,LiftPegUpright-v1,4,avg_success,22496256,1.0
2044,WarpSAC-A,LiftPegUpright-v1,4,avg_success,24995840,1.0
2045,WarpSAC-A,LiftPegUpright-v1,4,avg_success,27495424,0.98
2046,WarpSAC-A,LiftPegUpright-v1,4,avg_success,29995008,0.98
2047,WarpSAC-A,LiftPegUpright-v1,4,avg_success,32494592,1.0
2048,WarpSAC-A,LiftPegUpright-v1,4,avg_success,34994176,1.0
2049,WarpSAC-A,LiftPegUpright-v1,4,avg_success,37493760,1.0
2050,WarpSAC-A,LiftPegUpright-v1,4,avg_success,39993344,1.0
2051,WarpSAC-A,LiftPegUpright-v1,4,avg_success,42492928,1.0
2052,WarpSAC-A,LiftPegUpright-v1,4,avg_success,44992512,1.0
2053,WarpSAC-A,LiftPegUpright-v1,4,avg_success,47492096,1.0
2054,WarpSAC-A,LiftPegUpright-v1,4,avg_success,49991680,1.0
2055,WarpSAC-A,LiftPegUpright-v1,4,avg_success,50000896,1.0
2056,WarpSAC-A,LiftPegUpright-v1,5,avg_return,0,9.4375
2057,WarpSAC-A,LiftPegUpright-v1,5,avg_return,2499584,25.4422
2058,WarpSAC-A,LiftPegUpright-v1,5,avg_return,4999168,42.7073
2059,WarpSAC-A,LiftPegUpright-v1,5,avg_return,7498752,43.1039
2060,WarpSAC-A,LiftPegUpright-v1,5,avg_return,9998336,43.5566
2061,WarpSAC-A,LiftPegUpright-v1,5,avg_return,12497920,43.8444
2062,WarpSAC-A,LiftPegUpright-v1,5,avg_return,14997504,43.0422
2063,WarpSAC-A,LiftPegUpright-v1,5,avg_return,17497088,44.0467
2064,WarpSAC-A,LiftPegUpright-v1,5,avg_return,19996672,44.0547
2065,WarpSAC-A,LiftPegUpright-v1,5,avg_return,22496256,43.4228
2066,WarpSAC-A,LiftPegUpright-v1,5,avg_return,24995840,43.8247
2067,WarpSAC-A,LiftPegUpright-v1,5,avg_return,27495424,43.974
2068,WarpSAC-A,LiftPegUpright-v1,5,avg_return,29995008,43.9552
2069,WarpSAC-A,LiftPegUpright-v1,5,avg_return,32494592,43.7794
2070,WarpSAC-A,LiftPegUpright-v1,5,avg_return,34994176,44.1529
2071,WarpSAC-A,LiftPegUpright-v1,5,avg_return,37493760,44.3255
2072,WarpSAC-A,LiftPegUpright-v1,5,avg_return,39993344,44.1479
2073,WarpSAC-A,LiftPegUpright-v1,5,avg_return,42492928,43.5266
2074,WarpSAC-A,LiftPegUpright-v1,5,avg_return,44992512,43.9828
2075,WarpSAC-A,LiftPegUpright-v1,5,avg_return,47492096,44.2335
2076,WarpSAC-A,LiftPegUpright-v1,5,avg_return,49991680,43.8068
2077,WarpSAC-A,LiftPegUpright-v1,5,avg_return,50000896,44.0541
2078,WarpSAC-A,LiftPegUpright-v1,5,avg_success,0,0.0
2079,WarpSAC-A,LiftPegUpright-v1,5,avg_success,2499584,0.0
2080,WarpSAC-A,LiftPegUpright-v1,5,avg_success,4999168,1.0
2081,WarpSAC-A,LiftPegUpright-v1,5,avg_success,7498752,1.0
2082,WarpSAC-A,LiftPegUpright-v1,5,avg_success,9998336,1.0
2083,WarpSAC-A,LiftPegUpright-v1,5,avg_success,12497920,1.0
2084,WarpSAC-A,LiftPegUpright-v1,5,avg_success,14997504,1.0
2085,WarpSAC-A,LiftPegUpright-v1,5,avg_success,17497088,1.0
2086,WarpSAC-A,LiftPegUpright-v1,5,avg_success,19996672,1.0
2087,WarpSAC-A,LiftPegUpright-v1,5,avg_success,22496256,1.0
2088,WarpSAC-A,LiftPegUpright-v1,5,avg_success,24995840,1.0
2089,WarpSAC-A,LiftPegUpright-v1,5,avg_success,27495424,1.0
2090,WarpSAC-A,LiftPegUpright-v1,5,avg_success,29995008,1.0
2091,WarpSAC-A,LiftPegUpright-v1,5,avg_success,32494592,1.0
2092,WarpSAC-A,LiftPegUpright-v1,5,avg_success,34994176,1.0
2093,WarpSAC-A,LiftPegUpright-v1,5,avg_success,37493760,1.0
2094,WarpSAC-A,LiftPegUpright-v1,5,avg_success,39993344,1.0
2095,WarpSAC-A,LiftPegUpright-v1,5,avg_success,42492928,1.0
2096,WarpSAC-A,LiftPegUpright-v1,5,avg_success,44992512,1.0
2097,WarpSAC-A,LiftPegUpright-v1,5,avg_success,47492096,1.0
2098,WarpSAC-A,LiftPegUpright-v1,5,avg_success,49991680,1.0
2099,WarpSAC-A,LiftPegUpright-v1,5,avg_success,50000896,1.0
2100,WarpSAC-A,Mjlab-Lift-Cube-Yam,1,avg_return,0,5.9659
2101,WarpSAC-A,Mjlab-Lift-Cube-Yam,1,avg_return,2499584,17.6763
2102,WarpSAC-A,Mjlab-Lift-Cube-Yam,1,avg_return,4999168,19.6984
2103,WarpSAC-A,Mjlab-Lift-Cube-Yam,1,avg_return,7498752,20.6573
2104,WarpSAC-A,Mjlab-Lift-Cube-Yam,1,avg_return,9998336,21.216
2105,WarpSAC-A,Mjlab-Lift-Cube-Yam,1,avg_return,12497920,-17.8975
2106,WarpSAC-A,Mjlab-Lift-Cube-Yam,1,avg_return,14997504,21.1248
2107,WarpSAC-A,Mjlab-Lift-Cube-Yam,1,avg_return,17497088,21.0345
2108,WarpSAC-A,Mjlab-Lift-Cube-Yam,1,avg_return,19996672,20.9821
2109,WarpSAC-A,Mjlab-Lift-Cube-Yam,1,avg_return,22496256,20.9307
2110,WarpSAC-A,Mjlab-Lift-Cube-Yam,1,avg_return,24995840,15.7818
2111,WarpSAC-A,Mjlab-Lift-Cube-Yam,1,avg_return,27495424,20.8279
2112,WarpSAC-A,Mjlab-Lift-Cube-Yam,1,avg_return,29995008,20.5842
2113,WarpSAC-A,Mjlab-Lift-Cube-Yam,1,avg_return,32494592,15.4123
2114,WarpSAC-A,Mjlab-Lift-Cube-Yam,1,avg_return,34994176,19.5952
2115,WarpSAC-A,Mjlab-Lift-Cube-Yam,1,avg_return,37493760,20.5492
2116,WarpSAC-A,Mjlab-Lift-Cube-Yam,1,avg_return,39993344,19.7709
2117,WarpSAC-A,Mjlab-Lift-Cube-Yam,1,avg_return,42492928,20.9346
2118,WarpSAC-A,Mjlab-Lift-Cube-Yam,1,avg_return,44992512,20.6605
2119,WarpSAC-A,Mjlab-Lift-Cube-Yam,1,avg_return,47492096,19.9646
2120,WarpSAC-A,Mjlab-Lift-Cube-Yam,1,avg_return,49991680,20.3908
2121,WarpSAC-A,Mjlab-Lift-Cube-Yam,1,avg_return,50000896,20.7079
2122,WarpSAC-A,Mjlab-Lift-Cube-Yam,1,avg_success,0,0.0
2123,WarpSAC-A,Mjlab-Lift-Cube-Yam,1,avg_success,2499584,0.0
2124,WarpSAC-A,Mjlab-Lift-Cube-Yam,1,avg_success,4999168,0.0
2125,WarpSAC-A,Mjlab-Lift-Cube-Yam,1,avg_success,7498752,0.0
2126,WarpSAC-A,Mjlab-Lift-Cube-Yam,1,avg_success,9998336,0.0
2127,WarpSAC-A,Mjlab-Lift-Cube-Yam,1,avg_success,12497920,0.0
2128,WarpSAC-A,Mjlab-Lift-Cube-Yam,1,avg_success,14997504,0.0
2129,WarpSAC-A,Mjlab-Lift-Cube-Yam,1,avg_success,17497088,0.0
2130,WarpSAC-A,Mjlab-Lift-Cube-Yam,1,avg_success,19996672,0.0
2131,WarpSAC-A,Mjlab-Lift-Cube-Yam,1,avg_success,22496256,0.0
2132,WarpSAC-A,Mjlab-Lift-Cube-Yam,1,avg_success,24995840,0.0
2133,WarpSAC-A,Mjlab-Lift-Cube-Yam,1,avg_success,27495424,0.0
2134,WarpSAC-A,Mjlab-Lift-Cube-Yam,1,avg_success,29995008,0.0
2135,WarpSAC-A,Mjlab-Lift-Cube-Yam,1,avg_success,32494592,0.0
2136,WarpSAC-A,Mjlab-Lift-Cube-Yam,1,avg_success,34994176,0.0
2137,WarpSAC-A,Mjlab-Lift-Cube-Yam,1,avg_success,37493760,0.0
2138,WarpSAC-A,Mjlab-Lift-Cube-Yam,1,avg_success,39993344,0.0
2139,WarpSAC-A,Mjlab-Lift-Cube-Yam,1,avg_success,42492928,0.0
2140,WarpSAC-A,Mjlab-Lift-Cube-Yam,1,avg_success,44992512,0.0
2141,WarpSAC-A,Mjlab-Lift-Cube-Yam,1,avg_success,47492096,0.0
2142,WarpSAC-A,Mjlab-Lift-Cube-Yam,1,avg_success,49991680,0.0
2143,WarpSAC-A,Mjlab-Lift-Cube-Yam,1,avg_success,50000896,0.0
2144,WarpSAC-A,Mjlab-Lift-Cube-Yam,2,avg_return,0,-35.3241
2145,WarpSAC-A,Mjlab-Lift-Cube-Yam,2,avg_return,2499584,17.3723
2146,WarpSAC-A,Mjlab-Lift-Cube-Yam,2,avg_return,4999168,19.8097
2147,WarpSAC-A,Mjlab-Lift-Cube-Yam,2,avg_return,7498752,20.8425
2148,WarpSAC-A,Mjlab-Lift-Cube-Yam,2,avg_return,9998336,21.4231
2149,WarpSAC-A,Mjlab-Lift-Cube-Yam,2,avg_return,12497920,21.1303
2150,WarpSAC-A,Mjlab-Lift-Cube-Yam,2,avg_return,14997504,22.0448
2151,WarpSAC-A,Mjlab-Lift-Cube-Yam,2,avg_return,17497088,20.9089
2152,WarpSAC-A,Mjlab-Lift-Cube-Yam,2,avg_return,19996672,20.5012
2153,WarpSAC-A,Mjlab-Lift-Cube-Yam,2,avg_return,22496256,21.2683
2154,WarpSAC-A,Mjlab-Lift-Cube-Yam,2,avg_return,24995840,20.6943
2155,WarpSAC-A,Mjlab-Lift-Cube-Yam,2,avg_return,27495424,20.8184
2156,WarpSAC-A,Mjlab-Lift-Cube-Yam,2,avg_return,29995008,20.3324
2157,WarpSAC-A,Mjlab-Lift-Cube-Yam,2,avg_return,32494592,19.5842
2158,WarpSAC-A,Mjlab-Lift-Cube-Yam,2,avg_return,34994176,19.7531
2159,WarpSAC-A,Mjlab-Lift-Cube-Yam,2,avg_return,37493760,19.8767
2160,WarpSAC-A,Mjlab-Lift-Cube-Yam,2,avg_return,39993344,20.2348
2161,WarpSAC-A,Mjlab-Lift-Cube-Yam,2,avg_return,42492928,20.3769
2162,WarpSAC-A,Mjlab-Lift-Cube-Yam,2,avg_return,44992512,20.95
2163,WarpSAC-A,Mjlab-Lift-Cube-Yam,2,avg_return,47492096,20.1637
2164,WarpSAC-A,Mjlab-Lift-Cube-Yam,2,avg_return,49991680,19.8316
2165,WarpSAC-A,Mjlab-Lift-Cube-Yam,2,avg_return,50000896,19.8701
2166,WarpSAC-A,Mjlab-Lift-Cube-Yam,2,avg_success,0,0.0
2167,WarpSAC-A,Mjlab-Lift-Cube-Yam,2,avg_success,2499584,0.0
2168,WarpSAC-A,Mjlab-Lift-Cube-Yam,2,avg_success,4999168,0.0
2169,WarpSAC-A,Mjlab-Lift-Cube-Yam,2,avg_success,7498752,0.0
2170,WarpSAC-A,Mjlab-Lift-Cube-Yam,2,avg_success,9998336,0.0
2171,WarpSAC-A,Mjlab-Lift-Cube-Yam,2,avg_success,12497920,0.0
2172,WarpSAC-A,Mjlab-Lift-Cube-Yam,2,avg_success,14997504,0.0
2173,WarpSAC-A,Mjlab-Lift-Cube-Yam,2,avg_success,17497088,0.0
2174,WarpSAC-A,Mjlab-Lift-Cube-Yam,2,avg_success,19996672,0.0
2175,WarpSAC-A,Mjlab-Lift-Cube-Yam,2,avg_success,22496256,0.0
2176,WarpSAC-A,Mjlab-Lift-Cube-Yam,2,avg_success,24995840,0.0
2177,WarpSAC-A,Mjlab-Lift-Cube-Yam,2,avg_success,27495424,0.0
2178,WarpSAC-A,Mjlab-Lift-Cube-Yam,2,avg_success,29995008,0.0
2179,WarpSAC-A,Mjlab-Lift-Cube-Yam,2,avg_success,32494592,0.0
2180,WarpSAC-A,Mjlab-Lift-Cube-Yam,2,avg_success,34994176,0.0
2181,WarpSAC-A,Mjlab-Lift-Cube-Yam,2,avg_success,37493760,0.0
2182,WarpSAC-A,Mjlab-Lift-Cube-Yam,2,avg_success,39993344,0.0
2183,WarpSAC-A,Mjlab-Lift-Cube-Yam,2,avg_success,42492928,0.0
2184,WarpSAC-A,Mjlab-Lift-Cube-Yam,2,avg_success,44992512,0.0
2185,WarpSAC-A,Mjlab-Lift-Cube-Yam,2,avg_success,47492096,0.0
2186,WarpSAC-A,Mjlab-Lift-Cube-Yam,2,avg_success,49991680,0.0
2187,WarpSAC-A,Mjlab-Lift-Cube-Yam,2,avg_success,50000896,0.0
2188,WarpSAC-A,Mjlab-Lift-Cube-Yam,3,avg_return,0,-40.9153
2189,WarpSAC-A,Mjlab-Lift-Cube-Yam,3,avg_return,2499584,18.0603
2190,WarpSAC-A,Mjlab-Lift-Cube-Yam,3,avg_return,4999168,18.7719
2191,WarpSAC-A,Mjlab-Lift-Cube-Yam,3,avg_return,7498752,20.476
2192,WarpSAC-A,Mjlab-Lift-Cube-Yam,3,avg_return,9998336,21.0213
2193,WarpSAC-A,Mjlab-Lift-Cube-Yam,3,avg_return,12497920,20.4965
2194,WarpSAC-A,Mjlab-Lift-Cube-Yam,3,avg_return,14997504,21.3892
2195,WarpSAC-A,Mjlab-Lift-Cube-Yam,3,avg_return,17497088,21.4448
2196,WarpSAC-A,Mjlab-Lift-Cube-Yam,3,avg_return,19996672,20.7136
2197,WarpSAC-A,Mjlab-Lift-Cube-Yam,3,avg_return,22496256,21.0554
2198,WarpSAC-A,Mjlab-Lift-Cube-Yam,3,avg_return,24995840,16.7628
2199,WarpSAC-A,Mjlab-Lift-Cube-Yam,3,avg_return,27495424,21.1138
2200,WarpSAC-A,Mjlab-Lift-Cube-Yam,3,avg_return,29995008,20.0809
2201,WarpSAC-A,Mjlab-Lift-Cube-Yam,3,avg_return,32494592,20.3999
2202,WarpSAC-A,Mjlab-Lift-Cube-Yam,3,avg_return,34994176,20.321
2203,WarpSAC-A,Mjlab-Lift-Cube-Yam,3,avg_return,37493760,20.4127
2204,WarpSAC-A,Mjlab-Lift-Cube-Yam,3,avg_return,39993344,20.1654
2205,WarpSAC-A,Mjlab-Lift-Cube-Yam,3,avg_return,42492928,21.155
2206,WarpSAC-A,Mjlab-Lift-Cube-Yam,3,avg_return,44992512,20.5492
2207,WarpSAC-A,Mjlab-Lift-Cube-Yam,3,avg_return,47492096,19.7745
2208,WarpSAC-A,Mjlab-Lift-Cube-Yam,3,avg_return,49991680,20.0392
2209,WarpSAC-A,Mjlab-Lift-Cube-Yam,3,avg_return,50000896,20.4267
2210,WarpSAC-A,Mjlab-Lift-Cube-Yam,3,avg_success,0,0.0
2211,WarpSAC-A,Mjlab-Lift-Cube-Yam,3,avg_success,2499584,0.0
2212,WarpSAC-A,Mjlab-Lift-Cube-Yam,3,avg_success,4999168,0.0
2213,WarpSAC-A,Mjlab-Lift-Cube-Yam,3,avg_success,7498752,0.0
2214,WarpSAC-A,Mjlab-Lift-Cube-Yam,3,avg_success,9998336,0.0
2215,WarpSAC-A,Mjlab-Lift-Cube-Yam,3,avg_success,12497920,0.0
2216,WarpSAC-A,Mjlab-Lift-Cube-Yam,3,avg_success,14997504,0.0
2217,WarpSAC-A,Mjlab-Lift-Cube-Yam,3,avg_success,17497088,0.0
2218,WarpSAC-A,Mjlab-Lift-Cube-Yam,3,avg_success,19996672,0.0
2219,WarpSAC-A,Mjlab-Lift-Cube-Yam,3,avg_success,22496256,0.0
2220,WarpSAC-A,Mjlab-Lift-Cube-Yam,3,avg_success,24995840,0.0
2221,WarpSAC-A,Mjlab-Lift-Cube-Yam,3,avg_success,27495424,0.0
2222,WarpSAC-A,Mjlab-Lift-Cube-Yam,3,avg_success,29995008,0.0
2223,WarpSAC-A,Mjlab-Lift-Cube-Yam,3,avg_success,32494592,0.0
2224,WarpSAC-A,Mjlab-Lift-Cube-Yam,3,avg_success,34994176,0.0
2225,WarpSAC-A,Mjlab-Lift-Cube-Yam,3,avg_success,37493760,0.0
2226,WarpSAC-A,Mjlab-Lift-Cube-Yam,3,avg_success,39993344,0.0
2227,WarpSAC-A,Mjlab-Lift-Cube-Yam,3,avg_success,42492928,0.0
2228,WarpSAC-A,Mjlab-Lift-Cube-Yam,3,avg_success,44992512,0.0
2229,WarpSAC-A,Mjlab-Lift-Cube-Yam,3,avg_success,47492096,0.0
2230,WarpSAC-A,Mjlab-Lift-Cube-Yam,3,avg_success,49991680,0.0
2231,WarpSAC-A,Mjlab-Lift-Cube-Yam,3,avg_success,50000896,0.0
2232,WarpSAC-A,Mjlab-Lift-Cube-Yam,4,avg_return,0,-32.3629
2233,WarpSAC-A,Mjlab-Lift-Cube-Yam,4,avg_return,2499584,18.0504
2234,WarpSAC-A,Mjlab-Lift-Cube-Yam,4,avg_return,4999168,19.4893
2235,WarpSAC-A,Mjlab-Lift-Cube-Yam,4,avg_return,7498752,20.046
2236,WarpSAC-A,Mjlab-Lift-Cube-Yam,4,avg_return,9998336,21.1142
2237,WarpSAC-A,Mjlab-Lift-Cube-Yam,4,avg_return,12497920,20.4685
2238,WarpSAC-A,Mjlab-Lift-Cube-Yam,4,avg_return,14997504,21.3085
2239,WarpSAC-A,Mjlab-Lift-Cube-Yam,4,avg_return,17497088,21.4453
2240,WarpSAC-A,Mjlab-Lift-Cube-Yam,4,avg_return,19996672,20.4879
2241,WarpSAC-A,Mjlab-Lift-Cube-Yam,4,avg_return,22496256,20.5535
2242,WarpSAC-A,Mjlab-Lift-Cube-Yam,4,avg_return,24995840,20.803
2243,WarpSAC-A,Mjlab-Lift-Cube-Yam,4,avg_return,27495424,21.0733
2244,WarpSAC-A,Mjlab-Lift-Cube-Yam,4,avg_return,29995008,20.2836
2245,WarpSAC-A,Mjlab-Lift-Cube-Yam,4,avg_return,32494592,20.088
2246,WarpSAC-A,Mjlab-Lift-Cube-Yam,4,avg_return,34994176,19.5226
2247,WarpSAC-A,Mjlab-Lift-Cube-Yam,4,avg_return,37493760,20.155
2248,WarpSAC-A,Mjlab-Lift-Cube-Yam,4,avg_return,39993344,19.8187
2249,WarpSAC-A,Mjlab-Lift-Cube-Yam,4,avg_return,42492928,20.0317
2250,WarpSAC-A,Mjlab-Lift-Cube-Yam,4,avg_return,44992512,20.3183
2251,WarpSAC-A,Mjlab-Lift-Cube-Yam,4,avg_return,47492096,20.1012
2252,WarpSAC-A,Mjlab-Lift-Cube-Yam,4,avg_return,49991680,20.92
2253,WarpSAC-A,Mjlab-Lift-Cube-Yam,4,avg_return,50000896,20.8216
2254,WarpSAC-A,Mjlab-Lift-Cube-Yam,4,avg_success,0,0.0
2255,WarpSAC-A,Mjlab-Lift-Cube-Yam,4,avg_success,2499584,0.0
2256,WarpSAC-A,Mjlab-Lift-Cube-Yam,4,avg_success,4999168,0.0
2257,WarpSAC-A,Mjlab-Lift-Cube-Yam,4,avg_success,7498752,0.0
2258,WarpSAC-A,Mjlab-Lift-Cube-Yam,4,avg_success,9998336,0.0
2259,WarpSAC-A,Mjlab-Lift-Cube-Yam,4,avg_success,12497920,0.0
2260,WarpSAC-A,Mjlab-Lift-Cube-Yam,4,avg_success,14997504,0.0
2261,WarpSAC-A,Mjlab-Lift-Cube-Yam,4,avg_success,17497088,0.0
2262,WarpSAC-A,Mjlab-Lift-Cube-Yam,4,avg_success,19996672,0.0
2263,WarpSAC-A,Mjlab-Lift-Cube-Yam,4,avg_success,22496256,0.0
2264,WarpSAC-A,Mjlab-Lift-Cube-Yam,4,avg_success,24995840,0.0
2265,WarpSAC-A,Mjlab-Lift-Cube-Yam,4,avg_success,27495424,0.0
2266,WarpSAC-A,Mjlab-Lift-Cube-Yam,4,avg_success,29995008,0.0
2267,WarpSAC-A,Mjlab-Lift-Cube-Yam,4,avg_success,32494592,0.0
2268,WarpSAC-A,Mjlab-Lift-Cube-Yam,4,avg_success,34994176,0.0
2269,WarpSAC-A,Mjlab-Lift-Cube-Yam,4,avg_success,37493760,0.0
2270,WarpSAC-A,Mjlab-Lift-Cube-Yam,4,avg_success,39993344,0.0
2271,WarpSAC-A,Mjlab-Lift-Cube-Yam,4,avg_success,42492928,0.0
2272,WarpSAC-A,Mjlab-Lift-Cube-Yam,4,avg_success,44992512,0.0
2273,WarpSAC-A,Mjlab-Lift-Cube-Yam,4,avg_success,47492096,0.0
2274,WarpSAC-A,Mjlab-Lift-Cube-Yam,4,avg_success,49991680,0.0
2275,WarpSAC-A,Mjlab-Lift-Cube-Yam,4,avg_success,50000896,0.0
2276,WarpSAC-A,Mjlab-Lift-Cube-Yam,5,avg_return,0,5.8799
2277,WarpSAC-A,Mjlab-Lift-Cube-Yam,5,avg_return,2499584,18.4202
2278,WarpSAC-A,Mjlab-Lift-Cube-Yam,5,avg_return,4999168,19.2552
2279,WarpSAC-A,Mjlab-Lift-Cube-Yam,5,avg_return,7498752,20.8322
2280,WarpSAC-A,Mjlab-Lift-Cube-Yam,5,avg_return,9998336,21.1851
2281,WarpSAC-A,Mjlab-Lift-Cube-Yam,5,avg_return,12497920,21.147
2282,WarpSAC-A,Mjlab-Lift-Cube-Yam,5,avg_return,14997504,21.2411
2283,WarpSAC-A,Mjlab-Lift-Cube-Yam,5,avg_return,17497088,20.732
2284,WarpSAC-A,Mjlab-Lift-Cube-Yam,5,avg_return,19996672,20.6133
2285,WarpSAC-A,Mjlab-Lift-Cube-Yam,5,avg_return,22496256,21.1055
2286,WarpSAC-A,Mjlab-Lift-Cube-Yam,5,avg_return,24995840,10.2862
2287,WarpSAC-A,Mjlab-Lift-Cube-Yam,5,avg_return,27495424,20.2768
2288,WarpSAC-A,Mjlab-Lift-Cube-Yam,5,avg_return,29995008,20.7892
2289,WarpSAC-A,Mjlab-Lift-Cube-Yam,5,avg_return,32494592,20.027
2290,WarpSAC-A,Mjlab-Lift-Cube-Yam,5,avg_return,34994176,19.9459
2291,WarpSAC-A,Mjlab-Lift-Cube-Yam,5,avg_return,37493760,20.171
2292,WarpSAC-A,Mjlab-Lift-Cube-Yam,5,avg_return,39993344,20.1186
2293,WarpSAC-A,Mjlab-Lift-Cube-Yam,5,avg_return,42492928,20.2216
2294,WarpSAC-A,Mjlab-Lift-Cube-Yam,5,avg_return,44992512,20.5141
2295,WarpSAC-A,Mjlab-Lift-Cube-Yam,5,avg_return,47492096,20.1242
2296,WarpSAC-A,Mjlab-Lift-Cube-Yam,5,avg_return,49991680,20.1942
2297,WarpSAC-A,Mjlab-Lift-Cube-Yam,5,avg_return,50000896,20.4716
2298,WarpSAC-A,Mjlab-Lift-Cube-Yam,5,avg_success,0,0.0
2299,WarpSAC-A,Mjlab-Lift-Cube-Yam,5,avg_success,2499584,0.0
2300,WarpSAC-A,Mjlab-Lift-Cube-Yam,5,avg_success,4999168,0.0
2301,WarpSAC-A,Mjlab-Lift-Cube-Yam,5,avg_success,7498752,0.0
2302,WarpSAC-A,Mjlab-Lift-Cube-Yam,5,avg_success,9998336,0.0
2303,WarpSAC-A,Mjlab-Lift-Cube-Yam,5,avg_success,12497920,0.0
2304,WarpSAC-A,Mjlab-Lift-Cube-Yam,5,avg_success,14997504,0.0
2305,WarpSAC-A,Mjlab-Lift-Cube-Yam,5,avg_success,17497088,0.0
2306,WarpSAC-A,Mjlab-Lift-Cube-Yam,5,avg_success,19996672,0.0
2307,WarpSAC-A,Mjlab-Lift-Cube-Yam,5,avg_success,22496256,0.0
2308,WarpSAC-A,Mjlab-Lift-Cube-Yam,5,avg_success,24995840,0.0
2309,WarpSAC-A,Mjlab-Lift-Cube-Yam,5,avg_success,27495424,0.0
2310,WarpSAC-A,Mjlab-Lift-Cube-Yam,5,avg_success,29995008,0.0
2311,WarpSAC-A,Mjlab-Lift-Cube-Yam,5,avg_success,32494592,0.0
2312,WarpSAC-A,Mjlab-Lift-Cube-Yam,5,avg_success,34994176,0.0
2313,WarpSAC-A,Mjlab-Lift-Cube-Yam,5,avg_success,37493760,0.0
2314,WarpSAC-A,Mjlab-Lift-Cube-Yam,5,avg_success,39993344,0.0
2315,WarpSAC-A,Mjlab-Lift-Cube-Yam,5,avg_success,42492928,0.0
2316,WarpSAC-A,Mjlab-Lift-Cube-Yam,5,avg_success,44992512,0.0
2317,WarpSAC-A,Mjlab-Lift-Cube-Yam,5,avg_success,47492096,0.0
2318,WarpSAC-A,Mjlab-Lift-Cube-Yam,5,avg_success,49991680,0.0
2319,WarpSAC-A,Mjlab-Lift-Cube-Yam,5,avg_success,50000896,0.0
2320,WarpSAC-A,Mjlab-Lift-Cube-Yam-Depth,1,avg_return,0,-16.13
2321,WarpSAC-A,Mjlab-Lift-Cube-Yam-Depth,1,avg_return,2499584,14.2735
2322,WarpSAC-A,Mjlab-Lift-Cube-Yam-Depth,1,avg_return,4999168,13.4843
2323,WarpSAC-A,Mjlab-Lift-Cube-Yam-Depth,1,avg_return,7498752,16.4155
2324,WarpSAC-A,Mjlab-Lift-Cube-Yam-Depth,1,avg_return,9998336,16.3373
2325,WarpSAC-A,Mjlab-Lift-Cube-Yam-Depth,1,avg_return,12497920,16.2642
2326,WarpSAC-A,Mjlab-Lift-Cube-Yam-Depth,1,avg_return,14997504,16.2201
2327,WarpSAC-A,Mjlab-Lift-Cube-Yam-Depth,1,avg_return,17497088,16.0389
2328,WarpSAC-A,Mjlab-Lift-Cube-Yam-Depth,1,avg_return,19996672,15.7059
2329,WarpSAC-A,Mjlab-Lift-Cube-Yam-Depth,1,avg_return,22496256,16.0465
2330,WarpSAC-A,Mjlab-Lift-Cube-Yam-Depth,1,avg_return,24995840,15.1325
2331,WarpSAC-A,Mjlab-Lift-Cube-Yam-Depth,1,avg_return,27495424,16.0504
2332,WarpSAC-A,Mjlab-Lift-Cube-Yam-Depth,1,avg_return,29995008,15.4265
2333,WarpSAC-A,Mjlab-Lift-Cube-Yam-Depth,1,avg_return,32494592,6.6612
2334,WarpSAC-A,Mjlab-Lift-Cube-Yam-Depth,1,avg_return,34994176,15.6002
2335,WarpSAC-A,Mjlab-Lift-Cube-Yam-Depth,1,avg_return,37493760,15.1579
2336,WarpSAC-A,Mjlab-Lift-Cube-Yam-Depth,1,avg_return,39993344,15.8469
2337,WarpSAC-A,Mjlab-Lift-Cube-Yam-Depth,1,avg_return,42492928,15.7831
2338,WarpSAC-A,Mjlab-Lift-Cube-Yam-Depth,1,avg_return,44992512,15.923
2339,WarpSAC-A,Mjlab-Lift-Cube-Yam-Depth,1,avg_return,47492096,14.9468
2340,WarpSAC-A,Mjlab-Lift-Cube-Yam-Depth,1,avg_return,49991680,15.6462
2341,WarpSAC-A,Mjlab-Lift-Cube-Yam-Depth,1,avg_return,50000896,14.8445
2342,WarpSAC-A,Mjlab-Lift-Cube-Yam-Depth,1,avg_success,0,0.0
2343,WarpSAC-A,Mjlab-Lift-Cube-Yam-Depth,1,avg_success,2499584,0.0
2344,WarpSAC-A,Mjlab-Lift-Cube-Yam-Depth,1,avg_success,4999168,0.0
2345,WarpSAC-A,Mjlab-Lift-Cube-Yam-Depth,1,avg_success,7498752,0.0
2346,WarpSAC-A,Mjlab-Lift-Cube-Yam-Depth,1,avg_success,9998336,0.0
2347,WarpSAC-A,Mjlab-Lift-Cube-Yam-Depth,1,avg_success,12497920,0.0
2348,WarpSAC-A,Mjlab-Lift-Cube-Yam-Depth,1,avg_success,14997504,0.0
2349,WarpSAC-A,Mjlab-Lift-Cube-Yam-Depth,1,avg_success,17497088,0.0
2350,WarpSAC-A,Mjlab-Lift-Cube-Yam-Depth,1,avg_success,19996672,0.0
2351,WarpSAC-A,Mjlab-Lift-Cube-Yam-Depth,1,avg_success,22496256,0.0
2352,WarpSAC-A,Mjlab-Lift-Cube-Yam-Depth,1,avg_success,24995840,0.0
2353,WarpSAC-A,Mjlab-Lift-Cube-Yam-Depth,1,avg_success,27495424,0.0
2354,WarpSAC-A,Mjlab-Lift-Cube-Yam-Depth,1,avg_success,29995008,0.0
2355,WarpSAC-A,Mjlab-Lift-Cube-Yam-Depth,1,avg_success,32494592,0.0
2356,WarpSAC-A,Mjlab-Lift-Cube-Yam-Depth,1,avg_success,34994176,0.0
2357,WarpSAC-A,Mjlab-Lift-Cube-Yam-Depth,1,avg_success,37493760,0.0
2358,WarpSAC-A,Mjlab-Lift-Cube-Yam-Depth,1,avg_success,39993344,0.0
2359,WarpSAC-A,Mjlab-Lift-Cube-Yam-Depth,1,avg_success,42492928,0.0
2360,WarpSAC-A,Mjlab-Lift-Cube-Yam-Depth,1,avg_success,44992512,0.0
2361,WarpSAC-A,Mjlab-Lift-Cube-Yam-Depth,1,avg_success,47492096,0.0
2362,WarpSAC-A,Mjlab-Lift-Cube-Yam-Depth,1,avg_success,49991680,0.0
2363,WarpSAC-A,Mjlab-Lift-Cube-Yam-Depth,1,avg_success,50000896,0.0
2364,WarpSAC-A,Mjlab-Lift-Cube-Yam-Depth,2,avg_return,0,-7.5172
2365,WarpSAC-A,Mjlab-Lift-Cube-Yam-Depth,2,avg_return,2499584,13.8416
2366,WarpSAC-A,Mjlab-Lift-Cube-Yam-Depth,2,avg_return,4999168,14.3844
2367,WarpSAC-A,Mjlab-Lift-Cube-Yam-Depth,2,avg_return,7498752,15.6096
2368,WarpSAC-A,Mjlab-Lift-Cube-Yam-Depth,2,avg_return,9998336,15.5764
2369,WarpSAC-A,Mjlab-Lift-Cube-Yam-Depth,2,avg_return,12497920,17.094
2370,WarpSAC-A,Mjlab-Lift-Cube-Yam-Depth,2,avg_return,14997504,15.8708
2371,WarpSAC-A,Mjlab-Lift-Cube-Yam-Depth,2,avg_return,17497088,15.8566
2372,WarpSAC-A,Mjlab-Lift-Cube-Yam-Depth,2,avg_return,19996672,15.4324
2373,WarpSAC-A,Mjlab-Lift-Cube-Yam-Depth,2,avg_return,22496256,16.3514
2374,WarpSAC-A,Mjlab-Lift-Cube-Yam-Depth,2,avg_return,24995840,15.3052
2375,WarpSAC-A,Mjlab-Lift-Cube-Yam-Depth,2,avg_return,27495424,16.0875
2376,WarpSAC-A,Mjlab-Lift-Cube-Yam-Depth,2,avg_return,29995008,15.388
2377,WarpSAC-A,Mjlab-Lift-Cube-Yam-Depth,2,avg_return,32494592,16.0774
2378,WarpSAC-A,Mjlab-Lift-Cube-Yam-Depth,2,avg_return,34994176,15.1413
2379,WarpSAC-A,Mjlab-Lift-Cube-Yam-Depth,2,avg_return,37493760,15.511
2380,WarpSAC-A,Mjlab-Lift-Cube-Yam-Depth,2,avg_return,39993344,15.7254
2381,WarpSAC-A,Mjlab-Lift-Cube-Yam-Depth,2,avg_return,42492928,15.4895
2382,WarpSAC-A,Mjlab-Lift-Cube-Yam-Depth,2,avg_return,44992512,15.1302
2383,WarpSAC-A,Mjlab-Lift-Cube-Yam-Depth,2,avg_return,47492096,16.2061
2384,WarpSAC-A,Mjlab-Lift-Cube-Yam-Depth,2,avg_return,49991680,15.0438
2385,WarpSAC-A,Mjlab-Lift-Cube-Yam-Depth,2,avg_return,50000896,15.7634
2386,WarpSAC-A,Mjlab-Lift-Cube-Yam-Depth,2,avg_success,0,0.0
2387,WarpSAC-A,Mjlab-Lift-Cube-Yam-Depth,2,avg_success,2499584,0.0
2388,WarpSAC-A,Mjlab-Lift-Cube-Yam-Depth,2,avg_success,4999168,0.0
2389,WarpSAC-A,Mjlab-Lift-Cube-Yam-Depth,2,avg_success,7498752,0.0
2390,WarpSAC-A,Mjlab-Lift-Cube-Yam-Depth,2,avg_success,9998336,0.0
2391,WarpSAC-A,Mjlab-Lift-Cube-Yam-Depth,2,avg_success,12497920,0.0
2392,WarpSAC-A,Mjlab-Lift-Cube-Yam-Depth,2,avg_success,14997504,0.0
2393,WarpSAC-A,Mjlab-Lift-Cube-Yam-Depth,2,avg_success,17497088,0.0
2394,WarpSAC-A,Mjlab-Lift-Cube-Yam-Depth,2,avg_success,19996672,0.0
2395,WarpSAC-A,Mjlab-Lift-Cube-Yam-Depth,2,avg_success,22496256,0.0
2396,WarpSAC-A,Mjlab-Lift-Cube-Yam-Depth,2,avg_success,24995840,0.0
2397,WarpSAC-A,Mjlab-Lift-Cube-Yam-Depth,2,avg_success,27495424,0.0
2398,WarpSAC-A,Mjlab-Lift-Cube-Yam-Depth,2,avg_success,29995008,0.0
2399,WarpSAC-A,Mjlab-Lift-Cube-Yam-Depth,2,avg_success,32494592,0.0
2400,WarpSAC-A,Mjlab-Lift-Cube-Yam-Depth,2,avg_success,34994176,0.0
2401,WarpSAC-A,Mjlab-Lift-Cube-Yam-Depth,2,avg_success,37493760,0.0
2402,WarpSAC-A,Mjlab-Lift-Cube-Yam-Depth,2,avg_success,39993344,0.0
2403,WarpSAC-A,Mjlab-Lift-Cube-Yam-Depth,2,avg_success,42492928,0.0
2404,WarpSAC-A,Mjlab-Lift-Cube-Yam-Depth,2,avg_success,44992512,0.0
2405,WarpSAC-A,Mjlab-Lift-Cube-Yam-Depth,2,avg_success,47492096,0.0
2406,WarpSAC-A,Mjlab-Lift-Cube-Yam-Depth,2,avg_success,49991680,0.0
2407,WarpSAC-A,Mjlab-Lift-Cube-Yam-Depth,2,avg_success,50000896,0.0
2408,WarpSAC-A,Mjlab-Lift-Cube-Yam-Depth,3,avg_return,0,-4.4529
2409,WarpSAC-A,Mjlab-Lift-Cube-Yam-Depth,3,avg_return,2499584,13.8858
2410,WarpSAC-A,Mjlab-Lift-Cube-Yam-Depth,3,avg_return,4999168,14.7456
2411,WarpSAC-A,Mjlab-Lift-Cube-Yam-Depth,3,avg_return,7498752,15.81
2412,WarpSAC-A,Mjlab-Lift-Cube-Yam-Depth,3,avg_return,9998336,15.7114
2413,WarpSAC-A,Mjlab-Lift-Cube-Yam-Depth,3,avg_return,12497920,15.8161
2414,WarpSAC-A,Mjlab-Lift-Cube-Yam-Depth,3,avg_return,14997504,15.4777
2415,WarpSAC-A,Mjlab-Lift-Cube-Yam-Depth,3,avg_return,17497088,16.1037
2416,WarpSAC-A,Mjlab-Lift-Cube-Yam-Depth,3,avg_return,19996672,15.5127
2417,WarpSAC-A,Mjlab-Lift-Cube-Yam-Depth,3,avg_return,22496256,16.2155
2418,WarpSAC-A,Mjlab-Lift-Cube-Yam-Depth,3,avg_return,24995840,16.1477
2419,WarpSAC-A,Mjlab-Lift-Cube-Yam-Depth,3,avg_return,27495424,15.8691
2420,WarpSAC-A,Mjlab-Lift-Cube-Yam-Depth,3,avg_return,29995008,15.3347
2421,WarpSAC-A,Mjlab-Lift-Cube-Yam-Depth,3,avg_return,32494592,15.7004
2422,WarpSAC-A,Mjlab-Lift-Cube-Yam-Depth,3,avg_return,34994176,15.1972
2423,WarpSAC-A,Mjlab-Lift-Cube-Yam-Depth,3,avg_return,37493760,16.3817
2424,WarpSAC-A,Mjlab-Lift-Cube-Yam-Depth,3,avg_return,39993344,16.1172
2425,WarpSAC-A,Mjlab-Lift-Cube-Yam-Depth,3,avg_return,42492928,15.051
2426,WarpSAC-A,Mjlab-Lift-Cube-Yam-Depth,3,avg_return,44992512,14.9016
2427,WarpSAC-A,Mjlab-Lift-Cube-Yam-Depth,3,avg_return,47492096,15.2954
2428,WarpSAC-A,Mjlab-Lift-Cube-Yam-Depth,3,avg_return,49991680,15.6125
2429,WarpSAC-A,Mjlab-Lift-Cube-Yam-Depth,3,avg_return,50000896,15.1839
2430,WarpSAC-A,Mjlab-Lift-Cube-Yam-Depth,3,avg_success,0,0.0
2431,WarpSAC-A,Mjlab-Lift-Cube-Yam-Depth,3,avg_success,2499584,0.0
2432,WarpSAC-A,Mjlab-Lift-Cube-Yam-Depth,3,avg_success,4999168,0.0
2433,WarpSAC-A,Mjlab-Lift-Cube-Yam-Depth,3,avg_success,7498752,0.0
2434,WarpSAC-A,Mjlab-Lift-Cube-Yam-Depth,3,avg_success,9998336,0.0
2435,WarpSAC-A,Mjlab-Lift-Cube-Yam-Depth,3,avg_success,12497920,0.0
2436,WarpSAC-A,Mjlab-Lift-Cube-Yam-Depth,3,avg_success,14997504,0.0
2437,WarpSAC-A,Mjlab-Lift-Cube-Yam-Depth,3,avg_success,17497088,0.0
2438,WarpSAC-A,Mjlab-Lift-Cube-Yam-Depth,3,avg_success,19996672,0.0
2439,WarpSAC-A,Mjlab-Lift-Cube-Yam-Depth,3,avg_success,22496256,0.0
2440,WarpSAC-A,Mjlab-Lift-Cube-Yam-Depth,3,avg_success,24995840,0.0
2441,WarpSAC-A,Mjlab-Lift-Cube-Yam-Depth,3,avg_success,27495424,0.0
2442,WarpSAC-A,Mjlab-Lift-Cube-Yam-Depth,3,avg_success,29995008,0.0
2443,WarpSAC-A,Mjlab-Lift-Cube-Yam-Depth,3,avg_success,32494592,0.0
2444,WarpSAC-A,Mjlab-Lift-Cube-Yam-Depth,3,avg_success,34994176,0.0
2445,WarpSAC-A,Mjlab-Lift-Cube-Yam-Depth,3,avg_success,37493760,0.0
2446,WarpSAC-A,Mjlab-Lift-Cube-Yam-Depth,3,avg_success,39993344,0.0
2447,WarpSAC-A,Mjlab-Lift-Cube-Yam-Depth,3,avg_success,42492928,0.0
2448,WarpSAC-A,Mjlab-Lift-Cube-Yam-Depth,3,avg_success,44992512,0.0
2449,WarpSAC-A,Mjlab-Lift-Cube-Yam-Depth,3,avg_success,47492096,0.0
2450,WarpSAC-A,Mjlab-Lift-Cube-Yam-Depth,3,avg_success,49991680,0.0
2451,WarpSAC-A,Mjlab-Lift-Cube-Yam-Depth,3,avg_success,50000896,0.0
2452,WarpSAC-A,Mjlab-Lift-Cube-Yam-Depth,4,avg_return,0,-16.7756
2453,WarpSAC-A,Mjlab-Lift-Cube-Yam-Depth,4,avg_return,2499584,14.1602
2454,WarpSAC-A,Mjlab-Lift-Cube-Yam-Depth,4,avg_return,4999168,14.9389
2455,WarpSAC-A,Mjlab-Lift-Cube-Yam-Depth,4,avg_return,7498752,15.3886
2456,WarpSAC-A,Mjlab-Lift-Cube-Yam-Depth,4,avg_return,9998336,16.5018
2457,WarpSAC-A,Mjlab-Lift-Cube-Yam-Depth,4,avg_return,12497920,16.512
2458,WarpSAC-A,Mjlab-Lift-Cube-Yam-Depth,4,avg_return,14997504,16.7962
2459,WarpSAC-A,Mjlab-Lift-Cube-Yam-Depth,4,avg_return,17497088,16.1447
2460,WarpSAC-A,Mjlab-Lift-Cube-Yam-Depth,4,avg_return,19996672,16.0319
2461,WarpSAC-A,Mjlab-Lift-Cube-Yam-Depth,4,avg_return,22496256,14.8529
2462,WarpSAC-A,Mjlab-Lift-Cube-Yam-Depth,4,avg_return,24995840,15.7352
2463,WarpSAC-A,Mjlab-Lift-Cube-Yam-Depth,4,avg_return,27495424,16.0243
2464,WarpSAC-A,Mjlab-Lift-Cube-Yam-Depth,4,avg_return,29995008,16.3009
2465,WarpSAC-A,Mjlab-Lift-Cube-Yam-Depth,4,avg_return,32494592,16.2892
2466,WarpSAC-A,Mjlab-Lift-Cube-Yam-Depth,4,avg_return,34994176,14.4665
2467,WarpSAC-A,Mjlab-Lift-Cube-Yam-Depth,4,avg_return,37493760,16.0035
2468,WarpSAC-A,Mjlab-Lift-Cube-Yam-Depth,4,avg_return,39993344,16.4524
2469,WarpSAC-A,Mjlab-Lift-Cube-Yam-Depth,4,avg_return,42492928,14.9764
2470,WarpSAC-A,Mjlab-Lift-Cube-Yam-Depth,4,avg_return,44992512,15.4053
2471,WarpSAC-A,Mjlab-Lift-Cube-Yam-Depth,4,avg_return,47492096,15.6779
2472,WarpSAC-A,Mjlab-Lift-Cube-Yam-Depth,4,avg_return,49991680,15.7485
2473,WarpSAC-A,Mjlab-Lift-Cube-Yam-Depth,4,avg_return,50000896,15.6946
2474,WarpSAC-A,Mjlab-Lift-Cube-Yam-Depth,4,avg_success,0,0.0
2475,WarpSAC-A,Mjlab-Lift-Cube-Yam-Depth,4,avg_success,2499584,0.0
2476,WarpSAC-A,Mjlab-Lift-Cube-Yam-Depth,4,avg_success,4999168,0.0
2477,WarpSAC-A,Mjlab-Lift-Cube-Yam-Depth,4,avg_success,7498752,0.0
2478,WarpSAC-A,Mjlab-Lift-Cube-Yam-Depth,4,avg_success,9998336,0.0
2479,WarpSAC-A,Mjlab-Lift-Cube-Yam-Depth,4,avg_success,12497920,0.0
2480,WarpSAC-A,Mjlab-Lift-Cube-Yam-Depth,4,avg_success,14997504,0.0
2481,WarpSAC-A,Mjlab-Lift-Cube-Yam-Depth,4,avg_success,17497088,0.0
2482,WarpSAC-A,Mjlab-Lift-Cube-Yam-Depth,4,avg_success,19996672,0.0
2483,WarpSAC-A,Mjlab-Lift-Cube-Yam-Depth,4,avg_success,22496256,0.0
2484,WarpSAC-A,Mjlab-Lift-Cube-Yam-Depth,4,avg_success,24995840,0.0
2485,WarpSAC-A,Mjlab-Lift-Cube-Yam-Depth,4,avg_success,27495424,0.0
2486,WarpSAC-A,Mjlab-Lift-Cube-Yam-Depth,4,avg_success,29995008,0.0
2487,WarpSAC-A,Mjlab-Lift-Cube-Yam-Depth,4,avg_success,32494592,0.0
2488,WarpSAC-A,Mjlab-Lift-Cube-Yam-Depth,4,avg_success,34994176,0.0
2489,WarpSAC-A,Mjlab-Lift-Cube-Yam-Depth,4,avg_success,37493760,0.0
2490,WarpSAC-A,Mjlab-Lift-Cube-Yam-Depth,4,avg_success,39993344,0.0
2491,WarpSAC-A,Mjlab-Lift-Cube-Yam-Depth,4,avg_success,42492928,0.0
2492,WarpSAC-A,Mjlab-Lift-Cube-Yam-Depth,4,avg_success,44992512,0.0
2493,WarpSAC-A,Mjlab-Lift-Cube-Yam-Depth,4,avg_success,47492096,0.0
2494,WarpSAC-A,Mjlab-Lift-Cube-Yam-Depth,4,avg_success,49991680,0.0
2495,WarpSAC-A,Mjlab-Lift-Cube-Yam-Depth,4,avg_success,50000896,0.0
2496,WarpSAC-A,Mjlab-Lift-Cube-Yam-Depth,5,avg_return,0,7.8487
2497,WarpSAC-A,Mjlab-Lift-Cube-Yam-Depth,5,avg_return,2499584,13.9514
2498,WarpSAC-A,Mjlab-Lift-Cube-Yam-Depth,5,avg_return,4999168,15.6393
2499,WarpSAC-A,Mjlab-Lift-Cube-Yam-Depth,5,avg_return,7498752,16.9957
2500,WarpSAC-A,Mjlab-Lift-Cube-Yam-Depth,5,avg_return,9998336,15.1946
2501,WarpSAC-A,Mjlab-Lift-Cube-Yam-Depth,5,avg_return,12497920,16.3789
2502,WarpSAC-A,Mjlab-Lift-Cube-Yam-Depth,5,avg_return,14997504,15.0313
2503,WarpSAC-A,Mjlab-Lift-Cube-Yam-Depth,5,avg_return,17497088,15.21
2504,WarpSAC-A,Mjlab-Lift-Cube-Yam-Depth,5,avg_return,19996672,16.6117
2505,WarpSAC-A,Mjlab-Lift-Cube-Yam-Depth,5,avg_return,22496256,15.793
2506,WarpSAC-A,Mjlab-Lift-Cube-Yam-Depth,5,avg_return,24995840,16.4986
2507,WarpSAC-A,Mjlab-Lift-Cube-Yam-Depth,5,avg_return,27495424,16.2901
2508,WarpSAC-A,Mjlab-Lift-Cube-Yam-Depth,5,avg_return,29995008,15.0599
2509,WarpSAC-A,Mjlab-Lift-Cube-Yam-Depth,5,avg_return,32494592,16.3417
2510,WarpSAC-A,Mjlab-Lift-Cube-Yam-Depth,5,avg_return,34994176,14.7237
2511,WarpSAC-A,Mjlab-Lift-Cube-Yam-Depth,5,avg_return,37493760,15.9353
2512,WarpSAC-A,Mjlab-Lift-Cube-Yam-Depth,5,avg_return,39993344,15.8358
2513,WarpSAC-A,Mjlab-Lift-Cube-Yam-Depth,5,avg_return,42492928,15.7166
2514,WarpSAC-A,Mjlab-Lift-Cube-Yam-Depth,5,avg_return,44992512,15.0015
2515,WarpSAC-A,Mjlab-Lift-Cube-Yam-Depth,5,avg_return,47492096,16.3282
2516,WarpSAC-A,Mjlab-Lift-Cube-Yam-Depth,5,avg_return,49991680,16.1188
2517,WarpSAC-A,Mjlab-Lift-Cube-Yam-Depth,5,avg_return,50000896,14.4793
2518,WarpSAC-A,Mjlab-Lift-Cube-Yam-Depth,5,avg_success,0,0.0
2519,WarpSAC-A,Mjlab-Lift-Cube-Yam-Depth,5,avg_success,2499584,0.0
2520,WarpSAC-A,Mjlab-Lift-Cube-Yam-Depth,5,avg_success,4999168,0.0
2521,WarpSAC-A,Mjlab-Lift-Cube-Yam-Depth,5,avg_success,7498752,0.0
2522,WarpSAC-A,Mjlab-Lift-Cube-Yam-Depth,5,avg_success,9998336,0.0
2523,WarpSAC-A,Mjlab-Lift-Cube-Yam-Depth,5,avg_success,12497920,0.0
2524,WarpSAC-A,Mjlab-Lift-Cube-Yam-Depth,5,avg_success,14997504,0.0
2525,WarpSAC-A,Mjlab-Lift-Cube-Yam-Depth,5,avg_success,17497088,0.0
2526,WarpSAC-A,Mjlab-Lift-Cube-Yam-Depth,5,avg_success,19996672,0.0
2527,WarpSAC-A,Mjlab-Lift-Cube-Yam-Depth,5,avg_success,22496256,0.0
2528,WarpSAC-A,Mjlab-Lift-Cube-Yam-Depth,5,avg_success,24995840,0.0
2529,WarpSAC-A,Mjlab-Lift-Cube-Yam-Depth,5,avg_success,27495424,0.0
2530,WarpSAC-A,Mjlab-Lift-Cube-Yam-Depth,5,avg_success,29995008,0.0
2531,WarpSAC-A,Mjlab-Lift-Cube-Yam-Depth,5,avg_success,32494592,0.0
2532,WarpSAC-A,Mjlab-Lift-Cube-Yam-Depth,5,avg_success,34994176,0.0
2533,WarpSAC-A,Mjlab-Lift-Cube-Yam-Depth,5,avg_success,37493760,0.0
2534,WarpSAC-A,Mjlab-Lift-Cube-Yam-Depth,5,avg_success,39993344,0.0
2535,WarpSAC-A,Mjlab-Lift-Cube-Yam-Depth,5,avg_success,42492928,0.0
2536,WarpSAC-A,Mjlab-Lift-Cube-Yam-Depth,5,avg_success,44992512,0.0
2537,WarpSAC-A,Mjlab-Lift-Cube-Yam-Depth,5,avg_success,47492096,0.0
2538,WarpSAC-A,Mjlab-Lift-Cube-Yam-Depth,5,avg_success,49991680,0.0
2539,WarpSAC-A,Mjlab-Lift-Cube-Yam-Depth,5,avg_success,50000896,0.0
2540,WarpSAC-A,Mjlab-Lift-Cube-Yam-Rgb,1,avg_return,0,-16.1026
2541,WarpSAC-A,Mjlab-Lift-Cube-Yam-Rgb,1,avg_return,2499584,13.809
2542,WarpSAC-A,Mjlab-Lift-Cube-Yam-Rgb,1,avg_return,4999168,14.3122
2543,WarpSAC-A,Mjlab-Lift-Cube-Yam-Rgb,1,avg_return,7498752,16.2851
2544,WarpSAC-A,Mjlab-Lift-Cube-Yam-Rgb,1,avg_return,9998336,15.6247
2545,WarpSAC-A,Mjlab-Lift-Cube-Yam-Rgb,1,avg_return,12497920,16.4738
2546,WarpSAC-A,Mjlab-Lift-Cube-Yam-Rgb,1,avg_return,14997504,16.2482
2547,WarpSAC-A,Mjlab-Lift-Cube-Yam-Rgb,1,avg_return,17497088,16.0717
2548,WarpSAC-A,Mjlab-Lift-Cube-Yam-Rgb,1,avg_return,19996672,15.2721
2549,WarpSAC-A,Mjlab-Lift-Cube-Yam-Rgb,1,avg_return,22496256,16.4801
2550,WarpSAC-A,Mjlab-Lift-Cube-Yam-Rgb,1,avg_return,24995840,16.6089
2551,WarpSAC-A,Mjlab-Lift-Cube-Yam-Rgb,1,avg_return,27495424,15.5892
2552,WarpSAC-A,Mjlab-Lift-Cube-Yam-Rgb,1,avg_return,29995008,15.3978
2553,WarpSAC-A,Mjlab-Lift-Cube-Yam-Rgb,1,avg_return,32494592,15.6792
2554,WarpSAC-A,Mjlab-Lift-Cube-Yam-Rgb,1,avg_return,34994176,15.1558
2555,WarpSAC-A,Mjlab-Lift-Cube-Yam-Rgb,1,avg_return,37493760,15.9089
2556,WarpSAC-A,Mjlab-Lift-Cube-Yam-Rgb,1,avg_return,39993344,15.8671
2557,WarpSAC-A,Mjlab-Lift-Cube-Yam-Rgb,1,avg_return,42492928,14.4438
2558,WarpSAC-A,Mjlab-Lift-Cube-Yam-Rgb,1,avg_return,44992512,14.8834
2559,WarpSAC-A,Mjlab-Lift-Cube-Yam-Rgb,1,avg_return,47492096,15.806
2560,WarpSAC-A,Mjlab-Lift-Cube-Yam-Rgb,1,avg_return,49991680,15.5291
2561,WarpSAC-A,Mjlab-Lift-Cube-Yam-Rgb,1,avg_return,50000896,15.4644
2562,WarpSAC-A,Mjlab-Lift-Cube-Yam-Rgb,1,avg_success,0,0.0
2563,WarpSAC-A,Mjlab-Lift-Cube-Yam-Rgb,1,avg_success,2499584,0.0
2564,WarpSAC-A,Mjlab-Lift-Cube-Yam-Rgb,1,avg_success,4999168,0.0
2565,WarpSAC-A,Mjlab-Lift-Cube-Yam-Rgb,1,avg_success,7498752,0.0
2566,WarpSAC-A,Mjlab-Lift-Cube-Yam-Rgb,1,avg_success,9998336,0.0
2567,WarpSAC-A,Mjlab-Lift-Cube-Yam-Rgb,1,avg_success,12497920,0.0
2568,WarpSAC-A,Mjlab-Lift-Cube-Yam-Rgb,1,avg_success,14997504,0.0
2569,WarpSAC-A,Mjlab-Lift-Cube-Yam-Rgb,1,avg_success,17497088,0.0
2570,WarpSAC-A,Mjlab-Lift-Cube-Yam-Rgb,1,avg_success,19996672,0.0
2571,WarpSAC-A,Mjlab-Lift-Cube-Yam-Rgb,1,avg_success,22496256,0.0
2572,WarpSAC-A,Mjlab-Lift-Cube-Yam-Rgb,1,avg_success,24995840,0.0
2573,WarpSAC-A,Mjlab-Lift-Cube-Yam-Rgb,1,avg_success,27495424,0.0
2574,WarpSAC-A,Mjlab-Lift-Cube-Yam-Rgb,1,avg_success,29995008,0.0
2575,WarpSAC-A,Mjlab-Lift-Cube-Yam-Rgb,1,avg_success,32494592,0.0
2576,WarpSAC-A,Mjlab-Lift-Cube-Yam-Rgb,1,avg_success,34994176,0.0
2577,WarpSAC-A,Mjlab-Lift-Cube-Yam-Rgb,1,avg_success,37493760,0.0
2578,WarpSAC-A,Mjlab-Lift-Cube-Yam-Rgb,1,avg_success,39993344,0.0
2579,WarpSAC-A,Mjlab-Lift-Cube-Yam-Rgb,1,avg_success,42492928,0.0
2580,WarpSAC-A,Mjlab-Lift-Cube-Yam-Rgb,1,avg_success,44992512,0.0
2581,WarpSAC-A,Mjlab-Lift-Cube-Yam-Rgb,1,avg_success,47492096,0.0
2582,WarpSAC-A,Mjlab-Lift-Cube-Yam-Rgb,1,avg_success,49991680,0.0
2583,WarpSAC-A,Mjlab-Lift-Cube-Yam-Rgb,1,avg_success,50000896,0.0
2584,WarpSAC-A,Mjlab-Lift-Cube-Yam-Rgb,2,avg_return,0,-7.3935
2585,WarpSAC-A,Mjlab-Lift-Cube-Yam-Rgb,2,avg_return,2499584,12.7805
2586,WarpSAC-A,Mjlab-Lift-Cube-Yam-Rgb,2,avg_return,4999168,15.0543
2587,WarpSAC-A,Mjlab-Lift-Cube-Yam-Rgb,2,avg_return,7498752,15.5204
2588,WarpSAC-A,Mjlab-Lift-Cube-Yam-Rgb,2,avg_return,9998336,16.095
2589,WarpSAC-A,Mjlab-Lift-Cube-Yam-Rgb,2,avg_return,12497920,16.6506
2590,WarpSAC-A,Mjlab-Lift-Cube-Yam-Rgb,2,avg_return,14997504,16.2833
2591,WarpSAC-A,Mjlab-Lift-Cube-Yam-Rgb,2,avg_return,17497088,15.5926
2592,WarpSAC-A,Mjlab-Lift-Cube-Yam-Rgb,2,avg_return,19996672,15.029
2593,WarpSAC-A,Mjlab-Lift-Cube-Yam-Rgb,2,avg_return,22496256,16.4229
2594,WarpSAC-A,Mjlab-Lift-Cube-Yam-Rgb,2,avg_return,24995840,15.8454
2595,WarpSAC-A,Mjlab-Lift-Cube-Yam-Rgb,2,avg_return,27495424,15.4676
2596,WarpSAC-A,Mjlab-Lift-Cube-Yam-Rgb,2,avg_return,29995008,14.535
2597,WarpSAC-A,Mjlab-Lift-Cube-Yam-Rgb,2,avg_return,32494592,15.5339
2598,WarpSAC-A,Mjlab-Lift-Cube-Yam-Rgb,2,avg_return,34994176,15.2449
2599,WarpSAC-A,Mjlab-Lift-Cube-Yam-Rgb,2,avg_return,37493760,15.4015
2600,WarpSAC-A,Mjlab-Lift-Cube-Yam-Rgb,2,avg_return,39993344,15.0296
2601,WarpSAC-A,Mjlab-Lift-Cube-Yam-Rgb,2,avg_return,42492928,15.1651
2602,WarpSAC-A,Mjlab-Lift-Cube-Yam-Rgb,2,avg_return,44992512,15.777
2603,WarpSAC-A,Mjlab-Lift-Cube-Yam-Rgb,2,avg_return,47492096,15.2041
2604,WarpSAC-A,Mjlab-Lift-Cube-Yam-Rgb,2,avg_return,49991680,15.1645
2605,WarpSAC-A,Mjlab-Lift-Cube-Yam-Rgb,2,avg_return,50000896,15.201
2606,WarpSAC-A,Mjlab-Lift-Cube-Yam-Rgb,2,avg_success,0,0.0
2607,WarpSAC-A,Mjlab-Lift-Cube-Yam-Rgb,2,avg_success,2499584,0.0
2608,WarpSAC-A,Mjlab-Lift-Cube-Yam-Rgb,2,avg_success,4999168,0.0
2609,WarpSAC-A,Mjlab-Lift-Cube-Yam-Rgb,2,avg_success,7498752,0.0
2610,WarpSAC-A,Mjlab-Lift-Cube-Yam-Rgb,2,avg_success,9998336,0.0
2611,WarpSAC-A,Mjlab-Lift-Cube-Yam-Rgb,2,avg_success,12497920,0.0
2612,WarpSAC-A,Mjlab-Lift-Cube-Yam-Rgb,2,avg_success,14997504,0.0
2613,WarpSAC-A,Mjlab-Lift-Cube-Yam-Rgb,2,avg_success,17497088,0.0
2614,WarpSAC-A,Mjlab-Lift-Cube-Yam-Rgb,2,avg_success,19996672,0.0
2615,WarpSAC-A,Mjlab-Lift-Cube-Yam-Rgb,2,avg_success,22496256,0.0
2616,WarpSAC-A,Mjlab-Lift-Cube-Yam-Rgb,2,avg_success,24995840,0.0
2617,WarpSAC-A,Mjlab-Lift-Cube-Yam-Rgb,2,avg_success,27495424,0.0
2618,WarpSAC-A,Mjlab-Lift-Cube-Yam-Rgb,2,avg_success,29995008,0.0
2619,WarpSAC-A,Mjlab-Lift-Cube-Yam-Rgb,2,avg_success,32494592,0.0
2620,WarpSAC-A,Mjlab-Lift-Cube-Yam-Rgb,2,avg_success,34994176,0.0
2621,WarpSAC-A,Mjlab-Lift-Cube-Yam-Rgb,2,avg_success,37493760,0.0
2622,WarpSAC-A,Mjlab-Lift-Cube-Yam-Rgb,2,avg_success,39993344,0.0
2623,WarpSAC-A,Mjlab-Lift-Cube-Yam-Rgb,2,avg_success,42492928,0.0
2624,WarpSAC-A,Mjlab-Lift-Cube-Yam-Rgb,2,avg_success,44992512,0.0
2625,WarpSAC-A,Mjlab-Lift-Cube-Yam-Rgb,2,avg_success,47492096,0.0
2626,WarpSAC-A,Mjlab-Lift-Cube-Yam-Rgb,2,avg_success,49991680,0.0
2627,WarpSAC-A,Mjlab-Lift-Cube-Yam-Rgb,2,avg_success,50000896,0.0
2628,WarpSAC-A,Mjlab-Lift-Cube-Yam-Rgb,3,avg_return,0,-4.2122
2629,WarpSAC-A,Mjlab-Lift-Cube-Yam-Rgb,3,avg_return,2499584,14.4124
2630,WarpSAC-A,Mjlab-Lift-Cube-Yam-Rgb,3,avg_return,4999168,14.3942
2631,WarpSAC-A,Mjlab-Lift-Cube-Yam-Rgb,3,avg_return,7498752,16.5436
2632,WarpSAC-A,Mjlab-Lift-Cube-Yam-Rgb,3,avg_return,9998336,16.7817
2633,WarpSAC-A,Mjlab-Lift-Cube-Yam-Rgb,3,avg_return,12497920,15.949
2634,WarpSAC-A,Mjlab-Lift-Cube-Yam-Rgb,3,avg_return,14997504,15.8179
2635,WarpSAC-A,Mjlab-Lift-Cube-Yam-Rgb,3,avg_return,17497088,15.457
2636,WarpSAC-A,Mjlab-Lift-Cube-Yam-Rgb,3,avg_return,19996672,16.0687
2637,WarpSAC-A,Mjlab-Lift-Cube-Yam-Rgb,3,avg_return,22496256,15.4098
2638,WarpSAC-A,Mjlab-Lift-Cube-Yam-Rgb,3,avg_return,24995840,16.1921
2639,WarpSAC-A,Mjlab-Lift-Cube-Yam-Rgb,3,avg_return,27495424,15.9815
2640,WarpSAC-A,Mjlab-Lift-Cube-Yam-Rgb,3,avg_return,29995008,15.4149
2641,WarpSAC-A,Mjlab-Lift-Cube-Yam-Rgb,3,avg_return,32494592,14.9091
2642,WarpSAC-A,Mjlab-Lift-Cube-Yam-Rgb,3,avg_return,34994176,15.4789
2643,WarpSAC-A,Mjlab-Lift-Cube-Yam-Rgb,3,avg_return,37493760,15.9407
2644,WarpSAC-A,Mjlab-Lift-Cube-Yam-Rgb,3,avg_return,39993344,15.9753
2645,WarpSAC-A,Mjlab-Lift-Cube-Yam-Rgb,3,avg_return,42492928,15.8564
2646,WarpSAC-A,Mjlab-Lift-Cube-Yam-Rgb,3,avg_return,44992512,15.3801
2647,WarpSAC-A,Mjlab-Lift-Cube-Yam-Rgb,3,avg_return,47492096,15.5251
2648,WarpSAC-A,Mjlab-Lift-Cube-Yam-Rgb,3,avg_return,49991680,15.8465
2649,WarpSAC-A,Mjlab-Lift-Cube-Yam-Rgb,3,avg_return,50000896,15.0099
2650,WarpSAC-A,Mjlab-Lift-Cube-Yam-Rgb,3,avg_success,0,0.0
2651,WarpSAC-A,Mjlab-Lift-Cube-Yam-Rgb,3,avg_success,2499584,0.0
2652,WarpSAC-A,Mjlab-Lift-Cube-Yam-Rgb,3,avg_success,4999168,0.0
2653,WarpSAC-A,Mjlab-Lift-Cube-Yam-Rgb,3,avg_success,7498752,0.0
2654,WarpSAC-A,Mjlab-Lift-Cube-Yam-Rgb,3,avg_success,9998336,0.0
2655,WarpSAC-A,Mjlab-Lift-Cube-Yam-Rgb,3,avg_success,12497920,0.0
2656,WarpSAC-A,Mjlab-Lift-Cube-Yam-Rgb,3,avg_success,14997504,0.0
2657,WarpSAC-A,Mjlab-Lift-Cube-Yam-Rgb,3,avg_success,17497088,0.0
2658,WarpSAC-A,Mjlab-Lift-Cube-Yam-Rgb,3,avg_success,19996672,0.0
2659,WarpSAC-A,Mjlab-Lift-Cube-Yam-Rgb,3,avg_success,22496256,0.0
2660,WarpSAC-A,Mjlab-Lift-Cube-Yam-Rgb,3,avg_success,24995840,0.0
2661,WarpSAC-A,Mjlab-Lift-Cube-Yam-Rgb,3,avg_success,27495424,0.0
2662,WarpSAC-A,Mjlab-Lift-Cube-Yam-Rgb,3,avg_success,29995008,0.0
2663,WarpSAC-A,Mjlab-Lift-Cube-Yam-Rgb,3,avg_success,32494592,0.0
2664,WarpSAC-A,Mjlab-Lift-Cube-Yam-Rgb,3,avg_success,34994176,0.0
2665,WarpSAC-A,Mjlab-Lift-Cube-Yam-Rgb,3,avg_success,37493760,0.0
2666,WarpSAC-A,Mjlab-Lift-Cube-Yam-Rgb,3,avg_success,39993344,0.0
2667,WarpSAC-A,Mjlab-Lift-Cube-Yam-Rgb,3,avg_success,42492928,0.0
2668,WarpSAC-A,Mjlab-Lift-Cube-Yam-Rgb,3,avg_success,44992512,0.0
2669,WarpSAC-A,Mjlab-Lift-Cube-Yam-Rgb,3,avg_success,47492096,0.0
2670,WarpSAC-A,Mjlab-Lift-Cube-Yam-Rgb,3,avg_success,49991680,0.0
2671,WarpSAC-A,Mjlab-Lift-Cube-Yam-Rgb,3,avg_success,50000896,0.0
2672,WarpSAC-A,Mjlab-Lift-Cube-Yam-Rgb,4,avg_return,0,-17.5373
2673,WarpSAC-A,Mjlab-Lift-Cube-Yam-Rgb,4,avg_return,2499584,13.9322
2674,WarpSAC-A,Mjlab-Lift-Cube-Yam-Rgb,4,avg_return,4999168,15.4502
2675,WarpSAC-A,Mjlab-Lift-Cube-Yam-Rgb,4,avg_return,7498752,14.6296
2676,WarpSAC-A,Mjlab-Lift-Cube-Yam-Rgb,4,avg_return,9998336,15.4455
2677,WarpSAC-A,Mjlab-Lift-Cube-Yam-Rgb,4,avg_return,12497920,15.3563
2678,WarpSAC-A,Mjlab-Lift-Cube-Yam-Rgb,4,avg_return,14997504,16.0498
2679,WarpSAC-A,Mjlab-Lift-Cube-Yam-Rgb,4,avg_return,17497088,16.4146
2680,WarpSAC-A,Mjlab-Lift-Cube-Yam-Rgb,4,avg_return,19996672,16.5795
2681,WarpSAC-A,Mjlab-Lift-Cube-Yam-Rgb,4,avg_return,22496256,16.0926
2682,WarpSAC-A,Mjlab-Lift-Cube-Yam-Rgb,4,avg_return,24995840,15.7447
2683,WarpSAC-A,Mjlab-Lift-Cube-Yam-Rgb,4,avg_return,27495424,15.9512
2684,WarpSAC-A,Mjlab-Lift-Cube-Yam-Rgb,4,avg_return,29995008,15.586
2685,WarpSAC-A,Mjlab-Lift-Cube-Yam-Rgb,4,avg_return,32494592,15.3657
2686,WarpSAC-A,Mjlab-Lift-Cube-Yam-Rgb,4,avg_return,34994176,15.2684
2687,WarpSAC-A,Mjlab-Lift-Cube-Yam-Rgb,4,avg_return,37493760,15.1897
2688,WarpSAC-A,Mjlab-Lift-Cube-Yam-Rgb,4,avg_return,39993344,15.0967
2689,WarpSAC-A,Mjlab-Lift-Cube-Yam-Rgb,4,avg_return,42492928,16.2586
2690,WarpSAC-A,Mjlab-Lift-Cube-Yam-Rgb,4,avg_return,44992512,16.1119
2691,WarpSAC-A,Mjlab-Lift-Cube-Yam-Rgb,4,avg_return,47492096,14.7643
2692,WarpSAC-A,Mjlab-Lift-Cube-Yam-Rgb,4,avg_return,49991680,16.2924
2693,WarpSAC-A,Mjlab-Lift-Cube-Yam-Rgb,4,avg_return,50000896,15.3697
2694,WarpSAC-A,Mjlab-Lift-Cube-Yam-Rgb,4,avg_success,0,0.0
2695,WarpSAC-A,Mjlab-Lift-Cube-Yam-Rgb,4,avg_success,2499584,0.0
2696,WarpSAC-A,Mjlab-Lift-Cube-Yam-Rgb,4,avg_success,4999168,0.0
2697,WarpSAC-A,Mjlab-Lift-Cube-Yam-Rgb,4,avg_success,7498752,0.0
2698,WarpSAC-A,Mjlab-Lift-Cube-Yam-Rgb,4,avg_success,9998336,0.0
2699,WarpSAC-A,Mjlab-Lift-Cube-Yam-Rgb,4,avg_success,12497920,0.0
2700,WarpSAC-A,Mjlab-Lift-Cube-Yam-Rgb,4,avg_success,14997504,0.0
2701,WarpSAC-A,Mjlab-Lift-Cube-Yam-Rgb,4,avg_success,17497088,0.0
2702,WarpSAC-A,Mjlab-Lift-Cube-Yam-Rgb,4,avg_success,19996672,0.0
2703,WarpSAC-A,Mjlab-Lift-Cube-Yam-Rgb,4,avg_success,22496256,0.0
2704,WarpSAC-A,Mjlab-Lift-Cube-Yam-Rgb,4,avg_success,24995840,0.0
2705,WarpSAC-A,Mjlab-Lift-Cube-Yam-Rgb,4,avg_success,27495424,0.0
2706,WarpSAC-A,Mjlab-Lift-Cube-Yam-Rgb,4,avg_success,29995008,0.0
2707,WarpSAC-A,Mjlab-Lift-Cube-Yam-Rgb,4,avg_success,32494592,0.0
2708,WarpSAC-A,Mjlab-Lift-Cube-Yam-Rgb,4,avg_success,34994176,0.0
2709,WarpSAC-A,Mjlab-Lift-Cube-Yam-Rgb,4,avg_success,37493760,0.0
2710,WarpSAC-A,Mjlab-Lift-Cube-Yam-Rgb,4,avg_success,39993344,0.0
2711,WarpSAC-A,Mjlab-Lift-Cube-Yam-Rgb,4,avg_success,42492928,0.0
2712,WarpSAC-A,Mjlab-Lift-Cube-Yam-Rgb,4,avg_success,44992512,0.0
2713,WarpSAC-A,Mjlab-Lift-Cube-Yam-Rgb,4,avg_success,47492096,0.0
2714,WarpSAC-A,Mjlab-Lift-Cube-Yam-Rgb,4,avg_success,49991680,0.0
2715,WarpSAC-A,Mjlab-Lift-Cube-Yam-Rgb,4,avg_success,50000896,0.0
2716,WarpSAC-A,Mjlab-Lift-Cube-Yam-Rgb,5,avg_return,0,7.6169
2717,WarpSAC-A,Mjlab-Lift-Cube-Yam-Rgb,5,avg_return,2499584,14.0152
2718,WarpSAC-A,Mjlab-Lift-Cube-Yam-Rgb,5,avg_return,4999168,14.7321
2719,WarpSAC-A,Mjlab-Lift-Cube-Yam-Rgb,5,avg_return,7498752,15.3912
2720,WarpSAC-A,Mjlab-Lift-Cube-Yam-Rgb,5,avg_return,9998336,16.3434
2721,WarpSAC-A,Mjlab-Lift-Cube-Yam-Rgb,5,avg_return,12497920,16.1077
2722,WarpSAC-A,Mjlab-Lift-Cube-Yam-Rgb,5,avg_return,14997504,15.9778
2723,WarpSAC-A,Mjlab-Lift-Cube-Yam-Rgb,5,avg_return,17497088,16.1885
2724,WarpSAC-A,Mjlab-Lift-Cube-Yam-Rgb,5,avg_return,19996672,16.3405
2725,WarpSAC-A,Mjlab-Lift-Cube-Yam-Rgb,5,avg_return,22496256,15.9287
2726,WarpSAC-A,Mjlab-Lift-Cube-Yam-Rgb,5,avg_return,24995840,16.4463
2727,WarpSAC-A,Mjlab-Lift-Cube-Yam-Rgb,5,avg_return,27495424,15.6652
2728,WarpSAC-A,Mjlab-Lift-Cube-Yam-Rgb,5,avg_return,29995008,16.0387
2729,WarpSAC-A,Mjlab-Lift-Cube-Yam-Rgb,5,avg_return,32494592,15.9948
2730,WarpSAC-A,Mjlab-Lift-Cube-Yam-Rgb,5,avg_return,34994176,15.3057
2731,WarpSAC-A,Mjlab-Lift-Cube-Yam-Rgb,5,avg_return,37493760,15.1174
2732,WarpSAC-A,Mjlab-Lift-Cube-Yam-Rgb,5,avg_return,39993344,15.9669
2733,WarpSAC-A,Mjlab-Lift-Cube-Yam-Rgb,5,avg_return,42492928,15.1766
2734,WarpSAC-A,Mjlab-Lift-Cube-Yam-Rgb,5,avg_return,44992512,15.6153
2735,WarpSAC-A,Mjlab-Lift-Cube-Yam-Rgb,5,avg_return,47492096,15.5333
2736,WarpSAC-A,Mjlab-Lift-Cube-Yam-Rgb,5,avg_return,49991680,15.7624
2737,WarpSAC-A,Mjlab-Lift-Cube-Yam-Rgb,5,avg_return,50000896,15.7462
2738,WarpSAC-A,Mjlab-Lift-Cube-Yam-Rgb,5,avg_success,0,0.0
2739,WarpSAC-A,Mjlab-Lift-Cube-Yam-Rgb,5,avg_success,2499584,0.0
2740,WarpSAC-A,Mjlab-Lift-Cube-Yam-Rgb,5,avg_success,4999168,0.0
2741,WarpSAC-A,Mjlab-Lift-Cube-Yam-Rgb,5,avg_success,7498752,0.0
2742,WarpSAC-A,Mjlab-Lift-Cube-Yam-Rgb,5,avg_success,9998336,0.0
2743,WarpSAC-A,Mjlab-Lift-Cube-Yam-Rgb,5,avg_success,12497920,0.0
2744,WarpSAC-A,Mjlab-Lift-Cube-Yam-Rgb,5,avg_success,14997504,0.0
2745,WarpSAC-A,Mjlab-Lift-Cube-Yam-Rgb,5,avg_success,17497088,0.0
2746,WarpSAC-A,Mjlab-Lift-Cube-Yam-Rgb,5,avg_success,19996672,0.0
2747,WarpSAC-A,Mjlab-Lift-Cube-Yam-Rgb,5,avg_success,22496256,0.0
2748,WarpSAC-A,Mjlab-Lift-Cube-Yam-Rgb,5,avg_success,24995840,0.0
2749,WarpSAC-A,Mjlab-Lift-Cube-Yam-Rgb,5,avg_success,27495424,0.0
2750,WarpSAC-A,Mjlab-Lift-Cube-Yam-Rgb,5,avg_success,29995008,0.0
2751,WarpSAC-A,Mjlab-Lift-Cube-Yam-Rgb,5,avg_success,32494592,0.0
2752,WarpSAC-A,Mjlab-Lift-Cube-Yam-Rgb,5,avg_success,34994176,0.0
2753,WarpSAC-A,Mjlab-Lift-Cube-Yam-Rgb,5,avg_success,37493760,0.0
2754,WarpSAC-A,Mjlab-Lift-Cube-Yam-Rgb,5,avg_success,39993344,0.0
2755,WarpSAC-A,Mjlab-Lift-Cube-Yam-Rgb,5,avg_success,42492928,0.0
2756,WarpSAC-A,Mjlab-Lift-Cube-Yam-Rgb,5,avg_success,44992512,0.0
2757,WarpSAC-A,Mjlab-Lift-Cube-Yam-Rgb,5,avg_success,47492096,0.0
2758,WarpSAC-A,Mjlab-Lift-Cube-Yam-Rgb,5,avg_success,49991680,0.0
2759,WarpSAC-A,Mjlab-Lift-Cube-Yam-Rgb,5,avg_success,50000896,0.0
2760,WarpSAC-A,Mjlab-Multi-Cube-Seg-Yam,1,avg_return,0,-16.0485
2761,WarpSAC-A,Mjlab-Multi-Cube-Seg-Yam,1,avg_return,2499584,15.7269
2762,WarpSAC-A,Mjlab-Multi-Cube-Seg-Yam,1,avg_return,4999168,16.4225
2763,WarpSAC-A,Mjlab-Multi-Cube-Seg-Yam,1,avg_return,7498752,17.8818
2764,WarpSAC-A,Mjlab-Multi-Cube-Seg-Yam,1,avg_return,9998336,17.5394
2765,WarpSAC-A,Mjlab-Multi-Cube-Seg-Yam,1,avg_return,12497920,17.6869
2766,WarpSAC-A,Mjlab-Multi-Cube-Seg-Yam,1,avg_return,14997504,17.6525
2767,WarpSAC-A,Mjlab-Multi-Cube-Seg-Yam,1,avg_return,17497088,16.8935
2768,WarpSAC-A,Mjlab-Multi-Cube-Seg-Yam,1,avg_return,19996672,16.9791
2769,WarpSAC-A,Mjlab-Multi-Cube-Seg-Yam,1,avg_return,22496256,17.1807
2770,WarpSAC-A,Mjlab-Multi-Cube-Seg-Yam,1,avg_return,24995840,17.4007
2771,WarpSAC-A,Mjlab-Multi-Cube-Seg-Yam,1,avg_return,27495424,17.57
2772,WarpSAC-A,Mjlab-Multi-Cube-Seg-Yam,1,avg_return,29995008,16.5032
2773,WarpSAC-A,Mjlab-Multi-Cube-Seg-Yam,1,avg_return,32494592,17.5939
2774,WarpSAC-A,Mjlab-Multi-Cube-Seg-Yam,1,avg_return,34994176,17.3156
2775,WarpSAC-A,Mjlab-Multi-Cube-Seg-Yam,1,avg_return,37493760,16.8171
2776,WarpSAC-A,Mjlab-Multi-Cube-Seg-Yam,1,avg_return,39993344,16.1612
2777,WarpSAC-A,Mjlab-Multi-Cube-Seg-Yam,1,avg_return,42492928,17.288
2778,WarpSAC-A,Mjlab-Multi-Cube-Seg-Yam,1,avg_return,44992512,16.7589
2779,WarpSAC-A,Mjlab-Multi-Cube-Seg-Yam,1,avg_return,47492096,17.2353
2780,WarpSAC-A,Mjlab-Multi-Cube-Seg-Yam,1,avg_return,49991680,17.6057
2781,WarpSAC-A,Mjlab-Multi-Cube-Seg-Yam,1,avg_return,50000896,17.2155
2782,WarpSAC-A,Mjlab-Multi-Cube-Seg-Yam,1,avg_success,0,0.0
2783,WarpSAC-A,Mjlab-Multi-Cube-Seg-Yam,1,avg_success,2499584,0.0
2784,WarpSAC-A,Mjlab-Multi-Cube-Seg-Yam,1,avg_success,4999168,0.0
2785,WarpSAC-A,Mjlab-Multi-Cube-Seg-Yam,1,avg_success,7498752,0.0
2786,WarpSAC-A,Mjlab-Multi-Cube-Seg-Yam,1,avg_success,9998336,0.0
2787,WarpSAC-A,Mjlab-Multi-Cube-Seg-Yam,1,avg_success,12497920,0.0
2788,WarpSAC-A,Mjlab-Multi-Cube-Seg-Yam,1,avg_success,14997504,0.0
2789,WarpSAC-A,Mjlab-Multi-Cube-Seg-Yam,1,avg_success,17497088,0.0
2790,WarpSAC-A,Mjlab-Multi-Cube-Seg-Yam,1,avg_success,19996672,0.0
2791,WarpSAC-A,Mjlab-Multi-Cube-Seg-Yam,1,avg_success,22496256,0.0
2792,WarpSAC-A,Mjlab-Multi-Cube-Seg-Yam,1,avg_success,24995840,0.0
2793,WarpSAC-A,Mjlab-Multi-Cube-Seg-Yam,1,avg_success,27495424,0.0
2794,WarpSAC-A,Mjlab-Multi-Cube-Seg-Yam,1,avg_success,29995008,0.0
2795,WarpSAC-A,Mjlab-Multi-Cube-Seg-Yam,1,avg_success,32494592,0.0
2796,WarpSAC-A,Mjlab-Multi-Cube-Seg-Yam,1,avg_success,34994176,0.0
2797,WarpSAC-A,Mjlab-Multi-Cube-Seg-Yam,1,avg_success,37493760,0.0
2798,WarpSAC-A,Mjlab-Multi-Cube-Seg-Yam,1,avg_success,39993344,0.0
2799,WarpSAC-A,Mjlab-Multi-Cube-Seg-Yam,1,avg_success,42492928,0.0
2800,WarpSAC-A,Mjlab-Multi-Cube-Seg-Yam,1,avg_success,44992512,0.0
2801,WarpSAC-A,Mjlab-Multi-Cube-Seg-Yam,1,avg_success,47492096,0.0
2802,WarpSAC-A,Mjlab-Multi-Cube-Seg-Yam,1,avg_success,49991680,0.0
2803,WarpSAC-A,Mjlab-Multi-Cube-Seg-Yam,1,avg_success,50000896,0.0
2804,WarpSAC-A,Mjlab-Multi-Cube-Seg-Yam,2,avg_return,0,-5.66
2805,WarpSAC-A,Mjlab-Multi-Cube-Seg-Yam,2,avg_return,2499584,15.5403
2806,WarpSAC-A,Mjlab-Multi-Cube-Seg-Yam,2,avg_return,4999168,16.2707
2807,WarpSAC-A,Mjlab-Multi-Cube-Seg-Yam,2,avg_return,7498752,17.4448
2808,WarpSAC-A,Mjlab-Multi-Cube-Seg-Yam,2,avg_return,9998336,17.2403
2809,WarpSAC-A,Mjlab-Multi-Cube-Seg-Yam,2,avg_return,12497920,17.9644
2810,WarpSAC-A,Mjlab-Multi-Cube-Seg-Yam,2,avg_return,14997504,17.3382
2811,WarpSAC-A,Mjlab-Multi-Cube-Seg-Yam,2,avg_return,17497088,17.1541
2812,WarpSAC-A,Mjlab-Multi-Cube-Seg-Yam,2,avg_return,19996672,17.9966
2813,WarpSAC-A,Mjlab-Multi-Cube-Seg-Yam,2,avg_return,22496256,17.4393
2814,WarpSAC-A,Mjlab-Multi-Cube-Seg-Yam,2,avg_return,24995840,18.2184
2815,WarpSAC-A,Mjlab-Multi-Cube-Seg-Yam,2,avg_return,27495424,17.66
2816,WarpSAC-A,Mjlab-Multi-Cube-Seg-Yam,2,avg_return,29995008,17.674
2817,WarpSAC-A,Mjlab-Multi-Cube-Seg-Yam,2,avg_return,32494592,17.6531
2818,WarpSAC-A,Mjlab-Multi-Cube-Seg-Yam,2,avg_return,34994176,16.6433
2819,WarpSAC-A,Mjlab-Multi-Cube-Seg-Yam,2,avg_return,37493760,17.6156
2820,WarpSAC-A,Mjlab-Multi-Cube-Seg-Yam,2,avg_return,39993344,17.8476
2821,WarpSAC-A,Mjlab-Multi-Cube-Seg-Yam,2,avg_return,42492928,17.1103
2822,WarpSAC-A,Mjlab-Multi-Cube-Seg-Yam,2,avg_return,44992512,17.6478
2823,WarpSAC-A,Mjlab-Multi-Cube-Seg-Yam,2,avg_return,47492096,16.7806
2824,WarpSAC-A,Mjlab-Multi-Cube-Seg-Yam,2,avg_return,49991680,17.1591
2825,WarpSAC-A,Mjlab-Multi-Cube-Seg-Yam,2,avg_return,50000896,17.4606
2826,WarpSAC-A,Mjlab-Multi-Cube-Seg-Yam,2,avg_success,0,0.0
2827,WarpSAC-A,Mjlab-Multi-Cube-Seg-Yam,2,avg_success,2499584,0.0
2828,WarpSAC-A,Mjlab-Multi-Cube-Seg-Yam,2,avg_success,4999168,0.0
2829,WarpSAC-A,Mjlab-Multi-Cube-Seg-Yam,2,avg_success,7498752,0.0
2830,WarpSAC-A,Mjlab-Multi-Cube-Seg-Yam,2,avg_success,9998336,0.0
2831,WarpSAC-A,Mjlab-Multi-Cube-Seg-Yam,2,avg_success,12497920,0.0
2832,WarpSAC-A,Mjlab-Multi-Cube-Seg-Yam,2,avg_success,14997504,0.0
2833,WarpSAC-A,Mjlab-Multi-Cube-Seg-Yam,2,avg_success,17497088,0.0
2834,WarpSAC-A,Mjlab-Multi-Cube-Seg-Yam,2,avg_success,19996672,0.0
2835,WarpSAC-A,Mjlab-Multi-Cube-Seg-Yam,2,avg_success,22496256,0.0
2836,WarpSAC-A,Mjlab-Multi-Cube-Seg-Yam,2,avg_success,24995840,0.0
2837,WarpSAC-A,Mjlab-Multi-Cube-Seg-Yam,2,avg_success,27495424,0.0
2838,WarpSAC-A,Mjlab-Multi-Cube-Seg-Yam,2,avg_success,29995008,0.0
2839,WarpSAC-A,Mjlab-Multi-Cube-Seg-Yam,2,avg_success,32494592,0.0
2840,WarpSAC-A,Mjlab-Multi-Cube-Seg-Yam,2,avg_success,34994176,0.0
2841,WarpSAC-A,Mjlab-Multi-Cube-Seg-Yam,2,avg_success,37493760,0.0
2842,WarpSAC-A,Mjlab-Multi-Cube-Seg-Yam,2,avg_success,39993344,0.0
2843,WarpSAC-A,Mjlab-Multi-Cube-Seg-Yam,2,avg_success,42492928,0.0
2844,WarpSAC-A,Mjlab-Multi-Cube-Seg-Yam,2,avg_success,44992512,0.0
2845,WarpSAC-A,Mjlab-Multi-Cube-Seg-Yam,2,avg_success,47492096,0.0
2846,WarpSAC-A,Mjlab-Multi-Cube-Seg-Yam,2,avg_success,49991680,0.0
2847,WarpSAC-A,Mjlab-Multi-Cube-Seg-Yam,2,avg_success,50000896,0.0
2848,WarpSAC-A,Mjlab-Multi-Cube-Seg-Yam,3,avg_return,0,-4.2013
2849,WarpSAC-A,Mjlab-Multi-Cube-Seg-Yam,3,avg_return,2499584,16.1865
2850,WarpSAC-A,Mjlab-Multi-Cube-Seg-Yam,3,avg_return,4999168,16.6744
2851,WarpSAC-A,Mjlab-Multi-Cube-Seg-Yam,3,avg_return,7498752,18.0993
2852,WarpSAC-A,Mjlab-Multi-Cube-Seg-Yam,3,avg_return,9998336,17.8891
2853,WarpSAC-A,Mjlab-Multi-Cube-Seg-Yam,3,avg_return,12497920,18.475
2854,WarpSAC-A,Mjlab-Multi-Cube-Seg-Yam,3,avg_return,14997504,17.0585
2855,WarpSAC-A,Mjlab-Multi-Cube-Seg-Yam,3,avg_return,17497088,16.9217
2856,WarpSAC-A,Mjlab-Multi-Cube-Seg-Yam,3,avg_return,19996672,17.7465
2857,WarpSAC-A,Mjlab-Multi-Cube-Seg-Yam,3,avg_return,22496256,16.9841
2858,WarpSAC-A,Mjlab-Multi-Cube-Seg-Yam,3,avg_return,24995840,17.5655
2859,WarpSAC-A,Mjlab-Multi-Cube-Seg-Yam,3,avg_return,27495424,17.8066
2860,WarpSAC-A,Mjlab-Multi-Cube-Seg-Yam,3,avg_return,29995008,17.0849
2861,WarpSAC-A,Mjlab-Multi-Cube-Seg-Yam,3,avg_return,32494592,17.75
2862,WarpSAC-A,Mjlab-Multi-Cube-Seg-Yam,3,avg_return,34994176,17.1971
2863,WarpSAC-A,Mjlab-Multi-Cube-Seg-Yam,3,avg_return,37493760,17.0149
2864,WarpSAC-A,Mjlab-Multi-Cube-Seg-Yam,3,avg_return,39993344,17.2611
2865,WarpSAC-A,Mjlab-Multi-Cube-Seg-Yam,3,avg_return,42492928,17.2501
2866,WarpSAC-A,Mjlab-Multi-Cube-Seg-Yam,3,avg_return,44992512,17.0791
2867,WarpSAC-A,Mjlab-Multi-Cube-Seg-Yam,3,avg_return,47492096,16.9576
2868,WarpSAC-A,Mjlab-Multi-Cube-Seg-Yam,3,avg_return,49991680,16.976
2869,WarpSAC-A,Mjlab-Multi-Cube-Seg-Yam,3,avg_return,50000896,17.4779
2870,WarpSAC-A,Mjlab-Multi-Cube-Seg-Yam,3,avg_success,0,0.0
2871,WarpSAC-A,Mjlab-Multi-Cube-Seg-Yam,3,avg_success,2499584,0.0
2872,WarpSAC-A,Mjlab-Multi-Cube-Seg-Yam,3,avg_success,4999168,0.0
2873,WarpSAC-A,Mjlab-Multi-Cube-Seg-Yam,3,avg_success,7498752,0.0
2874,WarpSAC-A,Mjlab-Multi-Cube-Seg-Yam,3,avg_success,9998336,0.0
2875,WarpSAC-A,Mjlab-Multi-Cube-Seg-Yam,3,avg_success,12497920,0.0
2876,WarpSAC-A,Mjlab-Multi-Cube-Seg-Yam,3,avg_success,14997504,0.0
2877,WarpSAC-A,Mjlab-Multi-Cube-Seg-Yam,3,avg_success,17497088,0.0
2878,WarpSAC-A,Mjlab-Multi-Cube-Seg-Yam,3,avg_success,19996672,0.0
2879,WarpSAC-A,Mjlab-Multi-Cube-Seg-Yam,3,avg_success,22496256,0.0
2880,WarpSAC-A,Mjlab-Multi-Cube-Seg-Yam,3,avg_success,24995840,0.0
2881,WarpSAC-A,Mjlab-Multi-Cube-Seg-Yam,3,avg_success,27495424,0.0
2882,WarpSAC-A,Mjlab-Multi-Cube-Seg-Yam,3,avg_success,29995008,0.0
2883,WarpSAC-A,Mjlab-Multi-Cube-Seg-Yam,3,avg_success,32494592,0.0
2884,WarpSAC-A,Mjlab-Multi-Cube-Seg-Yam,3,avg_success,34994176,0.0
2885,WarpSAC-A,Mjlab-Multi-Cube-Seg-Yam,3,avg_success,37493760,0.0
2886,WarpSAC-A,Mjlab-Multi-Cube-Seg-Yam,3,avg_success,39993344,0.0
2887,WarpSAC-A,Mjlab-Multi-Cube-Seg-Yam,3,avg_success,42492928,0.0
2888,WarpSAC-A,Mjlab-Multi-Cube-Seg-Yam,3,avg_success,44992512,0.0
2889,WarpSAC-A,Mjlab-Multi-Cube-Seg-Yam,3,avg_success,47492096,0.0
2890,WarpSAC-A,Mjlab-Multi-Cube-Seg-Yam,3,avg_success,49991680,0.0
2891,WarpSAC-A,Mjlab-Multi-Cube-Seg-Yam,3,avg_success,50000896,0.0
2892,WarpSAC-A,Mjlab-Multi-Cube-Seg-Yam,4,avg_return,0,-16.3779
2893,WarpSAC-A,Mjlab-Multi-Cube-Seg-Yam,4,avg_return,2499584,15.0892
2894,WarpSAC-A,Mjlab-Multi-Cube-Seg-Yam,4,avg_return,4999168,16.678
2895,WarpSAC-A,Mjlab-Multi-Cube-Seg-Yam,4,avg_return,7498752,17.8535
2896,WarpSAC-A,Mjlab-Multi-Cube-Seg-Yam,4,avg_return,9998336,17.487
2897,WarpSAC-A,Mjlab-Multi-Cube-Seg-Yam,4,avg_return,12497920,17.8621
2898,WarpSAC-A,Mjlab-Multi-Cube-Seg-Yam,4,avg_return,14997504,16.9117
2899,WarpSAC-A,Mjlab-Multi-Cube-Seg-Yam,4,avg_return,17497088,16.9618
2900,WarpSAC-A,Mjlab-Multi-Cube-Seg-Yam,4,avg_return,19996672,17.6597
2901,WarpSAC-A,Mjlab-Multi-Cube-Seg-Yam,4,avg_return,22496256,17.0446
2902,WarpSAC-A,Mjlab-Multi-Cube-Seg-Yam,4,avg_return,24995840,17.5521
2903,WarpSAC-A,Mjlab-Multi-Cube-Seg-Yam,4,avg_return,27495424,17.1159
2904,WarpSAC-A,Mjlab-Multi-Cube-Seg-Yam,4,avg_return,29995008,17.2464
2905,WarpSAC-A,Mjlab-Multi-Cube-Seg-Yam,4,avg_return,32494592,16.9037
2906,WarpSAC-A,Mjlab-Multi-Cube-Seg-Yam,4,avg_return,34994176,17.9788
2907,WarpSAC-A,Mjlab-Multi-Cube-Seg-Yam,4,avg_return,37493760,16.8548
2908,WarpSAC-A,Mjlab-Multi-Cube-Seg-Yam,4,avg_return,39993344,17.6595
2909,WarpSAC-A,Mjlab-Multi-Cube-Seg-Yam,4,avg_return,42492928,16.8247
2910,WarpSAC-A,Mjlab-Multi-Cube-Seg-Yam,4,avg_return,44992512,17.0049
2911,WarpSAC-A,Mjlab-Multi-Cube-Seg-Yam,4,avg_return,47492096,17.1668
2912,WarpSAC-A,Mjlab-Multi-Cube-Seg-Yam,4,avg_return,49991680,16.6363
2913,WarpSAC-A,Mjlab-Multi-Cube-Seg-Yam,4,avg_return,50000896,17.3847
2914,WarpSAC-A,Mjlab-Multi-Cube-Seg-Yam,4,avg_success,0,0.0
2915,WarpSAC-A,Mjlab-Multi-Cube-Seg-Yam,4,avg_success,2499584,0.0
2916,WarpSAC-A,Mjlab-Multi-Cube-Seg-Yam,4,avg_success,4999168,0.0
2917,WarpSAC-A,Mjlab-Multi-Cube-Seg-Yam,4,avg_success,7498752,0.0
2918,WarpSAC-A,Mjlab-Multi-Cube-Seg-Yam,4,avg_success,9998336,0.0
2919,WarpSAC-A,Mjlab-Multi-Cube-Seg-Yam,4,avg_success,12497920,0.0
2920,WarpSAC-A,Mjlab-Multi-Cube-Seg-Yam,4,avg_success,14997504,0.0
2921,WarpSAC-A,Mjlab-Multi-Cube-Seg-Yam,4,avg_success,17497088,0.0
2922,WarpSAC-A,Mjlab-Multi-Cube-Seg-Yam,4,avg_success,19996672,0.0
2923,WarpSAC-A,Mjlab-Multi-Cube-Seg-Yam,4,avg_success,22496256,0.0
2924,WarpSAC-A,Mjlab-Multi-Cube-Seg-Yam,4,avg_success,24995840,0.0
2925,WarpSAC-A,Mjlab-Multi-Cube-Seg-Yam,4,avg_success,27495424,0.0
2926,WarpSAC-A,Mjlab-Multi-Cube-Seg-Yam,4,avg_success,29995008,0.0
2927,WarpSAC-A,Mjlab-Multi-Cube-Seg-Yam,4,avg_success,32494592,0.0
2928,WarpSAC-A,Mjlab-Multi-Cube-Seg-Yam,4,avg_success,34994176,0.0
2929,WarpSAC-A,Mjlab-Multi-Cube-Seg-Yam,4,avg_success,37493760,0.0
2930,WarpSAC-A,Mjlab-Multi-Cube-Seg-Yam,4,avg_success,39993344,0.0
2931,WarpSAC-A,Mjlab-Multi-Cube-Seg-Yam,4,avg_success,42492928,0.0
2932,WarpSAC-A,Mjlab-Multi-Cube-Seg-Yam,4,avg_success,44992512,0.0
2933,WarpSAC-A,Mjlab-Multi-Cube-Seg-Yam,4,avg_success,47492096,0.0
2934,WarpSAC-A,Mjlab-Multi-Cube-Seg-Yam,4,avg_success,49991680,0.0
2935,WarpSAC-A,Mjlab-Multi-Cube-Seg-Yam,4,avg_success,50000896,0.0
2936,WarpSAC-A,Mjlab-Multi-Cube-Seg-Yam,5,avg_return,0,8.544
2937,WarpSAC-A,Mjlab-Multi-Cube-Seg-Yam,5,avg_return,2499584,14.861
2938,WarpSAC-A,Mjlab-Multi-Cube-Seg-Yam,5,avg_return,4999168,17.7955
2939,WarpSAC-A,Mjlab-Multi-Cube-Seg-Yam,5,avg_return,7498752,17.6162
2940,WarpSAC-A,Mjlab-Multi-Cube-Seg-Yam,5,avg_return,9998336,18.1446
2941,WarpSAC-A,Mjlab-Multi-Cube-Seg-Yam,5,avg_return,12497920,18.0282
2942,WarpSAC-A,Mjlab-Multi-Cube-Seg-Yam,5,avg_return,14997504,17.2588
2943,WarpSAC-A,Mjlab-Multi-Cube-Seg-Yam,5,avg_return,17497088,18.3228
2944,WarpSAC-A,Mjlab-Multi-Cube-Seg-Yam,5,avg_return,19996672,17.5431
2945,WarpSAC-A,Mjlab-Multi-Cube-Seg-Yam,5,avg_return,22496256,17.2886
2946,WarpSAC-A,Mjlab-Multi-Cube-Seg-Yam,5,avg_return,24995840,17.4707
2947,WarpSAC-A,Mjlab-Multi-Cube-Seg-Yam,5,avg_return,27495424,17.6796
2948,WarpSAC-A,Mjlab-Multi-Cube-Seg-Yam,5,avg_return,29995008,17.9155
2949,WarpSAC-A,Mjlab-Multi-Cube-Seg-Yam,5,avg_return,32494592,17.4627
2950,WarpSAC-A,Mjlab-Multi-Cube-Seg-Yam,5,avg_return,34994176,16.6832
2951,WarpSAC-A,Mjlab-Multi-Cube-Seg-Yam,5,avg_return,37493760,17.6775
2952,WarpSAC-A,Mjlab-Multi-Cube-Seg-Yam,5,avg_return,39993344,16.8494
2953,WarpSAC-A,Mjlab-Multi-Cube-Seg-Yam,5,avg_return,42492928,17.3209
2954,WarpSAC-A,Mjlab-Multi-Cube-Seg-Yam,5,avg_return,44992512,17.5861
2955,WarpSAC-A,Mjlab-Multi-Cube-Seg-Yam,5,avg_return,47492096,17.2297
2956,WarpSAC-A,Mjlab-Multi-Cube-Seg-Yam,5,avg_return,49991680,17.1256
2957,WarpSAC-A,Mjlab-Multi-Cube-Seg-Yam,5,avg_return,50000896,17.9543
2958,WarpSAC-A,Mjlab-Multi-Cube-Seg-Yam,5,avg_success,0,0.0
2959,WarpSAC-A,Mjlab-Multi-Cube-Seg-Yam,5,avg_success,2499584,0.0
2960,WarpSAC-A,Mjlab-Multi-Cube-Seg-Yam,5,avg_success,4999168,0.0
2961,WarpSAC-A,Mjlab-Multi-Cube-Seg-Yam,5,avg_success,7498752,0.0
2962,WarpSAC-A,Mjlab-Multi-Cube-Seg-Yam,5,avg_success,9998336,0.0
2963,WarpSAC-A,Mjlab-Multi-Cube-Seg-Yam,5,avg_success,12497920,0.0
2964,WarpSAC-A,Mjlab-Multi-Cube-Seg-Yam,5,avg_success,14997504,0.0
2965,WarpSAC-A,Mjlab-Multi-Cube-Seg-Yam,5,avg_success,17497088,0.0
2966,WarpSAC-A,Mjlab-Multi-Cube-Seg-Yam,5,avg_success,19996672,0.0
2967,WarpSAC-A,Mjlab-Multi-Cube-Seg-Yam,5,avg_success,22496256,0.0
2968,WarpSAC-A,Mjlab-Multi-Cube-Seg-Yam,5,avg_success,24995840,0.0
2969,WarpSAC-A,Mjlab-Multi-Cube-Seg-Yam,5,avg_success,27495424,0.0
2970,WarpSAC-A,Mjlab-Multi-Cube-Seg-Yam,5,avg_success,29995008,0.0
2971,WarpSAC-A,Mjlab-Multi-Cube-Seg-Yam,5,avg_success,32494592,0.0
2972,WarpSAC-A,Mjlab-Multi-Cube-Seg-Yam,5,avg_success,34994176,0.0
2973,WarpSAC-A,Mjlab-Multi-Cube-Seg-Yam,5,avg_success,37493760,0.0
2974,WarpSAC-A,Mjlab-Multi-Cube-Seg-Yam,5,avg_success,39993344,0.0
2975,WarpSAC-A,Mjlab-Multi-Cube-Seg-Yam,5,avg_success,42492928,0.0
2976,WarpSAC-A,Mjlab-Multi-Cube-Seg-Yam,5,avg_success,44992512,0.0
2977,WarpSAC-A,Mjlab-Multi-Cube-Seg-Yam,5,avg_success,47492096,0.0
2978,WarpSAC-A,Mjlab-Multi-Cube-Seg-Yam,5,avg_success,49991680,0.0
2979,WarpSAC-A,Mjlab-Multi-Cube-Seg-Yam,5,avg_success,50000896,0.0
2980,WarpSAC-A,Mjlab-Velocity-Flat-Unitree-G1,1,avg_return,0,-2.5332
2981,WarpSAC-A,Mjlab-Velocity-Flat-Unitree-G1,1,avg_return,2499584,11.1983
2982,WarpSAC-A,Mjlab-Velocity-Flat-Unitree-G1,1,avg_return,4999168,14.5471
2983,WarpSAC-A,Mjlab-Velocity-Flat-Unitree-G1,1,avg_return,7498752,32.3879
2984,WarpSAC-A,Mjlab-Velocity-Flat-Unitree-G1,1,avg_return,9998336,39.5537
2985,WarpSAC-A,Mjlab-Velocity-Flat-Unitree-G1,1,avg_return,12497920,50.8663
2986,WarpSAC-A,Mjlab-Velocity-Flat-Unitree-G1,1,avg_return,14997504,65.0851
2987,WarpSAC-A,Mjlab-Velocity-Flat-Unitree-G1,1,avg_return,17497088,71.7339
2988,WarpSAC-A,Mjlab-Velocity-Flat-Unitree-G1,1,avg_return,19996672,75.639
2989,WarpSAC-A,Mjlab-Velocity-Flat-Unitree-G1,1,avg_return,22496256,78.0877
2990,WarpSAC-A,Mjlab-Velocity-Flat-Unitree-G1,1,avg_return,24995840,83.634
2991,WarpSAC-A,Mjlab-Velocity-Flat-Unitree-G1,1,avg_return,27495424,84.7478
2992,WarpSAC-A,Mjlab-Velocity-Flat-Unitree-G1,1,avg_return,29995008,89.3264
2993,WarpSAC-A,Mjlab-Velocity-Flat-Unitree-G1,1,avg_return,32494592,88.5663
2994,WarpSAC-A,Mjlab-Velocity-Flat-Unitree-G1,1,avg_return,34994176,89.9651
2995,WarpSAC-A,Mjlab-Velocity-Flat-Unitree-G1,1,avg_return,37493760,91.9747
2996,WarpSAC-A,Mjlab-Velocity-Flat-Unitree-G1,1,avg_return,39993344,91.7615
2997,WarpSAC-A,Mjlab-Velocity-Flat-Unitree-G1,1,avg_return,42492928,92.5618
2998,WarpSAC-A,Mjlab-Velocity-Flat-Unitree-G1,1,avg_return,44992512,92.1966
2999,WarpSAC-A,Mjlab-Velocity-Flat-Unitree-G1,1,avg_return,47492096,93.7108
3000,WarpSAC-A,Mjlab-Velocity-Flat-Unitree-G1,1,avg_return,49991680,94.862
3001,WarpSAC-A,Mjlab-Velocity-Flat-Unitree-G1,1,avg_return,50000896,91.5985
3002,WarpSAC-A,Mjlab-Velocity-Flat-Unitree-G1,1,avg_success,0,0.0
3003,WarpSAC-A,Mjlab-Velocity-Flat-Unitree-G1,1,avg_success,2499584,0.0
3004,WarpSAC-A,Mjlab-Velocity-Flat-Unitree-G1,1,avg_success,4999168,0.0
3005,WarpSAC-A,Mjlab-Velocity-Flat-Unitree-G1,1,avg_success,7498752,0.0
3006,WarpSAC-A,Mjlab-Velocity-Flat-Unitree-G1,1,avg_success,9998336,0.0
3007,WarpSAC-A,Mjlab-Velocity-Flat-Unitree-G1,1,avg_success,12497920,0.0
3008,WarpSAC-A,Mjlab-Velocity-Flat-Unitree-G1,1,avg_success,14997504,0.0
3009,WarpSAC-A,Mjlab-Velocity-Flat-Unitree-G1,1,avg_success,17497088,0.0
3010,WarpSAC-A,Mjlab-Velocity-Flat-Unitree-G1,1,avg_success,19996672,0.0
3011,WarpSAC-A,Mjlab-Velocity-Flat-Unitree-G1,1,avg_success,22496256,0.0
3012,WarpSAC-A,Mjlab-Velocity-Flat-Unitree-G1,1,avg_success,24995840,0.0
3013,WarpSAC-A,Mjlab-Velocity-Flat-Unitree-G1,1,avg_success,27495424,0.0
3014,WarpSAC-A,Mjlab-Velocity-Flat-Unitree-G1,1,avg_success,29995008,0.0
3015,WarpSAC-A,Mjlab-Velocity-Flat-Unitree-G1,1,avg_success,32494592,0.0
3016,WarpSAC-A,Mjlab-Velocity-Flat-Unitree-G1,1,avg_success,34994176,0.0
3017,WarpSAC-A,Mjlab-Velocity-Flat-Unitree-G1,1,avg_success,37493760,0.0
3018,WarpSAC-A,Mjlab-Velocity-Flat-Unitree-G1,1,avg_success,39993344,0.0
3019,WarpSAC-A,Mjlab-Velocity-Flat-Unitree-G1,1,avg_success,42492928,0.0
3020,WarpSAC-A,Mjlab-Velocity-Flat-Unitree-G1,1,avg_success,44992512,0.0
3021,WarpSAC-A,Mjlab-Velocity-Flat-Unitree-G1,1,avg_success,47492096,0.0
3022,WarpSAC-A,Mjlab-Velocity-Flat-Unitree-G1,1,avg_success,49991680,0.0
3023,WarpSAC-A,Mjlab-Velocity-Flat-Unitree-G1,1,avg_success,50000896,0.0
3024,WarpSAC-A,Mjlab-Velocity-Flat-Unitree-G1,2,avg_return,0,-2.2647
3025,WarpSAC-A,Mjlab-Velocity-Flat-Unitree-G1,2,avg_return,2499584,11.1445
3026,WarpSAC-A,Mjlab-Velocity-Flat-Unitree-G1,2,avg_return,4999168,18.0159
3027,WarpSAC-A,Mjlab-Velocity-Flat-Unitree-G1,2,avg_return,7498752,38.5577
3028,WarpSAC-A,Mjlab-Velocity-Flat-Unitree-G1,2,avg_return,9998336,43.0874
3029,WarpSAC-A,Mjlab-Velocity-Flat-Unitree-G1,2,avg_return,12497920,53.6227
3030,WarpSAC-A,Mjlab-Velocity-Flat-Unitree-G1,2,avg_return,14997504,72.7531
3031,WarpSAC-A,Mjlab-Velocity-Flat-Unitree-G1,2,avg_return,17497088,76.0371
3032,WarpSAC-A,Mjlab-Velocity-Flat-Unitree-G1,2,avg_return,19996672,75.9294
3033,WarpSAC-A,Mjlab-Velocity-Flat-Unitree-G1,2,avg_return,22496256,79.4791
3034,WarpSAC-A,Mjlab-Velocity-Flat-Unitree-G1,2,avg_return,24995840,81.5879
3035,WarpSAC-A,Mjlab-Velocity-Flat-Unitree-G1,2,avg_return,27495424,85.3424
3036,WarpSAC-A,Mjlab-Velocity-Flat-Unitree-G1,2,avg_return,29995008,84.7679
3037,WarpSAC-A,Mjlab-Velocity-Flat-Unitree-G1,2,avg_return,32494592,88.9815
3038,WarpSAC-A,Mjlab-Velocity-Flat-Unitree-G1,2,avg_return,34994176,89.9107
3039,WarpSAC-A,Mjlab-Velocity-Flat-Unitree-G1,2,avg_return,37493760,91.9284
3040,WarpSAC-A,Mjlab-Velocity-Flat-Unitree-G1,2,avg_return,39993344,92.8867
3041,WarpSAC-A,Mjlab-Velocity-Flat-Unitree-G1,2,avg_return,42492928,92.304
3042,WarpSAC-A,Mjlab-Velocity-Flat-Unitree-G1,2,avg_return,44992512,91.92
3043,WarpSAC-A,Mjlab-Velocity-Flat-Unitree-G1,2,avg_return,47492096,92.4981
3044,WarpSAC-A,Mjlab-Velocity-Flat-Unitree-G1,2,avg_return,49991680,91.7993
3045,WarpSAC-A,Mjlab-Velocity-Flat-Unitree-G1,2,avg_return,50000896,91.9987
3046,WarpSAC-A,Mjlab-Velocity-Flat-Unitree-G1,2,avg_success,0,0.0
3047,WarpSAC-A,Mjlab-Velocity-Flat-Unitree-G1,2,avg_success,2499584,0.0
3048,WarpSAC-A,Mjlab-Velocity-Flat-Unitree-G1,2,avg_success,4999168,0.0
3049,WarpSAC-A,Mjlab-Velocity-Flat-Unitree-G1,2,avg_success,7498752,0.0
3050,WarpSAC-A,Mjlab-Velocity-Flat-Unitree-G1,2,avg_success,9998336,0.0
3051,WarpSAC-A,Mjlab-Velocity-Flat-Unitree-G1,2,avg_success,12497920,0.0
3052,WarpSAC-A,Mjlab-Velocity-Flat-Unitree-G1,2,avg_success,14997504,0.0
3053,WarpSAC-A,Mjlab-Velocity-Flat-Unitree-G1,2,avg_success,17497088,0.0
3054,WarpSAC-A,Mjlab-Velocity-Flat-Unitree-G1,2,avg_success,19996672,0.0
3055,WarpSAC-A,Mjlab-Velocity-Flat-Unitree-G1,2,avg_success,22496256,0.0
3056,WarpSAC-A,Mjlab-Velocity-Flat-Unitree-G1,2,avg_success,24995840,0.0
3057,WarpSAC-A,Mjlab-Velocity-Flat-Unitree-G1,2,avg_success,27495424,0.0
3058,WarpSAC-A,Mjlab-Velocity-Flat-Unitree-G1,2,avg_success,29995008,0.0
3059,WarpSAC-A,Mjlab-Velocity-Flat-Unitree-G1,2,avg_success,32494592,0.0
3060,WarpSAC-A,Mjlab-Velocity-Flat-Unitree-G1,2,avg_success,34994176,0.0
3061,WarpSAC-A,Mjlab-Velocity-Flat-Unitree-G1,2,avg_success,37493760,0.0
3062,WarpSAC-A,Mjlab-Velocity-Flat-Unitree-G1,2,avg_success,39993344,0.0
3063,WarpSAC-A,Mjlab-Velocity-Flat-Unitree-G1,2,avg_success,42492928,0.0
3064,WarpSAC-A,Mjlab-Velocity-Flat-Unitree-G1,2,avg_success,44992512,0.0
3065,WarpSAC-A,Mjlab-Velocity-Flat-Unitree-G1,2,avg_success,47492096,0.0
3066,WarpSAC-A,Mjlab-Velocity-Flat-Unitree-G1,2,avg_success,49991680,0.0
3067,WarpSAC-A,Mjlab-Velocity-Flat-Unitree-G1,2,avg_success,50000896,0.0
3068,WarpSAC-A,Mjlab-Velocity-Flat-Unitree-G1,3,avg_return,0,-3.0736
3069,WarpSAC-A,Mjlab-Velocity-Flat-Unitree-G1,3,avg_return,2499584,9.4217
3070,WarpSAC-A,Mjlab-Velocity-Flat-Unitree-G1,3,avg_return,4999168,12.9646
3071,WarpSAC-A,Mjlab-Velocity-Flat-Unitree-G1,3,avg_return,7498752,38.815
3072,WarpSAC-A,Mjlab-Velocity-Flat-Unitree-G1,3,avg_return,9998336,45.1942
3073,WarpSAC-A,Mjlab-Velocity-Flat-Unitree-G1,3,avg_return,12497920,62.1272
3074,WarpSAC-A,Mjlab-Velocity-Flat-Unitree-G1,3,avg_return,14997504,68.5924
3075,WarpSAC-A,Mjlab-Velocity-Flat-Unitree-G1,3,avg_return,17497088,73.5376
3076,WarpSAC-A,Mjlab-Velocity-Flat-Unitree-G1,3,avg_return,19996672,79.1611
3077,WarpSAC-A,Mjlab-Velocity-Flat-Unitree-G1,3,avg_return,22496256,80.3596
3078,WarpSAC-A,Mjlab-Velocity-Flat-Unitree-G1,3,avg_return,24995840,84.5908
3079,WarpSAC-A,Mjlab-Velocity-Flat-Unitree-G1,3,avg_return,27495424,84.6423
3080,WarpSAC-A,Mjlab-Velocity-Flat-Unitree-G1,3,avg_return,29995008,87.5525
3081,WarpSAC-A,Mjlab-Velocity-Flat-Unitree-G1,3,avg_return,32494592,89.5075
3082,WarpSAC-A,Mjlab-Velocity-Flat-Unitree-G1,3,avg_return,34994176,91.0142
3083,WarpSAC-A,Mjlab-Velocity-Flat-Unitree-G1,3,avg_return,37493760,90.501
3084,WarpSAC-A,Mjlab-Velocity-Flat-Unitree-G1,3,avg_return,39993344,90.3265
3085,WarpSAC-A,Mjlab-Velocity-Flat-Unitree-G1,3,avg_return,42492928,92.5096
3086,WarpSAC-A,Mjlab-Velocity-Flat-Unitree-G1,3,avg_return,44992512,91.7757
3087,WarpSAC-A,Mjlab-Velocity-Flat-Unitree-G1,3,avg_return,47492096,91.3847
3088,WarpSAC-A,Mjlab-Velocity-Flat-Unitree-G1,3,avg_return,49991680,93.8827
3089,WarpSAC-A,Mjlab-Velocity-Flat-Unitree-G1,3,avg_return,50000896,92.801
3090,WarpSAC-A,Mjlab-Velocity-Flat-Unitree-G1,3,avg_success,0,0.0
3091,WarpSAC-A,Mjlab-Velocity-Flat-Unitree-G1,3,avg_success,2499584,0.0
3092,WarpSAC-A,Mjlab-Velocity-Flat-Unitree-G1,3,avg_success,4999168,0.0
3093,WarpSAC-A,Mjlab-Velocity-Flat-Unitree-G1,3,avg_success,7498752,0.0
3094,WarpSAC-A,Mjlab-Velocity-Flat-Unitree-G1,3,avg_success,9998336,0.0
3095,WarpSAC-A,Mjlab-Velocity-Flat-Unitree-G1,3,avg_success,12497920,0.0
3096,WarpSAC-A,Mjlab-Velocity-Flat-Unitree-G1,3,avg_success,14997504,0.0
3097,WarpSAC-A,Mjlab-Velocity-Flat-Unitree-G1,3,avg_success,17497088,0.0
3098,WarpSAC-A,Mjlab-Velocity-Flat-Unitree-G1,3,avg_success,19996672,0.0
3099,WarpSAC-A,Mjlab-Velocity-Flat-Unitree-G1,3,avg_success,22496256,0.0
3100,WarpSAC-A,Mjlab-Velocity-Flat-Unitree-G1,3,avg_success,24995840,0.0
3101,WarpSAC-A,Mjlab-Velocity-Flat-Unitree-G1,3,avg_success,27495424,0.0
3102,WarpSAC-A,Mjlab-Velocity-Flat-Unitree-G1,3,avg_success,29995008,0.0
3103,WarpSAC-A,Mjlab-Velocity-Flat-Unitree-G1,3,avg_success,32494592,0.0
3104,WarpSAC-A,Mjlab-Velocity-Flat-Unitree-G1,3,avg_success,34994176,0.0
3105,WarpSAC-A,Mjlab-Velocity-Flat-Unitree-G1,3,avg_success,37493760,0.0
3106,WarpSAC-A,Mjlab-Velocity-Flat-Unitree-G1,3,avg_success,39993344,0.0
3107,WarpSAC-A,Mjlab-Velocity-Flat-Unitree-G1,3,avg_success,42492928,0.0
3108,WarpSAC-A,Mjlab-Velocity-Flat-Unitree-G1,3,avg_success,44992512,0.0
3109,WarpSAC-A,Mjlab-Velocity-Flat-Unitree-G1,3,avg_success,47492096,0.0
3110,WarpSAC-A,Mjlab-Velocity-Flat-Unitree-G1,3,avg_success,49991680,0.0
3111,WarpSAC-A,Mjlab-Velocity-Flat-Unitree-G1,3,avg_success,50000896,0.0
3112,WarpSAC-A,Mjlab-Velocity-Flat-Unitree-G1,4,avg_return,0,-2.8725
3113,WarpSAC-A,Mjlab-Velocity-Flat-Unitree-G1,4,avg_return,2499584,7.7505
3114,WarpSAC-A,Mjlab-Velocity-Flat-Unitree-G1,4,avg_return,4999168,13.2482
3115,WarpSAC-A,Mjlab-Velocity-Flat-Unitree-G1,4,avg_return,7498752,30.7523
3116,WarpSAC-A,Mjlab-Velocity-Flat-Unitree-G1,4,avg_return,9998336,38.2629
3117,WarpSAC-A,Mjlab-Velocity-Flat-Unitree-G1,4,avg_return,12497920,55.2707
3118,WarpSAC-A,Mjlab-Velocity-Flat-Unitree-G1,4,avg_return,14997504,68.9671
3119,WarpSAC-A,Mjlab-Velocity-Flat-Unitree-G1,4,avg_return,17497088,73.6872
3120,WarpSAC-A,Mjlab-Velocity-Flat-Unitree-G1,4,avg_return,19996672,75.247
3121,WarpSAC-A,Mjlab-Velocity-Flat-Unitree-G1,4,avg_return,22496256,77.3877
3122,WarpSAC-A,Mjlab-Velocity-Flat-Unitree-G1,4,avg_return,24995840,82.3961
3123,WarpSAC-A,Mjlab-Velocity-Flat-Unitree-G1,4,avg_return,27495424,85.4172
3124,WarpSAC-A,Mjlab-Velocity-Flat-Unitree-G1,4,avg_return,29995008,87.3374
3125,WarpSAC-A,Mjlab-Velocity-Flat-Unitree-G1,4,avg_return,32494592,89.4323
3126,WarpSAC-A,Mjlab-Velocity-Flat-Unitree-G1,4,avg_return,34994176,89.219
3127,WarpSAC-A,Mjlab-Velocity-Flat-Unitree-G1,4,avg_return,37493760,89.8098
3128,WarpSAC-A,Mjlab-Velocity-Flat-Unitree-G1,4,avg_return,39993344,92.3389
3129,WarpSAC-A,Mjlab-Velocity-Flat-Unitree-G1,4,avg_return,42492928,90.2122
3130,WarpSAC-A,Mjlab-Velocity-Flat-Unitree-G1,4,avg_return,44992512,92.1383
3131,WarpSAC-A,Mjlab-Velocity-Flat-Unitree-G1,4,avg_return,47492096,93.7733
3132,WarpSAC-A,Mjlab-Velocity-Flat-Unitree-G1,4,avg_return,49991680,92.8434
3133,WarpSAC-A,Mjlab-Velocity-Flat-Unitree-G1,4,avg_return,50000896,93.5327
3134,WarpSAC-A,Mjlab-Velocity-Flat-Unitree-G1,4,avg_success,0,0.0
3135,WarpSAC-A,Mjlab-Velocity-Flat-Unitree-G1,4,avg_success,2499584,0.0
3136,WarpSAC-A,Mjlab-Velocity-Flat-Unitree-G1,4,avg_success,4999168,0.0
3137,WarpSAC-A,Mjlab-Velocity-Flat-Unitree-G1,4,avg_success,7498752,0.0
3138,WarpSAC-A,Mjlab-Velocity-Flat-Unitree-G1,4,avg_success,9998336,0.0
3139,WarpSAC-A,Mjlab-Velocity-Flat-Unitree-G1,4,avg_success,12497920,0.0
3140,WarpSAC-A,Mjlab-Velocity-Flat-Unitree-G1,4,avg_success,14997504,0.0
3141,WarpSAC-A,Mjlab-Velocity-Flat-Unitree-G1,4,avg_success,17497088,0.0
3142,WarpSAC-A,Mjlab-Velocity-Flat-Unitree-G1,4,avg_success,19996672,0.0
3143,WarpSAC-A,Mjlab-Velocity-Flat-Unitree-G1,4,avg_success,22496256,0.0
3144,WarpSAC-A,Mjlab-Velocity-Flat-Unitree-G1,4,avg_success,24995840,0.0
3145,WarpSAC-A,Mjlab-Velocity-Flat-Unitree-G1,4,avg_success,27495424,0.0
3146,WarpSAC-A,Mjlab-Velocity-Flat-Unitree-G1,4,avg_success,29995008,0.0
3147,WarpSAC-A,Mjlab-Velocity-Flat-Unitree-G1,4,avg_success,32494592,0.0
3148,WarpSAC-A,Mjlab-Velocity-Flat-Unitree-G1,4,avg_success,34994176,0.0
3149,WarpSAC-A,Mjlab-Velocity-Flat-Unitree-G1,4,avg_success,37493760,0.0
3150,WarpSAC-A,Mjlab-Velocity-Flat-Unitree-G1,4,avg_success,39993344,0.0
3151,WarpSAC-A,Mjlab-Velocity-Flat-Unitree-G1,4,avg_success,42492928,0.0
3152,WarpSAC-A,Mjlab-Velocity-Flat-Unitree-G1,4,avg_success,44992512,0.0
3153,WarpSAC-A,Mjlab-Velocity-Flat-Unitree-G1,4,avg_success,47492096,0.0
3154,WarpSAC-A,Mjlab-Velocity-Flat-Unitree-G1,4,avg_success,49991680,0.0
3155,WarpSAC-A,Mjlab-Velocity-Flat-Unitree-G1,4,avg_success,50000896,0.0
3156,WarpSAC-A,Mjlab-Velocity-Flat-Unitree-G1,5,avg_return,0,-2.4547
3157,WarpSAC-A,Mjlab-Velocity-Flat-Unitree-G1,5,avg_return,2499584,14.6875
3158,WarpSAC-A,Mjlab-Velocity-Flat-Unitree-G1,5,avg_return,4999168,16.0633
3159,WarpSAC-A,Mjlab-Velocity-Flat-Unitree-G1,5,avg_return,7498752,39.5543
3160,WarpSAC-A,Mjlab-Velocity-Flat-Unitree-G1,5,avg_return,9998336,45.0843
3161,WarpSAC-A,Mjlab-Velocity-Flat-Unitree-G1,5,avg_return,12497920,58.1698
3162,WarpSAC-A,Mjlab-Velocity-Flat-Unitree-G1,5,avg_return,14997504,69.5291
3163,WarpSAC-A,Mjlab-Velocity-Flat-Unitree-G1,5,avg_return,17497088,73.4588
3164,WarpSAC-A,Mjlab-Velocity-Flat-Unitree-G1,5,avg_return,19996672,76.2991
3165,WarpSAC-A,Mjlab-Velocity-Flat-Unitree-G1,5,avg_return,22496256,78.5522
3166,WarpSAC-A,Mjlab-Velocity-Flat-Unitree-G1,5,avg_return,24995840,81.4338
3167,WarpSAC-A,Mjlab-Velocity-Flat-Unitree-G1,5,avg_return,27495424,84.6272
3168,WarpSAC-A,Mjlab-Velocity-Flat-Unitree-G1,5,avg_return,29995008,87.243
3169,WarpSAC-A,Mjlab-Velocity-Flat-Unitree-G1,5,avg_return,32494592,88.3202
3170,WarpSAC-A,Mjlab-Velocity-Flat-Unitree-G1,5,avg_return,34994176,90.1848
3171,WarpSAC-A,Mjlab-Velocity-Flat-Unitree-G1,5,avg_return,37493760,88.7238
3172,WarpSAC-A,Mjlab-Velocity-Flat-Unitree-G1,5,avg_return,39993344,89.4688
3173,WarpSAC-A,Mjlab-Velocity-Flat-Unitree-G1,5,avg_return,42492928,89.9732
3174,WarpSAC-A,Mjlab-Velocity-Flat-Unitree-G1,5,avg_return,44992512,92.8691
3175,WarpSAC-A,Mjlab-Velocity-Flat-Unitree-G1,5,avg_return,47492096,94.5425
3176,WarpSAC-A,Mjlab-Velocity-Flat-Unitree-G1,5,avg_return,49991680,93.8809
3177,WarpSAC-A,Mjlab-Velocity-Flat-Unitree-G1,5,avg_return,50000896,94.271
3178,WarpSAC-A,Mjlab-Velocity-Flat-Unitree-G1,5,avg_success,0,0.0
3179,WarpSAC-A,Mjlab-Velocity-Flat-Unitree-G1,5,avg_success,2499584,0.0
3180,WarpSAC-A,Mjlab-Velocity-Flat-Unitree-G1,5,avg_success,4999168,0.0
3181,WarpSAC-A,Mjlab-Velocity-Flat-Unitree-G1,5,avg_success,7498752,0.0
3182,WarpSAC-A,Mjlab-Velocity-Flat-Unitree-G1,5,avg_success,9998336,0.0
3183,WarpSAC-A,Mjlab-Velocity-Flat-Unitree-G1,5,avg_success,12497920,0.0
3184,WarpSAC-A,Mjlab-Velocity-Flat-Unitree-G1,5,avg_success,14997504,0.0
3185,WarpSAC-A,Mjlab-Velocity-Flat-Unitree-G1,5,avg_success,17497088,0.0
3186,WarpSAC-A,Mjlab-Velocity-Flat-Unitree-G1,5,avg_success,19996672,0.0
3187,WarpSAC-A,Mjlab-Velocity-Flat-Unitree-G1,5,avg_success,22496256,0.0
3188,WarpSAC-A,Mjlab-Velocity-Flat-Unitree-G1,5,avg_success,24995840,0.0
3189,WarpSAC-A,Mjlab-Velocity-Flat-Unitree-G1,5,avg_success,27495424,0.0
3190,WarpSAC-A,Mjlab-Velocity-Flat-Unitree-G1,5,avg_success,29995008,0.0
3191,WarpSAC-A,Mjlab-Velocity-Flat-Unitree-G1,5,avg_success,32494592,0.0
3192,WarpSAC-A,Mjlab-Velocity-Flat-Unitree-G1,5,avg_success,34994176,0.0
3193,WarpSAC-A,Mjlab-Velocity-Flat-Unitree-G1,5,avg_success,37493760,0.0
3194,WarpSAC-A,Mjlab-Velocity-Flat-Unitree-G1,5,avg_success,39993344,0.0
3195,WarpSAC-A,Mjlab-Velocity-Flat-Unitree-G1,5,avg_success,42492928,0.0
3196,WarpSAC-A,Mjlab-Velocity-Flat-Unitree-G1,5,avg_success,44992512,0.0
3197,WarpSAC-A,Mjlab-Velocity-Flat-Unitree-G1,5,avg_success,47492096,0.0
3198,WarpSAC-A,Mjlab-Velocity-Flat-Unitree-G1,5,avg_success,49991680,0.0
3199,WarpSAC-A,Mjlab-Velocity-Flat-Unitree-G1,5,avg_success,50000896,0.0
3200,WarpSAC-A,Mjlab-Velocity-Flat-Unitree-Go1,1,avg_return,0,12.3306
3201,WarpSAC-A,Mjlab-Velocity-Flat-Unitree-Go1,1,avg_return,2499584,78.2997
3202,WarpSAC-A,Mjlab-Velocity-Flat-Unitree-Go1,1,avg_return,4999168,79.4066
3203,WarpSAC-A,Mjlab-Velocity-Flat-Unitree-Go1,1,avg_return,7498752,79.3818
3204,WarpSAC-A,Mjlab-Velocity-Flat-Unitree-Go1,1,avg_return,9998336,77.6064
3205,WarpSAC-A,Mjlab-Velocity-Flat-Unitree-Go1,1,avg_return,12497920,83.2053
3206,WarpSAC-A,Mjlab-Velocity-Flat-Unitree-Go1,1,avg_return,14997504,83.5621
3207,WarpSAC-A,Mjlab-Velocity-Flat-Unitree-Go1,1,avg_return,17497088,85.7905
3208,WarpSAC-A,Mjlab-Velocity-Flat-Unitree-Go1,1,avg_return,19996672,87.0564
3209,WarpSAC-A,Mjlab-Velocity-Flat-Unitree-Go1,1,avg_return,22496256,87.7756
3210,WarpSAC-A,Mjlab-Velocity-Flat-Unitree-Go1,1,avg_return,24995840,91.6726
3211,WarpSAC-A,Mjlab-Velocity-Flat-Unitree-Go1,1,avg_return,27495424,92.3973
3212,WarpSAC-A,Mjlab-Velocity-Flat-Unitree-Go1,1,avg_return,29995008,95.6766
3213,WarpSAC-A,Mjlab-Velocity-Flat-Unitree-Go1,1,avg_return,32494592,95.6224
3214,WarpSAC-A,Mjlab-Velocity-Flat-Unitree-Go1,1,avg_return,34994176,94.4958
3215,WarpSAC-A,Mjlab-Velocity-Flat-Unitree-Go1,1,avg_return,37493760,98.0758
3216,WarpSAC-A,Mjlab-Velocity-Flat-Unitree-Go1,1,avg_return,39993344,97.9839
3217,WarpSAC-A,Mjlab-Velocity-Flat-Unitree-Go1,1,avg_return,42492928,99.2191
3218,WarpSAC-A,Mjlab-Velocity-Flat-Unitree-Go1,1,avg_return,44992512,98.6806
3219,WarpSAC-A,Mjlab-Velocity-Flat-Unitree-Go1,1,avg_return,47492096,98.6086
3220,WarpSAC-A,Mjlab-Velocity-Flat-Unitree-Go1,1,avg_return,49991680,100.9427
3221,WarpSAC-A,Mjlab-Velocity-Flat-Unitree-Go1,1,avg_return,50000896,100.0882
3222,WarpSAC-A,Mjlab-Velocity-Flat-Unitree-Go1,1,avg_success,0,0.0
3223,WarpSAC-A,Mjlab-Velocity-Flat-Unitree-Go1,1,avg_success,2499584,0.0
3224,WarpSAC-A,Mjlab-Velocity-Flat-Unitree-Go1,1,avg_success,4999168,0.0
3225,WarpSAC-A,Mjlab-Velocity-Flat-Unitree-Go1,1,avg_success,7498752,0.0
3226,WarpSAC-A,Mjlab-Velocity-Flat-Unitree-Go1,1,avg_success,9998336,0.0
3227,WarpSAC-A,Mjlab-Velocity-Flat-Unitree-Go1,1,avg_success,12497920,0.0
3228,WarpSAC-A,Mjlab-Velocity-Flat-Unitree-Go1,1,avg_success,14997504,0.0
3229,WarpSAC-A,Mjlab-Velocity-Flat-Unitree-Go1,1,avg_success,17497088,0.0
3230,WarpSAC-A,Mjlab-Velocity-Flat-Unitree-Go1,1,avg_success,19996672,0.0
3231,WarpSAC-A,Mjlab-Velocity-Flat-Unitree-Go1,1,avg_success,22496256,0.0
3232,WarpSAC-A,Mjlab-Velocity-Flat-Unitree-Go1,1,avg_success,24995840,0.0
3233,WarpSAC-A,Mjlab-Velocity-Flat-Unitree-Go1,1,avg_success,27495424,0.0
3234,WarpSAC-A,Mjlab-Velocity-Flat-Unitree-Go1,1,avg_success,29995008,0.0
3235,WarpSAC-A,Mjlab-Velocity-Flat-Unitree-Go1,1,avg_success,32494592,0.0
3236,WarpSAC-A,Mjlab-Velocity-Flat-Unitree-Go1,1,avg_success,34994176,0.0
3237,WarpSAC-A,Mjlab-Velocity-Flat-Unitree-Go1,1,avg_success,37493760,0.0
3238,WarpSAC-A,Mjlab-Velocity-Flat-Unitree-Go1,1,avg_success,39993344,0.0
3239,WarpSAC-A,Mjlab-Velocity-Flat-Unitree-Go1,1,avg_success,42492928,0.0
3240,WarpSAC-A,Mjlab-Velocity-Flat-Unitree-Go1,1,avg_success,44992512,0.0
3241,WarpSAC-A,Mjlab-Velocity-Flat-Unitree-Go1,1,avg_success,47492096,0.0
3242,WarpSAC-A,Mjlab-Velocity-Flat-Unitree-Go1,1,avg_success,49991680,0.0
3243,WarpSAC-A,Mjlab-Velocity-Flat-Unitree-Go1,1,avg_success,50000896,0.0
3244,WarpSAC-A,Mjlab-Velocity-Flat-Unitree-Go1,2,avg_return,0,10.9664
3245,WarpSAC-A,Mjlab-Velocity-Flat-Unitree-Go1,2,avg_return,2499584,81.0113
3246,WarpSAC-A,Mjlab-Velocity-Flat-Unitree-Go1,2,avg_return,4999168,80.7577
3247,WarpSAC-A,Mjlab-Velocity-Flat-Unitree-Go1,2,avg_return,7498752,81.9366
3248,WarpSAC-A,Mjlab-Velocity-Flat-Unitree-Go1,2,avg_return,9998336,84.8943
3249,WarpSAC-A,Mjlab-Velocity-Flat-Unitree-Go1,2,avg_return,12497920,86.6194
3250,WarpSAC-A,Mjlab-Velocity-Flat-Unitree-Go1,2,avg_return,14997504,84.5757
3251,WarpSAC-A,Mjlab-Velocity-Flat-Unitree-Go1,2,avg_return,17497088,85.2094
3252,WarpSAC-A,Mjlab-Velocity-Flat-Unitree-Go1,2,avg_return,19996672,85.7755
3253,WarpSAC-A,Mjlab-Velocity-Flat-Unitree-Go1,2,avg_return,22496256,89.9197
3254,WarpSAC-A,Mjlab-Velocity-Flat-Unitree-Go1,2,avg_return,24995840,91.174
3255,WarpSAC-A,Mjlab-Velocity-Flat-Unitree-Go1,2,avg_return,27495424,95.0442
3256,WarpSAC-A,Mjlab-Velocity-Flat-Unitree-Go1,2,avg_return,29995008,95.255
3257,WarpSAC-A,Mjlab-Velocity-Flat-Unitree-Go1,2,avg_return,32494592,94.3821
3258,WarpSAC-A,Mjlab-Velocity-Flat-Unitree-Go1,2,avg_return,34994176,95.9607
3259,WarpSAC-A,Mjlab-Velocity-Flat-Unitree-Go1,2,avg_return,37493760,98.3042
3260,WarpSAC-A,Mjlab-Velocity-Flat-Unitree-Go1,2,avg_return,39993344,99.0038
3261,WarpSAC-A,Mjlab-Velocity-Flat-Unitree-Go1,2,avg_return,42492928,97.4716
3262,WarpSAC-A,Mjlab-Velocity-Flat-Unitree-Go1,2,avg_return,44992512,99.7392
3263,WarpSAC-A,Mjlab-Velocity-Flat-Unitree-Go1,2,avg_return,47492096,100.5211
3264,WarpSAC-A,Mjlab-Velocity-Flat-Unitree-Go1,2,avg_return,49991680,99.7087
3265,WarpSAC-A,Mjlab-Velocity-Flat-Unitree-Go1,2,avg_return,50000896,98.6029
3266,WarpSAC-A,Mjlab-Velocity-Flat-Unitree-Go1,2,avg_success,0,0.0
3267,WarpSAC-A,Mjlab-Velocity-Flat-Unitree-Go1,2,avg_success,2499584,0.0
3268,WarpSAC-A,Mjlab-Velocity-Flat-Unitree-Go1,2,avg_success,4999168,0.0
3269,WarpSAC-A,Mjlab-Velocity-Flat-Unitree-Go1,2,avg_success,7498752,0.0
3270,WarpSAC-A,Mjlab-Velocity-Flat-Unitree-Go1,2,avg_success,9998336,0.0
3271,WarpSAC-A,Mjlab-Velocity-Flat-Unitree-Go1,2,avg_success,12497920,0.0
3272,WarpSAC-A,Mjlab-Velocity-Flat-Unitree-Go1,2,avg_success,14997504,0.0
3273,WarpSAC-A,Mjlab-Velocity-Flat-Unitree-Go1,2,avg_success,17497088,0.0
3274,WarpSAC-A,Mjlab-Velocity-Flat-Unitree-Go1,2,avg_success,19996672,0.0
3275,WarpSAC-A,Mjlab-Velocity-Flat-Unitree-Go1,2,avg_success,22496256,0.0
3276,WarpSAC-A,Mjlab-Velocity-Flat-Unitree-Go1,2,avg_success,24995840,0.0
3277,WarpSAC-A,Mjlab-Velocity-Flat-Unitree-Go1,2,avg_success,27495424,0.0
3278,WarpSAC-A,Mjlab-Velocity-Flat-Unitree-Go1,2,avg_success,29995008,0.0
3279,WarpSAC-A,Mjlab-Velocity-Flat-Unitree-Go1,2,avg_success,32494592,0.0
3280,WarpSAC-A,Mjlab-Velocity-Flat-Unitree-Go1,2,avg_success,34994176,0.0
3281,WarpSAC-A,Mjlab-Velocity-Flat-Unitree-Go1,2,avg_success,37493760,0.0
3282,WarpSAC-A,Mjlab-Velocity-Flat-Unitree-Go1,2,avg_success,39993344,0.0
3283,WarpSAC-A,Mjlab-Velocity-Flat-Unitree-Go1,2,avg_success,42492928,0.0
3284,WarpSAC-A,Mjlab-Velocity-Flat-Unitree-Go1,2,avg_success,44992512,0.0
3285,WarpSAC-A,Mjlab-Velocity-Flat-Unitree-Go1,2,avg_success,47492096,0.0
3286,WarpSAC-A,Mjlab-Velocity-Flat-Unitree-Go1,2,avg_success,49991680,0.0
3287,WarpSAC-A,Mjlab-Velocity-Flat-Unitree-Go1,2,avg_success,50000896,0.0
3288,WarpSAC-A,Mjlab-Velocity-Flat-Unitree-Go1,3,avg_return,0,5.8361
3289,WarpSAC-A,Mjlab-Velocity-Flat-Unitree-Go1,3,avg_return,2499584,76.1337
3290,WarpSAC-A,Mjlab-Velocity-Flat-Unitree-Go1,3,avg_return,4999168,73.4281
3291,WarpSAC-A,Mjlab-Velocity-Flat-Unitree-Go1,3,avg_return,7498752,78.451
3292,WarpSAC-A,Mjlab-Velocity-Flat-Unitree-Go1,3,avg_return,9998336,82.353
3293,WarpSAC-A,Mjlab-Velocity-Flat-Unitree-Go1,3,avg_return,12497920,82.4798
3294,WarpSAC-A,Mjlab-Velocity-Flat-Unitree-Go1,3,avg_return,14997504,87.378
3295,WarpSAC-A,Mjlab-Velocity-Flat-Unitree-Go1,3,avg_return,17497088,84.6482
3296,WarpSAC-A,Mjlab-Velocity-Flat-Unitree-Go1,3,avg_return,19996672,87.8419
3297,WarpSAC-A,Mjlab-Velocity-Flat-Unitree-Go1,3,avg_return,22496256,86.3679
3298,WarpSAC-A,Mjlab-Velocity-Flat-Unitree-Go1,3,avg_return,24995840,88.9511
3299,WarpSAC-A,Mjlab-Velocity-Flat-Unitree-Go1,3,avg_return,27495424,90.824
3300,WarpSAC-A,Mjlab-Velocity-Flat-Unitree-Go1,3,avg_return,29995008,92.4858
3301,WarpSAC-A,Mjlab-Velocity-Flat-Unitree-Go1,3,avg_return,32494592,94.6777
3302,WarpSAC-A,Mjlab-Velocity-Flat-Unitree-Go1,3,avg_return,34994176,94.5079
3303,WarpSAC-A,Mjlab-Velocity-Flat-Unitree-Go1,3,avg_return,37493760,95.9414
3304,WarpSAC-A,Mjlab-Velocity-Flat-Unitree-Go1,3,avg_return,39993344,96.8925
3305,WarpSAC-A,Mjlab-Velocity-Flat-Unitree-Go1,3,avg_return,42492928,97.2826
3306,WarpSAC-A,Mjlab-Velocity-Flat-Unitree-Go1,3,avg_return,44992512,98.137
3307,WarpSAC-A,Mjlab-Velocity-Flat-Unitree-Go1,3,avg_return,47492096,99.3748
3308,WarpSAC-A,Mjlab-Velocity-Flat-Unitree-Go1,3,avg_return,49991680,99.8395
3309,WarpSAC-A,Mjlab-Velocity-Flat-Unitree-Go1,3,avg_return,50000896,100.5036
3310,WarpSAC-A,Mjlab-Velocity-Flat-Unitree-Go1,3,avg_success,0,0.0
3311,WarpSAC-A,Mjlab-Velocity-Flat-Unitree-Go1,3,avg_success,2499584,0.0
3312,WarpSAC-A,Mjlab-Velocity-Flat-Unitree-Go1,3,avg_success,4999168,0.0
3313,WarpSAC-A,Mjlab-Velocity-Flat-Unitree-Go1,3,avg_success,7498752,0.0
3314,WarpSAC-A,Mjlab-Velocity-Flat-Unitree-Go1,3,avg_success,9998336,0.0
3315,WarpSAC-A,Mjlab-Velocity-Flat-Unitree-Go1,3,avg_success,12497920,0.0
3316,WarpSAC-A,Mjlab-Velocity-Flat-Unitree-Go1,3,avg_success,14997504,0.0
3317,WarpSAC-A,Mjlab-Velocity-Flat-Unitree-Go1,3,avg_success,17497088,0.0
3318,WarpSAC-A,Mjlab-Velocity-Flat-Unitree-Go1,3,avg_success,19996672,0.0
3319,WarpSAC-A,Mjlab-Velocity-Flat-Unitree-Go1,3,avg_success,22496256,0.0
3320,WarpSAC-A,Mjlab-Velocity-Flat-Unitree-Go1,3,avg_success,24995840,0.0
3321,WarpSAC-A,Mjlab-Velocity-Flat-Unitree-Go1,3,avg_success,27495424,0.0
3322,WarpSAC-A,Mjlab-Velocity-Flat-Unitree-Go1,3,avg_success,29995008,0.0
3323,WarpSAC-A,Mjlab-Velocity-Flat-Unitree-Go1,3,avg_success,32494592,0.0
3324,WarpSAC-A,Mjlab-Velocity-Flat-Unitree-Go1,3,avg_success,34994176,0.0
3325,WarpSAC-A,Mjlab-Velocity-Flat-Unitree-Go1,3,avg_success,37493760,0.0
3326,WarpSAC-A,Mjlab-Velocity-Flat-Unitree-Go1,3,avg_success,39993344,0.0
3327,WarpSAC-A,Mjlab-Velocity-Flat-Unitree-Go1,3,avg_success,42492928,0.0
3328,WarpSAC-A,Mjlab-Velocity-Flat-Unitree-Go1,3,avg_success,44992512,0.0
3329,WarpSAC-A,Mjlab-Velocity-Flat-Unitree-Go1,3,avg_success,47492096,0.0
3330,WarpSAC-A,Mjlab-Velocity-Flat-Unitree-Go1,3,avg_success,49991680,0.0
3331,WarpSAC-A,Mjlab-Velocity-Flat-Unitree-Go1,3,avg_success,50000896,0.0
3332,WarpSAC-A,Mjlab-Velocity-Flat-Unitree-Go1,4,avg_return,0,2.3708
3333,WarpSAC-A,Mjlab-Velocity-Flat-Unitree-Go1,4,avg_return,2499584,77.0439
3334,WarpSAC-A,Mjlab-Velocity-Flat-Unitree-Go1,4,avg_return,4999168,79.4068
3335,WarpSAC-A,Mjlab-Velocity-Flat-Unitree-Go1,4,avg_return,7498752,82.4873
3336,WarpSAC-A,Mjlab-Velocity-Flat-Unitree-Go1,4,avg_return,9998336,83.5421
3337,WarpSAC-A,Mjlab-Velocity-Flat-Unitree-Go1,4,avg_return,12497920,85.8707
3338,WarpSAC-A,Mjlab-Velocity-Flat-Unitree-Go1,4,avg_return,14997504,84.5652
3339,WarpSAC-A,Mjlab-Velocity-Flat-Unitree-Go1,4,avg_return,17497088,86.9311
3340,WarpSAC-A,Mjlab-Velocity-Flat-Unitree-Go1,4,avg_return,19996672,84.5556
3341,WarpSAC-A,Mjlab-Velocity-Flat-Unitree-Go1,4,avg_return,22496256,91.2027
3342,WarpSAC-A,Mjlab-Velocity-Flat-Unitree-Go1,4,avg_return,24995840,89.3289
3343,WarpSAC-A,Mjlab-Velocity-Flat-Unitree-Go1,4,avg_return,27495424,94.4932
3344,WarpSAC-A,Mjlab-Velocity-Flat-Unitree-Go1,4,avg_return,29995008,95.6455
3345,WarpSAC-A,Mjlab-Velocity-Flat-Unitree-Go1,4,avg_return,32494592,95.6017
3346,WarpSAC-A,Mjlab-Velocity-Flat-Unitree-Go1,4,avg_return,34994176,98.2782
3347,WarpSAC-A,Mjlab-Velocity-Flat-Unitree-Go1,4,avg_return,37493760,97.9847
3348,WarpSAC-A,Mjlab-Velocity-Flat-Unitree-Go1,4,avg_return,39993344,98.6566
3349,WarpSAC-A,Mjlab-Velocity-Flat-Unitree-Go1,4,avg_return,42492928,100.1779
3350,WarpSAC-A,Mjlab-Velocity-Flat-Unitree-Go1,4,avg_return,44992512,98.9865
3351,WarpSAC-A,Mjlab-Velocity-Flat-Unitree-Go1,4,avg_return,47492096,98.1479
3352,WarpSAC-A,Mjlab-Velocity-Flat-Unitree-Go1,4,avg_return,49991680,101.0569
3353,WarpSAC-A,Mjlab-Velocity-Flat-Unitree-Go1,4,avg_return,50000896,100.4312
3354,WarpSAC-A,Mjlab-Velocity-Flat-Unitree-Go1,4,avg_success,0,0.0
3355,WarpSAC-A,Mjlab-Velocity-Flat-Unitree-Go1,4,avg_success,2499584,0.0
3356,WarpSAC-A,Mjlab-Velocity-Flat-Unitree-Go1,4,avg_success,4999168,0.0
3357,WarpSAC-A,Mjlab-Velocity-Flat-Unitree-Go1,4,avg_success,7498752,0.0
3358,WarpSAC-A,Mjlab-Velocity-Flat-Unitree-Go1,4,avg_success,9998336,0.0
3359,WarpSAC-A,Mjlab-Velocity-Flat-Unitree-Go1,4,avg_success,12497920,0.0
3360,WarpSAC-A,Mjlab-Velocity-Flat-Unitree-Go1,4,avg_success,14997504,0.0
3361,WarpSAC-A,Mjlab-Velocity-Flat-Unitree-Go1,4,avg_success,17497088,0.0
3362,WarpSAC-A,Mjlab-Velocity-Flat-Unitree-Go1,4,avg_success,19996672,0.0
3363,WarpSAC-A,Mjlab-Velocity-Flat-Unitree-Go1,4,avg_success,22496256,0.0
3364,WarpSAC-A,Mjlab-Velocity-Flat-Unitree-Go1,4,avg_success,24995840,0.0
3365,WarpSAC-A,Mjlab-Velocity-Flat-Unitree-Go1,4,avg_success,27495424,0.0
3366,WarpSAC-A,Mjlab-Velocity-Flat-Unitree-Go1,4,avg_success,29995008,0.0
3367,WarpSAC-A,Mjlab-Velocity-Flat-Unitree-Go1,4,avg_success,32494592,0.0
3368,WarpSAC-A,Mjlab-Velocity-Flat-Unitree-Go1,4,avg_success,34994176,0.0
3369,WarpSAC-A,Mjlab-Velocity-Flat-Unitree-Go1,4,avg_success,37493760,0.0
3370,WarpSAC-A,Mjlab-Velocity-Flat-Unitree-Go1,4,avg_success,39993344,0.0
3371,WarpSAC-A,Mjlab-Velocity-Flat-Unitree-Go1,4,avg_success,42492928,0.0
3372,WarpSAC-A,Mjlab-Velocity-Flat-Unitree-Go1,4,avg_success,44992512,0.0
3373,WarpSAC-A,Mjlab-Velocity-Flat-Unitree-Go1,4,avg_success,47492096,0.0
3374,WarpSAC-A,Mjlab-Velocity-Flat-Unitree-Go1,4,avg_success,49991680,0.0
3375,WarpSAC-A,Mjlab-Velocity-Flat-Unitree-Go1,4,avg_success,50000896,0.0
3376,WarpSAC-A,Mjlab-Velocity-Flat-Unitree-Go1,5,avg_return,0,2.6896
3377,WarpSAC-A,Mjlab-Velocity-Flat-Unitree-Go1,5,avg_return,2499584,79.5207
3378,WarpSAC-A,Mjlab-Velocity-Flat-Unitree-Go1,5,avg_return,4999168,81.7059
3379,WarpSAC-A,Mjlab-Velocity-Flat-Unitree-Go1,5,avg_return,7498752,81.5842
3380,WarpSAC-A,Mjlab-Velocity-Flat-Unitree-Go1,5,avg_return,9998336,83.0718
3381,WarpSAC-A,Mjlab-Velocity-Flat-Unitree-Go1,5,avg_return,12497920,86.2377
3382,WarpSAC-A,Mjlab-Velocity-Flat-Unitree-Go1,5,avg_return,14997504,84.9094
3383,WarpSAC-A,Mjlab-Velocity-Flat-Unitree-Go1,5,avg_return,17497088,86.1721
3384,WarpSAC-A,Mjlab-Velocity-Flat-Unitree-Go1,5,avg_return,19996672,90.5846
3385,WarpSAC-A,Mjlab-Velocity-Flat-Unitree-Go1,5,avg_return,22496256,90.9585
3386,WarpSAC-A,Mjlab-Velocity-Flat-Unitree-Go1,5,avg_return,24995840,93.8748
3387,WarpSAC-A,Mjlab-Velocity-Flat-Unitree-Go1,5,avg_return,27495424,93.5446
3388,WarpSAC-A,Mjlab-Velocity-Flat-Unitree-Go1,5,avg_return,29995008,97.1491
3389,WarpSAC-A,Mjlab-Velocity-Flat-Unitree-Go1,5,avg_return,32494592,96.4378
3390,WarpSAC-A,Mjlab-Velocity-Flat-Unitree-Go1,5,avg_return,34994176,96.7903
3391,WarpSAC-A,Mjlab-Velocity-Flat-Unitree-Go1,5,avg_return,37493760,98.4712
3392,WarpSAC-A,Mjlab-Velocity-Flat-Unitree-Go1,5,avg_return,39993344,99.371
3393,WarpSAC-A,Mjlab-Velocity-Flat-Unitree-Go1,5,avg_return,42492928,99.045
3394,WarpSAC-A,Mjlab-Velocity-Flat-Unitree-Go1,5,avg_return,44992512,99.9268
3395,WarpSAC-A,Mjlab-Velocity-Flat-Unitree-Go1,5,avg_return,47492096,98.9613
3396,WarpSAC-A,Mjlab-Velocity-Flat-Unitree-Go1,5,avg_return,49991680,100.4315
3397,WarpSAC-A,Mjlab-Velocity-Flat-Unitree-Go1,5,avg_return,50000896,99.3298
3398,WarpSAC-A,Mjlab-Velocity-Flat-Unitree-Go1,5,avg_success,0,0.0
3399,WarpSAC-A,Mjlab-Velocity-Flat-Unitree-Go1,5,avg_success,2499584,0.0
3400,WarpSAC-A,Mjlab-Velocity-Flat-Unitree-Go1,5,avg_success,4999168,0.0
3401,WarpSAC-A,Mjlab-Velocity-Flat-Unitree-Go1,5,avg_success,7498752,0.0
3402,WarpSAC-A,Mjlab-Velocity-Flat-Unitree-Go1,5,avg_success,9998336,0.0
3403,WarpSAC-A,Mjlab-Velocity-Flat-Unitree-Go1,5,avg_success,12497920,0.0
3404,WarpSAC-A,Mjlab-Velocity-Flat-Unitree-Go1,5,avg_success,14997504,0.0
3405,WarpSAC-A,Mjlab-Velocity-Flat-Unitree-Go1,5,avg_success,17497088,0.0
3406,WarpSAC-A,Mjlab-Velocity-Flat-Unitree-Go1,5,avg_success,19996672,0.0
3407,WarpSAC-A,Mjlab-Velocity-Flat-Unitree-Go1,5,avg_success,22496256,0.0
3408,WarpSAC-A,Mjlab-Velocity-Flat-Unitree-Go1,5,avg_success,24995840,0.0
3409,WarpSAC-A,Mjlab-Velocity-Flat-Unitree-Go1,5,avg_success,27495424,0.0
3410,WarpSAC-A,Mjlab-Velocity-Flat-Unitree-Go1,5,avg_success,29995008,0.0
3411,WarpSAC-A,Mjlab-Velocity-Flat-Unitree-Go1,5,avg_success,32494592,0.0
3412,WarpSAC-A,Mjlab-Velocity-Flat-Unitree-Go1,5,avg_success,34994176,0.0
3413,WarpSAC-A,Mjlab-Velocity-Flat-Unitree-Go1,5,avg_success,37493760,0.0
3414,WarpSAC-A,Mjlab-Velocity-Flat-Unitree-Go1,5,avg_success,39993344,0.0
3415,WarpSAC-A,Mjlab-Velocity-Flat-Unitree-Go1,5,avg_success,42492928,0.0
3416,WarpSAC-A,Mjlab-Velocity-Flat-Unitree-Go1,5,avg_success,44992512,0.0
3417,WarpSAC-A,Mjlab-Velocity-Flat-Unitree-Go1,5,avg_success,47492096,0.0
3418,WarpSAC-A,Mjlab-Velocity-Flat-Unitree-Go1,5,avg_success,49991680,0.0
3419,WarpSAC-A,Mjlab-Velocity-Flat-Unitree-Go1,5,avg_success,50000896,0.0
3420,WarpSAC-A,Mjlab-Velocity-Rough-Unitree-G1,1,avg_return,0,-2.4018
3421,WarpSAC-A,Mjlab-Velocity-Rough-Unitree-G1,1,avg_return,2499584,5.381
3422,WarpSAC-A,Mjlab-Velocity-Rough-Unitree-G1,1,avg_return,4999168,18.0733
3423,WarpSAC-A,Mjlab-Velocity-Rough-Unitree-G1,1,avg_return,7498752,20.7157
3424,WarpSAC-A,Mjlab-Velocity-Rough-Unitree-G1,1,avg_return,9998336,31.7304
3425,WarpSAC-A,Mjlab-Velocity-Rough-Unitree-G1,1,avg_return,12497920,28.8733
3426,WarpSAC-A,Mjlab-Velocity-Rough-Unitree-G1,1,avg_return,14997504,34.8772
3427,WarpSAC-A,Mjlab-Velocity-Rough-Unitree-G1,1,avg_return,17497088,41.572
3428,WarpSAC-A,Mjlab-Velocity-Rough-Unitree-G1,1,avg_return,19996672,37.8434
3429,WarpSAC-A,Mjlab-Velocity-Rough-Unitree-G1,1,avg_return,22496256,52.0443
3430,WarpSAC-A,Mjlab-Velocity-Rough-Unitree-G1,1,avg_return,24995840,64.0623
3431,WarpSAC-A,Mjlab-Velocity-Rough-Unitree-G1,1,avg_return,27495424,61.7646
3432,WarpSAC-A,Mjlab-Velocity-Rough-Unitree-G1,1,avg_return,29995008,69.71
3433,WarpSAC-A,Mjlab-Velocity-Rough-Unitree-G1,1,avg_return,32494592,69.0781
3434,WarpSAC-A,Mjlab-Velocity-Rough-Unitree-G1,1,avg_return,34994176,67.8328
3435,WarpSAC-A,Mjlab-Velocity-Rough-Unitree-G1,1,avg_return,37493760,68.0777
3436,WarpSAC-A,Mjlab-Velocity-Rough-Unitree-G1,1,avg_return,39993344,68.4094
3437,WarpSAC-A,Mjlab-Velocity-Rough-Unitree-G1,1,avg_return,42492928,71.2911
3438,WarpSAC-A,Mjlab-Velocity-Rough-Unitree-G1,1,avg_return,44992512,63.9717
3439,WarpSAC-A,Mjlab-Velocity-Rough-Unitree-G1,1,avg_return,47492096,66.4132
3440,WarpSAC-A,Mjlab-Velocity-Rough-Unitree-G1,1,avg_return,49991680,63.2482
3441,WarpSAC-A,Mjlab-Velocity-Rough-Unitree-G1,1,avg_return,50000896,57.8206
3442,WarpSAC-A,Mjlab-Velocity-Rough-Unitree-G1,1,avg_success,0,0.0
3443,WarpSAC-A,Mjlab-Velocity-Rough-Unitree-G1,1,avg_success,2499584,0.0
3444,WarpSAC-A,Mjlab-Velocity-Rough-Unitree-G1,1,avg_success,4999168,0.0
3445,WarpSAC-A,Mjlab-Velocity-Rough-Unitree-G1,1,avg_success,7498752,0.0
3446,WarpSAC-A,Mjlab-Velocity-Rough-Unitree-G1,1,avg_success,9998336,0.0
3447,WarpSAC-A,Mjlab-Velocity-Rough-Unitree-G1,1,avg_success,12497920,0.0
3448,WarpSAC-A,Mjlab-Velocity-Rough-Unitree-G1,1,avg_success,14997504,0.0
3449,WarpSAC-A,Mjlab-Velocity-Rough-Unitree-G1,1,avg_success,17497088,0.0
3450,WarpSAC-A,Mjlab-Velocity-Rough-Unitree-G1,1,avg_success,19996672,0.0
3451,WarpSAC-A,Mjlab-Velocity-Rough-Unitree-G1,1,avg_success,22496256,0.0
3452,WarpSAC-A,Mjlab-Velocity-Rough-Unitree-G1,1,avg_success,24995840,0.0
3453,WarpSAC-A,Mjlab-Velocity-Rough-Unitree-G1,1,avg_success,27495424,0.0
3454,WarpSAC-A,Mjlab-Velocity-Rough-Unitree-G1,1,avg_success,29995008,0.0
3455,WarpSAC-A,Mjlab-Velocity-Rough-Unitree-G1,1,avg_success,32494592,0.0
3456,WarpSAC-A,Mjlab-Velocity-Rough-Unitree-G1,1,avg_success,34994176,0.0
3457,WarpSAC-A,Mjlab-Velocity-Rough-Unitree-G1,1,avg_success,37493760,0.0
3458,WarpSAC-A,Mjlab-Velocity-Rough-Unitree-G1,1,avg_success,39993344,0.0
3459,WarpSAC-A,Mjlab-Velocity-Rough-Unitree-G1,1,avg_success,42492928,0.0
3460,WarpSAC-A,Mjlab-Velocity-Rough-Unitree-G1,1,avg_success,44992512,0.0
3461,WarpSAC-A,Mjlab-Velocity-Rough-Unitree-G1,1,avg_success,47492096,0.0
3462,WarpSAC-A,Mjlab-Velocity-Rough-Unitree-G1,1,avg_success,49991680,0.0
3463,WarpSAC-A,Mjlab-Velocity-Rough-Unitree-G1,1,avg_success,50000896,0.0
3464,WarpSAC-A,Mjlab-Velocity-Rough-Unitree-G1,2,avg_return,0,-2.5987
3465,WarpSAC-A,Mjlab-Velocity-Rough-Unitree-G1,2,avg_return,2499584,9.2266
3466,WarpSAC-A,Mjlab-Velocity-Rough-Unitree-G1,2,avg_return,4999168,14.0332
3467,WarpSAC-A,Mjlab-Velocity-Rough-Unitree-G1,2,avg_return,7498752,22.6848
3468,WarpSAC-A,Mjlab-Velocity-Rough-Unitree-G1,2,avg_return,9998336,20.0449
3469,WarpSAC-A,Mjlab-Velocity-Rough-Unitree-G1,2,avg_return,12497920,23.9794
3470,WarpSAC-A,Mjlab-Velocity-Rough-Unitree-G1,2,avg_return,14997504,34.1242
3471,WarpSAC-A,Mjlab-Velocity-Rough-Unitree-G1,2,avg_return,17497088,42.1277
3472,WarpSAC-A,Mjlab-Velocity-Rough-Unitree-G1,2,avg_return,19996672,51.6129
3473,WarpSAC-A,Mjlab-Velocity-Rough-Unitree-G1,2,avg_return,22496256,50.2447
3474,WarpSAC-A,Mjlab-Velocity-Rough-Unitree-G1,2,avg_return,24995840,56.5243
3475,WarpSAC-A,Mjlab-Velocity-Rough-Unitree-G1,2,avg_return,27495424,57.7363
3476,WarpSAC-A,Mjlab-Velocity-Rough-Unitree-G1,2,avg_return,29995008,67.3883
3477,WarpSAC-A,Mjlab-Velocity-Rough-Unitree-G1,2,avg_return,32494592,67.6901
3478,WarpSAC-A,Mjlab-Velocity-Rough-Unitree-G1,2,avg_return,34994176,62.6725
3479,WarpSAC-A,Mjlab-Velocity-Rough-Unitree-G1,2,avg_return,37493760,67.9874
3480,WarpSAC-A,Mjlab-Velocity-Rough-Unitree-G1,2,avg_return,39993344,68.3393
3481,WarpSAC-A,Mjlab-Velocity-Rough-Unitree-G1,2,avg_return,42492928,67.3646
3482,WarpSAC-A,Mjlab-Velocity-Rough-Unitree-G1,2,avg_return,44992512,70.7775
3483,WarpSAC-A,Mjlab-Velocity-Rough-Unitree-G1,2,avg_return,47492096,66.0892
3484,WarpSAC-A,Mjlab-Velocity-Rough-Unitree-G1,2,avg_return,49991680,69.1027
3485,WarpSAC-A,Mjlab-Velocity-Rough-Unitree-G1,2,avg_return,50000896,67.9776
3486,WarpSAC-A,Mjlab-Velocity-Rough-Unitree-G1,2,avg_success,0,0.0
3487,WarpSAC-A,Mjlab-Velocity-Rough-Unitree-G1,2,avg_success,2499584,0.0
3488,WarpSAC-A,Mjlab-Velocity-Rough-Unitree-G1,2,avg_success,4999168,0.0
3489,WarpSAC-A,Mjlab-Velocity-Rough-Unitree-G1,2,avg_success,7498752,0.0
3490,WarpSAC-A,Mjlab-Velocity-Rough-Unitree-G1,2,avg_success,9998336,0.0
3491,WarpSAC-A,Mjlab-Velocity-Rough-Unitree-G1,2,avg_success,12497920,0.0
3492,WarpSAC-A,Mjlab-Velocity-Rough-Unitree-G1,2,avg_success,14997504,0.0
3493,WarpSAC-A,Mjlab-Velocity-Rough-Unitree-G1,2,avg_success,17497088,0.0
3494,WarpSAC-A,Mjlab-Velocity-Rough-Unitree-G1,2,avg_success,19996672,0.0
3495,WarpSAC-A,Mjlab-Velocity-Rough-Unitree-G1,2,avg_success,22496256,0.0
3496,WarpSAC-A,Mjlab-Velocity-Rough-Unitree-G1,2,avg_success,24995840,0.0
3497,WarpSAC-A,Mjlab-Velocity-Rough-Unitree-G1,2,avg_success,27495424,0.0
3498,WarpSAC-A,Mjlab-Velocity-Rough-Unitree-G1,2,avg_success,29995008,0.0
3499,WarpSAC-A,Mjlab-Velocity-Rough-Unitree-G1,2,avg_success,32494592,0.0
3500,WarpSAC-A,Mjlab-Velocity-Rough-Unitree-G1,2,avg_success,34994176,0.0
3501,WarpSAC-A,Mjlab-Velocity-Rough-Unitree-G1,2,avg_success,37493760,0.0
3502,WarpSAC-A,Mjlab-Velocity-Rough-Unitree-G1,2,avg_success,39993344,0.0
3503,WarpSAC-A,Mjlab-Velocity-Rough-Unitree-G1,2,avg_success,42492928,0.0
3504,WarpSAC-A,Mjlab-Velocity-Rough-Unitree-G1,2,avg_success,44992512,0.0
3505,WarpSAC-A,Mjlab-Velocity-Rough-Unitree-G1,2,avg_success,47492096,0.0
3506,WarpSAC-A,Mjlab-Velocity-Rough-Unitree-G1,2,avg_success,49991680,0.0
3507,WarpSAC-A,Mjlab-Velocity-Rough-Unitree-G1,2,avg_success,50000896,0.0
3508,WarpSAC-A,Mjlab-Velocity-Rough-Unitree-G1,3,avg_return,0,-3.4865
3509,WarpSAC-A,Mjlab-Velocity-Rough-Unitree-G1,3,avg_return,2499584,8.5588
3510,WarpSAC-A,Mjlab-Velocity-Rough-Unitree-G1,3,avg_return,4999168,14.1632
3511,WarpSAC-A,Mjlab-Velocity-Rough-Unitree-G1,3,avg_return,7498752,24.1346
3512,WarpSAC-A,Mjlab-Velocity-Rough-Unitree-G1,3,avg_return,9998336,26.2392
3513,WarpSAC-A,Mjlab-Velocity-Rough-Unitree-G1,3,avg_return,12497920,26.4472
3514,WarpSAC-A,Mjlab-Velocity-Rough-Unitree-G1,3,avg_return,14997504,44.9182
3515,WarpSAC-A,Mjlab-Velocity-Rough-Unitree-G1,3,avg_return,17497088,32.8971
3516,WarpSAC-A,Mjlab-Velocity-Rough-Unitree-G1,3,avg_return,19996672,48.3412
3517,WarpSAC-A,Mjlab-Velocity-Rough-Unitree-G1,3,avg_return,22496256,42.7718
3518,WarpSAC-A,Mjlab-Velocity-Rough-Unitree-G1,3,avg_return,24995840,47.574
3519,WarpSAC-A,Mjlab-Velocity-Rough-Unitree-G1,3,avg_return,27495424,60.4615
3520,WarpSAC-A,Mjlab-Velocity-Rough-Unitree-G1,3,avg_return,29995008,61.5477
3521,WarpSAC-A,Mjlab-Velocity-Rough-Unitree-G1,3,avg_return,32494592,67.6177
3522,WarpSAC-A,Mjlab-Velocity-Rough-Unitree-G1,3,avg_return,34994176,64.6508
3523,WarpSAC-A,Mjlab-Velocity-Rough-Unitree-G1,3,avg_return,37493760,68.6127
3524,WarpSAC-A,Mjlab-Velocity-Rough-Unitree-G1,3,avg_return,39993344,71.7545
3525,WarpSAC-A,Mjlab-Velocity-Rough-Unitree-G1,3,avg_return,42492928,68.8416
3526,WarpSAC-A,Mjlab-Velocity-Rough-Unitree-G1,3,avg_return,44992512,63.5464
3527,WarpSAC-A,Mjlab-Velocity-Rough-Unitree-G1,3,avg_return,47492096,67.2806
3528,WarpSAC-A,Mjlab-Velocity-Rough-Unitree-G1,3,avg_return,49991680,66.0115
3529,WarpSAC-A,Mjlab-Velocity-Rough-Unitree-G1,3,avg_return,50000896,61.0582
3530,WarpSAC-A,Mjlab-Velocity-Rough-Unitree-G1,3,avg_success,0,0.0
3531,WarpSAC-A,Mjlab-Velocity-Rough-Unitree-G1,3,avg_success,2499584,0.0
3532,WarpSAC-A,Mjlab-Velocity-Rough-Unitree-G1,3,avg_success,4999168,0.0
3533,WarpSAC-A,Mjlab-Velocity-Rough-Unitree-G1,3,avg_success,7498752,0.0
3534,WarpSAC-A,Mjlab-Velocity-Rough-Unitree-G1,3,avg_success,9998336,0.0
3535,WarpSAC-A,Mjlab-Velocity-Rough-Unitree-G1,3,avg_success,12497920,0.0
3536,WarpSAC-A,Mjlab-Velocity-Rough-Unitree-G1,3,avg_success,14997504,0.0
3537,WarpSAC-A,Mjlab-Velocity-Rough-Unitree-G1,3,avg_success,17497088,0.0
3538,WarpSAC-A,Mjlab-Velocity-Rough-Unitree-G1,3,avg_success,19996672,0.0
3539,WarpSAC-A,Mjlab-Velocity-Rough-Unitree-G1,3,avg_success,22496256,0.0
3540,WarpSAC-A,Mjlab-Velocity-Rough-Unitree-G1,3,avg_success,24995840,0.0
3541,WarpSAC-A,Mjlab-Velocity-Rough-Unitree-G1,3,avg_success,27495424,0.0
3542,WarpSAC-A,Mjlab-Velocity-Rough-Unitree-G1,3,avg_success,29995008,0.0
3543,WarpSAC-A,Mjlab-Velocity-Rough-Unitree-G1,3,avg_success,32494592,0.0
3544,WarpSAC-A,Mjlab-Velocity-Rough-Unitree-G1,3,avg_success,34994176,0.0
3545,WarpSAC-A,Mjlab-Velocity-Rough-Unitree-G1,3,avg_success,37493760,0.0
3546,WarpSAC-A,Mjlab-Velocity-Rough-Unitree-G1,3,avg_success,39993344,0.0
3547,WarpSAC-A,Mjlab-Velocity-Rough-Unitree-G1,3,avg_success,42492928,0.0
3548,WarpSAC-A,Mjlab-Velocity-Rough-Unitree-G1,3,avg_success,44992512,0.0
3549,WarpSAC-A,Mjlab-Velocity-Rough-Unitree-G1,3,avg_success,47492096,0.0
3550,WarpSAC-A,Mjlab-Velocity-Rough-Unitree-G1,3,avg_success,49991680,0.0
3551,WarpSAC-A,Mjlab-Velocity-Rough-Unitree-G1,3,avg_success,50000896,0.0
3552,WarpSAC-A,Mjlab-Velocity-Rough-Unitree-G1,4,avg_return,0,-2.4544
3553,WarpSAC-A,Mjlab-Velocity-Rough-Unitree-G1,4,avg_return,2499584,6.9621
3554,WarpSAC-A,Mjlab-Velocity-Rough-Unitree-G1,4,avg_return,4999168,15.0968
3555,WarpSAC-A,Mjlab-Velocity-Rough-Unitree-G1,4,avg_return,7498752,23.2559
3556,WarpSAC-A,Mjlab-Velocity-Rough-Unitree-G1,4,avg_return,9998336,31.8213
3557,WarpSAC-A,Mjlab-Velocity-Rough-Unitree-G1,4,avg_return,12497920,23.4482
3558,WarpSAC-A,Mjlab-Velocity-Rough-Unitree-G1,4,avg_return,14997504,44.7649
3559,WarpSAC-A,Mjlab-Velocity-Rough-Unitree-G1,4,avg_return,17497088,40.3159
3560,WarpSAC-A,Mjlab-Velocity-Rough-Unitree-G1,4,avg_return,19996672,47.2285
3561,WarpSAC-A,Mjlab-Velocity-Rough-Unitree-G1,4,avg_return,22496256,62.7789
3562,WarpSAC-A,Mjlab-Velocity-Rough-Unitree-G1,4,avg_return,24995840,63.3961
3563,WarpSAC-A,Mjlab-Velocity-Rough-Unitree-G1,4,avg_return,27495424,62.9213
3564,WarpSAC-A,Mjlab-Velocity-Rough-Unitree-G1,4,avg_return,29995008,70.873
3565,WarpSAC-A,Mjlab-Velocity-Rough-Unitree-G1,4,avg_return,32494592,69.586
3566,WarpSAC-A,Mjlab-Velocity-Rough-Unitree-G1,4,avg_return,34994176,66.7251
3567,WarpSAC-A,Mjlab-Velocity-Rough-Unitree-G1,4,avg_return,37493760,69.0024
3568,WarpSAC-A,Mjlab-Velocity-Rough-Unitree-G1,4,avg_return,39993344,71.8118
3569,WarpSAC-A,Mjlab-Velocity-Rough-Unitree-G1,4,avg_return,42492928,67.6537
3570,WarpSAC-A,Mjlab-Velocity-Rough-Unitree-G1,4,avg_return,44992512,71.4724
3571,WarpSAC-A,Mjlab-Velocity-Rough-Unitree-G1,4,avg_return,47492096,67.7836
3572,WarpSAC-A,Mjlab-Velocity-Rough-Unitree-G1,4,avg_return,49991680,64.6609
3573,WarpSAC-A,Mjlab-Velocity-Rough-Unitree-G1,4,avg_return,50000896,60.2409
3574,WarpSAC-A,Mjlab-Velocity-Rough-Unitree-G1,4,avg_success,0,0.0
3575,WarpSAC-A,Mjlab-Velocity-Rough-Unitree-G1,4,avg_success,2499584,0.0
3576,WarpSAC-A,Mjlab-Velocity-Rough-Unitree-G1,4,avg_success,4999168,0.0
3577,WarpSAC-A,Mjlab-Velocity-Rough-Unitree-G1,4,avg_success,7498752,0.0
3578,WarpSAC-A,Mjlab-Velocity-Rough-Unitree-G1,4,avg_success,9998336,0.0
3579,WarpSAC-A,Mjlab-Velocity-Rough-Unitree-G1,4,avg_success,12497920,0.0
3580,WarpSAC-A,Mjlab-Velocity-Rough-Unitree-G1,4,avg_success,14997504,0.0
3581,WarpSAC-A,Mjlab-Velocity-Rough-Unitree-G1,4,avg_success,17497088,0.0
3582,WarpSAC-A,Mjlab-Velocity-Rough-Unitree-G1,4,avg_success,19996672,0.0
3583,WarpSAC-A,Mjlab-Velocity-Rough-Unitree-G1,4,avg_success,22496256,0.0
3584,WarpSAC-A,Mjlab-Velocity-Rough-Unitree-G1,4,avg_success,24995840,0.0
3585,WarpSAC-A,Mjlab-Velocity-Rough-Unitree-G1,4,avg_success,27495424,0.0
3586,WarpSAC-A,Mjlab-Velocity-Rough-Unitree-G1,4,avg_success,29995008,0.0
3587,WarpSAC-A,Mjlab-Velocity-Rough-Unitree-G1,4,avg_success,32494592,0.0
3588,WarpSAC-A,Mjlab-Velocity-Rough-Unitree-G1,4,avg_success,34994176,0.0
3589,WarpSAC-A,Mjlab-Velocity-Rough-Unitree-G1,4,avg_success,37493760,0.0
3590,WarpSAC-A,Mjlab-Velocity-Rough-Unitree-G1,4,avg_success,39993344,0.0
3591,WarpSAC-A,Mjlab-Velocity-Rough-Unitree-G1,4,avg_success,42492928,0.0
3592,WarpSAC-A,Mjlab-Velocity-Rough-Unitree-G1,4,avg_success,44992512,0.0
3593,WarpSAC-A,Mjlab-Velocity-Rough-Unitree-G1,4,avg_success,47492096,0.0
3594,WarpSAC-A,Mjlab-Velocity-Rough-Unitree-G1,4,avg_success,49991680,0.0
3595,WarpSAC-A,Mjlab-Velocity-Rough-Unitree-G1,4,avg_success,50000896,0.0
3596,WarpSAC-A,Mjlab-Velocity-Rough-Unitree-G1,5,avg_return,0,-2.8375
3597,WarpSAC-A,Mjlab-Velocity-Rough-Unitree-G1,5,avg_return,2499584,7.4512
3598,WarpSAC-A,Mjlab-Velocity-Rough-Unitree-G1,5,avg_return,4999168,17.2132
3599,WarpSAC-A,Mjlab-Velocity-Rough-Unitree-G1,5,avg_return,7498752,21.4779
3600,WarpSAC-A,Mjlab-Velocity-Rough-Unitree-G1,5,avg_return,9998336,27.027
3601,WarpSAC-A,Mjlab-Velocity-Rough-Unitree-G1,5,avg_return,12497920,26.1732
3602,WarpSAC-A,Mjlab-Velocity-Rough-Unitree-G1,5,avg_return,14997504,21.7457
3603,WarpSAC-A,Mjlab-Velocity-Rough-Unitree-G1,5,avg_return,17497088,43.0874
3604,WarpSAC-A,Mjlab-Velocity-Rough-Unitree-G1,5,avg_return,19996672,57.0354
3605,WarpSAC-A,Mjlab-Velocity-Rough-Unitree-G1,5,avg_return,22496256,53.001
3606,WarpSAC-A,Mjlab-Velocity-Rough-Unitree-G1,5,avg_return,24995840,53.3209
3607,WarpSAC-A,Mjlab-Velocity-Rough-Unitree-G1,5,avg_return,27495424,59.7586
3608,WarpSAC-A,Mjlab-Velocity-Rough-Unitree-G1,5,avg_return,29995008,63.386
3609,WarpSAC-A,Mjlab-Velocity-Rough-Unitree-G1,5,avg_return,32494592,66.3937
3610,WarpSAC-A,Mjlab-Velocity-Rough-Unitree-G1,5,avg_return,34994176,61.4875
3611,WarpSAC-A,Mjlab-Velocity-Rough-Unitree-G1,5,avg_return,37493760,62.303
3612,WarpSAC-A,Mjlab-Velocity-Rough-Unitree-G1,5,avg_return,39993344,68.7335
3613,WarpSAC-A,Mjlab-Velocity-Rough-Unitree-G1,5,avg_return,42492928,63.7421
3614,WarpSAC-A,Mjlab-Velocity-Rough-Unitree-G1,5,avg_return,44992512,66.2326
3615,WarpSAC-A,Mjlab-Velocity-Rough-Unitree-G1,5,avg_return,47492096,67.6705
3616,WarpSAC-A,Mjlab-Velocity-Rough-Unitree-G1,5,avg_return,49991680,67.5395
3617,WarpSAC-A,Mjlab-Velocity-Rough-Unitree-G1,5,avg_return,50000896,58.8235
3618,WarpSAC-A,Mjlab-Velocity-Rough-Unitree-G1,5,avg_success,0,0.0
3619,WarpSAC-A,Mjlab-Velocity-Rough-Unitree-G1,5,avg_success,2499584,0.0
3620,WarpSAC-A,Mjlab-Velocity-Rough-Unitree-G1,5,avg_success,4999168,0.0
3621,WarpSAC-A,Mjlab-Velocity-Rough-Unitree-G1,5,avg_success,7498752,0.0
3622,WarpSAC-A,Mjlab-Velocity-Rough-Unitree-G1,5,avg_success,9998336,0.0
3623,WarpSAC-A,Mjlab-Velocity-Rough-Unitree-G1,5,avg_success,12497920,0.0
3624,WarpSAC-A,Mjlab-Velocity-Rough-Unitree-G1,5,avg_success,14997504,0.0
3625,WarpSAC-A,Mjlab-Velocity-Rough-Unitree-G1,5,avg_success,17497088,0.0
3626,WarpSAC-A,Mjlab-Velocity-Rough-Unitree-G1,5,avg_success,19996672,0.0
3627,WarpSAC-A,Mjlab-Velocity-Rough-Unitree-G1,5,avg_success,22496256,0.0
3628,WarpSAC-A,Mjlab-Velocity-Rough-Unitree-G1,5,avg_success,24995840,0.0
3629,WarpSAC-A,Mjlab-Velocity-Rough-Unitree-G1,5,avg_success,27495424,0.0
3630,WarpSAC-A,Mjlab-Velocity-Rough-Unitree-G1,5,avg_success,29995008,0.0
3631,WarpSAC-A,Mjlab-Velocity-Rough-Unitree-G1,5,avg_success,32494592,0.0
3632,WarpSAC-A,Mjlab-Velocity-Rough-Unitree-G1,5,avg_success,34994176,0.0
3633,WarpSAC-A,Mjlab-Velocity-Rough-Unitree-G1,5,avg_success,37493760,0.0
3634,WarpSAC-A,Mjlab-Velocity-Rough-Unitree-G1,5,avg_success,39993344,0.0
3635,WarpSAC-A,Mjlab-Velocity-Rough-Unitree-G1,5,avg_success,42492928,0.0
3636,WarpSAC-A,Mjlab-Velocity-Rough-Unitree-G1,5,avg_success,44992512,0.0
3637,WarpSAC-A,Mjlab-Velocity-Rough-Unitree-G1,5,avg_success,47492096,0.0
3638,WarpSAC-A,Mjlab-Velocity-Rough-Unitree-G1,5,avg_success,49991680,0.0
3639,WarpSAC-A,Mjlab-Velocity-Rough-Unitree-G1,5,avg_success,50000896,0.0
3640,WarpSAC-A,Mjlab-Velocity-Rough-Unitree-Go1,1,avg_return,0,1.9226
3641,WarpSAC-A,Mjlab-Velocity-Rough-Unitree-Go1,1,avg_return,2499584,78.7955
3642,WarpSAC-A,Mjlab-Velocity-Rough-Unitree-Go1,1,avg_return,4999168,79.8183
3643,WarpSAC-A,Mjlab-Velocity-Rough-Unitree-Go1,1,avg_return,7498752,66.5592
3644,WarpSAC-A,Mjlab-Velocity-Rough-Unitree-Go1,1,avg_return,9998336,77.0739
3645,WarpSAC-A,Mjlab-Velocity-Rough-Unitree-Go1,1,avg_return,12497920,75.2975
3646,WarpSAC-A,Mjlab-Velocity-Rough-Unitree-Go1,1,avg_return,14997504,84.6415
3647,WarpSAC-A,Mjlab-Velocity-Rough-Unitree-Go1,1,avg_return,17497088,80.1579
3648,WarpSAC-A,Mjlab-Velocity-Rough-Unitree-Go1,1,avg_return,19996672,87.2251
3649,WarpSAC-A,Mjlab-Velocity-Rough-Unitree-Go1,1,avg_return,22496256,85.2207
3650,WarpSAC-A,Mjlab-Velocity-Rough-Unitree-Go1,1,avg_return,24995840,83.1137
3651,WarpSAC-A,Mjlab-Velocity-Rough-Unitree-Go1,1,avg_return,27495424,85.5369
3652,WarpSAC-A,Mjlab-Velocity-Rough-Unitree-Go1,1,avg_return,29995008,86.9211
3653,WarpSAC-A,Mjlab-Velocity-Rough-Unitree-Go1,1,avg_return,32494592,90.2375
3654,WarpSAC-A,Mjlab-Velocity-Rough-Unitree-Go1,1,avg_return,34994176,90.071
3655,WarpSAC-A,Mjlab-Velocity-Rough-Unitree-Go1,1,avg_return,37493760,88.4005
3656,WarpSAC-A,Mjlab-Velocity-Rough-Unitree-Go1,1,avg_return,39993344,88.6319
3657,WarpSAC-A,Mjlab-Velocity-Rough-Unitree-Go1,1,avg_return,42492928,87.9872
3658,WarpSAC-A,Mjlab-Velocity-Rough-Unitree-Go1,1,avg_return,44992512,92.5417
3659,WarpSAC-A,Mjlab-Velocity-Rough-Unitree-Go1,1,avg_return,47492096,86.9667
3660,WarpSAC-A,Mjlab-Velocity-Rough-Unitree-Go1,1,avg_return,49991680,90.4888
3661,WarpSAC-A,Mjlab-Velocity-Rough-Unitree-Go1,1,avg_return,50000896,92.3194
3662,WarpSAC-A,Mjlab-Velocity-Rough-Unitree-Go1,1,avg_success,0,0.0
3663,WarpSAC-A,Mjlab-Velocity-Rough-Unitree-Go1,1,avg_success,2499584,0.0
3664,WarpSAC-A,Mjlab-Velocity-Rough-Unitree-Go1,1,avg_success,4999168,0.0
3665,WarpSAC-A,Mjlab-Velocity-Rough-Unitree-Go1,1,avg_success,7498752,0.0
3666,WarpSAC-A,Mjlab-Velocity-Rough-Unitree-Go1,1,avg_success,9998336,0.0
3667,WarpSAC-A,Mjlab-Velocity-Rough-Unitree-Go1,1,avg_success,12497920,0.0
3668,WarpSAC-A,Mjlab-Velocity-Rough-Unitree-Go1,1,avg_success,14997504,0.0
3669,WarpSAC-A,Mjlab-Velocity-Rough-Unitree-Go1,1,avg_success,17497088,0.0
3670,WarpSAC-A,Mjlab-Velocity-Rough-Unitree-Go1,1,avg_success,19996672,0.0
3671,WarpSAC-A,Mjlab-Velocity-Rough-Unitree-Go1,1,avg_success,22496256,0.0
3672,WarpSAC-A,Mjlab-Velocity-Rough-Unitree-Go1,1,avg_success,24995840,0.0
3673,WarpSAC-A,Mjlab-Velocity-Rough-Unitree-Go1,1,avg_success,27495424,0.0
3674,WarpSAC-A,Mjlab-Velocity-Rough-Unitree-Go1,1,avg_success,29995008,0.0
3675,WarpSAC-A,Mjlab-Velocity-Rough-Unitree-Go1,1,avg_success,32494592,0.0
3676,WarpSAC-A,Mjlab-Velocity-Rough-Unitree-Go1,1,avg_success,34994176,0.0
3677,WarpSAC-A,Mjlab-Velocity-Rough-Unitree-Go1,1,avg_success,37493760,0.0
3678,WarpSAC-A,Mjlab-Velocity-Rough-Unitree-Go1,1,avg_success,39993344,0.0
3679,WarpSAC-A,Mjlab-Velocity-Rough-Unitree-Go1,1,avg_success,42492928,0.0
3680,WarpSAC-A,Mjlab-Velocity-Rough-Unitree-Go1,1,avg_success,44992512,0.0
3681,WarpSAC-A,Mjlab-Velocity-Rough-Unitree-Go1,1,avg_success,47492096,0.0
3682,WarpSAC-A,Mjlab-Velocity-Rough-Unitree-Go1,1,avg_success,49991680,0.0
3683,WarpSAC-A,Mjlab-Velocity-Rough-Unitree-Go1,1,avg_success,50000896,0.0
3684,WarpSAC-A,Mjlab-Velocity-Rough-Unitree-Go1,2,avg_return,0,13.4425
3685,WarpSAC-A,Mjlab-Velocity-Rough-Unitree-Go1,2,avg_return,2499584,74.9962
3686,WarpSAC-A,Mjlab-Velocity-Rough-Unitree-Go1,2,avg_return,4999168,78.914
3687,WarpSAC-A,Mjlab-Velocity-Rough-Unitree-Go1,2,avg_return,7498752,75.6063
3688,WarpSAC-A,Mjlab-Velocity-Rough-Unitree-Go1,2,avg_return,9998336,78.3976
3689,WarpSAC-A,Mjlab-Velocity-Rough-Unitree-Go1,2,avg_return,12497920,81.8914
3690,WarpSAC-A,Mjlab-Velocity-Rough-Unitree-Go1,2,avg_return,14997504,84.1864
3691,WarpSAC-A,Mjlab-Velocity-Rough-Unitree-Go1,2,avg_return,17497088,82.7468
3692,WarpSAC-A,Mjlab-Velocity-Rough-Unitree-Go1,2,avg_return,19996672,86.3955
3693,WarpSAC-A,Mjlab-Velocity-Rough-Unitree-Go1,2,avg_return,22496256,85.557
3694,WarpSAC-A,Mjlab-Velocity-Rough-Unitree-Go1,2,avg_return,24995840,87.5184
3695,WarpSAC-A,Mjlab-Velocity-Rough-Unitree-Go1,2,avg_return,27495424,85.7195
3696,WarpSAC-A,Mjlab-Velocity-Rough-Unitree-Go1,2,avg_return,29995008,87.1039
3697,WarpSAC-A,Mjlab-Velocity-Rough-Unitree-Go1,2,avg_return,32494592,90.6458
3698,WarpSAC-A,Mjlab-Velocity-Rough-Unitree-Go1,2,avg_return,34994176,87.3398
3699,WarpSAC-A,Mjlab-Velocity-Rough-Unitree-Go1,2,avg_return,37493760,91.499
3700,WarpSAC-A,Mjlab-Velocity-Rough-Unitree-Go1,2,avg_return,39993344,91.1207
3701,WarpSAC-A,Mjlab-Velocity-Rough-Unitree-Go1,2,avg_return,42492928,91.6036
3702,WarpSAC-A,Mjlab-Velocity-Rough-Unitree-Go1,2,avg_return,44992512,91.372
3703,WarpSAC-A,Mjlab-Velocity-Rough-Unitree-Go1,2,avg_return,47492096,91.6449
3704,WarpSAC-A,Mjlab-Velocity-Rough-Unitree-Go1,2,avg_return,49991680,92.8048
3705,WarpSAC-A,Mjlab-Velocity-Rough-Unitree-Go1,2,avg_return,50000896,91.3575
3706,WarpSAC-A,Mjlab-Velocity-Rough-Unitree-Go1,2,avg_success,0,0.0
3707,WarpSAC-A,Mjlab-Velocity-Rough-Unitree-Go1,2,avg_success,2499584,0.0
3708,WarpSAC-A,Mjlab-Velocity-Rough-Unitree-Go1,2,avg_success,4999168,0.0
3709,WarpSAC-A,Mjlab-Velocity-Rough-Unitree-Go1,2,avg_success,7498752,0.0
3710,WarpSAC-A,Mjlab-Velocity-Rough-Unitree-Go1,2,avg_success,9998336,0.0
3711,WarpSAC-A,Mjlab-Velocity-Rough-Unitree-Go1,2,avg_success,12497920,0.0
3712,WarpSAC-A,Mjlab-Velocity-Rough-Unitree-Go1,2,avg_success,14997504,0.0
3713,WarpSAC-A,Mjlab-Velocity-Rough-Unitree-Go1,2,avg_success,17497088,0.0
3714,WarpSAC-A,Mjlab-Velocity-Rough-Unitree-Go1,2,avg_success,19996672,0.0
3715,WarpSAC-A,Mjlab-Velocity-Rough-Unitree-Go1,2,avg_success,22496256,0.0
3716,WarpSAC-A,Mjlab-Velocity-Rough-Unitree-Go1,2,avg_success,24995840,0.0
3717,WarpSAC-A,Mjlab-Velocity-Rough-Unitree-Go1,2,avg_success,27495424,0.0
3718,WarpSAC-A,Mjlab-Velocity-Rough-Unitree-Go1,2,avg_success,29995008,0.0
3719,WarpSAC-A,Mjlab-Velocity-Rough-Unitree-Go1,2,avg_success,32494592,0.0
3720,WarpSAC-A,Mjlab-Velocity-Rough-Unitree-Go1,2,avg_success,34994176,0.0
3721,WarpSAC-A,Mjlab-Velocity-Rough-Unitree-Go1,2,avg_success,37493760,0.0
3722,WarpSAC-A,Mjlab-Velocity-Rough-Unitree-Go1,2,avg_success,39993344,0.0
3723,WarpSAC-A,Mjlab-Velocity-Rough-Unitree-Go1,2,avg_success,42492928,0.0
3724,WarpSAC-A,Mjlab-Velocity-Rough-Unitree-Go1,2,avg_success,44992512,0.0
3725,WarpSAC-A,Mjlab-Velocity-Rough-Unitree-Go1,2,avg_success,47492096,0.0
3726,WarpSAC-A,Mjlab-Velocity-Rough-Unitree-Go1,2,avg_success,49991680,0.0
3727,WarpSAC-A,Mjlab-Velocity-Rough-Unitree-Go1,2,avg_success,50000896,0.0
3728,WarpSAC-A,Mjlab-Velocity-Rough-Unitree-Go1,3,avg_return,0,2.0695
3729,WarpSAC-A,Mjlab-Velocity-Rough-Unitree-Go1,3,avg_return,2499584,73.2957
3730,WarpSAC-A,Mjlab-Velocity-Rough-Unitree-Go1,3,avg_return,4999168,77.6838
3731,WarpSAC-A,Mjlab-Velocity-Rough-Unitree-Go1,3,avg_return,7498752,69.5814
3732,WarpSAC-A,Mjlab-Velocity-Rough-Unitree-Go1,3,avg_return,9998336,74.9047
3733,WarpSAC-A,Mjlab-Velocity-Rough-Unitree-Go1,3,avg_return,12497920,74.4613
3734,WarpSAC-A,Mjlab-Velocity-Rough-Unitree-Go1,3,avg_return,14997504,80.9131
3735,WarpSAC-A,Mjlab-Velocity-Rough-Unitree-Go1,3,avg_return,17497088,82.532
3736,WarpSAC-A,Mjlab-Velocity-Rough-Unitree-Go1,3,avg_return,19996672,82.1623
3737,WarpSAC-A,Mjlab-Velocity-Rough-Unitree-Go1,3,avg_return,22496256,85.8823
3738,WarpSAC-A,Mjlab-Velocity-Rough-Unitree-Go1,3,avg_return,24995840,81.3417
3739,WarpSAC-A,Mjlab-Velocity-Rough-Unitree-Go1,3,avg_return,27495424,86.1511
3740,WarpSAC-A,Mjlab-Velocity-Rough-Unitree-Go1,3,avg_return,29995008,85.2607
3741,WarpSAC-A,Mjlab-Velocity-Rough-Unitree-Go1,3,avg_return,32494592,86.2055
3742,WarpSAC-A,Mjlab-Velocity-Rough-Unitree-Go1,3,avg_return,34994176,86.7599
3743,WarpSAC-A,Mjlab-Velocity-Rough-Unitree-Go1,3,avg_return,37493760,85.076
3744,WarpSAC-A,Mjlab-Velocity-Rough-Unitree-Go1,3,avg_return,39993344,83.7069
3745,WarpSAC-A,Mjlab-Velocity-Rough-Unitree-Go1,3,avg_return,42492928,85.8093
3746,WarpSAC-A,Mjlab-Velocity-Rough-Unitree-Go1,3,avg_return,44992512,85.6755
3747,WarpSAC-A,Mjlab-Velocity-Rough-Unitree-Go1,3,avg_return,47492096,86.092
3748,WarpSAC-A,Mjlab-Velocity-Rough-Unitree-Go1,3,avg_return,49991680,85.0507
3749,WarpSAC-A,Mjlab-Velocity-Rough-Unitree-Go1,3,avg_return,50000896,88.2477
3750,WarpSAC-A,Mjlab-Velocity-Rough-Unitree-Go1,3,avg_success,0,0.0
3751,WarpSAC-A,Mjlab-Velocity-Rough-Unitree-Go1,3,avg_success,2499584,0.0
3752,WarpSAC-A,Mjlab-Velocity-Rough-Unitree-Go1,3,avg_success,4999168,0.0
3753,WarpSAC-A,Mjlab-Velocity-Rough-Unitree-Go1,3,avg_success,7498752,0.0
3754,WarpSAC-A,Mjlab-Velocity-Rough-Unitree-Go1,3,avg_success,9998336,0.0
3755,WarpSAC-A,Mjlab-Velocity-Rough-Unitree-Go1,3,avg_success,12497920,0.0
3756,WarpSAC-A,Mjlab-Velocity-Rough-Unitree-Go1,3,avg_success,14997504,0.0
3757,WarpSAC-A,Mjlab-Velocity-Rough-Unitree-Go1,3,avg_success,17497088,0.0
3758,WarpSAC-A,Mjlab-Velocity-Rough-Unitree-Go1,3,avg_success,19996672,0.0
3759,WarpSAC-A,Mjlab-Velocity-Rough-Unitree-Go1,3,avg_success,22496256,0.0
3760,WarpSAC-A,Mjlab-Velocity-Rough-Unitree-Go1,3,avg_success,24995840,0.0
3761,WarpSAC-A,Mjlab-Velocity-Rough-Unitree-Go1,3,avg_success,27495424,0.0
3762,WarpSAC-A,Mjlab-Velocity-Rough-Unitree-Go1,3,avg_success,29995008,0.0
3763,WarpSAC-A,Mjlab-Velocity-Rough-Unitree-Go1,3,avg_success,32494592,0.0
3764,WarpSAC-A,Mjlab-Velocity-Rough-Unitree-Go1,3,avg_success,34994176,0.0
3765,WarpSAC-A,Mjlab-Velocity-Rough-Unitree-Go1,3,avg_success,37493760,0.0
3766,WarpSAC-A,Mjlab-Velocity-Rough-Unitree-Go1,3,avg_success,39993344,0.0
3767,WarpSAC-A,Mjlab-Velocity-Rough-Unitree-Go1,3,avg_success,42492928,0.0
3768,WarpSAC-A,Mjlab-Velocity-Rough-Unitree-Go1,3,avg_success,44992512,0.0
3769,WarpSAC-A,Mjlab-Velocity-Rough-Unitree-Go1,3,avg_success,47492096,0.0
3770,WarpSAC-A,Mjlab-Velocity-Rough-Unitree-Go1,3,avg_success,49991680,0.0
3771,WarpSAC-A,Mjlab-Velocity-Rough-Unitree-Go1,3,avg_success,50000896,0.0
3772,WarpSAC-A,Mjlab-Velocity-Rough-Unitree-Go1,4,avg_return,0,10.2807
3773,WarpSAC-A,Mjlab-Velocity-Rough-Unitree-Go1,4,avg_return,2499584,79.5945
3774,WarpSAC-A,Mjlab-Velocity-Rough-Unitree-Go1,4,avg_return,4999168,74.4309
3775,WarpSAC-A,Mjlab-Velocity-Rough-Unitree-Go1,4,avg_return,7498752,72.2216
3776,WarpSAC-A,Mjlab-Velocity-Rough-Unitree-Go1,4,avg_return,9998336,72.1508
3777,WarpSAC-A,Mjlab-Velocity-Rough-Unitree-Go1,4,avg_return,12497920,79.5689
3778,WarpSAC-A,Mjlab-Velocity-Rough-Unitree-Go1,4,avg_return,14997504,79.6346
3779,WarpSAC-A,Mjlab-Velocity-Rough-Unitree-Go1,4,avg_return,17497088,76.7219
3780,WarpSAC-A,Mjlab-Velocity-Rough-Unitree-Go1,4,avg_return,19996672,82.8002
3781,WarpSAC-A,Mjlab-Velocity-Rough-Unitree-Go1,4,avg_return,22496256,84.6999
3782,WarpSAC-A,Mjlab-Velocity-Rough-Unitree-Go1,4,avg_return,24995840,85.6518
3783,WarpSAC-A,Mjlab-Velocity-Rough-Unitree-Go1,4,avg_return,27495424,86.5244
3784,WarpSAC-A,Mjlab-Velocity-Rough-Unitree-Go1,4,avg_return,29995008,88.8893
3785,WarpSAC-A,Mjlab-Velocity-Rough-Unitree-Go1,4,avg_return,32494592,87.3901
3786,WarpSAC-A,Mjlab-Velocity-Rough-Unitree-Go1,4,avg_return,34994176,88.6343
3787,WarpSAC-A,Mjlab-Velocity-Rough-Unitree-Go1,4,avg_return,37493760,88.4029
3788,WarpSAC-A,Mjlab-Velocity-Rough-Unitree-Go1,4,avg_return,39993344,86.1998
3789,WarpSAC-A,Mjlab-Velocity-Rough-Unitree-Go1,4,avg_return,42492928,86.7462
3790,WarpSAC-A,Mjlab-Velocity-Rough-Unitree-Go1,4,avg_return,44992512,91.3905
3791,WarpSAC-A,Mjlab-Velocity-Rough-Unitree-Go1,4,avg_return,47492096,92.1521
3792,WarpSAC-A,Mjlab-Velocity-Rough-Unitree-Go1,4,avg_return,49991680,90.0716
3793,WarpSAC-A,Mjlab-Velocity-Rough-Unitree-Go1,4,avg_return,50000896,92.1779
3794,WarpSAC-A,Mjlab-Velocity-Rough-Unitree-Go1,4,avg_success,0,0.0
3795,WarpSAC-A,Mjlab-Velocity-Rough-Unitree-Go1,4,avg_success,2499584,0.0
3796,WarpSAC-A,Mjlab-Velocity-Rough-Unitree-Go1,4,avg_success,4999168,0.0
3797,WarpSAC-A,Mjlab-Velocity-Rough-Unitree-Go1,4,avg_success,7498752,0.0
3798,WarpSAC-A,Mjlab-Velocity-Rough-Unitree-Go1,4,avg_success,9998336,0.0
3799,WarpSAC-A,Mjlab-Velocity-Rough-Unitree-Go1,4,avg_success,12497920,0.0
3800,WarpSAC-A,Mjlab-Velocity-Rough-Unitree-Go1,4,avg_success,14997504,0.0
3801,WarpSAC-A,Mjlab-Velocity-Rough-Unitree-Go1,4,avg_success,17497088,0.0
3802,WarpSAC-A,Mjlab-Velocity-Rough-Unitree-Go1,4,avg_success,19996672,0.0
3803,WarpSAC-A,Mjlab-Velocity-Rough-Unitree-Go1,4,avg_success,22496256,0.0
3804,WarpSAC-A,Mjlab-Velocity-Rough-Unitree-Go1,4,avg_success,24995840,0.0
3805,WarpSAC-A,Mjlab-Velocity-Rough-Unitree-Go1,4,avg_success,27495424,0.0
3806,WarpSAC-A,Mjlab-Velocity-Rough-Unitree-Go1,4,avg_success,29995008,0.0
3807,WarpSAC-A,Mjlab-Velocity-Rough-Unitree-Go1,4,avg_success,32494592,0.0
3808,WarpSAC-A,Mjlab-Velocity-Rough-Unitree-Go1,4,avg_success,34994176,0.0
3809,WarpSAC-A,Mjlab-Velocity-Rough-Unitree-Go1,4,avg_success,37493760,0.0
3810,WarpSAC-A,Mjlab-Velocity-Rough-Unitree-Go1,4,avg_success,39993344,0.0
3811,WarpSAC-A,Mjlab-Velocity-Rough-Unitree-Go1,4,avg_success,42492928,0.0
3812,WarpSAC-A,Mjlab-Velocity-Rough-Unitree-Go1,4,avg_success,44992512,0.0
3813,WarpSAC-A,Mjlab-Velocity-Rough-Unitree-Go1,4,avg_success,47492096,0.0
3814,WarpSAC-A,Mjlab-Velocity-Rough-Unitree-Go1,4,avg_success,49991680,0.0
3815,WarpSAC-A,Mjlab-Velocity-Rough-Unitree-Go1,4,avg_success,50000896,0.0
3816,WarpSAC-A,Mjlab-Velocity-Rough-Unitree-Go1,5,avg_return,0,4.6472
3817,WarpSAC-A,Mjlab-Velocity-Rough-Unitree-Go1,5,avg_return,2499584,79.3288
3818,WarpSAC-A,Mjlab-Velocity-Rough-Unitree-Go1,5,avg_return,4999168,73.6094
3819,WarpSAC-A,Mjlab-Velocity-Rough-Unitree-Go1,5,avg_return,7498752,67.5613
3820,WarpSAC-A,Mjlab-Velocity-Rough-Unitree-Go1,5,avg_return,9998336,77.7593
3821,WarpSAC-A,Mjlab-Velocity-Rough-Unitree-Go1,5,avg_return,12497920,82.9542
3822,WarpSAC-A,Mjlab-Velocity-Rough-Unitree-Go1,5,avg_return,14997504,86.0526
3823,WarpSAC-A,Mjlab-Velocity-Rough-Unitree-Go1,5,avg_return,17497088,83.5517
3824,WarpSAC-A,Mjlab-Velocity-Rough-Unitree-Go1,5,avg_return,19996672,85.7408
3825,WarpSAC-A,Mjlab-Velocity-Rough-Unitree-Go1,5,avg_return,22496256,85.4558
3826,WarpSAC-A,Mjlab-Velocity-Rough-Unitree-Go1,5,avg_return,24995840,86.3162
3827,WarpSAC-A,Mjlab-Velocity-Rough-Unitree-Go1,5,avg_return,27495424,86.2801
3828,WarpSAC-A,Mjlab-Velocity-Rough-Unitree-Go1,5,avg_return,29995008,86.8473
3829,WarpSAC-A,Mjlab-Velocity-Rough-Unitree-Go1,5,avg_return,32494592,79.97
3830,WarpSAC-A,Mjlab-Velocity-Rough-Unitree-Go1,5,avg_return,34994176,85.9967
3831,WarpSAC-A,Mjlab-Velocity-Rough-Unitree-Go1,5,avg_return,37493760,87.4866
3832,WarpSAC-A,Mjlab-Velocity-Rough-Unitree-Go1,5,avg_return,39993344,84.7492
3833,WarpSAC-A,Mjlab-Velocity-Rough-Unitree-Go1,5,avg_return,42492928,88.5963
3834,WarpSAC-A,Mjlab-Velocity-Rough-Unitree-Go1,5,avg_return,44992512,87.1475
3835,WarpSAC-A,Mjlab-Velocity-Rough-Unitree-Go1,5,avg_return,47492096,89.0596
3836,WarpSAC-A,Mjlab-Velocity-Rough-Unitree-Go1,5,avg_return,49991680,87.978
3837,WarpSAC-A,Mjlab-Velocity-Rough-Unitree-Go1,5,avg_return,50000896,91.6677
3838,WarpSAC-A,Mjlab-Velocity-Rough-Unitree-Go1,5,avg_success,0,0.0
3839,WarpSAC-A,Mjlab-Velocity-Rough-Unitree-Go1,5,avg_success,2499584,0.0
3840,WarpSAC-A,Mjlab-Velocity-Rough-Unitree-Go1,5,avg_success,4999168,0.0
3841,WarpSAC-A,Mjlab-Velocity-Rough-Unitree-Go1,5,avg_success,7498752,0.0
3842,WarpSAC-A,Mjlab-Velocity-Rough-Unitree-Go1,5,avg_success,9998336,0.0
3843,WarpSAC-A,Mjlab-Velocity-Rough-Unitree-Go1,5,avg_success,12497920,0.0
3844,WarpSAC-A,Mjlab-Velocity-Rough-Unitree-Go1,5,avg_success,14997504,0.0
3845,WarpSAC-A,Mjlab-Velocity-Rough-Unitree-Go1,5,avg_success,17497088,0.0
3846,WarpSAC-A,Mjlab-Velocity-Rough-Unitree-Go1,5,avg_success,19996672,0.0
3847,WarpSAC-A,Mjlab-Velocity-Rough-Unitree-Go1,5,avg_success,22496256,0.0
3848,WarpSAC-A,Mjlab-Velocity-Rough-Unitree-Go1,5,avg_success,24995840,0.0
3849,WarpSAC-A,Mjlab-Velocity-Rough-Unitree-Go1,5,avg_success,27495424,0.0
3850,WarpSAC-A,Mjlab-Velocity-Rough-Unitree-Go1,5,avg_success,29995008,0.0
3851,WarpSAC-A,Mjlab-Velocity-Rough-Unitree-Go1,5,avg_success,32494592,0.0
3852,WarpSAC-A,Mjlab-Velocity-Rough-Unitree-Go1,5,avg_success,34994176,0.0
3853,WarpSAC-A,Mjlab-Velocity-Rough-Unitree-Go1,5,avg_success,37493760,0.0
3854,WarpSAC-A,Mjlab-Velocity-Rough-Unitree-Go1,5,avg_success,39993344,0.0
3855,WarpSAC-A,Mjlab-Velocity-Rough-Unitree-Go1,5,avg_success,42492928,0.0
3856,WarpSAC-A,Mjlab-Velocity-Rough-Unitree-Go1,5,avg_success,44992512,0.0
3857,WarpSAC-A,Mjlab-Velocity-Rough-Unitree-Go1,5,avg_success,47492096,0.0
3858,WarpSAC-A,Mjlab-Velocity-Rough-Unitree-Go1,5,avg_success,49991680,0.0
3859,WarpSAC-A,Mjlab-Velocity-Rough-Unitree-Go1,5,avg_success,50000896,0.0
3860,WarpSAC-A,PegInsertionSide-v1,1,avg_return,0,0.5632
3861,WarpSAC-A,PegInsertionSide-v1,1,avg_return,2499584,32.1276
3862,WarpSAC-A,PegInsertionSide-v1,1,avg_return,4999168,66.5127
3863,WarpSAC-A,PegInsertionSide-v1,1,avg_return,7498752,81.1923
3864,WarpSAC-A,PegInsertionSide-v1,1,avg_return,9998336,82.2528
3865,WarpSAC-A,PegInsertionSide-v1,1,avg_return,12497920,74.8522
3866,WarpSAC-A,PegInsertionSide-v1,1,avg_return,14997504,81.0269
3867,WarpSAC-A,PegInsertionSide-v1,1,avg_return,17497088,84.6509
3868,WarpSAC-A,PegInsertionSide-v1,1,avg_return,19996672,85.2506
3869,WarpSAC-A,PegInsertionSide-v1,1,avg_return,22496256,84.0191
3870,WarpSAC-A,PegInsertionSide-v1,1,avg_return,24995840,81.4493
3871,WarpSAC-A,PegInsertionSide-v1,1,avg_return,27495424,81.3972
3872,WarpSAC-A,PegInsertionSide-v1,1,avg_return,29995008,74.8348
3873,WarpSAC-A,PegInsertionSide-v1,1,avg_return,32494592,76.906
3874,WarpSAC-A,PegInsertionSide-v1,1,avg_return,34994176,83.5317
3875,WarpSAC-A,PegInsertionSide-v1,1,avg_return,37493760,86.0035
3876,WarpSAC-A,PegInsertionSide-v1,1,avg_return,39993344,83.8022
3877,WarpSAC-A,PegInsertionSide-v1,1,avg_return,42492928,82.9053
3878,WarpSAC-A,PegInsertionSide-v1,1,avg_return,44992512,84.2932
3879,WarpSAC-A,PegInsertionSide-v1,1,avg_return,47492096,85.5321
3880,WarpSAC-A,PegInsertionSide-v1,1,avg_return,49991680,81.1133
3881,WarpSAC-A,PegInsertionSide-v1,1,avg_return,50000896,82.0296
3882,WarpSAC-A,PegInsertionSide-v1,1,avg_success,0,0.0
3883,WarpSAC-A,PegInsertionSide-v1,1,avg_success,2499584,0.0
3884,WarpSAC-A,PegInsertionSide-v1,1,avg_success,4999168,0.12
3885,WarpSAC-A,PegInsertionSide-v1,1,avg_success,7498752,0.76
3886,WarpSAC-A,PegInsertionSide-v1,1,avg_success,9998336,0.76
3887,WarpSAC-A,PegInsertionSide-v1,1,avg_success,12497920,0.58
3888,WarpSAC-A,PegInsertionSide-v1,1,avg_success,14997504,0.8
3889,WarpSAC-A,PegInsertionSide-v1,1,avg_success,17497088,0.94
3890,WarpSAC-A,PegInsertionSide-v1,1,avg_success,19996672,0.94
3891,WarpSAC-A,PegInsertionSide-v1,1,avg_success,22496256,0.92
3892,WarpSAC-A,PegInsertionSide-v1,1,avg_success,24995840,0.82
3893,WarpSAC-A,PegInsertionSide-v1,1,avg_success,27495424,0.82
3894,WarpSAC-A,PegInsertionSide-v1,1,avg_success,29995008,0.8
3895,WarpSAC-A,PegInsertionSide-v1,1,avg_success,32494592,0.84
3896,WarpSAC-A,PegInsertionSide-v1,1,avg_success,34994176,0.9
3897,WarpSAC-A,PegInsertionSide-v1,1,avg_success,37493760,0.96
3898,WarpSAC-A,PegInsertionSide-v1,1,avg_success,39993344,0.88
3899,WarpSAC-A,PegInsertionSide-v1,1,avg_success,42492928,0.86
3900,WarpSAC-A,PegInsertionSide-v1,1,avg_success,44992512,0.9
3901,WarpSAC-A,PegInsertionSide-v1,1,avg_success,47492096,0.96
3902,WarpSAC-A,PegInsertionSide-v1,1,avg_success,49991680,0.84
3903,WarpSAC-A,PegInsertionSide-v1,1,avg_success,50000896,0.84
3904,WarpSAC-A,PegInsertionSide-v1,2,avg_return,0,0.4213
3905,WarpSAC-A,PegInsertionSide-v1,2,avg_return,2499584,38.2878
3906,WarpSAC-A,PegInsertionSide-v1,2,avg_return,4999168,61.5129
3907,WarpSAC-A,PegInsertionSide-v1,2,avg_return,7498752,73.2727
3908,WarpSAC-A,PegInsertionSide-v1,2,avg_return,9998336,79.1828
3909,WarpSAC-A,PegInsertionSide-v1,2,avg_return,12497920,75.7719
3910,WarpSAC-A,PegInsertionSide-v1,2,avg_return,14997504,75.7704
3911,WarpSAC-A,PegInsertionSide-v1,2,avg_return,17497088,80.5276
3912,WarpSAC-A,PegInsertionSide-v1,2,avg_return,19996672,75.1901
3913,WarpSAC-A,PegInsertionSide-v1,2,avg_return,22496256,85.08
3914,WarpSAC-A,PegInsertionSide-v1,2,avg_return,24995840,84.4625
3915,WarpSAC-A,PegInsertionSide-v1,2,avg_return,27495424,80.8761
3916,WarpSAC-A,PegInsertionSide-v1,2,avg_return,29995008,81.5318
3917,WarpSAC-A,PegInsertionSide-v1,2,avg_return,32494592,83.3644
3918,WarpSAC-A,PegInsertionSide-v1,2,avg_return,34994176,81.6804
3919,WarpSAC-A,PegInsertionSide-v1,2,avg_return,37493760,80.6321
3920,WarpSAC-A,PegInsertionSide-v1,2,avg_return,39993344,71.0079
3921,WarpSAC-A,PegInsertionSide-v1,2,avg_return,42492928,87.3045
3922,WarpSAC-A,PegInsertionSide-v1,2,avg_return,44992512,84.3403
3923,WarpSAC-A,PegInsertionSide-v1,2,avg_return,47492096,85.5795
3924,WarpSAC-A,PegInsertionSide-v1,2,avg_return,49991680,84.5358
3925,WarpSAC-A,PegInsertionSide-v1,2,avg_return,50000896,85.2783
3926,WarpSAC-A,PegInsertionSide-v1,2,avg_success,0,0.0
3927,WarpSAC-A,PegInsertionSide-v1,2,avg_success,2499584,0.0
3928,WarpSAC-A,PegInsertionSide-v1,2,avg_success,4999168,0.02
3929,WarpSAC-A,PegInsertionSide-v1,2,avg_success,7498752,0.5
3930,WarpSAC-A,PegInsertionSide-v1,2,avg_success,9998336,0.66
3931,WarpSAC-A,PegInsertionSide-v1,2,avg_success,12497920,0.52
3932,WarpSAC-A,PegInsertionSide-v1,2,avg_success,14997504,0.58
3933,WarpSAC-A,PegInsertionSide-v1,2,avg_success,17497088,0.82
3934,WarpSAC-A,PegInsertionSide-v1,2,avg_success,19996672,0.66
3935,WarpSAC-A,PegInsertionSide-v1,2,avg_success,22496256,0.92
3936,WarpSAC-A,PegInsertionSide-v1,2,avg_success,24995840,0.92
3937,WarpSAC-A,PegInsertionSide-v1,2,avg_success,27495424,0.8
3938,WarpSAC-A,PegInsertionSide-v1,2,avg_success,29995008,0.86
3939,WarpSAC-A,PegInsertionSide-v1,2,avg_success,32494592,0.92
3940,WarpSAC-A,PegInsertionSide-v1,2,avg_success,34994176,0.8
3941,WarpSAC-A,PegInsertionSide-v1,2,avg_success,37493760,0.74
3942,WarpSAC-A,PegInsertionSide-v1,2,avg_success,39993344,0.5
3943,WarpSAC-A,PegInsertionSide-v1,2,avg_success,42492928,0.94
3944,WarpSAC-A,PegInsertionSide-v1,2,avg_success,44992512,0.88
3945,WarpSAC-A,PegInsertionSide-v1,2,avg_success,47492096,0.94
3946,WarpSAC-A,PegInsertionSide-v1,2,avg_success,49991680,0.86
3947,WarpSAC-A,PegInsertionSide-v1,2,avg_success,50000896,0.92
3948,WarpSAC-A,PegInsertionSide-v1,3,avg_return,0,0.2408
3949,WarpSAC-A,PegInsertionSide-v1,3,avg_return,2499584,32.8484
3950,WarpSAC-A,PegInsertionSide-v1,3,avg_return,4999168,63.1723
3951,WarpSAC-A,PegInsertionSide-v1,3,avg_return,7498752,70.4398
3952,WarpSAC-A,PegInsertionSide-v1,3,avg_return,9998336,82.375
3953,WarpSAC-A,PegInsertionSide-v1,3,avg_return,12497920,78.0509
3954,WarpSAC-A,PegInsertionSide-v1,3,avg_return,14997504,81.0293
3955,WarpSAC-A,PegInsertionSide-v1,3,avg_return,17497088,77.7063
3956,WarpSAC-A,PegInsertionSide-v1,3,avg_return,19996672,79.5215
3957,WarpSAC-A,PegInsertionSide-v1,3,avg_return,22496256,80.1568
3958,WarpSAC-A,PegInsertionSide-v1,3,avg_return,24995840,84.2546
3959,WarpSAC-A,PegInsertionSide-v1,3,avg_return,27495424,84.8731
3960,WarpSAC-A,PegInsertionSide-v1,3,avg_return,29995008,84.6776
3961,WarpSAC-A,PegInsertionSide-v1,3,avg_return,32494592,85.1864
3962,WarpSAC-A,PegInsertionSide-v1,3,avg_return,34994176,82.7106
3963,WarpSAC-A,PegInsertionSide-v1,3,avg_return,37493760,83.4505
3964,WarpSAC-A,PegInsertionSide-v1,3,avg_return,39993344,83.8281
3965,WarpSAC-A,PegInsertionSide-v1,3,avg_return,42492928,85.3256
3966,WarpSAC-A,PegInsertionSide-v1,3,avg_return,44992512,83.2298
3967,WarpSAC-A,PegInsertionSide-v1,3,avg_return,47492096,77.2733
3968,WarpSAC-A,PegInsertionSide-v1,3,avg_return,49991680,83.4503
3969,WarpSAC-A,PegInsertionSide-v1,3,avg_return,50000896,83.2163
3970,WarpSAC-A,PegInsertionSide-v1,3,avg_success,0,0.0
3971,WarpSAC-A,PegInsertionSide-v1,3,avg_success,2499584,0.0
3972,WarpSAC-A,PegInsertionSide-v1,3,avg_success,4999168,0.0
3973,WarpSAC-A,PegInsertionSide-v1,3,avg_success,7498752,0.38
3974,WarpSAC-A,PegInsertionSide-v1,3,avg_success,9998336,0.84
3975,WarpSAC-A,PegInsertionSide-v1,3,avg_success,12497920,0.62
3976,WarpSAC-A,PegInsertionSide-v1,3,avg_success,14997504,0.84
3977,WarpSAC-A,PegInsertionSide-v1,3,avg_success,17497088,0.84
3978,WarpSAC-A,PegInsertionSide-v1,3,avg_success,19996672,0.68
3979,WarpSAC-A,PegInsertionSide-v1,3,avg_success,22496256,0.84
3980,WarpSAC-A,PegInsertionSide-v1,3,avg_success,24995840,0.94
3981,WarpSAC-A,PegInsertionSide-v1,3,avg_success,27495424,0.94
3982,WarpSAC-A,PegInsertionSide-v1,3,avg_success,29995008,0.94
3983,WarpSAC-A,PegInsertionSide-v1,3,avg_success,32494592,0.94
3984,WarpSAC-A,PegInsertionSide-v1,3,avg_success,34994176,0.84
3985,WarpSAC-A,PegInsertionSide-v1,3,avg_success,37493760,0.92
3986,WarpSAC-A,PegInsertionSide-v1,3,avg_success,39993344,0.92
3987,WarpSAC-A,PegInsertionSide-v1,3,avg_success,42492928,0.9
3988,WarpSAC-A,PegInsertionSide-v1,3,avg_success,44992512,0.94
3989,WarpSAC-A,PegInsertionSide-v1,3,avg_success,47492096,0.86
3990,WarpSAC-A,PegInsertionSide-v1,3,avg_success,49991680,0.84
3991,WarpSAC-A,PegInsertionSide-v1,3,avg_success,50000896,0.92
3992,WarpSAC-A,PegInsertionSide-v1,4,avg_return,0,0.1779
3993,WarpSAC-A,PegInsertionSide-v1,4,avg_return,2499584,40.2449
3994,WarpSAC-A,PegInsertionSide-v1,4,avg_return,4999168,63.3084
3995,WarpSAC-A,PegInsertionSide-v1,4,avg_return,7498752,67.1922
3996,WarpSAC-A,PegInsertionSide-v1,4,avg_return,9998336,78.1681
3997,WarpSAC-A,PegInsertionSide-v1,4,avg_return,12497920,77.5619
3998,WarpSAC-A,PegInsertionSide-v1,4,avg_return,14997504,82.2735
3999,WarpSAC-A,PegInsertionSide-v1,4,avg_return,17497088,83.4724
4000,WarpSAC-A,PegInsertionSide-v1,4,avg_return,19996672,80.1379
4001,WarpSAC-A,PegInsertionSide-v1,4,avg_return,22496256,81.0049
4002,WarpSAC-A,PegInsertionSide-v1,4,avg_return,24995840,86.2915
4003,WarpSAC-A,PegInsertionSide-v1,4,avg_return,27495424,85.9284
4004,WarpSAC-A,PegInsertionSide-v1,4,avg_return,29995008,84.0129
4005,WarpSAC-A,PegInsertionSide-v1,4,avg_return,32494592,83.118
4006,WarpSAC-A,PegInsertionSide-v1,4,avg_return,34994176,84.9577
4007,WarpSAC-A,PegInsertionSide-v1,4,avg_return,37493760,77.8372
4008,WarpSAC-A,PegInsertionSide-v1,4,avg_return,39993344,84.4586
4009,WarpSAC-A,PegInsertionSide-v1,4,avg_return,42492928,83.5606
4010,WarpSAC-A,PegInsertionSide-v1,4,avg_return,44992512,83.2426
4011,WarpSAC-A,PegInsertionSide-v1,4,avg_return,47492096,80.8555
4012,WarpSAC-A,PegInsertionSide-v1,4,avg_return,49991680,84.4791
4013,WarpSAC-A,PegInsertionSide-v1,4,avg_return,50000896,84.1136
4014,WarpSAC-A,PegInsertionSide-v1,4,avg_success,0,0.0
4015,WarpSAC-A,PegInsertionSide-v1,4,avg_success,2499584,0.0
4016,WarpSAC-A,PegInsertionSide-v1,4,avg_success,4999168,0.0
4017,WarpSAC-A,PegInsertionSide-v1,4,avg_success,7498752,0.18
4018,WarpSAC-A,PegInsertionSide-v1,4,avg_success,9998336,0.62
4019,WarpSAC-A,PegInsertionSide-v1,4,avg_success,12497920,0.78
4020,WarpSAC-A,PegInsertionSide-v1,4,avg_success,14997504,0.8
4021,WarpSAC-A,PegInsertionSide-v1,4,avg_success,17497088,0.72
4022,WarpSAC-A,PegInsertionSide-v1,4,avg_success,19996672,0.56
4023,WarpSAC-A,PegInsertionSide-v1,4,avg_success,22496256,0.76
4024,WarpSAC-A,PegInsertionSide-v1,4,avg_success,24995840,0.84
4025,WarpSAC-A,PegInsertionSide-v1,4,avg_success,27495424,0.86
4026,WarpSAC-A,PegInsertionSide-v1,4,avg_success,29995008,0.9
4027,WarpSAC-A,PegInsertionSide-v1,4,avg_success,32494592,0.82
4028,WarpSAC-A,PegInsertionSide-v1,4,avg_success,34994176,0.9
4029,WarpSAC-A,PegInsertionSide-v1,4,avg_success,37493760,0.72
4030,WarpSAC-A,PegInsertionSide-v1,4,avg_success,39993344,0.84
4031,WarpSAC-A,PegInsertionSide-v1,4,avg_success,42492928,0.94
4032,WarpSAC-A,PegInsertionSide-v1,4,avg_success,44992512,0.9
4033,WarpSAC-A,PegInsertionSide-v1,4,avg_success,47492096,0.86
4034,WarpSAC-A,PegInsertionSide-v1,4,avg_success,49991680,0.88
4035,WarpSAC-A,PegInsertionSide-v1,4,avg_success,50000896,0.9
4036,WarpSAC-A,PegInsertionSide-v1,5,avg_return,0,0.2724
4037,WarpSAC-A,PegInsertionSide-v1,5,avg_return,2499584,31.4846
4038,WarpSAC-A,PegInsertionSide-v1,5,avg_return,4999168,56.7581
4039,WarpSAC-A,PegInsertionSide-v1,5,avg_return,7498752,68.1138
4040,WarpSAC-A,PegInsertionSide-v1,5,avg_return,9998336,76.4979
4041,WarpSAC-A,PegInsertionSide-v1,5,avg_return,12497920,72.7755
4042,WarpSAC-A,PegInsertionSide-v1,5,avg_return,14997504,79.6497
4043,WarpSAC-A,PegInsertionSide-v1,5,avg_return,17497088,79.9917
4044,WarpSAC-A,PegInsertionSide-v1,5,avg_return,19996672,80.2936
4045,WarpSAC-A,PegInsertionSide-v1,5,avg_return,22496256,78.3219
4046,WarpSAC-A,PegInsertionSide-v1,5,avg_return,24995840,81.7785
4047,WarpSAC-A,PegInsertionSide-v1,5,avg_return,27495424,80.1734
4048,WarpSAC-A,PegInsertionSide-v1,5,avg_return,29995008,81.5052
4049,WarpSAC-A,PegInsertionSide-v1,5,avg_return,32494592,85.3877
4050,WarpSAC-A,PegInsertionSide-v1,5,avg_return,34994176,82.2984
4051,WarpSAC-A,PegInsertionSide-v1,5,avg_return,37493760,86.4283
4052,WarpSAC-A,PegInsertionSide-v1,5,avg_return,39993344,82.1811
4053,WarpSAC-A,PegInsertionSide-v1,5,avg_return,42492928,84.0231
4054,WarpSAC-A,PegInsertionSide-v1,5,avg_return,44992512,83.7979
4055,WarpSAC-A,PegInsertionSide-v1,5,avg_return,47492096,82.6785
4056,WarpSAC-A,PegInsertionSide-v1,5,avg_return,49991680,84.3453
4057,WarpSAC-A,PegInsertionSide-v1,5,avg_return,50000896,84.6283
4058,WarpSAC-A,PegInsertionSide-v1,5,avg_success,0,0.0
4059,WarpSAC-A,PegInsertionSide-v1,5,avg_success,2499584,0.0
4060,WarpSAC-A,PegInsertionSide-v1,5,avg_success,4999168,0.02
4061,WarpSAC-A,PegInsertionSide-v1,5,avg_success,7498752,0.32
4062,WarpSAC-A,PegInsertionSide-v1,5,avg_success,9998336,0.56
4063,WarpSAC-A,PegInsertionSide-v1,5,avg_success,12497920,0.56
4064,WarpSAC-A,PegInsertionSide-v1,5,avg_success,14997504,0.7
4065,WarpSAC-A,PegInsertionSide-v1,5,avg_success,17497088,0.58
4066,WarpSAC-A,PegInsertionSide-v1,5,avg_success,19996672,0.76
4067,WarpSAC-A,PegInsertionSide-v1,5,avg_success,22496256,0.68
4068,WarpSAC-A,PegInsertionSide-v1,5,avg_success,24995840,0.68
4069,WarpSAC-A,PegInsertionSide-v1,5,avg_success,27495424,0.64
4070,WarpSAC-A,PegInsertionSide-v1,5,avg_success,29995008,0.88
4071,WarpSAC-A,PegInsertionSide-v1,5,avg_success,32494592,0.96
4072,WarpSAC-A,PegInsertionSide-v1,5,avg_success,34994176,0.82
4073,WarpSAC-A,PegInsertionSide-v1,5,avg_success,37493760,0.96
4074,WarpSAC-A,PegInsertionSide-v1,5,avg_success,39993344,0.84
4075,WarpSAC-A,PegInsertionSide-v1,5,avg_success,42492928,0.88
4076,WarpSAC-A,PegInsertionSide-v1,5,avg_success,44992512,0.88
4077,WarpSAC-A,PegInsertionSide-v1,5,avg_success,47492096,0.86
4078,WarpSAC-A,PegInsertionSide-v1,5,avg_success,49991680,0.88
4079,WarpSAC-A,PegInsertionSide-v1,5,avg_success,50000896,0.92
4080,WarpSAC-A,PickSingleYCB-v1,1,avg_return,0,0.3109
4081,WarpSAC-A,PickSingleYCB-v1,1,avg_return,2499584,7.0912
4082,WarpSAC-A,PickSingleYCB-v1,1,avg_return,4999168,9.3859
4083,WarpSAC-A,PickSingleYCB-v1,1,avg_return,7498752,19.8419
4084,WarpSAC-A,PickSingleYCB-v1,1,avg_return,9998336,16.8317
4085,WarpSAC-A,PickSingleYCB-v1,1,avg_return,12497920,16.2587
4086,WarpSAC-A,PickSingleYCB-v1,1,avg_return,14997504,23.4252
4087,WarpSAC-A,PickSingleYCB-v1,1,avg_return,17497088,22.2481
4088,WarpSAC-A,PickSingleYCB-v1,1,avg_return,19996672,17.5155
4089,WarpSAC-A,PickSingleYCB-v1,1,avg_return,22496256,21.8209
4090,WarpSAC-A,PickSingleYCB-v1,1,avg_return,24995840,20.381
4091,WarpSAC-A,PickSingleYCB-v1,1,avg_return,27495424,20.1949
4092,WarpSAC-A,PickSingleYCB-v1,1,avg_return,29995008,22.4636
4093,WarpSAC-A,PickSingleYCB-v1,1,avg_return,32494592,14.9785
4094,WarpSAC-A,PickSingleYCB-v1,1,avg_return,34994176,22.223
4095,WarpSAC-A,PickSingleYCB-v1,1,avg_return,37493760,22.9476
4096,WarpSAC-A,PickSingleYCB-v1,1,avg_return,39993344,23.9107
4097,WarpSAC-A,PickSingleYCB-v1,1,avg_return,42492928,24.3215
4098,WarpSAC-A,PickSingleYCB-v1,1,avg_return,44992512,23.1128
4099,WarpSAC-A,PickSingleYCB-v1,1,avg_return,47492096,22.5586
4100,WarpSAC-A,PickSingleYCB-v1,1,avg_return,49991680,23.2225
4101,WarpSAC-A,PickSingleYCB-v1,1,avg_return,50000896,21.8263
4102,WarpSAC-A,PickSingleYCB-v1,1,avg_success,0,0.0
4103,WarpSAC-A,PickSingleYCB-v1,1,avg_success,2499584,0.0
4104,WarpSAC-A,PickSingleYCB-v1,1,avg_success,4999168,0.18
4105,WarpSAC-A,PickSingleYCB-v1,1,avg_success,7498752,0.54
4106,WarpSAC-A,PickSingleYCB-v1,1,avg_success,9998336,0.44
4107,WarpSAC-A,PickSingleYCB-v1,1,avg_success,12497920,0.5
4108,WarpSAC-A,PickSingleYCB-v1,1,avg_success,14997504,0.74
4109,WarpSAC-A,PickSingleYCB-v1,1,avg_success,17497088,0.72
4110,WarpSAC-A,PickSingleYCB-v1,1,avg_success,19996672,0.54
4111,WarpSAC-A,PickSingleYCB-v1,1,avg_success,22496256,0.72
4112,WarpSAC-A,PickSingleYCB-v1,1,avg_success,24995840,0.68
4113,WarpSAC-A,PickSingleYCB-v1,1,avg_success,27495424,0.66
4114,WarpSAC-A,PickSingleYCB-v1,1,avg_success,29995008,0.74
4115,WarpSAC-A,PickSingleYCB-v1,1,avg_success,32494592,0.48
4116,WarpSAC-A,PickSingleYCB-v1,1,avg_success,34994176,0.76
4117,WarpSAC-A,PickSingleYCB-v1,1,avg_success,37493760,0.76
4118,WarpSAC-A,PickSingleYCB-v1,1,avg_success,39993344,0.8
4119,WarpSAC-A,PickSingleYCB-v1,1,avg_success,42492928,0.78
4120,WarpSAC-A,PickSingleYCB-v1,1,avg_success,44992512,0.76
4121,WarpSAC-A,PickSingleYCB-v1,1,avg_success,47492096,0.76
4122,WarpSAC-A,PickSingleYCB-v1,1,avg_success,49991680,0.74
4123,WarpSAC-A,PickSingleYCB-v1,1,avg_success,50000896,0.7
4124,WarpSAC-A,PickSingleYCB-v1,2,avg_return,0,0.0803
4125,WarpSAC-A,PickSingleYCB-v1,2,avg_return,2499584,10.8649
4126,WarpSAC-A,PickSingleYCB-v1,2,avg_return,4999168,19.117
4127,WarpSAC-A,PickSingleYCB-v1,2,avg_return,7498752,11.8921
4128,WarpSAC-A,PickSingleYCB-v1,2,avg_return,9998336,15.9418
4129,WarpSAC-A,PickSingleYCB-v1,2,avg_return,12497920,16.498
4130,WarpSAC-A,PickSingleYCB-v1,2,avg_return,14997504,24.2522
4131,WarpSAC-A,PickSingleYCB-v1,2,avg_return,17497088,25.2561
4132,WarpSAC-A,PickSingleYCB-v1,2,avg_return,19996672,22.6666
4133,WarpSAC-A,PickSingleYCB-v1,2,avg_return,22496256,23.6712
4134,WarpSAC-A,PickSingleYCB-v1,2,avg_return,24995840,22.5039
4135,WarpSAC-A,PickSingleYCB-v1,2,avg_return,27495424,23.7377
4136,WarpSAC-A,PickSingleYCB-v1,2,avg_return,29995008,21.4102
4137,WarpSAC-A,PickSingleYCB-v1,2,avg_return,32494592,21.9579
4138,WarpSAC-A,PickSingleYCB-v1,2,avg_return,34994176,22.2646
4139,WarpSAC-A,PickSingleYCB-v1,2,avg_return,37493760,18.5133
4140,WarpSAC-A,PickSingleYCB-v1,2,avg_return,39993344,18.6739
4141,WarpSAC-A,PickSingleYCB-v1,2,avg_return,42492928,23.2052
4142,WarpSAC-A,PickSingleYCB-v1,2,avg_return,44992512,24.4508
4143,WarpSAC-A,PickSingleYCB-v1,2,avg_return,47492096,24.7868
4144,WarpSAC-A,PickSingleYCB-v1,2,avg_return,49991680,24.1061
4145,WarpSAC-A,PickSingleYCB-v1,2,avg_return,50000896,24.06
4146,WarpSAC-A,PickSingleYCB-v1,2,avg_success,0,0.0
4147,WarpSAC-A,PickSingleYCB-v1,2,avg_success,2499584,0.0
4148,WarpSAC-A,PickSingleYCB-v1,2,avg_success,4999168,0.62
4149,WarpSAC-A,PickSingleYCB-v1,2,avg_success,7498752,0.06
4150,WarpSAC-A,PickSingleYCB-v1,2,avg_success,9998336,0.34
4151,WarpSAC-A,PickSingleYCB-v1,2,avg_success,12497920,0.36
4152,WarpSAC-A,PickSingleYCB-v1,2,avg_success,14997504,0.78
4153,WarpSAC-A,PickSingleYCB-v1,2,avg_success,17497088,0.82
4154,WarpSAC-A,PickSingleYCB-v1,2,avg_success,19996672,0.72
4155,WarpSAC-A,PickSingleYCB-v1,2,avg_success,22496256,0.78
4156,WarpSAC-A,PickSingleYCB-v1,2,avg_success,24995840,0.72
4157,WarpSAC-A,PickSingleYCB-v1,2,avg_success,27495424,0.76
4158,WarpSAC-A,PickSingleYCB-v1,2,avg_success,29995008,0.74
4159,WarpSAC-A,PickSingleYCB-v1,2,avg_success,32494592,0.74
4160,WarpSAC-A,PickSingleYCB-v1,2,avg_success,34994176,0.78
4161,WarpSAC-A,PickSingleYCB-v1,2,avg_success,37493760,0.66
4162,WarpSAC-A,PickSingleYCB-v1,2,avg_success,39993344,0.58
4163,WarpSAC-A,PickSingleYCB-v1,2,avg_success,42492928,0.76
4164,WarpSAC-A,PickSingleYCB-v1,2,avg_success,44992512,0.8
4165,WarpSAC-A,PickSingleYCB-v1,2,avg_success,47492096,0.84
4166,WarpSAC-A,PickSingleYCB-v1,2,avg_success,49991680,0.82
4167,WarpSAC-A,PickSingleYCB-v1,2,avg_success,50000896,0.82
4168,WarpSAC-A,PickSingleYCB-v1,3,avg_return,0,0.4862
4169,WarpSAC-A,PickSingleYCB-v1,3,avg_return,2499584,11.1586
4170,WarpSAC-A,PickSingleYCB-v1,3,avg_return,4999168,16.6217
4171,WarpSAC-A,PickSingleYCB-v1,3,avg_return,7498752,22.8783
4172,WarpSAC-A,PickSingleYCB-v1,3,avg_return,9998336,23.7435
4173,WarpSAC-A,PickSingleYCB-v1,3,avg_return,12497920,23.3698
4174,WarpSAC-A,PickSingleYCB-v1,3,avg_return,14997504,20.9007
4175,WarpSAC-A,PickSingleYCB-v1,3,avg_return,17497088,22.9036
4176,WarpSAC-A,PickSingleYCB-v1,3,avg_return,19996672,23.3556
4177,WarpSAC-A,PickSingleYCB-v1,3,avg_return,22496256,21.7956
4178,WarpSAC-A,PickSingleYCB-v1,3,avg_return,24995840,21.4654
4179,WarpSAC-A,PickSingleYCB-v1,3,avg_return,27495424,24.1352
4180,WarpSAC-A,PickSingleYCB-v1,3,avg_return,29995008,18.0765
4181,WarpSAC-A,PickSingleYCB-v1,3,avg_return,32494592,20.8598
4182,WarpSAC-A,PickSingleYCB-v1,3,avg_return,34994176,23.4078
4183,WarpSAC-A,PickSingleYCB-v1,3,avg_return,37493760,21.1673
4184,WarpSAC-A,PickSingleYCB-v1,3,avg_return,39993344,18.5604
4185,WarpSAC-A,PickSingleYCB-v1,3,avg_return,42492928,18.1573
4186,WarpSAC-A,PickSingleYCB-v1,3,avg_return,44992512,23.0163
4187,WarpSAC-A,PickSingleYCB-v1,3,avg_return,47492096,20.9742
4188,WarpSAC-A,PickSingleYCB-v1,3,avg_return,49991680,19.5863
4189,WarpSAC-A,PickSingleYCB-v1,3,avg_return,50000896,21.7214
4190,WarpSAC-A,PickSingleYCB-v1,3,avg_success,0,0.0
4191,WarpSAC-A,PickSingleYCB-v1,3,avg_success,2499584,0.02
4192,WarpSAC-A,PickSingleYCB-v1,3,avg_success,4999168,0.4
4193,WarpSAC-A,PickSingleYCB-v1,3,avg_success,7498752,0.78
4194,WarpSAC-A,PickSingleYCB-v1,3,avg_success,9998336,0.78
4195,WarpSAC-A,PickSingleYCB-v1,3,avg_success,12497920,0.8
4196,WarpSAC-A,PickSingleYCB-v1,3,avg_success,14997504,0.7
4197,WarpSAC-A,PickSingleYCB-v1,3,avg_success,17497088,0.78
4198,WarpSAC-A,PickSingleYCB-v1,3,avg_success,19996672,0.8
4199,WarpSAC-A,PickSingleYCB-v1,3,avg_success,22496256,0.76
4200,WarpSAC-A,PickSingleYCB-v1,3,avg_success,24995840,0.68
4201,WarpSAC-A,PickSingleYCB-v1,3,avg_success,27495424,0.84
4202,WarpSAC-A,PickSingleYCB-v1,3,avg_success,29995008,0.58
4203,WarpSAC-A,PickSingleYCB-v1,3,avg_success,32494592,0.74
4204,WarpSAC-A,PickSingleYCB-v1,3,avg_success,34994176,0.82
4205,WarpSAC-A,PickSingleYCB-v1,3,avg_success,37493760,0.66
4206,WarpSAC-A,PickSingleYCB-v1,3,avg_success,39993344,0.64
4207,WarpSAC-A,PickSingleYCB-v1,3,avg_success,42492928,0.56
4208,WarpSAC-A,PickSingleYCB-v1,3,avg_success,44992512,0.74
4209,WarpSAC-A,PickSingleYCB-v1,3,avg_success,47492096,0.7
4210,WarpSAC-A,PickSingleYCB-v1,3,avg_success,49991680,0.66
4211,WarpSAC-A,PickSingleYCB-v1,3,avg_success,50000896,0.76
4212,WarpSAC-A,PickSingleYCB-v1,4,avg_return,0,0.0689
4213,WarpSAC-A,PickSingleYCB-v1,4,avg_return,2499584,11.4732
4214,WarpSAC-A,PickSingleYCB-v1,4,avg_return,4999168,23.2499
4215,WarpSAC-A,PickSingleYCB-v1,4,avg_return,7498752,23.7905
4216,WarpSAC-A,PickSingleYCB-v1,4,avg_return,9998336,23.7425
4217,WarpSAC-A,PickSingleYCB-v1,4,avg_return,12497920,20.0463
4218,WarpSAC-A,PickSingleYCB-v1,4,avg_return,14997504,24.402
4219,WarpSAC-A,PickSingleYCB-v1,4,avg_return,17497088,23.6884
4220,WarpSAC-A,PickSingleYCB-v1,4,avg_return,19996672,23.7611
4221,WarpSAC-A,PickSingleYCB-v1,4,avg_return,22496256,21.2332
4222,WarpSAC-A,PickSingleYCB-v1,4,avg_return,24995840,26.2187
4223,WarpSAC-A,PickSingleYCB-v1,4,avg_return,27495424,22.4466
4224,WarpSAC-A,PickSingleYCB-v1,4,avg_return,29995008,21.3988
4225,WarpSAC-A,PickSingleYCB-v1,4,avg_return,32494592,16.6731
4226,WarpSAC-A,PickSingleYCB-v1,4,avg_return,34994176,24.4619
4227,WarpSAC-A,PickSingleYCB-v1,4,avg_return,37493760,23.1404
4228,WarpSAC-A,PickSingleYCB-v1,4,avg_return,39993344,23.1645
4229,WarpSAC-A,PickSingleYCB-v1,4,avg_return,42492928,22.7253
4230,WarpSAC-A,PickSingleYCB-v1,4,avg_return,44992512,23.9812
4231,WarpSAC-A,PickSingleYCB-v1,4,avg_return,47492096,21.882
4232,WarpSAC-A,PickSingleYCB-v1,4,avg_return,49991680,21.2587
4233,WarpSAC-A,PickSingleYCB-v1,4,avg_return,50000896,22.2922
4234,WarpSAC-A,PickSingleYCB-v1,4,avg_success,0,0.0
4235,WarpSAC-A,PickSingleYCB-v1,4,avg_success,2499584,0.04
4236,WarpSAC-A,PickSingleYCB-v1,4,avg_success,4999168,0.78
4237,WarpSAC-A,PickSingleYCB-v1,4,avg_success,7498752,0.74
4238,WarpSAC-A,PickSingleYCB-v1,4,avg_success,9998336,0.8
4239,WarpSAC-A,PickSingleYCB-v1,4,avg_success,12497920,0.7
4240,WarpSAC-A,PickSingleYCB-v1,4,avg_success,14997504,0.8
4241,WarpSAC-A,PickSingleYCB-v1,4,avg_success,17497088,0.74
4242,WarpSAC-A,PickSingleYCB-v1,4,avg_success,19996672,0.78
4243,WarpSAC-A,PickSingleYCB-v1,4,avg_success,22496256,0.7
4244,WarpSAC-A,PickSingleYCB-v1,4,avg_success,24995840,0.86
4245,WarpSAC-A,PickSingleYCB-v1,4,avg_success,27495424,0.76
4246,WarpSAC-A,PickSingleYCB-v1,4,avg_success,29995008,0.7
4247,WarpSAC-A,PickSingleYCB-v1,4,avg_success,32494592,0.6
4248,WarpSAC-A,PickSingleYCB-v1,4,avg_success,34994176,0.86
4249,WarpSAC-A,PickSingleYCB-v1,4,avg_success,37493760,0.8
4250,WarpSAC-A,PickSingleYCB-v1,4,avg_success,39993344,0.78
4251,WarpSAC-A,PickSingleYCB-v1,4,avg_success,42492928,0.78
4252,WarpSAC-A,PickSingleYCB-v1,4,avg_success,44992512,0.8
4253,WarpSAC-A,PickSingleYCB-v1,4,avg_success,47492096,0.7
4254,WarpSAC-A,PickSingleYCB-v1,4,avg_success,49991680,0.74
4255,WarpSAC-A,PickSingleYCB-v1,4,avg_success,50000896,0.74
4256,WarpSAC-A,PickSingleYCB-v1,5,avg_return,0,0.0883
4257,WarpSAC-A,PickSingleYCB-v1,5,avg_return,2499584,7.287
4258,WarpSAC-A,PickSingleYCB-v1,5,avg_return,4999168,19.1683
4259,WarpSAC-A,PickSingleYCB-v1,5,avg_return,7498752,19.631
4260,WarpSAC-A,PickSingleYCB-v1,5,avg_return,9998336,22.5046
4261,WarpSAC-A,PickSingleYCB-v1,5,avg_return,12497920,25.0107
4262,WarpSAC-A,PickSingleYCB-v1,5,avg_return,14997504,23.5606
4263,WarpSAC-A,PickSingleYCB-v1,5,avg_return,17497088,25.0384
4264,WarpSAC-A,PickSingleYCB-v1,5,avg_return,19996672,22.8198
4265,WarpSAC-A,PickSingleYCB-v1,5,avg_return,22496256,18.7349
4266,WarpSAC-A,PickSingleYCB-v1,5,avg_return,24995840,13.1416
4267,WarpSAC-A,PickSingleYCB-v1,5,avg_return,27495424,15.068
4268,WarpSAC-A,PickSingleYCB-v1,5,avg_return,29995008,24.0613
4269,WarpSAC-A,PickSingleYCB-v1,5,avg_return,32494592,17.0077
4270,WarpSAC-A,PickSingleYCB-v1,5,avg_return,34994176,24.2842
4271,WarpSAC-A,PickSingleYCB-v1,5,avg_return,37493760,20.1714
4272,WarpSAC-A,PickSingleYCB-v1,5,avg_return,39993344,21.2694
4273,WarpSAC-A,PickSingleYCB-v1,5,avg_return,42492928,22.2198
4274,WarpSAC-A,PickSingleYCB-v1,5,avg_return,44992512,19.7062
4275,WarpSAC-A,PickSingleYCB-v1,5,avg_return,47492096,20.1342
4276,WarpSAC-A,PickSingleYCB-v1,5,avg_return,49991680,22.5124
4277,WarpSAC-A,PickSingleYCB-v1,5,avg_return,50000896,23.0719
4278,WarpSAC-A,PickSingleYCB-v1,5,avg_success,0,0.0
4279,WarpSAC-A,PickSingleYCB-v1,5,avg_success,2499584,0.0
4280,WarpSAC-A,PickSingleYCB-v1,5,avg_success,4999168,0.58
4281,WarpSAC-A,PickSingleYCB-v1,5,avg_success,7498752,0.48
4282,WarpSAC-A,PickSingleYCB-v1,5,avg_success,9998336,0.7
4283,WarpSAC-A,PickSingleYCB-v1,5,avg_success,12497920,0.82
4284,WarpSAC-A,PickSingleYCB-v1,5,avg_success,14997504,0.76
4285,WarpSAC-A,PickSingleYCB-v1,5,avg_success,17497088,0.8
4286,WarpSAC-A,PickSingleYCB-v1,5,avg_success,19996672,0.72
4287,WarpSAC-A,PickSingleYCB-v1,5,avg_success,22496256,0.68
4288,WarpSAC-A,PickSingleYCB-v1,5,avg_success,24995840,0.34
4289,WarpSAC-A,PickSingleYCB-v1,5,avg_success,27495424,0.52
4290,WarpSAC-A,PickSingleYCB-v1,5,avg_success,29995008,0.78
4291,WarpSAC-A,PickSingleYCB-v1,5,avg_success,32494592,0.56
4292,WarpSAC-A,PickSingleYCB-v1,5,avg_success,34994176,0.78
4293,WarpSAC-A,PickSingleYCB-v1,5,avg_success,37493760,0.68
4294,WarpSAC-A,PickSingleYCB-v1,5,avg_success,39993344,0.66
4295,WarpSAC-A,PickSingleYCB-v1,5,avg_success,42492928,0.74
4296,WarpSAC-A,PickSingleYCB-v1,5,avg_success,44992512,0.7
4297,WarpSAC-A,PickSingleYCB-v1,5,avg_success,47492096,0.64
4298,WarpSAC-A,PickSingleYCB-v1,5,avg_success,49991680,0.82
4299,WarpSAC-A,PickSingleYCB-v1,5,avg_success,50000896,0.84
4300,WarpSAC-A,PokeCube-v1,1,avg_return,0,0.5402
4301,WarpSAC-A,PokeCube-v1,1,avg_return,2499584,23.5759
4302,WarpSAC-A,PokeCube-v1,1,avg_return,4999168,32.4959
4303,WarpSAC-A,PokeCube-v1,1,avg_return,7498752,32.5436
4304,WarpSAC-A,PokeCube-v1,1,avg_return,9998336,32.9344
4305,WarpSAC-A,PokeCube-v1,1,avg_return,12497920,32.8827
4306,WarpSAC-A,PokeCube-v1,1,avg_return,14997504,33.0108
4307,WarpSAC-A,PokeCube-v1,1,avg_return,17497088,32.8502
4308,WarpSAC-A,PokeCube-v1,1,avg_return,19996672,32.794
4309,WarpSAC-A,PokeCube-v1,1,avg_return,22496256,33.135
4310,WarpSAC-A,PokeCube-v1,1,avg_return,24995840,32.9049
4311,WarpSAC-A,PokeCube-v1,1,avg_return,27495424,32.9293
4312,WarpSAC-A,PokeCube-v1,1,avg_return,29995008,33.0016
4313,WarpSAC-A,PokeCube-v1,1,avg_return,32494592,32.9345
4314,WarpSAC-A,PokeCube-v1,1,avg_return,34994176,33.2167
4315,WarpSAC-A,PokeCube-v1,1,avg_return,37493760,33.0576
4316,WarpSAC-A,PokeCube-v1,1,avg_return,39993344,32.8634
4317,WarpSAC-A,PokeCube-v1,1,avg_return,42492928,32.7762
4318,WarpSAC-A,PokeCube-v1,1,avg_return,44992512,32.8943
4319,WarpSAC-A,PokeCube-v1,1,avg_return,47492096,32.8751
4320,WarpSAC-A,PokeCube-v1,1,avg_return,49991680,32.8565
4321,WarpSAC-A,PokeCube-v1,1,avg_return,50000896,33.0002
4322,WarpSAC-A,PokeCube-v1,1,avg_success,0,0.0
4323,WarpSAC-A,PokeCube-v1,1,avg_success,2499584,0.0
4324,WarpSAC-A,PokeCube-v1,1,avg_success,4999168,0.0
4325,WarpSAC-A,PokeCube-v1,1,avg_success,7498752,0.0
4326,WarpSAC-A,PokeCube-v1,1,avg_success,9998336,0.0
4327,WarpSAC-A,PokeCube-v1,1,avg_success,12497920,0.0
4328,WarpSAC-A,PokeCube-v1,1,avg_success,14997504,0.0
4329,WarpSAC-A,PokeCube-v1,1,avg_success,17497088,0.0
4330,WarpSAC-A,PokeCube-v1,1,avg_success,19996672,0.0
4331,WarpSAC-A,PokeCube-v1,1,avg_success,22496256,0.0
4332,WarpSAC-A,PokeCube-v1,1,avg_success,24995840,0.0
4333,WarpSAC-A,PokeCube-v1,1,avg_success,27495424,0.0
4334,WarpSAC-A,PokeCube-v1,1,avg_success,29995008,0.0
4335,WarpSAC-A,PokeCube-v1,1,avg_success,32494592,0.0
4336,WarpSAC-A,PokeCube-v1,1,avg_success,34994176,0.0
4337,WarpSAC-A,PokeCube-v1,1,avg_success,37493760,0.0
4338,WarpSAC-A,PokeCube-v1,1,avg_success,39993344,0.0
4339,WarpSAC-A,PokeCube-v1,1,avg_success,42492928,0.0
4340,WarpSAC-A,PokeCube-v1,1,avg_success,44992512,0.0
4341,WarpSAC-A,PokeCube-v1,1,avg_success,47492096,0.0
4342,WarpSAC-A,PokeCube-v1,1,avg_success,49991680,0.0
4343,WarpSAC-A,PokeCube-v1,1,avg_success,50000896,0.0
4344,WarpSAC-A,PokeCube-v1,2,avg_return,0,2.0294
4345,WarpSAC-A,PokeCube-v1,2,avg_return,2499584,23.9123
4346,WarpSAC-A,PokeCube-v1,2,avg_return,4999168,32.5375
4347,WarpSAC-A,PokeCube-v1,2,avg_return,7498752,32.4143
4348,WarpSAC-A,PokeCube-v1,2,avg_return,9998336,33.3401
4349,WarpSAC-A,PokeCube-v1,2,avg_return,12497920,32.5537
4350,WarpSAC-A,PokeCube-v1,2,avg_return,14997504,32.6709
4351,WarpSAC-A,PokeCube-v1,2,avg_return,17497088,32.8817
4352,WarpSAC-A,PokeCube-v1,2,avg_return,19996672,32.9264
4353,WarpSAC-A,PokeCube-v1,2,avg_return,22496256,32.7215
4354,WarpSAC-A,PokeCube-v1,2,avg_return,24995840,32.9663
4355,WarpSAC-A,PokeCube-v1,2,avg_return,27495424,32.6743
4356,WarpSAC-A,PokeCube-v1,2,avg_return,29995008,32.8618
4357,WarpSAC-A,PokeCube-v1,2,avg_return,32494592,32.9228
4358,WarpSAC-A,PokeCube-v1,2,avg_return,34994176,32.7007
4359,WarpSAC-A,PokeCube-v1,2,avg_return,37493760,33.0822
4360,WarpSAC-A,PokeCube-v1,2,avg_return,39993344,32.8087
4361,WarpSAC-A,PokeCube-v1,2,avg_return,42492928,32.7872
4362,WarpSAC-A,PokeCube-v1,2,avg_return,44992512,32.5755
4363,WarpSAC-A,PokeCube-v1,2,avg_return,47492096,32.7989
4364,WarpSAC-A,PokeCube-v1,2,avg_return,49991680,33.0956
4365,WarpSAC-A,PokeCube-v1,2,avg_return,50000896,32.6469
4366,WarpSAC-A,PokeCube-v1,2,avg_success,0,0.0
4367,WarpSAC-A,PokeCube-v1,2,avg_success,2499584,0.0
4368,WarpSAC-A,PokeCube-v1,2,avg_success,4999168,0.0
4369,WarpSAC-A,PokeCube-v1,2,avg_success,7498752,0.0
4370,WarpSAC-A,PokeCube-v1,2,avg_success,9998336,0.0
4371,WarpSAC-A,PokeCube-v1,2,avg_success,12497920,0.0
4372,WarpSAC-A,PokeCube-v1,2,avg_success,14997504,0.0
4373,WarpSAC-A,PokeCube-v1,2,avg_success,17497088,0.0
4374,WarpSAC-A,PokeCube-v1,2,avg_success,19996672,0.0
4375,WarpSAC-A,PokeCube-v1,2,avg_success,22496256,0.0
4376,WarpSAC-A,PokeCube-v1,2,avg_success,24995840,0.0
4377,WarpSAC-A,PokeCube-v1,2,avg_success,27495424,0.0
4378,WarpSAC-A,PokeCube-v1,2,avg_success,29995008,0.0
4379,WarpSAC-A,PokeCube-v1,2,avg_success,32494592,0.0
4380,WarpSAC-A,PokeCube-v1,2,avg_success,34994176,0.0
4381,WarpSAC-A,PokeCube-v1,2,avg_success,37493760,0.0
4382,WarpSAC-A,PokeCube-v1,2,avg_success,39993344,0.0
4383,WarpSAC-A,PokeCube-v1,2,avg_success,42492928,0.0
4384,WarpSAC-A,PokeCube-v1,2,avg_success,44992512,0.0
4385,WarpSAC-A,PokeCube-v1,2,avg_success,47492096,0.0
4386,WarpSAC-A,PokeCube-v1,2,avg_success,49991680,0.0
4387,WarpSAC-A,PokeCube-v1,2,avg_success,50000896,0.0
4388,WarpSAC-A,PokeCube-v1,3,avg_return,0,0.2475
4389,WarpSAC-A,PokeCube-v1,3,avg_return,2499584,21.7127
4390,WarpSAC-A,PokeCube-v1,3,avg_return,4999168,32.734
4391,WarpSAC-A,PokeCube-v1,3,avg_return,7498752,32.2852
4392,WarpSAC-A,PokeCube-v1,3,avg_return,9998336,32.8488
4393,WarpSAC-A,PokeCube-v1,3,avg_return,12497920,33.2339
4394,WarpSAC-A,PokeCube-v1,3,avg_return,14997504,32.7118
4395,WarpSAC-A,PokeCube-v1,3,avg_return,17497088,33.0584
4396,WarpSAC-A,PokeCube-v1,3,avg_return,19996672,33.0503
4397,WarpSAC-A,PokeCube-v1,3,avg_return,22496256,32.5903
4398,WarpSAC-A,PokeCube-v1,3,avg_return,24995840,32.6803
4399,WarpSAC-A,PokeCube-v1,3,avg_return,27495424,32.6201
4400,WarpSAC-A,PokeCube-v1,3,avg_return,29995008,32.3129
4401,WarpSAC-A,PokeCube-v1,3,avg_return,32494592,32.7628
4402,WarpSAC-A,PokeCube-v1,3,avg_return,34994176,33.0319
4403,WarpSAC-A,PokeCube-v1,3,avg_return,37493760,32.8435
4404,WarpSAC-A,PokeCube-v1,3,avg_return,39993344,32.6723
4405,WarpSAC-A,PokeCube-v1,3,avg_return,42492928,32.2656
4406,WarpSAC-A,PokeCube-v1,3,avg_return,44992512,32.6455
4407,WarpSAC-A,PokeCube-v1,3,avg_return,47492096,32.5948
4408,WarpSAC-A,PokeCube-v1,3,avg_return,49991680,32.9312
4409,WarpSAC-A,PokeCube-v1,3,avg_return,50000896,33.1155
4410,WarpSAC-A,PokeCube-v1,3,avg_success,0,0.0
4411,WarpSAC-A,PokeCube-v1,3,avg_success,2499584,0.0
4412,WarpSAC-A,PokeCube-v1,3,avg_success,4999168,0.0
4413,WarpSAC-A,PokeCube-v1,3,avg_success,7498752,0.0
4414,WarpSAC-A,PokeCube-v1,3,avg_success,9998336,0.0
4415,WarpSAC-A,PokeCube-v1,3,avg_success,12497920,0.0
4416,WarpSAC-A,PokeCube-v1,3,avg_success,14997504,0.0
4417,WarpSAC-A,PokeCube-v1,3,avg_success,17497088,0.0
4418,WarpSAC-A,PokeCube-v1,3,avg_success,19996672,0.0
4419,WarpSAC-A,PokeCube-v1,3,avg_success,22496256,0.0
4420,WarpSAC-A,PokeCube-v1,3,avg_success,24995840,0.0
4421,WarpSAC-A,PokeCube-v1,3,avg_success,27495424,0.0
4422,WarpSAC-A,PokeCube-v1,3,avg_success,29995008,0.0
4423,WarpSAC-A,PokeCube-v1,3,avg_success,32494592,0.0
4424,WarpSAC-A,PokeCube-v1,3,avg_success,34994176,0.0
4425,WarpSAC-A,PokeCube-v1,3,avg_success,37493760,0.0
4426,WarpSAC-A,PokeCube-v1,3,avg_success,39993344,0.0
4427,WarpSAC-A,PokeCube-v1,3,avg_success,42492928,0.0
4428,WarpSAC-A,PokeCube-v1,3,avg_success,44992512,0.0
4429,WarpSAC-A,PokeCube-v1,3,avg_success,47492096,0.0
4430,WarpSAC-A,PokeCube-v1,3,avg_success,49991680,0.0
4431,WarpSAC-A,PokeCube-v1,3,avg_success,50000896,0.0
4432,WarpSAC-A,PokeCube-v1,4,avg_return,0,0.7448
4433,WarpSAC-A,PokeCube-v1,4,avg_return,2499584,20.9995
4434,WarpSAC-A,PokeCube-v1,4,avg_return,4999168,32.707
4435,WarpSAC-A,PokeCube-v1,4,avg_return,7498752,32.5821
4436,WarpSAC-A,PokeCube-v1,4,avg_return,9998336,32.5382
4437,WarpSAC-A,PokeCube-v1,4,avg_return,12497920,32.7116
4438,WarpSAC-A,PokeCube-v1,4,avg_return,14997504,32.7587
4439,WarpSAC-A,PokeCube-v1,4,avg_return,17497088,32.9531
4440,WarpSAC-A,PokeCube-v1,4,avg_return,19996672,32.865
4441,WarpSAC-A,PokeCube-v1,4,avg_return,22496256,32.8765
4442,WarpSAC-A,PokeCube-v1,4,avg_return,24995840,32.9652
4443,WarpSAC-A,PokeCube-v1,4,avg_return,27495424,32.7556
4444,WarpSAC-A,PokeCube-v1,4,avg_return,29995008,32.7202
4445,WarpSAC-A,PokeCube-v1,4,avg_return,32494592,32.7938
4446,WarpSAC-A,PokeCube-v1,4,avg_return,34994176,33.2156
4447,WarpSAC-A,PokeCube-v1,4,avg_return,37493760,32.9931
4448,WarpSAC-A,PokeCube-v1,4,avg_return,39993344,32.9438
4449,WarpSAC-A,PokeCube-v1,4,avg_return,42492928,32.7978
4450,WarpSAC-A,PokeCube-v1,4,avg_return,44992512,33.2199
4451,WarpSAC-A,PokeCube-v1,4,avg_return,47492096,33.0461
4452,WarpSAC-A,PokeCube-v1,4,avg_return,49991680,31.3038
4453,WarpSAC-A,PokeCube-v1,4,avg_return,50000896,32.8381
4454,WarpSAC-A,PokeCube-v1,4,avg_success,0,0.0
4455,WarpSAC-A,PokeCube-v1,4,avg_success,2499584,0.0
4456,WarpSAC-A,PokeCube-v1,4,avg_success,4999168,0.0
4457,WarpSAC-A,PokeCube-v1,4,avg_success,7498752,0.0
4458,WarpSAC-A,PokeCube-v1,4,avg_success,9998336,0.0
4459,WarpSAC-A,PokeCube-v1,4,avg_success,12497920,0.0
4460,WarpSAC-A,PokeCube-v1,4,avg_success,14997504,0.0
4461,WarpSAC-A,PokeCube-v1,4,avg_success,17497088,0.0
4462,WarpSAC-A,PokeCube-v1,4,avg_success,19996672,0.0
4463,WarpSAC-A,PokeCube-v1,4,avg_success,22496256,0.0
4464,WarpSAC-A,PokeCube-v1,4,avg_success,24995840,0.0
4465,WarpSAC-A,PokeCube-v1,4,avg_success,27495424,0.0
4466,WarpSAC-A,PokeCube-v1,4,avg_success,29995008,0.0
4467,WarpSAC-A,PokeCube-v1,4,avg_success,32494592,0.0
4468,WarpSAC-A,PokeCube-v1,4,avg_success,34994176,0.0
4469,WarpSAC-A,PokeCube-v1,4,avg_success,37493760,0.0
4470,WarpSAC-A,PokeCube-v1,4,avg_success,39993344,0.0
4471,WarpSAC-A,PokeCube-v1,4,avg_success,42492928,0.0
4472,WarpSAC-A,PokeCube-v1,4,avg_success,44992512,0.0
4473,WarpSAC-A,PokeCube-v1,4,avg_success,47492096,0.0
4474,WarpSAC-A,PokeCube-v1,4,avg_success,49991680,0.0
4475,WarpSAC-A,PokeCube-v1,4,avg_success,50000896,0.0
4476,WarpSAC-A,PokeCube-v1,5,avg_return,0,0.5142
4477,WarpSAC-A,PokeCube-v1,5,avg_return,2499584,23.2452
4478,WarpSAC-A,PokeCube-v1,5,avg_return,4999168,32.5851
4479,WarpSAC-A,PokeCube-v1,5,avg_return,7498752,32.8329
4480,WarpSAC-A,PokeCube-v1,5,avg_return,9998336,32.9577
4481,WarpSAC-A,PokeCube-v1,5,avg_return,12497920,33.1026
4482,WarpSAC-A,PokeCube-v1,5,avg_return,14997504,32.3845
4483,WarpSAC-A,PokeCube-v1,5,avg_return,17497088,32.5484
4484,WarpSAC-A,PokeCube-v1,5,avg_return,19996672,32.6325
4485,WarpSAC-A,PokeCube-v1,5,avg_return,22496256,32.8159
4486,WarpSAC-A,PokeCube-v1,5,avg_return,24995840,33.0689
4487,WarpSAC-A,PokeCube-v1,5,avg_return,27495424,32.8112
4488,WarpSAC-A,PokeCube-v1,5,avg_return,29995008,32.2658
4489,WarpSAC-A,PokeCube-v1,5,avg_return,32494592,32.6999
4490,WarpSAC-A,PokeCube-v1,5,avg_return,34994176,32.7357
4491,WarpSAC-A,PokeCube-v1,5,avg_return,37493760,33.1065
4492,WarpSAC-A,PokeCube-v1,5,avg_return,39993344,33.0169
4493,WarpSAC-A,PokeCube-v1,5,avg_return,42492928,33.0904
4494,WarpSAC-A,PokeCube-v1,5,avg_return,44992512,32.48
4495,WarpSAC-A,PokeCube-v1,5,avg_return,47492096,32.8863
4496,WarpSAC-A,PokeCube-v1,5,avg_return,49991680,32.7596
4497,WarpSAC-A,PokeCube-v1,5,avg_return,50000896,32.6339
4498,WarpSAC-A,PokeCube-v1,5,avg_success,0,0.0
4499,WarpSAC-A,PokeCube-v1,5,avg_success,2499584,0.0
4500,WarpSAC-A,PokeCube-v1,5,avg_success,4999168,0.0
4501,WarpSAC-A,PokeCube-v1,5,avg_success,7498752,0.0
4502,WarpSAC-A,PokeCube-v1,5,avg_success,9998336,0.0
4503,WarpSAC-A,PokeCube-v1,5,avg_success,12497920,0.0
4504,WarpSAC-A,PokeCube-v1,5,avg_success,14997504,0.0
4505,WarpSAC-A,PokeCube-v1,5,avg_success,17497088,0.0
4506,WarpSAC-A,PokeCube-v1,5,avg_success,19996672,0.0
4507,WarpSAC-A,PokeCube-v1,5,avg_success,22496256,0.0
4508,WarpSAC-A,PokeCube-v1,5,avg_success,24995840,0.0
4509,WarpSAC-A,PokeCube-v1,5,avg_success,27495424,0.0
4510,WarpSAC-A,PokeCube-v1,5,avg_success,29995008,0.0
4511,WarpSAC-A,PokeCube-v1,5,avg_success,32494592,0.0
4512,WarpSAC-A,PokeCube-v1,5,avg_success,34994176,0.0
4513,WarpSAC-A,PokeCube-v1,5,avg_success,37493760,0.0
4514,WarpSAC-A,PokeCube-v1,5,avg_success,39993344,0.0
4515,WarpSAC-A,PokeCube-v1,5,avg_success,42492928,0.0
4516,WarpSAC-A,PokeCube-v1,5,avg_success,44992512,0.0
4517,WarpSAC-A,PokeCube-v1,5,avg_success,47492096,0.0
4518,WarpSAC-A,PokeCube-v1,5,avg_success,49991680,0.0
4519,WarpSAC-A,PokeCube-v1,5,avg_success,50000896,0.0
4520,WarpSAC-A,PullCube-v1,1,avg_return,0,0.8588
4521,WarpSAC-A,PullCube-v1,1,avg_return,2499584,38.9247
4522,WarpSAC-A,PullCube-v1,1,avg_return,4999168,41.8327
4523,WarpSAC-A,PullCube-v1,1,avg_return,7498752,41.5484
4524,WarpSAC-A,PullCube-v1,1,avg_return,9998336,42.3589
4525,WarpSAC-A,PullCube-v1,1,avg_return,12497920,42.3244
4526,WarpSAC-A,PullCube-v1,1,avg_return,14997504,41.4246
4527,WarpSAC-A,PullCube-v1,1,avg_return,17497088,42.3876
4528,WarpSAC-A,PullCube-v1,1,avg_return,19996672,43.0617
4529,WarpSAC-A,PullCube-v1,1,avg_return,22496256,42.8769
4530,WarpSAC-A,PullCube-v1,1,avg_return,24995840,41.3795
4531,WarpSAC-A,PullCube-v1,1,avg_return,27495424,42.6116
4532,WarpSAC-A,PullCube-v1,1,avg_return,29995008,42.9907
4533,WarpSAC-A,PullCube-v1,1,avg_return,32494592,42.0138
4534,WarpSAC-A,PullCube-v1,1,avg_return,34994176,42.8644
4535,WarpSAC-A,PullCube-v1,1,avg_return,37493760,41.7832
4536,WarpSAC-A,PullCube-v1,1,avg_return,39993344,43.1114
4537,WarpSAC-A,PullCube-v1,1,avg_return,42492928,42.3014
4538,WarpSAC-A,PullCube-v1,1,avg_return,44992512,43.2497
4539,WarpSAC-A,PullCube-v1,1,avg_return,47492096,42.7358
4540,WarpSAC-A,PullCube-v1,1,avg_return,49991680,41.4249
4541,WarpSAC-A,PullCube-v1,1,avg_return,50000896,41.4706
4542,WarpSAC-A,PullCube-v1,1,avg_success,0,0.0
4543,WarpSAC-A,PullCube-v1,1,avg_success,2499584,0.98
4544,WarpSAC-A,PullCube-v1,1,avg_success,4999168,1.0
4545,WarpSAC-A,PullCube-v1,1,avg_success,7498752,0.98
4546,WarpSAC-A,PullCube-v1,1,avg_success,9998336,1.0
4547,WarpSAC-A,PullCube-v1,1,avg_success,12497920,1.0
4548,WarpSAC-A,PullCube-v1,1,avg_success,14997504,1.0
4549,WarpSAC-A,PullCube-v1,1,avg_success,17497088,1.0
4550,WarpSAC-A,PullCube-v1,1,avg_success,19996672,1.0
4551,WarpSAC-A,PullCube-v1,1,avg_success,22496256,1.0
4552,WarpSAC-A,PullCube-v1,1,avg_success,24995840,1.0
4553,WarpSAC-A,PullCube-v1,1,avg_success,27495424,1.0
4554,WarpSAC-A,PullCube-v1,1,avg_success,29995008,1.0
4555,WarpSAC-A,PullCube-v1,1,avg_success,32494592,1.0
4556,WarpSAC-A,PullCube-v1,1,avg_success,34994176,1.0
4557,WarpSAC-A,PullCube-v1,1,avg_success,37493760,0.98
4558,WarpSAC-A,PullCube-v1,1,avg_success,39993344,1.0
4559,WarpSAC-A,PullCube-v1,1,avg_success,42492928,1.0
4560,WarpSAC-A,PullCube-v1,1,avg_success,44992512,1.0
4561,WarpSAC-A,PullCube-v1,1,avg_success,47492096,0.98
4562,WarpSAC-A,PullCube-v1,1,avg_success,49991680,1.0
4563,WarpSAC-A,PullCube-v1,1,avg_success,50000896,1.0
4564,WarpSAC-A,PullCube-v1,2,avg_return,0,0.5395
4565,WarpSAC-A,PullCube-v1,2,avg_return,2499584,40.686
4566,WarpSAC-A,PullCube-v1,2,avg_return,4999168,42.2067
4567,WarpSAC-A,PullCube-v1,2,avg_return,7498752,41.6712
4568,WarpSAC-A,PullCube-v1,2,avg_return,9998336,42.1178
4569,WarpSAC-A,PullCube-v1,2,avg_return,12497920,41.6896
4570,WarpSAC-A,PullCube-v1,2,avg_return,14997504,42.3551
4571,WarpSAC-A,PullCube-v1,2,avg_return,17497088,42.5283
4572,WarpSAC-A,PullCube-v1,2,avg_return,19996672,42.8886
4573,WarpSAC-A,PullCube-v1,2,avg_return,22496256,42.9023
4574,WarpSAC-A,PullCube-v1,2,avg_return,24995840,42.8926
4575,WarpSAC-A,PullCube-v1,2,avg_return,27495424,42.6489
4576,WarpSAC-A,PullCube-v1,2,avg_return,29995008,42.4155
4577,WarpSAC-A,PullCube-v1,2,avg_return,32494592,42.3029
4578,WarpSAC-A,PullCube-v1,2,avg_return,34994176,42.8915
4579,WarpSAC-A,PullCube-v1,2,avg_return,37493760,42.475
4580,WarpSAC-A,PullCube-v1,2,avg_return,39993344,42.5615
4581,WarpSAC-A,PullCube-v1,2,avg_return,42492928,42.2339
4582,WarpSAC-A,PullCube-v1,2,avg_return,44992512,43.0259
4583,WarpSAC-A,PullCube-v1,2,avg_return,47492096,43.0768
4584,WarpSAC-A,PullCube-v1,2,avg_return,49991680,42.8611
4585,WarpSAC-A,PullCube-v1,2,avg_return,50000896,42.2434
4586,WarpSAC-A,PullCube-v1,2,avg_success,0,0.0
4587,WarpSAC-A,PullCube-v1,2,avg_success,2499584,1.0
4588,WarpSAC-A,PullCube-v1,2,avg_success,4999168,1.0
4589,WarpSAC-A,PullCube-v1,2,avg_success,7498752,1.0
4590,WarpSAC-A,PullCube-v1,2,avg_success,9998336,1.0
4591,WarpSAC-A,PullCube-v1,2,avg_success,12497920,1.0
4592,WarpSAC-A,PullCube-v1,2,avg_success,14997504,1.0
4593,WarpSAC-A,PullCube-v1,2,avg_success,17497088,1.0
4594,WarpSAC-A,PullCube-v1,2,avg_success,19996672,1.0
4595,WarpSAC-A,PullCube-v1,2,avg_success,22496256,1.0
4596,WarpSAC-A,PullCube-v1,2,avg_success,24995840,1.0
4597,WarpSAC-A,PullCube-v1,2,avg_success,27495424,1.0
4598,WarpSAC-A,PullCube-v1,2,avg_success,29995008,0.98
4599,WarpSAC-A,PullCube-v1,2,avg_success,32494592,1.0
4600,WarpSAC-A,PullCube-v1,2,avg_success,34994176,1.0
4601,WarpSAC-A,PullCube-v1,2,avg_success,37493760,1.0
4602,WarpSAC-A,PullCube-v1,2,avg_success,39993344,1.0
4603,WarpSAC-A,PullCube-v1,2,avg_success,42492928,1.0
4604,WarpSAC-A,PullCube-v1,2,avg_success,44992512,1.0
4605,WarpSAC-A,PullCube-v1,2,avg_success,47492096,1.0
4606,WarpSAC-A,PullCube-v1,2,avg_success,49991680,1.0
4607,WarpSAC-A,PullCube-v1,2,avg_success,50000896,1.0
4608,WarpSAC-A,PullCube-v1,3,avg_return,0,4.6375
4609,WarpSAC-A,PullCube-v1,3,avg_return,2499584,41.5024
4610,WarpSAC-A,PullCube-v1,3,avg_return,4999168,40.7799
4611,WarpSAC-A,PullCube-v1,3,avg_return,7498752,41.8386
4612,WarpSAC-A,PullCube-v1,3,avg_return,9998336,43.0026
4613,WarpSAC-A,PullCube-v1,3,avg_return,12497920,42.4682
4614,WarpSAC-A,PullCube-v1,3,avg_return,14997504,41.9376
4615,WarpSAC-A,PullCube-v1,3,avg_return,17497088,42.3411
4616,WarpSAC-A,PullCube-v1,3,avg_return,19996672,42.7593
4617,WarpSAC-A,PullCube-v1,3,avg_return,22496256,43.2466
4618,WarpSAC-A,PullCube-v1,3,avg_return,24995840,43.1396
4619,WarpSAC-A,PullCube-v1,3,avg_return,27495424,41.9108
4620,WarpSAC-A,PullCube-v1,3,avg_return,29995008,41.5406
4621,WarpSAC-A,PullCube-v1,3,avg_return,32494592,41.5809
4622,WarpSAC-A,PullCube-v1,3,avg_return,34994176,43.3413
4623,WarpSAC-A,PullCube-v1,3,avg_return,37493760,42.4056
4624,WarpSAC-A,PullCube-v1,3,avg_return,39993344,43.315
4625,WarpSAC-A,PullCube-v1,3,avg_return,42492928,41.522
4626,WarpSAC-A,PullCube-v1,3,avg_return,44992512,42.9824
4627,WarpSAC-A,PullCube-v1,3,avg_return,47492096,43.1653
4628,WarpSAC-A,PullCube-v1,3,avg_return,49991680,42.3788
4629,WarpSAC-A,PullCube-v1,3,avg_return,50000896,42.3756
4630,WarpSAC-A,PullCube-v1,3,avg_success,0,0.0
4631,WarpSAC-A,PullCube-v1,3,avg_success,2499584,1.0
4632,WarpSAC-A,PullCube-v1,3,avg_success,4999168,1.0
4633,WarpSAC-A,PullCube-v1,3,avg_success,7498752,1.0
4634,WarpSAC-A,PullCube-v1,3,avg_success,9998336,1.0
4635,WarpSAC-A,PullCube-v1,3,avg_success,12497920,1.0
4636,WarpSAC-A,PullCube-v1,3,avg_success,14997504,1.0
4637,WarpSAC-A,PullCube-v1,3,avg_success,17497088,1.0
4638,WarpSAC-A,PullCube-v1,3,avg_success,19996672,1.0
4639,WarpSAC-A,PullCube-v1,3,avg_success,22496256,1.0
4640,WarpSAC-A,PullCube-v1,3,avg_success,24995840,1.0
4641,WarpSAC-A,PullCube-v1,3,avg_success,27495424,1.0
4642,WarpSAC-A,PullCube-v1,3,avg_success,29995008,1.0
4643,WarpSAC-A,PullCube-v1,3,avg_success,32494592,1.0
4644,WarpSAC-A,PullCube-v1,3,avg_success,34994176,1.0
4645,WarpSAC-A,PullCube-v1,3,avg_success,37493760,1.0
4646,WarpSAC-A,PullCube-v1,3,avg_success,39993344,1.0
4647,WarpSAC-A,PullCube-v1,3,avg_success,42492928,1.0
4648,WarpSAC-A,PullCube-v1,3,avg_success,44992512,1.0
4649,WarpSAC-A,PullCube-v1,3,avg_success,47492096,1.0
4650,WarpSAC-A,PullCube-v1,3,avg_success,49991680,1.0
4651,WarpSAC-A,PullCube-v1,3,avg_success,50000896,1.0
4652,WarpSAC-A,PullCube-v1,4,avg_return,0,0.3728
4653,WarpSAC-A,PullCube-v1,4,avg_return,2499584,40.7275
4654,WarpSAC-A,PullCube-v1,4,avg_return,4999168,40.7326
4655,WarpSAC-A,PullCube-v1,4,avg_return,7498752,41.5277
4656,WarpSAC-A,PullCube-v1,4,avg_return,9998336,41.8463
4657,WarpSAC-A,PullCube-v1,4,avg_return,12497920,42.3811
4658,WarpSAC-A,PullCube-v1,4,avg_return,14997504,41.3609
4659,WarpSAC-A,PullCube-v1,4,avg_return,17497088,41.1802
4660,WarpSAC-A,PullCube-v1,4,avg_return,19996672,41.6912
4661,WarpSAC-A,PullCube-v1,4,avg_return,22496256,42.7949
4662,WarpSAC-A,PullCube-v1,4,avg_return,24995840,41.9499
4663,WarpSAC-A,PullCube-v1,4,avg_return,27495424,42.8126
4664,WarpSAC-A,PullCube-v1,4,avg_return,29995008,42.6987
4665,WarpSAC-A,PullCube-v1,4,avg_return,32494592,41.4108
4666,WarpSAC-A,PullCube-v1,4,avg_return,34994176,43.0147
4667,WarpSAC-A,PullCube-v1,4,avg_return,37493760,42.8415
4668,WarpSAC-A,PullCube-v1,4,avg_return,39993344,42.0901
4669,WarpSAC-A,PullCube-v1,4,avg_return,42492928,42.6316
4670,WarpSAC-A,PullCube-v1,4,avg_return,44992512,41.1109
4671,WarpSAC-A,PullCube-v1,4,avg_return,47492096,43.0818
4672,WarpSAC-A,PullCube-v1,4,avg_return,49991680,42.3997
4673,WarpSAC-A,PullCube-v1,4,avg_return,50000896,42.7552
4674,WarpSAC-A,PullCube-v1,4,avg_success,0,0.0
4675,WarpSAC-A,PullCube-v1,4,avg_success,2499584,1.0
4676,WarpSAC-A,PullCube-v1,4,avg_success,4999168,1.0
4677,WarpSAC-A,PullCube-v1,4,avg_success,7498752,1.0
4678,WarpSAC-A,PullCube-v1,4,avg_success,9998336,1.0
4679,WarpSAC-A,PullCube-v1,4,avg_success,12497920,1.0
4680,WarpSAC-A,PullCube-v1,4,avg_success,14997504,1.0
4681,WarpSAC-A,PullCube-v1,4,avg_success,17497088,1.0
4682,WarpSAC-A,PullCube-v1,4,avg_success,19996672,1.0
4683,WarpSAC-A,PullCube-v1,4,avg_success,22496256,1.0
4684,WarpSAC-A,PullCube-v1,4,avg_success,24995840,1.0
4685,WarpSAC-A,PullCube-v1,4,avg_success,27495424,1.0
4686,WarpSAC-A,PullCube-v1,4,avg_success,29995008,1.0
4687,WarpSAC-A,PullCube-v1,4,avg_success,32494592,0.98
4688,WarpSAC-A,PullCube-v1,4,avg_success,34994176,1.0
4689,WarpSAC-A,PullCube-v1,4,avg_success,37493760,1.0
4690,WarpSAC-A,PullCube-v1,4,avg_success,39993344,1.0
4691,WarpSAC-A,PullCube-v1,4,avg_success,42492928,1.0
4692,WarpSAC-A,PullCube-v1,4,avg_success,44992512,1.0
4693,WarpSAC-A,PullCube-v1,4,avg_success,47492096,1.0
4694,WarpSAC-A,PullCube-v1,4,avg_success,49991680,1.0
4695,WarpSAC-A,PullCube-v1,4,avg_success,50000896,1.0
4696,WarpSAC-A,PullCube-v1,5,avg_return,0,2.0695
4697,WarpSAC-A,PullCube-v1,5,avg_return,2499584,35.608
4698,WarpSAC-A,PullCube-v1,5,avg_return,4999168,41.9631
4699,WarpSAC-A,PullCube-v1,5,avg_return,7498752,42.2878
4700,WarpSAC-A,PullCube-v1,5,avg_return,9998336,42.826
4701,WarpSAC-A,PullCube-v1,5,avg_return,12497920,40.8757
4702,WarpSAC-A,PullCube-v1,5,avg_return,14997504,41.78
4703,WarpSAC-A,PullCube-v1,5,avg_return,17497088,42.8123
4704,WarpSAC-A,PullCube-v1,5,avg_return,19996672,42.2792
4705,WarpSAC-A,PullCube-v1,5,avg_return,22496256,41.9171
4706,WarpSAC-A,PullCube-v1,5,avg_return,24995840,42.4653
4707,WarpSAC-A,PullCube-v1,5,avg_return,27495424,43.0791
4708,WarpSAC-A,PullCube-v1,5,avg_return,29995008,42.1621
4709,WarpSAC-A,PullCube-v1,5,avg_return,32494592,42.0003
4710,WarpSAC-A,PullCube-v1,5,avg_return,34994176,41.376
4711,WarpSAC-A,PullCube-v1,5,avg_return,37493760,42.7243
4712,WarpSAC-A,PullCube-v1,5,avg_return,39993344,42.9839
4713,WarpSAC-A,PullCube-v1,5,avg_return,42492928,42.7864
4714,WarpSAC-A,PullCube-v1,5,avg_return,44992512,42.0309
4715,WarpSAC-A,PullCube-v1,5,avg_return,47492096,43.0078
4716,WarpSAC-A,PullCube-v1,5,avg_return,49991680,42.9668
4717,WarpSAC-A,PullCube-v1,5,avg_return,50000896,43.0213
4718,WarpSAC-A,PullCube-v1,5,avg_success,0,0.0
4719,WarpSAC-A,PullCube-v1,5,avg_success,2499584,0.88
4720,WarpSAC-A,PullCube-v1,5,avg_success,4999168,1.0
4721,WarpSAC-A,PullCube-v1,5,avg_success,7498752,1.0
4722,WarpSAC-A,PullCube-v1,5,avg_success,9998336,1.0
4723,WarpSAC-A,PullCube-v1,5,avg_success,12497920,1.0
4724,WarpSAC-A,PullCube-v1,5,avg_success,14997504,1.0
4725,WarpSAC-A,PullCube-v1,5,avg_success,17497088,1.0
4726,WarpSAC-A,PullCube-v1,5,avg_success,19996672,1.0
4727,WarpSAC-A,PullCube-v1,5,avg_success,22496256,1.0
4728,WarpSAC-A,PullCube-v1,5,avg_success,24995840,1.0
4729,WarpSAC-A,PullCube-v1,5,avg_success,27495424,1.0
4730,WarpSAC-A,PullCube-v1,5,avg_success,29995008,1.0
4731,WarpSAC-A,PullCube-v1,5,avg_success,32494592,1.0
4732,WarpSAC-A,PullCube-v1,5,avg_success,34994176,1.0
4733,WarpSAC-A,PullCube-v1,5,avg_success,37493760,1.0
4734,WarpSAC-A,PullCube-v1,5,avg_success,39993344,1.0
4735,WarpSAC-A,PullCube-v1,5,avg_success,42492928,1.0
4736,WarpSAC-A,PullCube-v1,5,avg_success,44992512,1.0
4737,WarpSAC-A,PullCube-v1,5,avg_success,47492096,1.0
4738,WarpSAC-A,PullCube-v1,5,avg_success,49991680,1.0
4739,WarpSAC-A,PullCube-v1,5,avg_success,50000896,1.0
4740,WarpSAC-A,T1JoystickFlatTerrain,1,avg_return,0,0.0293
4741,WarpSAC-A,T1JoystickFlatTerrain,1,avg_return,2499584,0.8161
4742,WarpSAC-A,T1JoystickFlatTerrain,1,avg_return,4999168,1.3475
4743,WarpSAC-A,T1JoystickFlatTerrain,1,avg_return,7498752,28.0125
4744,WarpSAC-A,T1JoystickFlatTerrain,1,avg_return,9998336,34.9375
4745,WarpSAC-A,T1JoystickFlatTerrain,1,avg_return,12497920,37.0378
4746,WarpSAC-A,T1JoystickFlatTerrain,1,avg_return,14997504,38.64
4747,WarpSAC-A,T1JoystickFlatTerrain,1,avg_return,17497088,36.8165
4748,WarpSAC-A,T1JoystickFlatTerrain,1,avg_return,19996672,30.4626
4749,WarpSAC-A,T1JoystickFlatTerrain,1,avg_return,22496256,38.9307
4750,WarpSAC-A,T1JoystickFlatTerrain,1,avg_return,24995840,41.5343
4751,WarpSAC-A,T1JoystickFlatTerrain,1,avg_return,27495424,41.1315
4752,WarpSAC-A,T1JoystickFlatTerrain,1,avg_return,29995008,40.7937
4753,WarpSAC-A,T1JoystickFlatTerrain,1,avg_return,32494592,39.1266
4754,WarpSAC-A,T1JoystickFlatTerrain,1,avg_return,34994176,41.2137
4755,WarpSAC-A,T1JoystickFlatTerrain,1,avg_return,37493760,40.0406
4756,WarpSAC-A,T1JoystickFlatTerrain,1,avg_return,39993344,39.8324
4757,WarpSAC-A,T1JoystickFlatTerrain,1,avg_return,42492928,40.7552
4758,WarpSAC-A,T1JoystickFlatTerrain,1,avg_return,44992512,41.384
4759,WarpSAC-A,T1JoystickFlatTerrain,1,avg_return,47492096,40.3778
4760,WarpSAC-A,T1JoystickFlatTerrain,1,avg_return,49991680,40.0249
4761,WarpSAC-A,T1JoystickFlatTerrain,1,avg_return,50000896,39.8196
4762,WarpSAC-A,T1JoystickFlatTerrain,1,avg_success,0,0.0
4763,WarpSAC-A,T1JoystickFlatTerrain,1,avg_success,2499584,0.0
4764,WarpSAC-A,T1JoystickFlatTerrain,1,avg_success,4999168,0.0
4765,WarpSAC-A,T1JoystickFlatTerrain,1,avg_success,7498752,0.0
4766,WarpSAC-A,T1JoystickFlatTerrain,1,avg_success,9998336,0.0
4767,WarpSAC-A,T1JoystickFlatTerrain,1,avg_success,12497920,0.0
4768,WarpSAC-A,T1JoystickFlatTerrain,1,avg_success,14997504,0.0
4769,WarpSAC-A,T1JoystickFlatTerrain,1,avg_success,17497088,0.0
4770,WarpSAC-A,T1JoystickFlatTerrain,1,avg_success,19996672,0.0
4771,WarpSAC-A,T1JoystickFlatTerrain,1,avg_success,22496256,0.0
4772,WarpSAC-A,T1JoystickFlatTerrain,1,avg_success,24995840,0.0
4773,WarpSAC-A,T1JoystickFlatTerrain,1,avg_success,27495424,0.0
4774,WarpSAC-A,T1JoystickFlatTerrain,1,avg_success,29995008,0.0
4775,WarpSAC-A,T1JoystickFlatTerrain,1,avg_success,32494592,0.0
4776,WarpSAC-A,T1JoystickFlatTerrain,1,avg_success,34994176,0.0
4777,WarpSAC-A,T1JoystickFlatTerrain,1,avg_success,37493760,0.0
4778,WarpSAC-A,T1JoystickFlatTerrain,1,avg_success,39993344,0.0
4779,WarpSAC-A,T1JoystickFlatTerrain,1,avg_success,42492928,0.0
4780,WarpSAC-A,T1JoystickFlatTerrain,1,avg_success,44992512,0.0
4781,WarpSAC-A,T1JoystickFlatTerrain,1,avg_success,47492096,0.0
4782,WarpSAC-A,T1JoystickFlatTerrain,1,avg_success,49991680,0.0
4783,WarpSAC-A,T1JoystickFlatTerrain,1,avg_success,50000896,0.0
4784,WarpSAC-A,T1JoystickFlatTerrain,2,avg_return,0,0.0471
4785,WarpSAC-A,T1JoystickFlatTerrain,2,avg_return,2499584,0.8639
4786,WarpSAC-A,T1JoystickFlatTerrain,2,avg_return,4999168,1.7605
4787,WarpSAC-A,T1JoystickFlatTerrain,2,avg_return,7498752,26.383
4788,WarpSAC-A,T1JoystickFlatTerrain,2,avg_return,9998336,34.7202
4789,WarpSAC-A,T1JoystickFlatTerrain,2,avg_return,12497920,36.5489
4790,WarpSAC-A,T1JoystickFlatTerrain,2,avg_return,14997504,37.9968
4791,WarpSAC-A,T1JoystickFlatTerrain,2,avg_return,17497088,39.5211
4792,WarpSAC-A,T1JoystickFlatTerrain,2,avg_return,19996672,38.8787
4793,WarpSAC-A,T1JoystickFlatTerrain,2,avg_return,22496256,39.9172
4794,WarpSAC-A,T1JoystickFlatTerrain,2,avg_return,24995840,41.3657
4795,WarpSAC-A,T1JoystickFlatTerrain,2,avg_return,27495424,40.8807
4796,WarpSAC-A,T1JoystickFlatTerrain,2,avg_return,29995008,40.5114
4797,WarpSAC-A,T1JoystickFlatTerrain,2,avg_return,32494592,40.2967
4798,WarpSAC-A,T1JoystickFlatTerrain,2,avg_return,34994176,40.9649
4799,WarpSAC-A,T1JoystickFlatTerrain,2,avg_return,37493760,40.5947
4800,WarpSAC-A,T1JoystickFlatTerrain,2,avg_return,39993344,40.575
4801,WarpSAC-A,T1JoystickFlatTerrain,2,avg_return,42492928,41.7042
4802,WarpSAC-A,T1JoystickFlatTerrain,2,avg_return,44992512,41.6569
4803,WarpSAC-A,T1JoystickFlatTerrain,2,avg_return,47492096,41.1741
4804,WarpSAC-A,T1JoystickFlatTerrain,2,avg_return,49991680,40.1397
4805,WarpSAC-A,T1JoystickFlatTerrain,2,avg_return,50000896,41.5973
4806,WarpSAC-A,T1JoystickFlatTerrain,2,avg_success,0,0.0
4807,WarpSAC-A,T1JoystickFlatTerrain,2,avg_success,2499584,0.0
4808,WarpSAC-A,T1JoystickFlatTerrain,2,avg_success,4999168,0.0
4809,WarpSAC-A,T1JoystickFlatTerrain,2,avg_success,7498752,0.0
4810,WarpSAC-A,T1JoystickFlatTerrain,2,avg_success,9998336,0.0
4811,WarpSAC-A,T1JoystickFlatTerrain,2,avg_success,12497920,0.0
4812,WarpSAC-A,T1JoystickFlatTerrain,2,avg_success,14997504,0.0
4813,WarpSAC-A,T1JoystickFlatTerrain,2,avg_success,17497088,0.0
4814,WarpSAC-A,T1JoystickFlatTerrain,2,avg_success,19996672,0.0
4815,WarpSAC-A,T1JoystickFlatTerrain,2,avg_success,22496256,0.0
4816,WarpSAC-A,T1JoystickFlatTerrain,2,avg_success,24995840,0.0
4817,WarpSAC-A,T1JoystickFlatTerrain,2,avg_success,27495424,0.0
4818,WarpSAC-A,T1JoystickFlatTerrain,2,avg_success,29995008,0.0
4819,WarpSAC-A,T1JoystickFlatTerrain,2,avg_success,32494592,0.0
4820,WarpSAC-A,T1JoystickFlatTerrain,2,avg_success,34994176,0.0
4821,WarpSAC-A,T1JoystickFlatTerrain,2,avg_success,37493760,0.0
4822,WarpSAC-A,T1JoystickFlatTerrain,2,avg_success,39993344,0.0
4823,WarpSAC-A,T1JoystickFlatTerrain,2,avg_success,42492928,0.0
4824,WarpSAC-A,T1JoystickFlatTerrain,2,avg_success,44992512,0.0
4825,WarpSAC-A,T1JoystickFlatTerrain,2,avg_success,47492096,0.0
4826,WarpSAC-A,T1JoystickFlatTerrain,2,avg_success,49991680,0.0
4827,WarpSAC-A,T1JoystickFlatTerrain,2,avg_success,50000896,0.0
4828,WarpSAC-A,T1JoystickFlatTerrain,3,avg_return,0,0.0419
4829,WarpSAC-A,T1JoystickFlatTerrain,3,avg_return,2499584,1.128
4830,WarpSAC-A,T1JoystickFlatTerrain,3,avg_return,4999168,1.6068
4831,WarpSAC-A,T1JoystickFlatTerrain,3,avg_return,7498752,28.0463
4832,WarpSAC-A,T1JoystickFlatTerrain,3,avg_return,9998336,33.9499
4833,WarpSAC-A,T1JoystickFlatTerrain,3,avg_return,12497920,37.6782
4834,WarpSAC-A,T1JoystickFlatTerrain,3,avg_return,14997504,36.5797
4835,WarpSAC-A,T1JoystickFlatTerrain,3,avg_return,17497088,38.5111
4836,WarpSAC-A,T1JoystickFlatTerrain,3,avg_return,19996672,39.6394
4837,WarpSAC-A,T1JoystickFlatTerrain,3,avg_return,22496256,40.044
4838,WarpSAC-A,T1JoystickFlatTerrain,3,avg_return,24995840,41.0473
4839,WarpSAC-A,T1JoystickFlatTerrain,3,avg_return,27495424,40.7637
4840,WarpSAC-A,T1JoystickFlatTerrain,3,avg_return,29995008,40.7344
4841,WarpSAC-A,T1JoystickFlatTerrain,3,avg_return,32494592,41.2534
4842,WarpSAC-A,T1JoystickFlatTerrain,3,avg_return,34994176,41.8878
4843,WarpSAC-A,T1JoystickFlatTerrain,3,avg_return,37493760,41.2974
4844,WarpSAC-A,T1JoystickFlatTerrain,3,avg_return,39993344,41.6941
4845,WarpSAC-A,T1JoystickFlatTerrain,3,avg_return,42492928,41.0847
4846,WarpSAC-A,T1JoystickFlatTerrain,3,avg_return,44992512,41.2379
4847,WarpSAC-A,T1JoystickFlatTerrain,3,avg_return,47492096,40.9744
4848,WarpSAC-A,T1JoystickFlatTerrain,3,avg_return,49991680,41.2325
4849,WarpSAC-A,T1JoystickFlatTerrain,3,avg_return,50000896,40.5571
4850,WarpSAC-A,T1JoystickFlatTerrain,3,avg_success,0,0.0
4851,WarpSAC-A,T1JoystickFlatTerrain,3,avg_success,2499584,0.0
4852,WarpSAC-A,T1JoystickFlatTerrain,3,avg_success,4999168,0.0
4853,WarpSAC-A,T1JoystickFlatTerrain,3,avg_success,7498752,0.0
4854,WarpSAC-A,T1JoystickFlatTerrain,3,avg_success,9998336,0.0
4855,WarpSAC-A,T1JoystickFlatTerrain,3,avg_success,12497920,0.0
4856,WarpSAC-A,T1JoystickFlatTerrain,3,avg_success,14997504,0.0
4857,WarpSAC-A,T1JoystickFlatTerrain,3,avg_success,17497088,0.0
4858,WarpSAC-A,T1JoystickFlatTerrain,3,avg_success,19996672,0.0
4859,WarpSAC-A,T1JoystickFlatTerrain,3,avg_success,22496256,0.0
4860,WarpSAC-A,T1JoystickFlatTerrain,3,avg_success,24995840,0.0
4861,WarpSAC-A,T1JoystickFlatTerrain,3,avg_success,27495424,0.0
4862,WarpSAC-A,T1JoystickFlatTerrain,3,avg_success,29995008,0.0
4863,WarpSAC-A,T1JoystickFlatTerrain,3,avg_success,32494592,0.0
4864,WarpSAC-A,T1JoystickFlatTerrain,3,avg_success,34994176,0.0
4865,WarpSAC-A,T1JoystickFlatTerrain,3,avg_success,37493760,0.0
4866,WarpSAC-A,T1JoystickFlatTerrain,3,avg_success,39993344,0.0
4867,WarpSAC-A,T1JoystickFlatTerrain,3,avg_success,42492928,0.0
4868,WarpSAC-A,T1JoystickFlatTerrain,3,avg_success,44992512,0.0
4869,WarpSAC-A,T1JoystickFlatTerrain,3,avg_success,47492096,0.0
4870,WarpSAC-A,T1JoystickFlatTerrain,3,avg_success,49991680,0.0
4871,WarpSAC-A,T1JoystickFlatTerrain,3,avg_success,50000896,0.0
4872,WarpSAC-A,T1JoystickFlatTerrain,4,avg_return,0,0.0483
4873,WarpSAC-A,T1JoystickFlatTerrain,4,avg_return,2499584,1.1111
4874,WarpSAC-A,T1JoystickFlatTerrain,4,avg_return,4999168,2.1052
4875,WarpSAC-A,T1JoystickFlatTerrain,4,avg_return,7498752,26.8502
4876,WarpSAC-A,T1JoystickFlatTerrain,4,avg_return,9998336,33.503
4877,WarpSAC-A,T1JoystickFlatTerrain,4,avg_return,12497920,36.8072
4878,WarpSAC-A,T1JoystickFlatTerrain,4,avg_return,14997504,39.1525
4879,WarpSAC-A,T1JoystickFlatTerrain,4,avg_return,17497088,39.9114
4880,WarpSAC-A,T1JoystickFlatTerrain,4,avg_return,19996672,39.3744
4881,WarpSAC-A,T1JoystickFlatTerrain,4,avg_return,22496256,39.9492
4882,WarpSAC-A,T1JoystickFlatTerrain,4,avg_return,24995840,40.7632
4883,WarpSAC-A,T1JoystickFlatTerrain,4,avg_return,27495424,41.2151
4884,WarpSAC-A,T1JoystickFlatTerrain,4,avg_return,29995008,40.3006
4885,WarpSAC-A,T1JoystickFlatTerrain,4,avg_return,32494592,40.3461
4886,WarpSAC-A,T1JoystickFlatTerrain,4,avg_return,34994176,41.1306
4887,WarpSAC-A,T1JoystickFlatTerrain,4,avg_return,37493760,41.24
4888,WarpSAC-A,T1JoystickFlatTerrain,4,avg_return,39993344,40.3625
4889,WarpSAC-A,T1JoystickFlatTerrain,4,avg_return,42492928,40.6238
4890,WarpSAC-A,T1JoystickFlatTerrain,4,avg_return,44992512,40.2204
4891,WarpSAC-A,T1JoystickFlatTerrain,4,avg_return,47492096,40.154
4892,WarpSAC-A,T1JoystickFlatTerrain,4,avg_return,49991680,39.5221
4893,WarpSAC-A,T1JoystickFlatTerrain,4,avg_return,50000896,40.0382
4894,WarpSAC-A,T1JoystickFlatTerrain,4,avg_success,0,0.0
4895,WarpSAC-A,T1JoystickFlatTerrain,4,avg_success,2499584,0.0
4896,WarpSAC-A,T1JoystickFlatTerrain,4,avg_success,4999168,0.0
4897,WarpSAC-A,T1JoystickFlatTerrain,4,avg_success,7498752,0.0
4898,WarpSAC-A,T1JoystickFlatTerrain,4,avg_success,9998336,0.0
4899,WarpSAC-A,T1JoystickFlatTerrain,4,avg_success,12497920,0.0
4900,WarpSAC-A,T1JoystickFlatTerrain,4,avg_success,14997504,0.0
4901,WarpSAC-A,T1JoystickFlatTerrain,4,avg_success,17497088,0.0
4902,WarpSAC-A,T1JoystickFlatTerrain,4,avg_success,19996672,0.0
4903,WarpSAC-A,T1JoystickFlatTerrain,4,avg_success,22496256,0.0
4904,WarpSAC-A,T1JoystickFlatTerrain,4,avg_success,24995840,0.0
4905,WarpSAC-A,T1JoystickFlatTerrain,4,avg_success,27495424,0.0
4906,WarpSAC-A,T1JoystickFlatTerrain,4,avg_success,29995008,0.0
4907,WarpSAC-A,T1JoystickFlatTerrain,4,avg_success,32494592,0.0
4908,WarpSAC-A,T1JoystickFlatTerrain,4,avg_success,34994176,0.0
4909,WarpSAC-A,T1JoystickFlatTerrain,4,avg_success,37493760,0.0
4910,WarpSAC-A,T1JoystickFlatTerrain,4,avg_success,39993344,0.0
4911,WarpSAC-A,T1JoystickFlatTerrain,4,avg_success,42492928,0.0
4912,WarpSAC-A,T1JoystickFlatTerrain,4,avg_success,44992512,0.0
4913,WarpSAC-A,T1JoystickFlatTerrain,4,avg_success,47492096,0.0
4914,WarpSAC-A,T1JoystickFlatTerrain,4,avg_success,49991680,0.0
4915,WarpSAC-A,T1JoystickFlatTerrain,4,avg_success,50000896,0.0
4916,WarpSAC-A,T1JoystickFlatTerrain,5,avg_return,0,0.0449
4917,WarpSAC-A,T1JoystickFlatTerrain,5,avg_return,2499584,1.215
4918,WarpSAC-A,T1JoystickFlatTerrain,5,avg_return,4999168,2.8529
4919,WarpSAC-A,T1JoystickFlatTerrain,5,avg_return,7498752,27.7291
4920,WarpSAC-A,T1JoystickFlatTerrain,5,avg_return,9998336,34.9444
4921,WarpSAC-A,T1JoystickFlatTerrain,5,avg_return,12497920,36.814
4922,WarpSAC-A,T1JoystickFlatTerrain,5,avg_return,14997504,40.6361
4923,WarpSAC-A,T1JoystickFlatTerrain,5,avg_return,17497088,39.8184
4924,WarpSAC-A,T1JoystickFlatTerrain,5,avg_return,19996672,39.8029
4925,WarpSAC-A,T1JoystickFlatTerrain,5,avg_return,22496256,40.7043
4926,WarpSAC-A,T1JoystickFlatTerrain,5,avg_return,24995840,39.7438
4927,WarpSAC-A,T1JoystickFlatTerrain,5,avg_return,27495424,38.6581
4928,WarpSAC-A,T1JoystickFlatTerrain,5,avg_return,29995008,39.9214
4929,WarpSAC-A,T1JoystickFlatTerrain,5,avg_return,32494592,41.7072
4930,WarpSAC-A,T1JoystickFlatTerrain,5,avg_return,34994176,41.347
4931,WarpSAC-A,T1JoystickFlatTerrain,5,avg_return,37493760,40.513
4932,WarpSAC-A,T1JoystickFlatTerrain,5,avg_return,39993344,40.592
4933,WarpSAC-A,T1JoystickFlatTerrain,5,avg_return,42492928,41.1464
4934,WarpSAC-A,T1JoystickFlatTerrain,5,avg_return,44992512,40.8781
4935,WarpSAC-A,T1JoystickFlatTerrain,5,avg_return,47492096,40.6118
4936,WarpSAC-A,T1JoystickFlatTerrain,5,avg_return,49991680,40.8945
4937,WarpSAC-A,T1JoystickFlatTerrain,5,avg_return,50000896,40.2277
4938,WarpSAC-A,T1JoystickFlatTerrain,5,avg_success,0,0.0
4939,WarpSAC-A,T1JoystickFlatTerrain,5,avg_success,2499584,0.0
4940,WarpSAC-A,T1JoystickFlatTerrain,5,avg_success,4999168,0.0
4941,WarpSAC-A,T1JoystickFlatTerrain,5,avg_success,7498752,0.0
4942,WarpSAC-A,T1JoystickFlatTerrain,5,avg_success,9998336,0.0
4943,WarpSAC-A,T1JoystickFlatTerrain,5,avg_success,12497920,0.0
4944,WarpSAC-A,T1JoystickFlatTerrain,5,avg_success,14997504,0.0
4945,WarpSAC-A,T1JoystickFlatTerrain,5,avg_success,17497088,0.0
4946,WarpSAC-A,T1JoystickFlatTerrain,5,avg_success,19996672,0.0
4947,WarpSAC-A,T1JoystickFlatTerrain,5,avg_success,22496256,0.0
4948,WarpSAC-A,T1JoystickFlatTerrain,5,avg_success,24995840,0.0
4949,WarpSAC-A,T1JoystickFlatTerrain,5,avg_success,27495424,0.0
4950,WarpSAC-A,T1JoystickFlatTerrain,5,avg_success,29995008,0.0
4951,WarpSAC-A,T1JoystickFlatTerrain,5,avg_success,32494592,0.0
4952,WarpSAC-A,T1JoystickFlatTerrain,5,avg_success,34994176,0.0
4953,WarpSAC-A,T1JoystickFlatTerrain,5,avg_success,37493760,0.0
4954,WarpSAC-A,T1JoystickFlatTerrain,5,avg_success,39993344,0.0
4955,WarpSAC-A,T1JoystickFlatTerrain,5,avg_success,42492928,0.0
4956,WarpSAC-A,T1JoystickFlatTerrain,5,avg_success,44992512,0.0
4957,WarpSAC-A,T1JoystickFlatTerrain,5,avg_success,47492096,0.0
4958,WarpSAC-A,T1JoystickFlatTerrain,5,avg_success,49991680,0.0
4959,WarpSAC-A,T1JoystickFlatTerrain,5,avg_success,50000896,0.0
4960,WarpSAC-A,T1JoystickRoughTerrain,1,avg_return,0,0.0294
4961,WarpSAC-A,T1JoystickRoughTerrain,1,avg_return,2499584,1.0258
4962,WarpSAC-A,T1JoystickRoughTerrain,1,avg_return,4999168,15.9486
4963,WarpSAC-A,T1JoystickRoughTerrain,1,avg_return,7498752,24.7004
4964,WarpSAC-A,T1JoystickRoughTerrain,1,avg_return,9998336,25.8026
4965,WarpSAC-A,T1JoystickRoughTerrain,1,avg_return,12497920,32.5261
4966,WarpSAC-A,T1JoystickRoughTerrain,1,avg_return,14997504,33.9542
4967,WarpSAC-A,T1JoystickRoughTerrain,1,avg_return,17497088,33.7964
4968,WarpSAC-A,T1JoystickRoughTerrain,1,avg_return,19996672,6.3299
4969,WarpSAC-A,T1JoystickRoughTerrain,1,avg_return,22496256,33.6857
4970,WarpSAC-A,T1JoystickRoughTerrain,1,avg_return,24995840,34.3834
4971,WarpSAC-A,T1JoystickRoughTerrain,1,avg_return,27495424,34.951
4972,WarpSAC-A,T1JoystickRoughTerrain,1,avg_return,29995008,37.2029
4973,WarpSAC-A,T1JoystickRoughTerrain,1,avg_return,32494592,35.1286
4974,WarpSAC-A,T1JoystickRoughTerrain,1,avg_return,34994176,32.8604
4975,WarpSAC-A,T1JoystickRoughTerrain,1,avg_return,37493760,37.8159
4976,WarpSAC-A,T1JoystickRoughTerrain,1,avg_return,39993344,29.245
4977,WarpSAC-A,T1JoystickRoughTerrain,1,avg_return,42492928,37.7871
4978,WarpSAC-A,T1JoystickRoughTerrain,1,avg_return,44992512,36.0063
4979,WarpSAC-A,T1JoystickRoughTerrain,1,avg_return,47492096,36.049
4980,WarpSAC-A,T1JoystickRoughTerrain,1,avg_return,49991680,36.4257
4981,WarpSAC-A,T1JoystickRoughTerrain,1,avg_return,50000896,33.8213
4982,WarpSAC-A,T1JoystickRoughTerrain,1,avg_success,0,0.0
4983,WarpSAC-A,T1JoystickRoughTerrain,1,avg_success,2499584,0.0
4984,WarpSAC-A,T1JoystickRoughTerrain,1,avg_success,4999168,0.0
4985,WarpSAC-A,T1JoystickRoughTerrain,1,avg_success,7498752,0.0
4986,WarpSAC-A,T1JoystickRoughTerrain,1,avg_success,9998336,0.0
4987,WarpSAC-A,T1JoystickRoughTerrain,1,avg_success,12497920,0.0
4988,WarpSAC-A,T1JoystickRoughTerrain,1,avg_success,14997504,0.0
4989,WarpSAC-A,T1JoystickRoughTerrain,1,avg_success,17497088,0.0
4990,WarpSAC-A,T1JoystickRoughTerrain,1,avg_success,19996672,0.0
4991,WarpSAC-A,T1JoystickRoughTerrain,1,avg_success,22496256,0.0
4992,WarpSAC-A,T1JoystickRoughTerrain,1,avg_success,24995840,0.0
4993,WarpSAC-A,T1JoystickRoughTerrain,1,avg_success,27495424,0.0
4994,WarpSAC-A,T1JoystickRoughTerrain,1,avg_success,29995008,0.0
4995,WarpSAC-A,T1JoystickRoughTerrain,1,avg_success,32494592,0.0
4996,WarpSAC-A,T1JoystickRoughTerrain,1,avg_success,34994176,0.0
4997,WarpSAC-A,T1JoystickRoughTerrain,1,avg_success,37493760,0.0
4998,WarpSAC-A,T1JoystickRoughTerrain,1,avg_success,39993344,0.0
4999,WarpSAC-A,T1JoystickRoughTerrain,1,avg_success,42492928,0.0
5000,WarpSAC-A,T1JoystickRoughTerrain,1,avg_success,44992512,0.0
5001,WarpSAC-A,T1JoystickRoughTerrain,1,avg_success,47492096,0.0
5002,WarpSAC-A,T1JoystickRoughTerrain,1,avg_success,49991680,0.0
5003,WarpSAC-A,T1JoystickRoughTerrain,1,avg_success,50000896,0.0
5004,WarpSAC-A,T1JoystickRoughTerrain,2,avg_return,0,0.0379
5005,WarpSAC-A,T1JoystickRoughTerrain,2,avg_return,2499584,0.976
5006,WarpSAC-A,T1JoystickRoughTerrain,2,avg_return,4999168,18.0271
5007,WarpSAC-A,T1JoystickRoughTerrain,2,avg_return,7498752,20.5043
5008,WarpSAC-A,T1JoystickRoughTerrain,2,avg_return,9998336,28.6376
5009,WarpSAC-A,T1JoystickRoughTerrain,2,avg_return,12497920,31.7591
5010,WarpSAC-A,T1JoystickRoughTerrain,2,avg_return,14997504,31.3839
5011,WarpSAC-A,T1JoystickRoughTerrain,2,avg_return,17497088,32.9638
5012,WarpSAC-A,T1JoystickRoughTerrain,2,avg_return,19996672,14.3074
5013,WarpSAC-A,T1JoystickRoughTerrain,2,avg_return,22496256,34.0094
5014,WarpSAC-A,T1JoystickRoughTerrain,2,avg_return,24995840,34.9092
5015,WarpSAC-A,T1JoystickRoughTerrain,2,avg_return,27495424,31.311
5016,WarpSAC-A,T1JoystickRoughTerrain,2,avg_return,29995008,36.327
5017,WarpSAC-A,T1JoystickRoughTerrain,2,avg_return,32494592,35.9509
5018,WarpSAC-A,T1JoystickRoughTerrain,2,avg_return,34994176,31.7777
5019,WarpSAC-A,T1JoystickRoughTerrain,2,avg_return,37493760,36.5949
5020,WarpSAC-A,T1JoystickRoughTerrain,2,avg_return,39993344,28.4612
5021,WarpSAC-A,T1JoystickRoughTerrain,2,avg_return,42492928,37.9234
5022,WarpSAC-A,T1JoystickRoughTerrain,2,avg_return,44992512,36.9776
5023,WarpSAC-A,T1JoystickRoughTerrain,2,avg_return,47492096,32.4674
5024,WarpSAC-A,T1JoystickRoughTerrain,2,avg_return,49991680,36.727
5025,WarpSAC-A,T1JoystickRoughTerrain,2,avg_return,50000896,37.7294
5026,WarpSAC-A,T1JoystickRoughTerrain,2,avg_success,0,0.0
5027,WarpSAC-A,T1JoystickRoughTerrain,2,avg_success,2499584,0.0
5028,WarpSAC-A,T1JoystickRoughTerrain,2,avg_success,4999168,0.0
5029,WarpSAC-A,T1JoystickRoughTerrain,2,avg_success,7498752,0.0
5030,WarpSAC-A,T1JoystickRoughTerrain,2,avg_success,9998336,0.0
5031,WarpSAC-A,T1JoystickRoughTerrain,2,avg_success,12497920,0.0
5032,WarpSAC-A,T1JoystickRoughTerrain,2,avg_success,14997504,0.0
5033,WarpSAC-A,T1JoystickRoughTerrain,2,avg_success,17497088,0.0
5034,WarpSAC-A,T1JoystickRoughTerrain,2,avg_success,19996672,0.0
5035,WarpSAC-A,T1JoystickRoughTerrain,2,avg_success,22496256,0.0
5036,WarpSAC-A,T1JoystickRoughTerrain,2,avg_success,24995840,0.0
5037,WarpSAC-A,T1JoystickRoughTerrain,2,avg_success,27495424,0.0
5038,WarpSAC-A,T1JoystickRoughTerrain,2,avg_success,29995008,0.0
5039,WarpSAC-A,T1JoystickRoughTerrain,2,avg_success,32494592,0.0
5040,WarpSAC-A,T1JoystickRoughTerrain,2,avg_success,34994176,0.0
5041,WarpSAC-A,T1JoystickRoughTerrain,2,avg_success,37493760,0.0
5042,WarpSAC-A,T1JoystickRoughTerrain,2,avg_success,39993344,0.0
5043,WarpSAC-A,T1JoystickRoughTerrain,2,avg_success,42492928,0.0
5044,WarpSAC-A,T1JoystickRoughTerrain,2,avg_success,44992512,0.0
5045,WarpSAC-A,T1JoystickRoughTerrain,2,avg_success,47492096,0.0
5046,WarpSAC-A,T1JoystickRoughTerrain,2,avg_success,49991680,0.0
5047,WarpSAC-A,T1JoystickRoughTerrain,2,avg_success,50000896,0.0
5048,WarpSAC-A,T1JoystickRoughTerrain,3,avg_return,0,0.0366
5049,WarpSAC-A,T1JoystickRoughTerrain,3,avg_return,2499584,1.1132
5050,WarpSAC-A,T1JoystickRoughTerrain,3,avg_return,4999168,10.4027
5051,WarpSAC-A,T1JoystickRoughTerrain,3,avg_return,7498752,21.4994
5052,WarpSAC-A,T1JoystickRoughTerrain,3,avg_return,9998336,26.6951
5053,WarpSAC-A,T1JoystickRoughTerrain,3,avg_return,12497920,32.835
5054,WarpSAC-A,T1JoystickRoughTerrain,3,avg_return,14997504,32.3254
5055,WarpSAC-A,T1JoystickRoughTerrain,3,avg_return,17497088,33.6797
5056,WarpSAC-A,T1JoystickRoughTerrain,3,avg_return,19996672,6.3983
5057,WarpSAC-A,T1JoystickRoughTerrain,3,avg_return,22496256,34.7931
5058,WarpSAC-A,T1JoystickRoughTerrain,3,avg_return,24995840,28.7018
5059,WarpSAC-A,T1JoystickRoughTerrain,3,avg_return,27495424,35.3834
5060,WarpSAC-A,T1JoystickRoughTerrain,3,avg_return,29995008,26.2658
5061,WarpSAC-A,T1JoystickRoughTerrain,3,avg_return,32494592,37.0491
5062,WarpSAC-A,T1JoystickRoughTerrain,3,avg_return,34994176,35.9772
5063,WarpSAC-A,T1JoystickRoughTerrain,3,avg_return,37493760,37.8506
5064,WarpSAC-A,T1JoystickRoughTerrain,3,avg_return,39993344,34.3009
5065,WarpSAC-A,T1JoystickRoughTerrain,3,avg_return,42492928,34.5018
5066,WarpSAC-A,T1JoystickRoughTerrain,3,avg_return,44992512,34.5433
5067,WarpSAC-A,T1JoystickRoughTerrain,3,avg_return,47492096,35.4617
5068,WarpSAC-A,T1JoystickRoughTerrain,3,avg_return,49991680,37.1089
5069,WarpSAC-A,T1JoystickRoughTerrain,3,avg_return,50000896,36.5166
5070,WarpSAC-A,T1JoystickRoughTerrain,3,avg_success,0,0.0
5071,WarpSAC-A,T1JoystickRoughTerrain,3,avg_success,2499584,0.0
5072,WarpSAC-A,T1JoystickRoughTerrain,3,avg_success,4999168,0.0
5073,WarpSAC-A,T1JoystickRoughTerrain,3,avg_success,7498752,0.0
5074,WarpSAC-A,T1JoystickRoughTerrain,3,avg_success,9998336,0.0
5075,WarpSAC-A,T1JoystickRoughTerrain,3,avg_success,12497920,0.0
5076,WarpSAC-A,T1JoystickRoughTerrain,3,avg_success,14997504,0.0
5077,WarpSAC-A,T1JoystickRoughTerrain,3,avg_success,17497088,0.0
5078,WarpSAC-A,T1JoystickRoughTerrain,3,avg_success,19996672,0.0
5079,WarpSAC-A,T1JoystickRoughTerrain,3,avg_success,22496256,0.0
5080,WarpSAC-A,T1JoystickRoughTerrain,3,avg_success,24995840,0.0
5081,WarpSAC-A,T1JoystickRoughTerrain,3,avg_success,27495424,0.0
5082,WarpSAC-A,T1JoystickRoughTerrain,3,avg_success,29995008,0.0
5083,WarpSAC-A,T1JoystickRoughTerrain,3,avg_success,32494592,0.0
5084,WarpSAC-A,T1JoystickRoughTerrain,3,avg_success,34994176,0.0
5085,WarpSAC-A,T1JoystickRoughTerrain,3,avg_success,37493760,0.0
5086,WarpSAC-A,T1JoystickRoughTerrain,3,avg_success,39993344,0.0
5087,WarpSAC-A,T1JoystickRoughTerrain,3,avg_success,42492928,0.0
5088,WarpSAC-A,T1JoystickRoughTerrain,3,avg_success,44992512,0.0
5089,WarpSAC-A,T1JoystickRoughTerrain,3,avg_success,47492096,0.0
5090,WarpSAC-A,T1JoystickRoughTerrain,3,avg_success,49991680,0.0
5091,WarpSAC-A,T1JoystickRoughTerrain,3,avg_success,50000896,0.0
5092,WarpSAC-A,T1JoystickRoughTerrain,4,avg_return,0,0.0478
5093,WarpSAC-A,T1JoystickRoughTerrain,4,avg_return,2499584,0.9812
5094,WarpSAC-A,T1JoystickRoughTerrain,4,avg_return,4999168,9.1338
5095,WarpSAC-A,T1JoystickRoughTerrain,4,avg_return,7498752,23.5705
5096,WarpSAC-A,T1JoystickRoughTerrain,4,avg_return,9998336,28.0638
5097,WarpSAC-A,T1JoystickRoughTerrain,4,avg_return,12497920,31.3985
5098,WarpSAC-A,T1JoystickRoughTerrain,4,avg_return,14997504,33.9486
5099,WarpSAC-A,T1JoystickRoughTerrain,4,avg_return,17497088,32.4948
5100,WarpSAC-A,T1JoystickRoughTerrain,4,avg_return,19996672,4.3619
5101,WarpSAC-A,T1JoystickRoughTerrain,4,avg_return,22496256,34.194
5102,WarpSAC-A,T1JoystickRoughTerrain,4,avg_return,24995840,24.9828
5103,WarpSAC-A,T1JoystickRoughTerrain,4,avg_return,27495424,35.1442
5104,WarpSAC-A,T1JoystickRoughTerrain,4,avg_return,29995008,33.1115
5105,WarpSAC-A,T1JoystickRoughTerrain,4,avg_return,32494592,35.7525
5106,WarpSAC-A,T1JoystickRoughTerrain,4,avg_return,34994176,35.2722
5107,WarpSAC-A,T1JoystickRoughTerrain,4,avg_return,37493760,34.8762
5108,WarpSAC-A,T1JoystickRoughTerrain,4,avg_return,39993344,24.2076
5109,WarpSAC-A,T1JoystickRoughTerrain,4,avg_return,42492928,36.1821
5110,WarpSAC-A,T1JoystickRoughTerrain,4,avg_return,44992512,28.142
5111,WarpSAC-A,T1JoystickRoughTerrain,4,avg_return,47492096,36.6477
5112,WarpSAC-A,T1JoystickRoughTerrain,4,avg_return,49991680,35.0253
5113,WarpSAC-A,T1JoystickRoughTerrain,4,avg_return,50000896,35.0773
5114,WarpSAC-A,T1JoystickRoughTerrain,4,avg_success,0,0.0
5115,WarpSAC-A,T1JoystickRoughTerrain,4,avg_success,2499584,0.0
5116,WarpSAC-A,T1JoystickRoughTerrain,4,avg_success,4999168,0.0
5117,WarpSAC-A,T1JoystickRoughTerrain,4,avg_success,7498752,0.0
5118,WarpSAC-A,T1JoystickRoughTerrain,4,avg_success,9998336,0.0
5119,WarpSAC-A,T1JoystickRoughTerrain,4,avg_success,12497920,0.0
5120,WarpSAC-A,T1JoystickRoughTerrain,4,avg_success,14997504,0.0
5121,WarpSAC-A,T1JoystickRoughTerrain,4,avg_success,17497088,0.0
5122,WarpSAC-A,T1JoystickRoughTerrain,4,avg_success,19996672,0.0
5123,WarpSAC-A,T1JoystickRoughTerrain,4,avg_success,22496256,0.0
5124,WarpSAC-A,T1JoystickRoughTerrain,4,avg_success,24995840,0.0
5125,WarpSAC-A,T1JoystickRoughTerrain,4,avg_success,27495424,0.0
5126,WarpSAC-A,T1JoystickRoughTerrain,4,avg_success,29995008,0.0
5127,WarpSAC-A,T1JoystickRoughTerrain,4,avg_success,32494592,0.0
5128,WarpSAC-A,T1JoystickRoughTerrain,4,avg_success,34994176,0.0
5129,WarpSAC-A,T1JoystickRoughTerrain,4,avg_success,37493760,0.0
5130,WarpSAC-A,T1JoystickRoughTerrain,4,avg_success,39993344,0.0
5131,WarpSAC-A,T1JoystickRoughTerrain,4,avg_success,42492928,0.0
5132,WarpSAC-A,T1JoystickRoughTerrain,4,avg_success,44992512,0.0
5133,WarpSAC-A,T1JoystickRoughTerrain,4,avg_success,47492096,0.0
5134,WarpSAC-A,T1JoystickRoughTerrain,4,avg_success,49991680,0.0
5135,WarpSAC-A,T1JoystickRoughTerrain,4,avg_success,50000896,0.0
5136,WarpSAC-A,T1JoystickRoughTerrain,5,avg_return,0,0.0406
5137,WarpSAC-A,T1JoystickRoughTerrain,5,avg_return,2499584,1.3833
5138,WarpSAC-A,T1JoystickRoughTerrain,5,avg_return,4999168,10.8025
5139,WarpSAC-A,T1JoystickRoughTerrain,5,avg_return,7498752,23.9555
5140,WarpSAC-A,T1JoystickRoughTerrain,5,avg_return,9998336,28.8141
5141,WarpSAC-A,T1JoystickRoughTerrain,5,avg_return,12497920,33.1397
5142,WarpSAC-A,T1JoystickRoughTerrain,5,avg_return,14997504,34.845
5143,WarpSAC-A,T1JoystickRoughTerrain,5,avg_return,17497088,33.8368
5144,WarpSAC-A,T1JoystickRoughTerrain,5,avg_return,19996672,3.1207
5145,WarpSAC-A,T1JoystickRoughTerrain,5,avg_return,22496256,34.8563
5146,WarpSAC-A,T1JoystickRoughTerrain,5,avg_return,24995840,28.9133
5147,WarpSAC-A,T1JoystickRoughTerrain,5,avg_return,27495424,34.8693
5148,WarpSAC-A,T1JoystickRoughTerrain,5,avg_return,29995008,37.6363
5149,WarpSAC-A,T1JoystickRoughTerrain,5,avg_return,32494592,34.067
5150,WarpSAC-A,T1JoystickRoughTerrain,5,avg_return,34994176,37.3359
5151,WarpSAC-A,T1JoystickRoughTerrain,5,avg_return,37493760,37.3653
5152,WarpSAC-A,T1JoystickRoughTerrain,5,avg_return,39993344,33.678
5153,WarpSAC-A,T1JoystickRoughTerrain,5,avg_return,42492928,37.2958
5154,WarpSAC-A,T1JoystickRoughTerrain,5,avg_return,44992512,30.0474
5155,WarpSAC-A,T1JoystickRoughTerrain,5,avg_return,47492096,36.1573
5156,WarpSAC-A,T1JoystickRoughTerrain,5,avg_return,49991680,35.811
5157,WarpSAC-A,T1JoystickRoughTerrain,5,avg_return,50000896,35.0406
5158,WarpSAC-A,T1JoystickRoughTerrain,5,avg_success,0,0.0
5159,WarpSAC-A,T1JoystickRoughTerrain,5,avg_success,2499584,0.0
5160,WarpSAC-A,T1JoystickRoughTerrain,5,avg_success,4999168,0.0
5161,WarpSAC-A,T1JoystickRoughTerrain,5,avg_success,7498752,0.0
5162,WarpSAC-A,T1JoystickRoughTerrain,5,avg_success,9998336,0.0
5163,WarpSAC-A,T1JoystickRoughTerrain,5,avg_success,12497920,0.0
5164,WarpSAC-A,T1JoystickRoughTerrain,5,avg_success,14997504,0.0
5165,WarpSAC-A,T1JoystickRoughTerrain,5,avg_success,17497088,0.0
5166,WarpSAC-A,T1JoystickRoughTerrain,5,avg_success,19996672,0.0
5167,WarpSAC-A,T1JoystickRoughTerrain,5,avg_success,22496256,0.0
5168,WarpSAC-A,T1JoystickRoughTerrain,5,avg_success,24995840,0.0
5169,WarpSAC-A,T1JoystickRoughTerrain,5,avg_success,27495424,0.0
5170,WarpSAC-A,T1JoystickRoughTerrain,5,avg_success,29995008,0.0
5171,WarpSAC-A,T1JoystickRoughTerrain,5,avg_success,32494592,0.0
5172,WarpSAC-A,T1JoystickRoughTerrain,5,avg_success,34994176,0.0
5173,WarpSAC-A,T1JoystickRoughTerrain,5,avg_success,37493760,0.0
5174,WarpSAC-A,T1JoystickRoughTerrain,5,avg_success,39993344,0.0
5175,WarpSAC-A,T1JoystickRoughTerrain,5,avg_success,42492928,0.0
5176,WarpSAC-A,T1JoystickRoughTerrain,5,avg_success,44992512,0.0
5177,WarpSAC-A,T1JoystickRoughTerrain,5,avg_success,47492096,0.0
5178,WarpSAC-A,T1JoystickRoughTerrain,5,avg_success,49991680,0.0
5179,WarpSAC-A,T1JoystickRoughTerrain,5,avg_success,50000896,0.0
5180,WarpSAC-A,UnitreeG1PlaceAppleInBowl-v1,1,avg_return,0,2.0925
5181,WarpSAC-A,UnitreeG1PlaceAppleInBowl-v1,1,avg_return,2499584,12.3407
5182,WarpSAC-A,UnitreeG1PlaceAppleInBowl-v1,1,avg_return,4999168,4.5838
5183,WarpSAC-A,UnitreeG1PlaceAppleInBowl-v1,1,avg_return,7498752,3.5132
5184,WarpSAC-A,UnitreeG1PlaceAppleInBowl-v1,1,avg_return,9998336,4.572
5185,WarpSAC-A,UnitreeG1PlaceAppleInBowl-v1,1,avg_return,12497920,6.7983
5186,WarpSAC-A,UnitreeG1PlaceAppleInBowl-v1,1,avg_return,14997504,15.8647
5187,WarpSAC-A,UnitreeG1PlaceAppleInBowl-v1,1,avg_return,17497088,19.1074
5188,WarpSAC-A,UnitreeG1PlaceAppleInBowl-v1,1,avg_return,19996672,64.463
5189,WarpSAC-A,UnitreeG1PlaceAppleInBowl-v1,1,avg_return,22496256,32.2106
5190,WarpSAC-A,UnitreeG1PlaceAppleInBowl-v1,1,avg_return,24995840,47.5249
5191,WarpSAC-A,UnitreeG1PlaceAppleInBowl-v1,1,avg_return,27495424,54.5517
5192,WarpSAC-A,UnitreeG1PlaceAppleInBowl-v1,1,avg_return,29995008,69.8413
5193,WarpSAC-A,UnitreeG1PlaceAppleInBowl-v1,1,avg_return,32494592,34.0025
5194,WarpSAC-A,UnitreeG1PlaceAppleInBowl-v1,1,avg_return,34994176,51.4617
5195,WarpSAC-A,UnitreeG1PlaceAppleInBowl-v1,1,avg_return,37493760,47.136
5196,WarpSAC-A,UnitreeG1PlaceAppleInBowl-v1,1,avg_return,39993344,40.5496
5197,WarpSAC-A,UnitreeG1PlaceAppleInBowl-v1,1,avg_return,42492928,3.3368
5198,WarpSAC-A,UnitreeG1PlaceAppleInBowl-v1,1,avg_return,44992512,10.2058
5199,WarpSAC-A,UnitreeG1PlaceAppleInBowl-v1,1,avg_return,47492096,11.7645
5200,WarpSAC-A,UnitreeG1PlaceAppleInBowl-v1,1,avg_return,49991680,23.7234
5201,WarpSAC-A,UnitreeG1PlaceAppleInBowl-v1,1,avg_return,50000896,33.4079
5202,WarpSAC-A,UnitreeG1PlaceAppleInBowl-v1,1,avg_success,0,0.0
5203,WarpSAC-A,UnitreeG1PlaceAppleInBowl-v1,1,avg_success,2499584,0.0
5204,WarpSAC-A,UnitreeG1PlaceAppleInBowl-v1,1,avg_success,4999168,0.0
5205,WarpSAC-A,UnitreeG1PlaceAppleInBowl-v1,1,avg_success,7498752,0.0
5206,WarpSAC-A,UnitreeG1PlaceAppleInBowl-v1,1,avg_success,9998336,0.0
5207,WarpSAC-A,UnitreeG1PlaceAppleInBowl-v1,1,avg_success,12497920,0.0
5208,WarpSAC-A,UnitreeG1PlaceAppleInBowl-v1,1,avg_success,14997504,0.02
5209,WarpSAC-A,UnitreeG1PlaceAppleInBowl-v1,1,avg_success,17497088,0.0
5210,WarpSAC-A,UnitreeG1PlaceAppleInBowl-v1,1,avg_success,19996672,0.84
5211,WarpSAC-A,UnitreeG1PlaceAppleInBowl-v1,1,avg_success,22496256,0.4
5212,WarpSAC-A,UnitreeG1PlaceAppleInBowl-v1,1,avg_success,24995840,0.64
5213,WarpSAC-A,UnitreeG1PlaceAppleInBowl-v1,1,avg_success,27495424,0.7
5214,WarpSAC-A,UnitreeG1PlaceAppleInBowl-v1,1,avg_success,29995008,0.92
5215,WarpSAC-A,UnitreeG1PlaceAppleInBowl-v1,1,avg_success,32494592,0.46
5216,WarpSAC-A,UnitreeG1PlaceAppleInBowl-v1,1,avg_success,34994176,0.22
5217,WarpSAC-A,UnitreeG1PlaceAppleInBowl-v1,1,avg_success,37493760,0.54
5218,WarpSAC-A,UnitreeG1PlaceAppleInBowl-v1,1,avg_success,39993344,0.64
5219,WarpSAC-A,UnitreeG1PlaceAppleInBowl-v1,1,avg_success,42492928,0.0
5220,WarpSAC-A,UnitreeG1PlaceAppleInBowl-v1,1,avg_success,44992512,0.0
5221,WarpSAC-A,UnitreeG1PlaceAppleInBowl-v1,1,avg_success,47492096,0.0
5222,WarpSAC-A,UnitreeG1PlaceAppleInBowl-v1,1,avg_success,49991680,0.24
5223,WarpSAC-A,UnitreeG1PlaceAppleInBowl-v1,1,avg_success,50000896,0.3
5224,WarpSAC-A,UnitreeG1PlaceAppleInBowl-v1,2,avg_return,0,0.7591
5225,WarpSAC-A,UnitreeG1PlaceAppleInBowl-v1,2,avg_return,2499584,3.1727
5226,WarpSAC-A,UnitreeG1PlaceAppleInBowl-v1,2,avg_return,4999168,5.3297
5227,WarpSAC-A,UnitreeG1PlaceAppleInBowl-v1,2,avg_return,7498752,7.6419
5228,WarpSAC-A,UnitreeG1PlaceAppleInBowl-v1,2,avg_return,9998336,3.4907
5229,WarpSAC-A,UnitreeG1PlaceAppleInBowl-v1,2,avg_return,12497920,18.4683
5230,WarpSAC-A,UnitreeG1PlaceAppleInBowl-v1,2,avg_return,14997504,19.1125
5231,WarpSAC-A,UnitreeG1PlaceAppleInBowl-v1,2,avg_return,17497088,18.5365
5232,WarpSAC-A,UnitreeG1PlaceAppleInBowl-v1,2,avg_return,19996672,56.2327
5233,WarpSAC-A,UnitreeG1PlaceAppleInBowl-v1,2,avg_return,22496256,53.357
5234,WarpSAC-A,UnitreeG1PlaceAppleInBowl-v1,2,avg_return,24995840,30.353
5235,WarpSAC-A,UnitreeG1PlaceAppleInBowl-v1,2,avg_return,27495424,46.3578
5236,WarpSAC-A,UnitreeG1PlaceAppleInBowl-v1,2,avg_return,29995008,54.6131
5237,WarpSAC-A,UnitreeG1PlaceAppleInBowl-v1,2,avg_return,32494592,52.0314
5238,WarpSAC-A,UnitreeG1PlaceAppleInBowl-v1,2,avg_return,34994176,59.121
5239,WarpSAC-A,UnitreeG1PlaceAppleInBowl-v1,2,avg_return,37493760,15.6721
5240,WarpSAC-A,UnitreeG1PlaceAppleInBowl-v1,2,avg_return,39993344,50.366
5241,WarpSAC-A,UnitreeG1PlaceAppleInBowl-v1,2,avg_return,42492928,52.5142
5242,WarpSAC-A,UnitreeG1PlaceAppleInBowl-v1,2,avg_return,44992512,46.7437
5243,WarpSAC-A,UnitreeG1PlaceAppleInBowl-v1,2,avg_return,47492096,58.6723
5244,WarpSAC-A,UnitreeG1PlaceAppleInBowl-v1,2,avg_return,49991680,45.2708
5245,WarpSAC-A,UnitreeG1PlaceAppleInBowl-v1,2,avg_return,50000896,51.5521
5246,WarpSAC-A,UnitreeG1PlaceAppleInBowl-v1,2,avg_success,0,0.0
5247,WarpSAC-A,UnitreeG1PlaceAppleInBowl-v1,2,avg_success,2499584,0.0
5248,WarpSAC-A,UnitreeG1PlaceAppleInBowl-v1,2,avg_success,4999168,0.0
5249,WarpSAC-A,UnitreeG1PlaceAppleInBowl-v1,2,avg_success,7498752,0.0
5250,WarpSAC-A,UnitreeG1PlaceAppleInBowl-v1,2,avg_success,9998336,0.0
5251,WarpSAC-A,UnitreeG1PlaceAppleInBowl-v1,2,avg_success,12497920,0.0
5252,WarpSAC-A,UnitreeG1PlaceAppleInBowl-v1,2,avg_success,14997504,0.0
5253,WarpSAC-A,UnitreeG1PlaceAppleInBowl-v1,2,avg_success,17497088,0.02
5254,WarpSAC-A,UnitreeG1PlaceAppleInBowl-v1,2,avg_success,19996672,0.58
5255,WarpSAC-A,UnitreeG1PlaceAppleInBowl-v1,2,avg_success,22496256,0.14
5256,WarpSAC-A,UnitreeG1PlaceAppleInBowl-v1,2,avg_success,24995840,0.24
5257,WarpSAC-A,UnitreeG1PlaceAppleInBowl-v1,2,avg_success,27495424,0.52
5258,WarpSAC-A,UnitreeG1PlaceAppleInBowl-v1,2,avg_success,29995008,0.24
5259,WarpSAC-A,UnitreeG1PlaceAppleInBowl-v1,2,avg_success,32494592,0.7
5260,WarpSAC-A,UnitreeG1PlaceAppleInBowl-v1,2,avg_success,34994176,0.76
5261,WarpSAC-A,UnitreeG1PlaceAppleInBowl-v1,2,avg_success,37493760,0.02
5262,WarpSAC-A,UnitreeG1PlaceAppleInBowl-v1,2,avg_success,39993344,0.58
5263,WarpSAC-A,UnitreeG1PlaceAppleInBowl-v1,2,avg_success,42492928,0.42
5264,WarpSAC-A,UnitreeG1PlaceAppleInBowl-v1,2,avg_success,44992512,0.5
5265,WarpSAC-A,UnitreeG1PlaceAppleInBowl-v1,2,avg_success,47492096,0.5
5266,WarpSAC-A,UnitreeG1PlaceAppleInBowl-v1,2,avg_success,49991680,0.42
5267,WarpSAC-A,UnitreeG1PlaceAppleInBowl-v1,2,avg_success,50000896,0.5
5268,WarpSAC-A,UnitreeG1PlaceAppleInBowl-v1,3,avg_return,0,1.3988
5269,WarpSAC-A,UnitreeG1PlaceAppleInBowl-v1,3,avg_return,2499584,3.2542
5270,WarpSAC-A,UnitreeG1PlaceAppleInBowl-v1,3,avg_return,4999168,10.5368
5271,WarpSAC-A,UnitreeG1PlaceAppleInBowl-v1,3,avg_return,7498752,3.7024
5272,WarpSAC-A,UnitreeG1PlaceAppleInBowl-v1,3,avg_return,9998336,16.4369
5273,WarpSAC-A,UnitreeG1PlaceAppleInBowl-v1,3,avg_return,12497920,13.1604
5274,WarpSAC-A,UnitreeG1PlaceAppleInBowl-v1,3,avg_return,14997504,12.3963
5275,WarpSAC-A,UnitreeG1PlaceAppleInBowl-v1,3,avg_return,17497088,30.5118
5276,WarpSAC-A,UnitreeG1PlaceAppleInBowl-v1,3,avg_return,19996672,6.2065
5277,WarpSAC-A,UnitreeG1PlaceAppleInBowl-v1,3,avg_return,22496256,44.0699
5278,WarpSAC-A,UnitreeG1PlaceAppleInBowl-v1,3,avg_return,24995840,48.9926
5279,WarpSAC-A,UnitreeG1PlaceAppleInBowl-v1,3,avg_return,27495424,50.575
5280,WarpSAC-A,UnitreeG1PlaceAppleInBowl-v1,3,avg_return,29995008,51.0443
5281,WarpSAC-A,UnitreeG1PlaceAppleInBowl-v1,3,avg_return,32494592,63.953
5282,WarpSAC-A,UnitreeG1PlaceAppleInBowl-v1,3,avg_return,34994176,1.6816
5283,WarpSAC-A,UnitreeG1PlaceAppleInBowl-v1,3,avg_return,37493760,28.6003
5284,WarpSAC-A,UnitreeG1PlaceAppleInBowl-v1,3,avg_return,39993344,71.664
5285,WarpSAC-A,UnitreeG1PlaceAppleInBowl-v1,3,avg_return,42492928,7.3963
5286,WarpSAC-A,UnitreeG1PlaceAppleInBowl-v1,3,avg_return,44992512,68.6205
5287,WarpSAC-A,UnitreeG1PlaceAppleInBowl-v1,3,avg_return,47492096,61.5224
5288,WarpSAC-A,UnitreeG1PlaceAppleInBowl-v1,3,avg_return,49991680,63.5085
5289,WarpSAC-A,UnitreeG1PlaceAppleInBowl-v1,3,avg_return,50000896,63.2406
5290,WarpSAC-A,UnitreeG1PlaceAppleInBowl-v1,3,avg_success,0,0.0
5291,WarpSAC-A,UnitreeG1PlaceAppleInBowl-v1,3,avg_success,2499584,0.0
5292,WarpSAC-A,UnitreeG1PlaceAppleInBowl-v1,3,avg_success,4999168,0.0
5293,WarpSAC-A,UnitreeG1PlaceAppleInBowl-v1,3,avg_success,7498752,0.0
5294,WarpSAC-A,UnitreeG1PlaceAppleInBowl-v1,3,avg_success,9998336,0.0
5295,WarpSAC-A,UnitreeG1PlaceAppleInBowl-v1,3,avg_success,12497920,0.0
5296,WarpSAC-A,UnitreeG1PlaceAppleInBowl-v1,3,avg_success,14997504,0.04
5297,WarpSAC-A,UnitreeG1PlaceAppleInBowl-v1,3,avg_success,17497088,0.42
5298,WarpSAC-A,UnitreeG1PlaceAppleInBowl-v1,3,avg_success,19996672,0.0
5299,WarpSAC-A,UnitreeG1PlaceAppleInBowl-v1,3,avg_success,22496256,0.64
5300,WarpSAC-A,UnitreeG1PlaceAppleInBowl-v1,3,avg_success,24995840,0.36
5301,WarpSAC-A,UnitreeG1PlaceAppleInBowl-v1,3,avg_success,27495424,0.06
5302,WarpSAC-A,UnitreeG1PlaceAppleInBowl-v1,3,avg_success,29995008,0.36
5303,WarpSAC-A,UnitreeG1PlaceAppleInBowl-v1,3,avg_success,32494592,0.68
5304,WarpSAC-A,UnitreeG1PlaceAppleInBowl-v1,3,avg_success,34994176,0.0
5305,WarpSAC-A,UnitreeG1PlaceAppleInBowl-v1,3,avg_success,37493760,0.36
5306,WarpSAC-A,UnitreeG1PlaceAppleInBowl-v1,3,avg_success,39993344,0.92
5307,WarpSAC-A,UnitreeG1PlaceAppleInBowl-v1,3,avg_success,42492928,0.04
5308,WarpSAC-A,UnitreeG1PlaceAppleInBowl-v1,3,avg_success,44992512,0.82
5309,WarpSAC-A,UnitreeG1PlaceAppleInBowl-v1,3,avg_success,47492096,0.76
5310,WarpSAC-A,UnitreeG1PlaceAppleInBowl-v1,3,avg_success,49991680,0.86
5311,WarpSAC-A,UnitreeG1PlaceAppleInBowl-v1,3,avg_success,50000896,0.86
5312,WarpSAC-A,UnitreeG1PlaceAppleInBowl-v1,4,avg_return,0,0.307
5313,WarpSAC-A,UnitreeG1PlaceAppleInBowl-v1,4,avg_return,2499584,9.6321
5314,WarpSAC-A,UnitreeG1PlaceAppleInBowl-v1,4,avg_return,4999168,2.5513
5315,WarpSAC-A,UnitreeG1PlaceAppleInBowl-v1,4,avg_return,7498752,1.9367
5316,WarpSAC-A,UnitreeG1PlaceAppleInBowl-v1,4,avg_return,9998336,5.2617
5317,WarpSAC-A,UnitreeG1PlaceAppleInBowl-v1,4,avg_return,12497920,18.7362
5318,WarpSAC-A,UnitreeG1PlaceAppleInBowl-v1,4,avg_return,14997504,12.7036
5319,WarpSAC-A,UnitreeG1PlaceAppleInBowl-v1,4,avg_return,17497088,68.2277
5320,WarpSAC-A,UnitreeG1PlaceAppleInBowl-v1,4,avg_return,19996672,52.017
5321,WarpSAC-A,UnitreeG1PlaceAppleInBowl-v1,4,avg_return,22496256,32.8396
5322,WarpSAC-A,UnitreeG1PlaceAppleInBowl-v1,4,avg_return,24995840,73.3996
5323,WarpSAC-A,UnitreeG1PlaceAppleInBowl-v1,4,avg_return,27495424,60.6694
5324,WarpSAC-A,UnitreeG1PlaceAppleInBowl-v1,4,avg_return,29995008,55.0532
5325,WarpSAC-A,UnitreeG1PlaceAppleInBowl-v1,4,avg_return,32494592,67.3295
5326,WarpSAC-A,UnitreeG1PlaceAppleInBowl-v1,4,avg_return,34994176,70.5331
5327,WarpSAC-A,UnitreeG1PlaceAppleInBowl-v1,4,avg_return,37493760,51.6685
5328,WarpSAC-A,UnitreeG1PlaceAppleInBowl-v1,4,avg_return,39993344,52.6481
5329,WarpSAC-A,UnitreeG1PlaceAppleInBowl-v1,4,avg_return,42492928,44.0046
5330,WarpSAC-A,UnitreeG1PlaceAppleInBowl-v1,4,avg_return,44992512,64.9274
5331,WarpSAC-A,UnitreeG1PlaceAppleInBowl-v1,4,avg_return,47492096,53.3986
5332,WarpSAC-A,UnitreeG1PlaceAppleInBowl-v1,4,avg_return,49991680,24.472
5333,WarpSAC-A,UnitreeG1PlaceAppleInBowl-v1,4,avg_return,50000896,27.2529
5334,WarpSAC-A,UnitreeG1PlaceAppleInBowl-v1,4,avg_success,0,0.0
5335,WarpSAC-A,UnitreeG1PlaceAppleInBowl-v1,4,avg_success,2499584,0.0
5336,WarpSAC-A,UnitreeG1PlaceAppleInBowl-v1,4,avg_success,4999168,0.0
5337,WarpSAC-A,UnitreeG1PlaceAppleInBowl-v1,4,avg_success,7498752,0.0
5338,WarpSAC-A,UnitreeG1PlaceAppleInBowl-v1,4,avg_success,9998336,0.0
5339,WarpSAC-A,UnitreeG1PlaceAppleInBowl-v1,4,avg_success,12497920,0.0
5340,WarpSAC-A,UnitreeG1PlaceAppleInBowl-v1,4,avg_success,14997504,0.04
5341,WarpSAC-A,UnitreeG1PlaceAppleInBowl-v1,4,avg_success,17497088,0.88
5342,WarpSAC-A,UnitreeG1PlaceAppleInBowl-v1,4,avg_success,19996672,0.44
5343,WarpSAC-A,UnitreeG1PlaceAppleInBowl-v1,4,avg_success,22496256,0.38
5344,WarpSAC-A,UnitreeG1PlaceAppleInBowl-v1,4,avg_success,24995840,0.96
5345,WarpSAC-A,UnitreeG1PlaceAppleInBowl-v1,4,avg_success,27495424,0.7
5346,WarpSAC-A,UnitreeG1PlaceAppleInBowl-v1,4,avg_success,29995008,0.6
5347,WarpSAC-A,UnitreeG1PlaceAppleInBowl-v1,4,avg_success,32494592,0.9
5348,WarpSAC-A,UnitreeG1PlaceAppleInBowl-v1,4,avg_success,34994176,0.92
5349,WarpSAC-A,UnitreeG1PlaceAppleInBowl-v1,4,avg_success,37493760,0.06
5350,WarpSAC-A,UnitreeG1PlaceAppleInBowl-v1,4,avg_success,39993344,0.26
5351,WarpSAC-A,UnitreeG1PlaceAppleInBowl-v1,4,avg_success,42492928,0.56
5352,WarpSAC-A,UnitreeG1PlaceAppleInBowl-v1,4,avg_success,44992512,0.94
5353,WarpSAC-A,UnitreeG1PlaceAppleInBowl-v1,4,avg_success,47492096,0.74
5354,WarpSAC-A,UnitreeG1PlaceAppleInBowl-v1,4,avg_success,49991680,0.34
5355,WarpSAC-A,UnitreeG1PlaceAppleInBowl-v1,4,avg_success,50000896,0.36
5356,WarpSAC-A,UnitreeG1PlaceAppleInBowl-v1,5,avg_return,0,1.9505
5357,WarpSAC-A,UnitreeG1PlaceAppleInBowl-v1,5,avg_return,2499584,9.6117
5358,WarpSAC-A,UnitreeG1PlaceAppleInBowl-v1,5,avg_return,4999168,18.7274
5359,WarpSAC-A,UnitreeG1PlaceAppleInBowl-v1,5,avg_return,7498752,45.9415
5360,WarpSAC-A,UnitreeG1PlaceAppleInBowl-v1,5,avg_return,9998336,76.3317
5361,WarpSAC-A,UnitreeG1PlaceAppleInBowl-v1,5,avg_return,12497920,77.3118
5362,WarpSAC-A,UnitreeG1PlaceAppleInBowl-v1,5,avg_return,14997504,54.9914
5363,WarpSAC-A,UnitreeG1PlaceAppleInBowl-v1,5,avg_return,17497088,71.9919
5364,WarpSAC-A,UnitreeG1PlaceAppleInBowl-v1,5,avg_return,19996672,70.5566
5365,WarpSAC-A,UnitreeG1PlaceAppleInBowl-v1,5,avg_return,22496256,75.4924
5366,WarpSAC-A,UnitreeG1PlaceAppleInBowl-v1,5,avg_return,24995840,53.7805
5367,WarpSAC-A,UnitreeG1PlaceAppleInBowl-v1,5,avg_return,27495424,75.95
5368,WarpSAC-A,UnitreeG1PlaceAppleInBowl-v1,5,avg_return,29995008,71.4387
5369,WarpSAC-A,UnitreeG1PlaceAppleInBowl-v1,5,avg_return,32494592,57.7499
5370,WarpSAC-A,UnitreeG1PlaceAppleInBowl-v1,5,avg_return,34994176,60.9748
5371,WarpSAC-A,UnitreeG1PlaceAppleInBowl-v1,5,avg_return,37493760,55.5041
5372,WarpSAC-A,UnitreeG1PlaceAppleInBowl-v1,5,avg_return,39993344,73.9576
5373,WarpSAC-A,UnitreeG1PlaceAppleInBowl-v1,5,avg_return,42492928,66.3921
5374,WarpSAC-A,UnitreeG1PlaceAppleInBowl-v1,5,avg_return,44992512,55.3198
5375,WarpSAC-A,UnitreeG1PlaceAppleInBowl-v1,5,avg_return,47492096,65.1706
5376,WarpSAC-A,UnitreeG1PlaceAppleInBowl-v1,5,avg_return,49991680,64.2251
5377,WarpSAC-A,UnitreeG1PlaceAppleInBowl-v1,5,avg_return,50000896,64.442
5378,WarpSAC-A,UnitreeG1PlaceAppleInBowl-v1,5,avg_success,0,0.0
5379,WarpSAC-A,UnitreeG1PlaceAppleInBowl-v1,5,avg_success,2499584,0.0
5380,WarpSAC-A,UnitreeG1PlaceAppleInBowl-v1,5,avg_success,4999168,0.0
5381,WarpSAC-A,UnitreeG1PlaceAppleInBowl-v1,5,avg_success,7498752,0.4
5382,WarpSAC-A,UnitreeG1PlaceAppleInBowl-v1,5,avg_success,9998336,1.0
5383,WarpSAC-A,UnitreeG1PlaceAppleInBowl-v1,5,avg_success,12497920,0.94
5384,WarpSAC-A,UnitreeG1PlaceAppleInBowl-v1,5,avg_success,14997504,0.16
5385,WarpSAC-A,UnitreeG1PlaceAppleInBowl-v1,5,avg_success,17497088,0.98
5386,WarpSAC-A,UnitreeG1PlaceAppleInBowl-v1,5,avg_success,19996672,0.98
5387,WarpSAC-A,UnitreeG1PlaceAppleInBowl-v1,5,avg_success,22496256,0.98
5388,WarpSAC-A,UnitreeG1PlaceAppleInBowl-v1,5,avg_success,24995840,0.44
5389,WarpSAC-A,UnitreeG1PlaceAppleInBowl-v1,5,avg_success,27495424,0.98
5390,WarpSAC-A,UnitreeG1PlaceAppleInBowl-v1,5,avg_success,29995008,0.8
5391,WarpSAC-A,UnitreeG1PlaceAppleInBowl-v1,5,avg_success,32494592,0.22
5392,WarpSAC-A,UnitreeG1PlaceAppleInBowl-v1,5,avg_success,34994176,0.4
5393,WarpSAC-A,UnitreeG1PlaceAppleInBowl-v1,5,avg_success,37493760,0.2
5394,WarpSAC-A,UnitreeG1PlaceAppleInBowl-v1,5,avg_success,39993344,1.0
5395,WarpSAC-A,UnitreeG1PlaceAppleInBowl-v1,5,avg_success,42492928,0.76
5396,WarpSAC-A,UnitreeG1PlaceAppleInBowl-v1,5,avg_success,44992512,0.22
5397,WarpSAC-A,UnitreeG1PlaceAppleInBowl-v1,5,avg_success,47492096,0.64
5398,WarpSAC-A,UnitreeG1PlaceAppleInBowl-v1,5,avg_success,49991680,0.5
5399,WarpSAC-A,UnitreeG1PlaceAppleInBowl-v1,5,avg_success,50000896,0.5
5400,WarpSAC-A,UnitreeG1TransportBox-v1,1,avg_return,0,7.6814
5401,WarpSAC-A,UnitreeG1TransportBox-v1,1,avg_return,2499584,32.6994
5402,WarpSAC-A,UnitreeG1TransportBox-v1,1,avg_return,4999168,38.5297
5403,WarpSAC-A,UnitreeG1TransportBox-v1,1,avg_return,7498752,42.521
5404,WarpSAC-A,UnitreeG1TransportBox-v1,1,avg_return,9998336,46.9527
5405,WarpSAC-A,UnitreeG1TransportBox-v1,1,avg_return,12497920,50.6572
5406,WarpSAC-A,UnitreeG1TransportBox-v1,1,avg_return,14997504,43.5885
5407,WarpSAC-A,UnitreeG1TransportBox-v1,1,avg_return,17497088,55.7003
5408,WarpSAC-A,UnitreeG1TransportBox-v1,1,avg_return,19996672,75.8909
5409,WarpSAC-A,UnitreeG1TransportBox-v1,1,avg_return,22496256,76.4247
5410,WarpSAC-A,UnitreeG1TransportBox-v1,1,avg_return,24995840,74.0894
5411,WarpSAC-A,UnitreeG1TransportBox-v1,1,avg_return,27495424,71.4519
5412,WarpSAC-A,UnitreeG1TransportBox-v1,1,avg_return,29995008,82.7836
5413,WarpSAC-A,UnitreeG1TransportBox-v1,1,avg_return,32494592,83.0925
5414,WarpSAC-A,UnitreeG1TransportBox-v1,1,avg_return,34994176,85.2512
5415,WarpSAC-A,UnitreeG1TransportBox-v1,1,avg_return,37493760,85.3777
5416,WarpSAC-A,UnitreeG1TransportBox-v1,1,avg_return,39993344,84.5622
5417,WarpSAC-A,UnitreeG1TransportBox-v1,1,avg_return,42492928,64.0345
5418,WarpSAC-A,UnitreeG1TransportBox-v1,1,avg_return,44992512,85.7936
5419,WarpSAC-A,UnitreeG1TransportBox-v1,1,avg_return,47492096,81.6449
5420,WarpSAC-A,UnitreeG1TransportBox-v1,1,avg_return,49991680,72.1204
5421,WarpSAC-A,UnitreeG1TransportBox-v1,1,avg_return,50000896,82.2266
5422,WarpSAC-A,UnitreeG1TransportBox-v1,1,avg_success,0,0.0
5423,WarpSAC-A,UnitreeG1TransportBox-v1,1,avg_success,2499584,0.0
5424,WarpSAC-A,UnitreeG1TransportBox-v1,1,avg_success,4999168,0.0
5425,WarpSAC-A,UnitreeG1TransportBox-v1,1,avg_success,7498752,0.0
5426,WarpSAC-A,UnitreeG1TransportBox-v1,1,avg_success,9998336,0.0
5427,WarpSAC-A,UnitreeG1TransportBox-v1,1,avg_success,12497920,0.0
5428,WarpSAC-A,UnitreeG1TransportBox-v1,1,avg_success,14997504,0.0
5429,WarpSAC-A,UnitreeG1TransportBox-v1,1,avg_success,17497088,0.22
5430,WarpSAC-A,UnitreeG1TransportBox-v1,1,avg_success,19996672,0.92
5431,WarpSAC-A,UnitreeG1TransportBox-v1,1,avg_success,22496256,0.88
5432,WarpSAC-A,UnitreeG1TransportBox-v1,1,avg_success,24995840,0.84
5433,WarpSAC-A,UnitreeG1TransportBox-v1,1,avg_success,27495424,0.8
5434,WarpSAC-A,UnitreeG1TransportBox-v1,1,avg_success,29995008,0.98
5435,WarpSAC-A,UnitreeG1TransportBox-v1,1,avg_success,32494592,0.98
5436,WarpSAC-A,UnitreeG1TransportBox-v1,1,avg_success,34994176,1.0
5437,WarpSAC-A,UnitreeG1TransportBox-v1,1,avg_success,37493760,1.0
5438,WarpSAC-A,UnitreeG1TransportBox-v1,1,avg_success,39993344,1.0
5439,WarpSAC-A,UnitreeG1TransportBox-v1,1,avg_success,42492928,0.68
5440,WarpSAC-A,UnitreeG1TransportBox-v1,1,avg_success,44992512,1.0
5441,WarpSAC-A,UnitreeG1TransportBox-v1,1,avg_success,47492096,0.94
5442,WarpSAC-A,UnitreeG1TransportBox-v1,1,avg_success,49991680,0.8
5443,WarpSAC-A,UnitreeG1TransportBox-v1,1,avg_success,50000896,0.96
5444,WarpSAC-A,UnitreeG1TransportBox-v1,2,avg_return,0,0.8502
5445,WarpSAC-A,UnitreeG1TransportBox-v1,2,avg_return,2499584,33.2911
5446,WarpSAC-A,UnitreeG1TransportBox-v1,2,avg_return,4999168,40.8652
5447,WarpSAC-A,UnitreeG1TransportBox-v1,2,avg_return,7498752,41.1356
5448,WarpSAC-A,UnitreeG1TransportBox-v1,2,avg_return,9998336,46.7205
5449,WarpSAC-A,UnitreeG1TransportBox-v1,2,avg_return,12497920,50.3621
5450,WarpSAC-A,UnitreeG1TransportBox-v1,2,avg_return,14997504,52.2052
5451,WarpSAC-A,UnitreeG1TransportBox-v1,2,avg_return,17497088,46.5485
5452,WarpSAC-A,UnitreeG1TransportBox-v1,2,avg_return,19996672,72.6736
5453,WarpSAC-A,UnitreeG1TransportBox-v1,2,avg_return,22496256,79.8748
5454,WarpSAC-A,UnitreeG1TransportBox-v1,2,avg_return,24995840,80.7266
5455,WarpSAC-A,UnitreeG1TransportBox-v1,2,avg_return,27495424,83.7136
5456,WarpSAC-A,UnitreeG1TransportBox-v1,2,avg_return,29995008,81.3663
5457,WarpSAC-A,UnitreeG1TransportBox-v1,2,avg_return,32494592,85.2058
5458,WarpSAC-A,UnitreeG1TransportBox-v1,2,avg_return,34994176,83.3688
5459,WarpSAC-A,UnitreeG1TransportBox-v1,2,avg_return,37493760,74.1916
5460,WarpSAC-A,UnitreeG1TransportBox-v1,2,avg_return,39993344,80.7981
5461,WarpSAC-A,UnitreeG1TransportBox-v1,2,avg_return,42492928,84.8419
5462,WarpSAC-A,UnitreeG1TransportBox-v1,2,avg_return,44992512,83.7388
5463,WarpSAC-A,UnitreeG1TransportBox-v1,2,avg_return,47492096,85.3803
5464,WarpSAC-A,UnitreeG1TransportBox-v1,2,avg_return,49991680,83.1041
5465,WarpSAC-A,UnitreeG1TransportBox-v1,2,avg_return,50000896,85.6087
5466,WarpSAC-A,UnitreeG1TransportBox-v1,2,avg_success,0,0.0
5467,WarpSAC-A,UnitreeG1TransportBox-v1,2,avg_success,2499584,0.0
5468,WarpSAC-A,UnitreeG1TransportBox-v1,2,avg_success,4999168,0.0
5469,WarpSAC-A,UnitreeG1TransportBox-v1,2,avg_success,7498752,0.0
5470,WarpSAC-A,UnitreeG1TransportBox-v1,2,avg_success,9998336,0.0
5471,WarpSAC-A,UnitreeG1TransportBox-v1,2,avg_success,12497920,0.0
5472,WarpSAC-A,UnitreeG1TransportBox-v1,2,avg_success,14997504,0.0
5473,WarpSAC-A,UnitreeG1TransportBox-v1,2,avg_success,17497088,0.06
5474,WarpSAC-A,UnitreeG1TransportBox-v1,2,avg_success,19996672,0.94
5475,WarpSAC-A,UnitreeG1TransportBox-v1,2,avg_success,22496256,0.94
5476,WarpSAC-A,UnitreeG1TransportBox-v1,2,avg_success,24995840,0.96
5477,WarpSAC-A,UnitreeG1TransportBox-v1,2,avg_success,27495424,0.98
5478,WarpSAC-A,UnitreeG1TransportBox-v1,2,avg_success,29995008,0.96
5479,WarpSAC-A,UnitreeG1TransportBox-v1,2,avg_success,32494592,1.0
5480,WarpSAC-A,UnitreeG1TransportBox-v1,2,avg_success,34994176,0.98
5481,WarpSAC-A,UnitreeG1TransportBox-v1,2,avg_success,37493760,0.82
5482,WarpSAC-A,UnitreeG1TransportBox-v1,2,avg_success,39993344,0.96
5483,WarpSAC-A,UnitreeG1TransportBox-v1,2,avg_success,42492928,1.0
5484,WarpSAC-A,UnitreeG1TransportBox-v1,2,avg_success,44992512,0.98
5485,WarpSAC-A,UnitreeG1TransportBox-v1,2,avg_success,47492096,1.0
5486,WarpSAC-A,UnitreeG1TransportBox-v1,2,avg_success,49991680,0.96
5487,WarpSAC-A,UnitreeG1TransportBox-v1,2,avg_success,50000896,1.0
5488,WarpSAC-A,UnitreeG1TransportBox-v1,3,avg_return,0,2.5696
5489,WarpSAC-A,UnitreeG1TransportBox-v1,3,avg_return,2499584,33.7347
5490,WarpSAC-A,UnitreeG1TransportBox-v1,3,avg_return,4999168,38.0444
5491,WarpSAC-A,UnitreeG1TransportBox-v1,3,avg_return,7498752,42.161
5492,WarpSAC-A,UnitreeG1TransportBox-v1,3,avg_return,9998336,46.962
5493,WarpSAC-A,UnitreeG1TransportBox-v1,3,avg_return,12497920,46.2331
5494,WarpSAC-A,UnitreeG1TransportBox-v1,3,avg_return,14997504,51.842
5495,WarpSAC-A,UnitreeG1TransportBox-v1,3,avg_return,17497088,51.6525
5496,WarpSAC-A,UnitreeG1TransportBox-v1,3,avg_return,19996672,66.5228
5497,WarpSAC-A,UnitreeG1TransportBox-v1,3,avg_return,22496256,75.8612
5498,WarpSAC-A,UnitreeG1TransportBox-v1,3,avg_return,24995840,82.8059
5499,WarpSAC-A,UnitreeG1TransportBox-v1,3,avg_return,27495424,85.0528
5500,WarpSAC-A,UnitreeG1TransportBox-v1,3,avg_return,29995008,85.045
5501,WarpSAC-A,UnitreeG1TransportBox-v1,3,avg_return,32494592,82.9117
5502,WarpSAC-A,UnitreeG1TransportBox-v1,3,avg_return,34994176,82.4531
5503,WarpSAC-A,UnitreeG1TransportBox-v1,3,avg_return,37493760,85.1879
5504,WarpSAC-A,UnitreeG1TransportBox-v1,3,avg_return,39993344,84.7875
5505,WarpSAC-A,UnitreeG1TransportBox-v1,3,avg_return,42492928,83.1065
5506,WarpSAC-A,UnitreeG1TransportBox-v1,3,avg_return,44992512,75.1404
5507,WarpSAC-A,UnitreeG1TransportBox-v1,3,avg_return,47492096,83.2502
5508,WarpSAC-A,UnitreeG1TransportBox-v1,3,avg_return,49991680,80.1758
5509,WarpSAC-A,UnitreeG1TransportBox-v1,3,avg_return,50000896,84.178
5510,WarpSAC-A,UnitreeG1TransportBox-v1,3,avg_success,0,0.0
5511,WarpSAC-A,UnitreeG1TransportBox-v1,3,avg_success,2499584,0.0
5512,WarpSAC-A,UnitreeG1TransportBox-v1,3,avg_success,4999168,0.0
5513,WarpSAC-A,UnitreeG1TransportBox-v1,3,avg_success,7498752,0.0
5514,WarpSAC-A,UnitreeG1TransportBox-v1,3,avg_success,9998336,0.0
5515,WarpSAC-A,UnitreeG1TransportBox-v1,3,avg_success,12497920,0.0
5516,WarpSAC-A,UnitreeG1TransportBox-v1,3,avg_success,14997504,0.0
5517,WarpSAC-A,UnitreeG1TransportBox-v1,3,avg_success,17497088,0.0
5518,WarpSAC-A,UnitreeG1TransportBox-v1,3,avg_success,19996672,0.74
5519,WarpSAC-A,UnitreeG1TransportBox-v1,3,avg_success,22496256,0.9
5520,WarpSAC-A,UnitreeG1TransportBox-v1,3,avg_success,24995840,0.98
5521,WarpSAC-A,UnitreeG1TransportBox-v1,3,avg_success,27495424,1.0
5522,WarpSAC-A,UnitreeG1TransportBox-v1,3,avg_success,29995008,1.0
5523,WarpSAC-A,UnitreeG1TransportBox-v1,3,avg_success,32494592,0.98
5524,WarpSAC-A,UnitreeG1TransportBox-v1,3,avg_success,34994176,0.98
5525,WarpSAC-A,UnitreeG1TransportBox-v1,3,avg_success,37493760,1.0
5526,WarpSAC-A,UnitreeG1TransportBox-v1,3,avg_success,39993344,1.0
5527,WarpSAC-A,UnitreeG1TransportBox-v1,3,avg_success,42492928,0.98
5528,WarpSAC-A,UnitreeG1TransportBox-v1,3,avg_success,44992512,0.86
5529,WarpSAC-A,UnitreeG1TransportBox-v1,3,avg_success,47492096,0.98
5530,WarpSAC-A,UnitreeG1TransportBox-v1,3,avg_success,49991680,0.94
5531,WarpSAC-A,UnitreeG1TransportBox-v1,3,avg_success,50000896,0.98
5532,WarpSAC-A,UnitreeG1TransportBox-v1,4,avg_return,0,0.4636
5533,WarpSAC-A,UnitreeG1TransportBox-v1,4,avg_return,2499584,32.3358
5534,WarpSAC-A,UnitreeG1TransportBox-v1,4,avg_return,4999168,39.5113
5535,WarpSAC-A,UnitreeG1TransportBox-v1,4,avg_return,7498752,42.3663
5536,WarpSAC-A,UnitreeG1TransportBox-v1,4,avg_return,9998336,40.3043
5537,WarpSAC-A,UnitreeG1TransportBox-v1,4,avg_return,12497920,51.2554
5538,WarpSAC-A,UnitreeG1TransportBox-v1,4,avg_return,14997504,49.8195
5539,WarpSAC-A,UnitreeG1TransportBox-v1,4,avg_return,17497088,53.7881
5540,WarpSAC-A,UnitreeG1TransportBox-v1,4,avg_return,19996672,55.1435
5541,WarpSAC-A,UnitreeG1TransportBox-v1,4,avg_return,22496256,74.5001
5542,WarpSAC-A,UnitreeG1TransportBox-v1,4,avg_return,24995840,82.5781
5543,WarpSAC-A,UnitreeG1TransportBox-v1,4,avg_return,27495424,81.6674
5544,WarpSAC-A,UnitreeG1TransportBox-v1,4,avg_return,29995008,85.0821
5545,WarpSAC-A,UnitreeG1TransportBox-v1,4,avg_return,32494592,83.9081
5546,WarpSAC-A,UnitreeG1TransportBox-v1,4,avg_return,34994176,79.2193
5547,WarpSAC-A,UnitreeG1TransportBox-v1,4,avg_return,37493760,83.9263
5548,WarpSAC-A,UnitreeG1TransportBox-v1,4,avg_return,39993344,79.8066
5549,WarpSAC-A,UnitreeG1TransportBox-v1,4,avg_return,42492928,81.0407
5550,WarpSAC-A,UnitreeG1TransportBox-v1,4,avg_return,44992512,85.7802
5551,WarpSAC-A,UnitreeG1TransportBox-v1,4,avg_return,47492096,80.2453
5552,WarpSAC-A,UnitreeG1TransportBox-v1,4,avg_return,49991680,84.9974
5553,WarpSAC-A,UnitreeG1TransportBox-v1,4,avg_return,50000896,85.9285
5554,WarpSAC-A,UnitreeG1TransportBox-v1,4,avg_success,0,0.0
5555,WarpSAC-A,UnitreeG1TransportBox-v1,4,avg_success,2499584,0.0
5556,WarpSAC-A,UnitreeG1TransportBox-v1,4,avg_success,4999168,0.0
5557,WarpSAC-A,UnitreeG1TransportBox-v1,4,avg_success,7498752,0.0
5558,WarpSAC-A,UnitreeG1TransportBox-v1,4,avg_success,9998336,0.0
5559,WarpSAC-A,UnitreeG1TransportBox-v1,4,avg_success,12497920,0.0
5560,WarpSAC-A,UnitreeG1TransportBox-v1,4,avg_success,14997504,0.0
5561,WarpSAC-A,UnitreeG1TransportBox-v1,4,avg_success,17497088,0.0
5562,WarpSAC-A,UnitreeG1TransportBox-v1,4,avg_success,19996672,0.28
5563,WarpSAC-A,UnitreeG1TransportBox-v1,4,avg_success,22496256,0.92
5564,WarpSAC-A,UnitreeG1TransportBox-v1,4,avg_success,24995840,0.98
5565,WarpSAC-A,UnitreeG1TransportBox-v1,4,avg_success,27495424,0.96
5566,WarpSAC-A,UnitreeG1TransportBox-v1,4,avg_success,29995008,1.0
5567,WarpSAC-A,UnitreeG1TransportBox-v1,4,avg_success,32494592,1.0
5568,WarpSAC-A,UnitreeG1TransportBox-v1,4,avg_success,34994176,0.92
5569,WarpSAC-A,UnitreeG1TransportBox-v1,4,avg_success,37493760,0.98
5570,WarpSAC-A,UnitreeG1TransportBox-v1,4,avg_success,39993344,0.94
5571,WarpSAC-A,UnitreeG1TransportBox-v1,4,avg_success,42492928,0.96
5572,WarpSAC-A,UnitreeG1TransportBox-v1,4,avg_success,44992512,1.0
5573,WarpSAC-A,UnitreeG1TransportBox-v1,4,avg_success,47492096,0.9
5574,WarpSAC-A,UnitreeG1TransportBox-v1,4,avg_success,49991680,0.98
5575,WarpSAC-A,UnitreeG1TransportBox-v1,4,avg_success,50000896,1.0
5576,WarpSAC-A,UnitreeG1TransportBox-v1,5,avg_return,0,6.3902
5577,WarpSAC-A,UnitreeG1TransportBox-v1,5,avg_return,2499584,32.2543
5578,WarpSAC-A,UnitreeG1TransportBox-v1,5,avg_return,4999168,39.458
5579,WarpSAC-A,UnitreeG1TransportBox-v1,5,avg_return,7498752,42.8716
5580,WarpSAC-A,UnitreeG1TransportBox-v1,5,avg_return,9998336,47.9649
5581,WarpSAC-A,UnitreeG1TransportBox-v1,5,avg_return,12497920,37.171
5582,WarpSAC-A,UnitreeG1TransportBox-v1,5,avg_return,14997504,50.5982
5583,WarpSAC-A,UnitreeG1TransportBox-v1,5,avg_return,17497088,74.799
5584,WarpSAC-A,UnitreeG1TransportBox-v1,5,avg_return,19996672,80.6702
5585,WarpSAC-A,UnitreeG1TransportBox-v1,5,avg_return,22496256,82.8862
5586,WarpSAC-A,UnitreeG1TransportBox-v1,5,avg_return,24995840,83.8847
5587,WarpSAC-A,UnitreeG1TransportBox-v1,5,avg_return,27495424,81.7576
5588,WarpSAC-A,UnitreeG1TransportBox-v1,5,avg_return,29995008,82.9403
5589,WarpSAC-A,UnitreeG1TransportBox-v1,5,avg_return,32494592,78.8474
5590,WarpSAC-A,UnitreeG1TransportBox-v1,5,avg_return,34994176,75.5114
5591,WarpSAC-A,UnitreeG1TransportBox-v1,5,avg_return,37493760,84.1361
5592,WarpSAC-A,UnitreeG1TransportBox-v1,5,avg_return,39993344,84.9705
5593,WarpSAC-A,UnitreeG1TransportBox-v1,5,avg_return,42492928,81.5875
5594,WarpSAC-A,UnitreeG1TransportBox-v1,5,avg_return,44992512,82.0394
5595,WarpSAC-A,UnitreeG1TransportBox-v1,5,avg_return,47492096,85.1475
5596,WarpSAC-A,UnitreeG1TransportBox-v1,5,avg_return,49991680,82.1035
5597,WarpSAC-A,UnitreeG1TransportBox-v1,5,avg_return,50000896,76.4744
5598,WarpSAC-A,UnitreeG1TransportBox-v1,5,avg_success,0,0.0
5599,WarpSAC-A,UnitreeG1TransportBox-v1,5,avg_success,2499584,0.0
5600,WarpSAC-A,UnitreeG1TransportBox-v1,5,avg_success,4999168,0.0
5601,WarpSAC-A,UnitreeG1TransportBox-v1,5,avg_success,7498752,0.0
5602,WarpSAC-A,UnitreeG1TransportBox-v1,5,avg_success,9998336,0.0
5603,WarpSAC-A,UnitreeG1TransportBox-v1,5,avg_success,12497920,0.0
5604,WarpSAC-A,UnitreeG1TransportBox-v1,5,avg_success,14997504,0.0
5605,WarpSAC-A,UnitreeG1TransportBox-v1,5,avg_success,17497088,0.94
5606,WarpSAC-A,UnitreeG1TransportBox-v1,5,avg_success,19996672,0.94
5607,WarpSAC-A,UnitreeG1TransportBox-v1,5,avg_success,22496256,1.0
5608,WarpSAC-A,UnitreeG1TransportBox-v1,5,avg_success,24995840,1.0
5609,WarpSAC-A,UnitreeG1TransportBox-v1,5,avg_success,27495424,0.96
5610,WarpSAC-A,UnitreeG1TransportBox-v1,5,avg_success,29995008,0.98
5611,WarpSAC-A,UnitreeG1TransportBox-v1,5,avg_success,32494592,0.94
5612,WarpSAC-A,UnitreeG1TransportBox-v1,5,avg_success,34994176,0.88
5613,WarpSAC-A,UnitreeG1TransportBox-v1,5,avg_success,37493760,0.98
5614,WarpSAC-A,UnitreeG1TransportBox-v1,5,avg_success,39993344,1.0
5615,WarpSAC-A,UnitreeG1TransportBox-v1,5,avg_success,42492928,0.96
5616,WarpSAC-A,UnitreeG1TransportBox-v1,5,avg_success,44992512,0.94
5617,WarpSAC-A,UnitreeG1TransportBox-v1,5,avg_success,47492096,1.0
5618,WarpSAC-A,UnitreeG1TransportBox-v1,5,avg_success,49991680,0.96
5619,WarpSAC-A,UnitreeG1TransportBox-v1,5,avg_success,50000896,0.9
